id,author,publisher,titlekeyword,author_raw,publisher_raw
cd3f6564-bf2b-47f6-98bf-2715dab9f358,bach,Unknown,jonathan,bach,Unknown
119d3e56-dc3c-4e2f-8241-bd2fd4d3ca9d,marks,homegrow publishing,mr,marks,homegrow publishing
f7a3dd39-b0dd-492a-897d-c5b7c8e6efca,moravia,ke.,noia,mo.,ke.
6f84d85c-7874-4846-9592-138beeb33e56,stv.,dt.,quintus,stv.,dt.
cfa52da5-86d0-4e6a-88bb-915a264225cd,mosh.,universitas,mama,mosh.,universitas
26c65f75-5db1-4fd0-a166-77667714c17e,dor,dt.,reisen,dor,dt.
81788eca-21de-4457-873a-3aa661c3ebd2,eschbach,arena,gabe,e.,ar.
9c6afed4-849d-4460-91a2-215dbb8cc651,catton,bb.,gestirne,catton,bb.
34515ea6-a9eb-440d-abfc-150548a0b06c,conan doyle,hoffman und campe,feuerfrau,cd.,hc.
2b56d06a-fc59-44a0-aa68-6c7377572048,gifford,weltbild,aquila,gifford,w.
3b228cf3-52c0-4312-8db2-96a5fd907ef8,bank,Unknown,schlafen,bank,Unknown
dd374f07-630c-4d3d-87c5-b7bb92819a76,"gersdorff, v.",i.,goethes,"gersdorff, v.",i.
32d5f0d6-26af-446b-a4de-5400be3c697a,mccrohan,lp.,peking,mccrohan,lp.
21b1a712-40e5-4fe1-a665-d05a86de7181,tietze,ft.,essen,tietze,ft.
5cac46fa-fb46-4a78-bcdf-68e402bd1ed0,nunn,dumont,legenden,nunn,du.
7796fe60-4f0b-4c59-9efb-876e4b7fffe6,sykes,fischer,klick,sykes,f.
d1320be3-890d-4099-91c2-2be916379dfa,bonner,bastei luebbe,generation,bonner,bl.
2d3649f8-4424-4748-9df1-096fd75917a6,facaros,cadogan,western,facaros,cadogan
d72a372f-2a5b-4099-afd7-8d32bf891a0e,ironside,buch und medien vertrieb,gletschergrab,id.,rm.
a123c015-e48a-4aaf-a662-257d2c3b6221,jaud,sr.,resturlaub,ja.,sr.
8af7d0a1-0a23-4d4c-bfef-c776c1d9f208,frank,bertelsmann,romanen,fri.,b.
92fd3133-8ee5-40f6-8baa-a18fa1376ebd,capus,bb.,frage,capus,bb.
d4cdb798-32c7-4f8a-96aa-83daeb5f9267,roth,dtv,sohn,roth,dtv
dbd7991b-a9a5-4fca-9f0b-168d2c52c9e1,mund.,pattloch,engel,mund.,pattloch
7e7b96a4-c636-49e9-a940-ca53aff9bb04,rsm.,goldmann,anonymous,rsm.,g.
c3b7a7e6-67a6-4da1-a3a3-b31ddf79f639,freeman,or.,javascript,freeman,or.
8d1bbcc3-bb3b-45bb-9493-c130707f210b,archer,Unknown,careful,a.,Unknown
ebaf63ee-bda5-4317-966c-3cd81af706c1,archer,Unknown,farbe,a.,Unknown
a4351295-fa6c-4007-99e4-43ac5acd7a06,archer,Unknown,daughter,a.,Unknown
6cad4f3d-9cb4-4030-88f3-519a93ce1bcd,adler,Unknown,gefangen,ae.,Unknown
a6363c88-41e8-4fe6-857e-5c7f4ef3053b,kruppa,goldmann,kaito,kruppa,g.
a343289b-668f-4390-a30e-4447f9a0c717,guenter,ullstein,schwarze,guenter,u.
76049dd3-f44b-4330-abda-6c63ae117a6e,speer,ullstein,spandauer,speer,u.
68d695ce-7a9d-4245-bb7d-2d5385f183ce,mod.,wb.,giulia,mod.,wb.
0b0a5e15-5968-4eb4-9caf-8eb660fd8ff1,cann,ct.,frei,cann,ct.
28de42a5-da11-45fa-bb98-e547a5e1e7ea,we.,deutsch buchgemeinschaft,traumdeutung,we.,dbg.
42659094-1808-4fad-bfb9-7614919ecee3,lm.,bertelsmann,hexe,lm.,b.
24ede7e5-16e7-45ca-8690-98c16c866c3e,atwood,Unknown,report,atwood,Unknown
d1c30ec4-6919-48e9-b32b-4339722ceed0,karig,blumenbar,lieben,karig,blumenbar
4a18c225-0b29-46ff-b645-376373a8f7bd,pri.,sd.,schwarze,pri.,sd.
461f6204-2840-4092-9bd7-9cc3fa4454a5,matthiesen,bertelsmann,variante,mt.,b.
b9a0b4ef-675f-486c-a3e2-4ca7729d7e5a,benjamin,Unknown,brille,benjamin,Unknown
e3b792a4-ebee-4dda-9906-4cb9fc043cdc,na.,blanvalet,stumme,na.,bv.
6aedf94a-9664-40f0-936c-2be52fe08564,deaver,knaur,anwaelte,dv.,k.
ee7ac3c4-5bf7-4cf5-b81c-d75efaf37fcd,meh.,mandarin,raj,meh.,mandarin
6aafa864-f1a6-4af7-96ae-28b38549b1f3,gleeson,btb,smaragdcollier,gleeson,btb
dccb9ed2-960e-42c0-ac5a-67a0088c2fc6,guild,sw.,assyrer,guild,sw.
ca1fa92d-28b6-4ab5-8971-cdb111c21602,harris,heyne,underground,h.,h.
f51cac86-e9dd-4622-9cca-59eb0217d581,armstrong,a u u,bike,as.,a u u
811a2df3-ed0d-49bc-b8d7-df8c5446a9c5,chirbes,diana,marsch,chirbes,da.
a61a96d6-f059-48b5-91f0-3f776d7a7204,guareschi,bertelsmann,peppone,gu.,b.
4c801804-bc0a-4f86-aae9-26322e0e1c11,james,knaur,wahrheit,james,k.
98745514-b6c5-4124-a6ee-7920547d7bca,abedi,arena,lucian,abedi,ar.
5dc45e6e-4bb5-4559-95bb-0d761a69bbc8,booth,hr.,kill,booth,hr.
8f9b6fe3-dd64-4382-88d7-fa6d467fbf0d,burk,schneekluth,wunsch,bu.,sk.
5b4306d3-40dc-4eda-b75a-a70e11556558,konsalik,bastei luebbe,blutmafia,k.,bl.
6336851f-5317-404e-ae76-64c336b841fe,ishiguro,heyne,nacht,is.,h.
7eea9bfb-d598-4cfb-af4c-36643e823a22,brown,Unknown,meteor,b.,Unknown
a1c378bf-7e06-4db9-8172-1dccdcb4f2a9,blyton,Unknown,uebertrifft,bl.,Unknown
a451cac5-d379-49dd-8f6b-8f403259db24,boell,Unknown,verlorene,boell,Unknown
928cc763-fdfa-49ff-b226-7ff271b74119,sheldon,bertelsmann,dynastie,so.,b.
63a01954-542c-4384-8fe9-9c3f3d8eb12c,grisham,heyne,gerechte,g.,h.
7cb94dab-7645-4d59-a485-0cca2b4aee08,wickert,piper,nuetzliche,wi.,p.
fcf81bbc-88af-4938-ad2c-4b0c033d941d,konzelmann,heyne,kalifen,ko.,h.
311bc8da-4219-4b5c-b36c-6fcdf697d40e,martin,arena,lionheart,mrt.,ar.
04da2517-9c59-4143-a516-abc62271d772,shem,knaur,house,shem,k.
b726b12f-c517-446c-9538-fb8e1c82c1cc,gordon-davis,bertelsmann,jaeger,go.,b.
73278300-8c18-425d-9a89-6e3381ab0aea,nie.,goldmann,morgenroete,nie.,g.
6d8c07f0-f550-4b8c-b081-4c48931b0c83,sagan,ullstein,brahms,sagan,u.
6b42e2fc-eb9b-4e07-9487-64adfc0e4b82,kinkel,blanvalet,rochelle,kk.,bv.
8de3b0f0-4a0a-4cf5-835a-d90807598408,leon,diogenes,venedig,le.,dg.
a9793400-f05f-4b01-aabe-b90152dd07e3,bf.,Unknown,bewahrt,bf.,Unknown
1c67a7c5-097b-4ed1-bf4b-dc54c37b97a0,bf.,Unknown,geheimnis,bf.,Unknown
864ce4d4-ad96-407d-b238-414c7313aaba,bover,Unknown,jahrhundert,bover,Unknown
dfbdec28-82e0-4456-a545-5f944d012536,sueskindtorm,ullstein,geld,su.,u.
3482b52f-02d9-4257-837c-9d27c5f43e6c,schroeder,rk.,myanmar,scr.,rk.
5e7c4fed-5838-47b0-9a4f-e1609db63190,ullman,kelter,tonto,ullman,kelter
0736e419-5347-49d7-b5eb-eb044ca02827,uris,ka.,exodus,ur.,ka.
176193de-9647-47f6-bfa5-d75c654db7e3,zimmer-bradley,bastei luebbe,matriachen,z.,bl.
e41dae98-b545-4fe0-baf4-4285d638a222,wolf,knaur,starke,wolf,k.
6869ed5c-64f0-4801-be86-52b401abab91,bartos hoeppner,bastei luebbe,kutschum,bartos hoeppner,bl.
b6df19a1-1883-44b4-8983-74927be6a5fd,crichton,Unknown,next,c.,Unknown
b89811dc-a5ed-4c22-b1e6-92f7b154e62a,bamm,knaur,alexander,bamm,k.
3104cf98-b844-4039-ae61-e0ab352e81ec,meyer,helmut lingen,goettin,my.,helmut lingen
c3ea267d-4ba3-474b-8d5b-0d80828ef7ff,fischer,hu.,fortgeschrittene,fischer,hu.
13c4799f-e18f-4fcd-893d-14f99207815a,wickham,goldmann,heiratschwindlerin,wickham,g.
42848d52-a85d-4378-af46-3c5bee6ec3f4,jahnn,dtv,holzschiff,jahnn,dtv
f8b8efca-5e94-4a2a-be41-eae5666ee03d,brecht,Unknown,buch,br.,Unknown
133bfb4e-b4cb-427e-9b8c-2d055d527312,archer,hp.,eleventh,a.,hp.
85789e4f-8b0f-4a86-bdd0-48a5e6cf68d0,unser,guenter olzog,uno,unser,guenter olzog
8fd3d5da-41be-4949-b017-ff960fcc41e1,konsalik,en.,geheimnis,k.,en.
d957b373-b0a5-47f8-9f42-b64c7c123307,knittel,heyne,hakim,knittel,h.
dab6a98e-5b61-4e7e-bfe2-c07002406a75,schweighoefer,piper,heineken,schweighoefer,p.
3755e132-0ea1-4cc6-8fc4-108e83a00d30,"cube, von",piper,fordern,"cube, von",p.
bb48ab0e-f348-48c7-896e-07d8cef5ae0d,korschunow,kiepenheuer & witsch,fontamara,kw.,kw.
9f07d475-317e-4807-a421-69ff9ccef985,hulme,fischer,unter,hulme,f.
9a4234b9-3e5a-4025-a4f4-dd65afde6b5b,pietzner,freies geistesleben,camphill,pietzner,freies geistesleben
1568fe9a-ca72-4884-9dc4-3ae6507b7daf,heitz,knaur,ritus,heitz,k.
c1a11d6a-ceeb-4978-adb4-3ec37c32af6a,castonier,Unknown,mill-farm,castonier,Unknown
9fd4fbaf-4b47-4b7c-bd09-bbb803ff7bd7,holt,knaur,lady,ht.,k.
9d25132d-89c7-467c-8097-aa6686a2a115,krueger,bertelsmann,schallmauer,ku.,b.
2758b74e-981a-4739-a6f7-56877b44c909,hyde,knaur,red,hyde,k.
894ccacc-788d-4bb5-8ef0-66481d8f99b8,seethaler,kein u aber,weiteren,seethaler,kein u aber
e2edc8cf-5d09-4c39-923b-5c98b5842a27,crichton,Unknown,gold,c.,Unknown
5d137ce8-bf46-46e5-bbc4-18f74acf7ca0,brown,blanvalet,gefaehrliche,b.,bv.
d48f2b8c-fe87-4566-a8f9-fa2e2bad5800,holloway,herder,traumfuehrer,holloway,he.
8f274242-3f9f-4386-bb49-e4064202580e,stockett,btb,gute,stockett,btb
707e3ec5-4ac2-4b04-8049-318c345c27df,pearson,RM,working,pearson,RM
0c3307b5-4199-4240-9289-471affaeb686,hansen,penguin,mittagsstunde,hansen,penguin
07d26699-babe-48a5-9524-9fa6582802e0,potocki,insel,handschrift,potocki,insel
d0dc564b-28f1-423b-9114-5e103965291c,charriere,Unknown,papillon,ch.,Unknown
bfd3adf2-e2b7-467e-b041-feeb5259a7d7,elegant,Unknown,dynastie,elegant,Unknown
e9fc95ae-1ed0-4e5d-994d-c664493acab7,gobineau,bastei luebbe,stephanie,gobineau,bl.
660e18b8-eb4e-45c0-892e-0569177056a2,nh.,ernst kabel,abenteuer,nh.,ernst kabel
12072e1c-b428-43ca-9836-680a0e0a5161,thirwell,fischer,strategie,thirwell,f.
09a92a1a-db92-4358-beb6-e0fbb29044e1,clarke,black swan,merde,clarke,black swan
3137e8b3-cd4b-42ad-a24b-7b951d75401d,gertz,deutsche verlagsanstalt,spiel,gertz,dv.
ef265a53-6084-4f91-bece-24b375ae505d,ironside,goldmann,nein,ironside,g.
7a760fb4-2a52-4f75-8e97-9a23ed12d7d0,alsanea,goldmann,riad,alsanea,g.
7188a224-46bd-42ff-824d-bb7fb997b656,archer,heyne,schicksal,a.,h.
afdb6ca1-f912-4a7d-84dd-5c04c9bb5a2a,matussek,fischer,deutschen,matussek,f.
f948ecd0-6fbe-4b3c-9bb1-34f3f56ac9ee,hagena,kiepenheuer & witsch,geschmack,hagena,kw.
0b63bee8-7359-4e3a-9b15-df7051d923b8,schmitz,rororo,schneller,schmitz,r.
20d8a58f-a014-4fe5-892b-c78606d1ec76,bode,fischer,essensfaelscher,bode,f.
6d203315-3c87-4923-899b-80aa8c45ef12,hoer-bogacz,ig.,gehen,hoer-bogacz,ig.
83fa6b62-2b5c-439b-847b-964647fdd326,alten,weltbild,goliath,alt.,w.
2dc04aee-e617-4818-930e-e2c7066ba57a,zargaran,ra.,perser,zargaran,ra.
de4f5a9e-fb93-41a9-88e8-c36222c6b4e9,burkhart,dietrich reimer,balkan,burkhart,dietrich reimer
aef80ce9-f555-427b-988a-db61cce41cf1,vollborn,bastei luebbe,joghurt,vollborn,bl.
14f97f4a-45a1-478a-81d2-ed0f20a1fc1c,kh.,dtv,gewonnen,kh.,dtv
b0da80fd-d225-4308-bbb2-4c6a80b903e4,larsson,maclehose,girl,la.,maclehose
459c18a7-19b2-4b71-90ab-eeb2e918c392,aldridge,zsolnay,wunderbare,aldridge,z.
62a9a939-7d2d-417b-bf7c-b55750c6504f,boeger,ullstein,tafelspitzen,boeger,u.
d185f070-f526-40d2-afa8-0535885962cf,eschbach,bastei luebbe,billion,e.,bl.
5868c31c-6575-4621-827f-d6f0b8d533f2,lingen,lingen,getraenke,lingen,l.
d251f3a4-43a9-4f3c-92b4-b653facc6afc,kemper,suhrkamp,globalisierung,kemper,s.
f7c6c68c-9599-4777-ac8f-2f571eca76a1,archer,ab.,eagletrap,a.,ab.
91f24e5c-4bac-43ac-9133-82ccd9abff26,west,droemer knaur,fremden,w.,dk.
a230dcde-cf3f-4139-9503-d1390a05ab35,souad,blanvalet,lebendigem,souad,bv.
d397b4c0-8e38-463f-b20e-1dfe9cf41663,beck,ullstein,verschleierte,beck,u.
a43653a2-4b43-4e83-aa29-ba099ef321b5,andrews,rororo,midas,an.,r.
f709b5e6-cdb9-40b6-8f4d-29c338afb84b,majer krich,goldmann,dass,majer krich,g.
ce632239-0001-4923-8b31-eb0b1d88d725,menen,bastei luebbe,sand,menen,bl.
fd3caeef-7733-44e5-ab17-97d297a3b05b,uris,heyne,schlachtruf,ur.,h.
ab60d8d5-652d-4457-bd7d-946a6de4a76a,peters,econ,pharaonengrabes,peters,e.
1a45191c-fa09-40c4-9172-86c50696876b,kp.,an.,besten,kp.,an.
c5c782b7-f616-4857-88c7-f6d050c1496e,lid.,beck,suche,lid.,be.
6d266f6d-111c-4b27-a72c-466106336c5c,sampson,ullstein,brandt,sampson,u.
cde01b01-bea3-4a76-80a7-f3cd2b7217b9,follett,hp.,triple,f.,hp.
127de2be-e82e-4829-8271-f43dfa6643cd,braunger,dumont,usa,braunger,du.
4704275c-3e2b-430a-9710-19910c93fb6f,wz.,knaur,geschmierte,wz.,k.
a780f519-3690-493e-80d4-f16eba8b64a2,wallraff,kiepenheuer & witsch,zeugen,wa.,kw.
33b4e191-eeac-4792-b8f2-6380f68b6634,saillo,bastei luebbe,traenenmond,saillo,bl.
d9f3e26a-2740-4b68-aa55-c73bc76f9832,zweig,fischer,loewen,zw.,f.
8d18ff03-3990-48ee-a8eb-5a6b42df76f0,george,rororo,sterben,george,r.
3a899748-0249-4db4-9255-5ad6fdcd89d7,linker,dt.,doppelpoker,linker,dt.
204fb8fc-07c8-40d4-a0e9-785c6098d095,goestenmeier,bhv,linux,goestenmeier,bhv
b04126e9-c254-4f0e-9daf-c6364f7a9328,phillips,blanvalet,versehen,phillips,bv.
ebda72b0-de50-4b8d-834e-ab64d7fb15ec,hirschfeld,heyne,frauen,hirschfeld,h.
0753ce6b-eca2-4214-8e8a-bb2aeeee8e43,dumas,Prisma,ascanio,d.,Prisma
93a0c862-ccab-45de-98c4-7f5577fdfa5b,bilgri,knaur,entruemple,bilgri,k.
6012687f-4fff-4261-ba2a-080c630745a2,block,wt.,russland,blk.,wt.
635b2616-35d1-4852-ba7b-0934ef0a71fb,hellmann,bastei luebbe,frauen,hellmann,bl.
a40295cb-2978-42b9-a61e-22843c76776e,hohlbein,heyne,druidentor,ho.,h.
b9fd6542-dc8a-4bd9-ac6b-569555ee6c05,michener,goldmann,fruehlingsfeuer,mi.,g.
43accdd1-0329-4aa2-95fb-908a9cb4e212,moore,piper,querschuesse,moo.,p.
2d935076-bfc2-4fb2-9c2d-fca61f515100,bradley,Unknown,herrin,bradley,Unknown
ccdf9984-f557-4ff2-bad7-7bb7ef3be4fd,schoenherr,heyne,blutroten,schoenherr,h.
ae54ea61-133e-41c7-8bc1-2d565ced04ff,anderson,diogenes,sansibar,ad.,dg.
a5107542-e29e-498d-bfa2-f32e60fff80f,johann,heyne,20,johann,h.
0e064c53-6192-4122-baeb-d4eeb902495e,moffat,bay books,australian,moffat,bay books
52d631a0-6a14-4654-a457-267e35fdb642,athwal,bastei luebbe,frei,athwal,bl.
31571808-af1d-4eed-9889-2867595ea762,stern,piper,tagebuch,ste.,p.
f054f099-b711-4ade-ba28-0d75f2a4076e,alborch,RM,allein,alborch,RM
cf75be94-cb12-4bf4-a8a8-bb898183c718,meyer,silberburg,jakobswege,my.,silberburg
bf3f78c0-4470-44f5-8d1d-fd745e02184c,murakami,btb,1q84,m.,btb
6935995c-35a1-4b99-a745-d61567de2168,li,knaur,kaiserin,li,k.
955dc610-2964-488b-a700-2bd5eea14b4b,berger,weltbild,amelie,brg.,w.
45160749-5b69-4e1e-8360-1be7f45441e9,kaemmerer,graf,isartod,kae.,graf
546fa315-357c-4da3-a996-f98ba4c6d833,deaver,blanvalet,gesicht,dv.,bv.
005a96a8-7484-4cff-b095-db5f19f4649e,hermann,helmut hermann,panamerika,hermann,helmut hermann
80088879-be4a-4d21-a58f-e3706c31b768,deaner,rororo,blues,deaner,r.
831b820e-a019-4416-b5bf-93e9b2ae2ca0,konsalik,bertelsmann,doppelspiel,k.,b.
4fc6b549-1c6d-41f7-9387-752b83f9a31d,kelen,ullstein,lauschangriff,kelen,u.
0af857f1-80f7-4a04-ae9f-2629160e48f5,lemanczyk,ravensburger,verlorene,lemanczyk,rv.
490191d0-fad9-4e9a-ac3f-1cd97950113a,kinkel,bertelsmann,wahnsinn,kk.,b.
070a903b-3497-4327-8658-e1936a995305,garcia marquez,dtv,einsamkeit,gq.,dtv
e5002a07-bf07-4d47-9fe1-3234a421a2c8,scholl-latour,goldmann,luegen,sl.,g.
297df1b6-0334-414e-9ac2-8adf63bed66e,archer,Unknown,president,a.,Unknown
dc54c37b-a4ca-46b0-96e3-7644a561ca86,englisch,blt,gott,englisch,blt
e10bc4e7-3781-49eb-944f-71a0b60d9b72,noble,lp.,indien,noble,lp.
8db281c4-0daf-4abd-8f66-c7a7737d7775,konsalik,bertelsmann,wuestendoktor,k.,b.
d804fe67-b81e-4e07-97fc-bd1213b5ed03,ou.,ullstein,gefangene,ou.,u.
0f79f59e-f7fb-4423-9d6e-511f42e85a0c,busfield,aufbau,mauertaenzer,busfield,a.
36bd04ea-02d0-46ea-90c8-43a3b8e53b47,stableford,heyne,schlange,stableford,h.
01a6f980-d647-41eb-903d-18b8a12e1a7b,saint,penguin,memoirs,saint,penguin
141a2ef2-9092-4699-b53e-09872c622f2b,holt,fontana,india,ht.,fontana
d5e43cf1-2b3f-4920-b2ca-8377fb76d382,konsalik,deutscher buecherbund,himmel,k.,d.
c695f087-3737-49cc-a4da-d30b9458151a,lehtolainen,rororo,schwarzen,lehtolainen,r.
35b1054f-b721-44d7-ba83-ccfffbaac8b1,behrendts,knaur,kiffer,behrendts,k.
eed1eb39-1f94-4a84-8e1f-90d40469717d,pn.,aufbau,fremde,pn.,a.
f96cea1d-e181-4cde-bb34-b8c3f05ed33d,mandel,droemer knaur,saba,mandel,dk.
4b2f35a7-c3c0-4646-a477-59d736ad9eec,morton,goldmann,tadellos,morton,g.
5eb4fdef-d105-4acf-aef8-b0d6a3829685,busquets,dt.,Woll-lust,busquets,dt.
54e51156-e7e3-4ae4-bf32-971e3700a384,kranz,parkland,griechische,kranz,parkland
72260d6b-781b-4863-97d6-f3721def0652,djura,bertelsmann,schleier,dj.,b.
e2007e80-157c-47eb-9bb5-29cb5f3bf79c,buzan,mvg,buzan,buzan,mvg
6af5f52f-357a-4ba1-806a-864fc4f6f593,grange,bastei luebbe,purpurnen,grange,bl.
a505f92a-5187-406b-8bf0-d815fad67f5b,benoit,Unknown,sousceyrac,benoit,Unknown
7529536f-753b-4402-992a-ecffe82f6230,orsenna,beck,grosser,orsenna,be.
91f8dd1d-f659-4f11-b964-22ef4d157c52,lode,goldmann,gesandte,lode,g.
19a884ea-06d0-4c9c-97b1-88f0c4a62425,tingler,tn.,barcelona,tingler,tn.
e5c1b226-d930-45e3-a2a7-0c37d3193fa5,crichton,ballantine,timeline,c.,ballantine
58b6539b-82f8-4caa-8cc3-61ea0c2807e0,halban,piper,malik,halban,p.
e7812fa1-c119-4fd3-9c42-e393cfd42a9a,wagner,goldmann,verweigere,wagner,g.
5f19bec8-179e-4630-bb5e-d4a9b8dec440,lloyd,heyne,come,lloyd,h.
a36378ec-752e-4d59-b889-81875efb923b,sueskindtorm,diogenes,taube,su.,dg.
85883276-80ff-440b-8235-41a27dedf597,franz,knaur,spiel,franz,k.
b9bd87c9-1ac2-47f3-97af-76b1628d8509,redfield,heyne,celestine,redfield,h.
08b40fd6-d4ef-4b29-b7ee-4d1fe433df1c,steinhoff,bastei luebbe,stunde,steinhoff,bl.
2cf3c95d-4fcf-4116-9c75-5ac99534939c,vl.,suhrkamp,ende,vl.,s.
271b9419-8ab3-4d11-bcea-aa5b79c9f60c,bodard,buechergilde gutenberg,rosen,bodard,bu.
4ac3fa3b-cc9a-44ee-9d8f-6a37e8b98dcf,tietze,knaur,organsprache,tietze,k.
f7891eaf-55b4-4fcb-8cfa-1c8874632c75,reilly,ullstein,tempel,reilly,u.
801368fc-68ec-4c9c-b821-2365c50c7bb9,hohlbein,heyne,ring,ho.,h.
bc8ebc76-c037-4231-8510-93856f358665,arnold,piper,europa,ao.,p.
cefc2c57-f310-4712-aafd-b2c99aa96930,dietz,panini,hitman,dietz,panini
2005ea08-97b3-4241-af1d-94af3cf08a90,thor,carlsen,insel,thor,c.
35834ed1-6075-464f-ab23-7258f95a4ee5,nc.,ravensburger,rolltreppe,nc.,rv.
ceb4532b-bd53-45cc-a212-b41748794578,knopp,goldmann,koenigskinder,kn.,g.
28b2d493-8c38-4760-bffc-c74d4a7aced4,crichton,goldmann,gold,c.,g.
e09f86ee-87c1-419e-b020-036bae3fcba8,lim.,luebbe,liebe,lim.,lu.
5e9158f9-d85b-4911-95c3-3ecdf918304e,bluem,goldmann,ehrliche,bluem,g.
dac2138e-91e6-4426-aeb8-ca5139f4d57a,cadegginanini,fischer,liebe,cadegginanini,f.
a964c2c4-b4ba-48ff-8830-4bf3393abd48,zhang,schneekluth,hundert,zhang,sk.
658a19e7-4350-4a55-a3e9-ac475f806c45,gier,bastei luebbe,patin,gier,bl.
88edac53-0562-40a9-9a9d-31363282e600,davies,rororo,leidenschaft,davies,r.
0530cfcd-bf26-4c28-b13f-6953bb2f54dc,friday,rororo,sexuellen,friday,r.
d7dde952-98ba-467f-9ee5-f3f0f4fe6ed2,hohlbein,bastei luebbe,libelle,ho.,bl.
79b1d91f-e4af-424c-9961-de09cb57ff53,piper,piper,lust,piper,p.
28a3cd9c-3c52-405b-a827-e1e4f5eb1f0d,bach,knaur,heile,bach,k.
77c6abf9-2e81-4d1c-bd94-4cee8c00b909,heyerdahl,ullstein,kon,hy.,u.
f253ecae-6128-479a-84c1-74708796754b,kelek,goldmann,verlorenen,kelek,g.
58362a85-8c33-42f9-b7c1-13a302ecdd25,abdolah,kc.,dawuds,ab.,kc.
5f620809-20e3-4120-93d4-1f9a8c04e124,hofe,der nation,roter,hofe,der nation
21865078-83bd-4a3c-8c67-7ecf64d7cbf9,cory,rororo,boxershorts,cory,r.
8c92aa04-4978-47da-9aca-b2a30e9923d8,gage,knaur,hauch,gage,k.
8a7c95de-2281-4547-9ae1-4dd2b7b5944d,"carre, le",bertelsmann,spion,cr.,b.
b7826824-995c-474c-a55b-32559563a71b,dominik,aufbau,leichten,dk.,a.
73a21fd0-2f00-46cf-afdc-cd012363148b,bergius,goldmann,nebel,be.,g.
6da42f1b-6aba-4404-b47c-68fb9b9df560,stone,rororo,michelangelo,stone,r.
4afb56c4-706f-4919-bd0f-caa4ee7be66b,unbekannt,allianz,naturparks,u.,allianz
ce4e23c5-cb15-4b6b-9955-8ccc088986bb,nowak,trescher,petersburg,nowak,trescher
b599e9f8-f643-4432-849c-053c83765b38,west,Unknown,nacktes,w.,Unknown
a96e6645-f2fd-453b-938a-2baa235b9092,kol.,heyne,hakima,kol.,h.
ef8cb724-2285-40e8-a0cd-7ed659020ea9,schacht,buch und medien vertrieb,dunkle,sc.,rm.
05ac48f9-877a-4c04-8019-fa355f82835d,kordon,beltz & gelberg,spucke,kordon,bg.
99165e1a-0e20-498d-9af4-7c4d403e5254,leon,Unknown,children,le.,Unknown
72e88333-af09-4e67-84d6-414ffc7f1237,wolf,bertelsmann,kassandra,wolf,b.
152867ed-2a29-4acd-83e3-875bccdaaa16,hell,dt.,assessment,hell,dt.
13ac437d-7f84-45c9-a16e-188586ba9ee6,lorentz,knaur,loewin,lo.,k.
84174b42-0cfd-4829-a0e2-c48ecf1dd07a,kh.,dtv,lot,kh.,dtv
63cb25da-854d-4416-9dac-c5b57d5c8e42,staller,ullstein,magd,staller,u.
cc9898bb-807e-4af5-b6de-35a82d584d40,braunburg,bastei luebbe,drachensturz,braunburg,bl.
9748e49f-ff00-410e-b317-a526e06b82d0,sj.,rororo,terroristen,sj.,r.
059c2be7-340e-40a0-a104-91938be7e9c3,evanovich,goldmann,liebe,evanovich,g.
f00320e4-c7f9-4cce-8906-3d5863a452ae,barth,dumont,groenland,barth,du.
4ceca265-1aff-4259-8b96-2670df21f355,laffin,heyne,islam,laffin,h.
8a51663a-9246-469b-afa8-60b98cd3b61b,andres,piper,taubenturm,andres,p.
5b467b20-6e5e-4a52-82d9-0ad3c0a6d5a8,fuchs,weltbild,bauernregeln,fuchs,w.
a9faf8ab-e6e8-4116-b3c8-19a32c17b7f9,steel,ci.,lightning,s.,ci.
0819e547-275c-4483-a8c8-b11344b0def7,weichmann,rk.,venedig,weichmann,rk.
685fe4ee-df27-4086-9735-284d233ae90e,berger,aufbau,papstes,brg.,a.
60c1a18c-8e18-4bfa-92f8-0cf515648ddc,khadra,dt.,sirenen,khadra,dt.
a349ff4f-d41b-4e1d-ab97-376116fecffb,hohlbein,bastei luebbe,abenteurer,ho.,bl.
a971a195-45b3-41aa-9462-c6efefa17423,sasson,goldmann,sultana,sasson,g.
7f13db6f-79b1-4c27-9db9-449e44c30347,vazquez-figueroa,goldmann,ebano,vf.,g.
11c0a245-faba-457a-b53f-8d0d4acbec80,goettlicher,rororo,eigentlich,goettlicher,r.
89c81aae-c15d-40cb-bbf1-ba56f4baacb1,fossum,piper,stumme,fossum,p.
ed9e54eb-538e-4997-926c-86c4d7b9bdc7,smith,bca,seventh,sm.,bca
f571826f-10fc-4280-a934-ff6627fdbdf9,mac.,goldmann,zwischenleben,mac.,g.
cbed0cf4-a234-417c-b6bc-462fbd0d3f16,medlock,pn.,ehrlich,medlock,pn.
50721cdd-5b0a-4c36-9992-97d63cda90b8,karsten,knaur,farbe,kan.,k.
1f890f9e-d172-47fd-86b6-51ad22dacece,kracht,fischer,imperium,kracht,f.
f1d54023-1c00-4f7d-a5e0-534cd8af8b32,wieck,fischer,maenner,wieck,f.
155dffad-6c7e-4688-b827-628c7e1e12ae,schulte,ps.,nofret,schulte,ps.
9b38eed4-b94f-4dc1-acc1-a2e0d94a7dec,schwaiger,heyne,einem,schwaiger,h.
852b8282-e6e7-42ba-9086-c37b73aad504,haddon,vintage,incident,haddon,vintage
4ea9e75c-67f3-4ec1-9911-c3a3c89b1812,lawrence,fischer,aufstand,lawrence,f.
20d877bf-0a43-4bf7-a8c8-dc2c84f67c1c,zt.,ullstein,tausendundeiner,zt.,u.
a480468a-df0a-420f-80a5-888bab709dd5,tweedie,knaur,briefe,tweedie,k.
49bd29ad-d284-4c37-af35-7077046e57ba,holt,heyne,rache,ht.,h.
06f86e1e-9c8f-4480-b153-5904f2bbe9fd,petersen,aufbau,helden,petersen,a.
7cd2e816-cb7b-4942-aacc-655aec84f6cf,bischoff,dumont,barcelona,bischoff,du.
debbeb42-9fb6-4b7c-8be7-178a2eae4284,abuhlawa,diana,waehrend,aw.,da.
a7c16976-5c3b-4cf0-9241-f1cf155e58cf,"zandt, van",Prisma,untergang,"zandt, van",Prisma
b6b557b6-12c2-428b-b5f8-bfd8ea597268,degner,heyne,pasta,degner,h.
2a4a7f55-09e6-4e0c-a277-585af7e1b31c,arold,lw.,abgerutscht,arold,lw.
2384745d-6585-4320-8c62-e6b4873d4390,tacconi,bastei luebbe,hanis,tacconi,bl.
d92c707f-f19e-417e-94c4-108cab317e92,appignesi,heyne,beauvoir,appignesi,h.
946f9074-6b55-4193-9217-66cfba7f09a8,mowat,bastei luebbe,fährte,mowat,bl.
a4cdbf08-e699-4e22-b175-356b3add38ac,wog.,ullstein,kabul,wog.,u.
5738cfe1-4c49-4f97-8df1-64b38f6cc75b,davis,knaur,aromatherapie,davis,k.
7e1c33ce-5826-4336-8a8b-2710f4b5f963,konsalik,bertelsmann,jadepavillon,k.,b.
19e446e0-49e9-4c84-9316-a5a71ac5ba9b,tan,goldmann,tuschezeichnen,tan,g.
633ccdaf-be82-4550-b15b-c1de8925b38a,derstapivan,kv.,blond,derstapivan,kv.
ca6f10d2-b475-4df3-8732-b68f6dfd433f,davenport,buch und medien vertrieb,haifischfrauen,davenport,rm.
d801d796-f94c-402a-bb8e-275847f2b5fe,scholl-latour,heyne,aufruhr,sl.,h.
4a5edd2e-ce58-41ba-a57e-04adaf445501,mclune,RM,nefertiti,mclune,RM
5aa80499-ff90-4ce2-9be7-6598179dcdff,plueskow,goldmann,firmenwechsel,plueskow,g.
2c8ef9b0-66f5-427c-88b7-2782cc6e70c8,corona,weltbild,geigenspielerin,corona,w.
14f74da9-8f16-4df3-80f2-8a6f94c62853,hohlbein,heyne,sand,ho.,h.
7e8e76a3-2fc0-4229-9ff6-f6d17cfdd15b,lorentz,knaur,goldhaendlerin,lo.,k.
6393cab9-89a5-4e89-9222-69467f21e771,hofer,fischer,entfesselung,hofer,f.
f5e315d8-1683-4938-8dc4-67a6e683e17a,ressler,heyne,jagte,ressler,h.
227f98db-8593-4e04-b9c3-e114d859fa0d,braver,blanvalet,elixier,braver,bv.
18d8be0d-c935-4dde-be81-84b4b1569cc5,brink,goldmann,duerre,brink,g.
9a38ce5d-1e5f-4d98-8d2c-e2b86fc277d0,latzke,dumont,malta,latzke,du.
9ab916d2-2f6f-405e-8857-0574785c958f,herbert,heyne,wuestenplanet,herbert,h.
96841121-50d4-4f8b-92a4-6ff6e3c187a7,kaye,?,?,ky.,?
3909faf2-2cb2-4a97-8606-274b66e32f8b,griscom,goldmann,frequenz,griscom,g.
71a272b5-ffeb-43f3-a0e4-6648f8820ac4,fried,goldmann,nebenwirkungen,fd.,g.
89b6a545-dff1-40bd-998a-fa40154817dd,seth,fischer,tianchi,seth,f.
314b3772-d5cc-4de7-b4b5-c39cc0bb6046,nin,Unknown,delta,nin,Unknown
51799548-93ec-481e-98da-7323915d076d,konsalik,bertelsmann,sotschi,k.,b.
6465fc82-a061-4c78-abcd-cef4a579b2fe,pas.,blt,elefant,pas.,blt
2dcb488a-bf51-4ada-9615-454df8f9077d,barylli,fischer,butterbrot,barylli,f.
1fbca184-ccbc-4753-a9c2-348862c6eaca,edwardson,list,meer,edwardson,ls.
6cdf4418-9f4a-4f62-9886-2c85f7bf56d4,schuller,knaur,katakomben,schuller,k.
52b60d29-41c8-44c6-ad9d-09ee804dcecc,scott,dt.,heaven,scott,dt.
e429b7bb-5e9b-4de3-8a10-6c1ad7efb7a8,lf.,lingen,gehirnstation,lf.,l.
bbee6ef0-97fa-4a95-bf22-0bc1890d022b,viegas,luebbe,schatten,viegas,lu.
6d53de65-b9ab-40c4-852c-039dd8dc632a,courtney,heyne,grosse,courtney,h.
4f3fa978-8e43-4198-8a93-fbf4a8527fc8,harris,heyne,pompeji,h.,h.
39d7e2fa-c3ad-4c25-8bf2-d84f93cb8387,bmb.,piper,strand,bmb.,p.
e1210c82-9318-479b-b4a5-de7053d680da,mat.,suhrkamp,mexikanischer,mat.,s.
8ddbc1ba-c1a5-4186-b82d-19d0fda2ce9f,oddie,bastei luebbe,enkop,oddie,bl.
0aed2351-14e7-4725-b961-ca6886596a68,kib.,LN,bretagne,kib.,LN
439be03c-e2c5-466d-b453-7e59c79ac1cd,owen,bastei luebbe,zweite,owen,bl.
fd8db3a6-2472-47e3-8b39-b8353b416300,wilkerson,leuchter,messerhelden,wilkerson,leuchter
e26742b8-3589-46e5-ab98-b059b0a44c88,"felinau, v.",bertelsmann,titanic,"felinau, v.",b.
2124e8b8-c8c2-4404-ab96-b2296d8475b6,schami,dt.,geheimnis,schami,dt.
5e642ad4-4469-47c8-a701-d01bb2dcae85,may,kv.,silbernen,ma.,kv.
060df893-4f5a-4831-a7cb-6731db5c1e23,cadeggianini,fischer,liebe,cadeggianini,f.
9a01b8ae-d99c-4f79-b838-e722cb3f52e8,"clair, st. robson",bastei luebbe,tiana,"clair, st. robson",bl.
c5cf62a3-d9d2-4f4f-8df5-a16270f8e8b7,augustin,goldmann,mann,au.,g.
2a64a4df-f309-4041-9445-25bbf81e8084,lenz,Unknown,exerzierplatz,lenz,Unknown
1ab76728-f0c9-42b4-8804-50ff673282a0,braunburg,deutscher buecherbund,schatten,braunburg,d.
ecd438bf-e0c6-4b51-84db-9d423df3ed0b,maupin,wunderlich,stadtgeschichten,maupin,wu.
c9b52061-9015-4e2d-9529-c2dace6b8c4c,daute,blv,bonsai,daute,blv
dd266a1a-d930-4c26-89e8-e9b3e1b85c52,lauber,droemer knaur,matterhorns,lauber,dk.
91295ebb-0417-4e65-8f01-77176f066ecb,riebe,knaur,nil,riebe,k.
9cc68604-deaf-4cbe-8fca-abca3f373418,summ,goldmann,summ,summ,g.
95822a46-4373-4f3c-b9f6-99bd7d2b05f3,denzel,dt.,tao,denzel,dt.
64147dfc-17e1-45f6-871d-894bcea7353e,isaacs,penguin,years,isaacs,pe.
6f9986bc-1344-4845-8edf-c25bf80f877a,boh.,bassermann,faszinierende,boh.,bassermann
f642a55e-69b1-4e56-9cc3-e186180ffe22,fowles,bastei luebbe,michael,fowles,bl.
c2dbfb66-bcf3-476b-898c-e1192b856a6e,winnemuth,bb.,grosse,winnemuth,bb.
6b289801-c6ec-43a9-97c9-a9e0a721fea6,hildebrand's,k+g,indonesien,hildebrand's,k+g
9f647aa5-ba48-4be1-ba84-1a0bab94279a,hand,sceptre,cleave,hand,sceptre
27c476c9-63e5-4139-817b-86ddb56f557c,knopp,Unknown,helfer,kn.,Unknown
d39836c0-8027-4276-88a4-e065eb8ce86a,waltari,bastei luebbe,renegat,wl.,bl.
57619505-ed82-439a-8e28-0d5fa710435b,sinoue,knaur,oelzweig,sinoue,k.
2caea6cf-2873-4fac-b2ce-12f41496ee29,namu,ullstein,toechter,namu,u.
6101e668-36da-4a3d-a12a-069b4c717d82,serno,RM,balsamtraeger,se.,RM
a33b628d-b07a-448f-b75d-52c1e5ace749,ostby,goldmann,ozeans,ostby,g.
061464b0-9a8a-4e13-a210-74c957c0a9d3,baldacci,bastei luebbe,bewaehrung,ba.,bl.
638716c1-7ec4-4d7d-8b07-23bfb657221e,borchardt,bastei luebbe,mauern,borchardt,bl.
7014ac78-7871-479a-9d33-e226af81cae7,brummer,vistapoint,usa,brummer,vistapoint
5a1a10a0-fc82-4614-a310-a6b4e785b4b5,peters kuehlinger,haufe,skills,peters kuehlinger,haufe
63a0d81c-bcba-40a3-adf6-47adaaa91959,heim,hestia,hochzeit,heim,hs.
11b55fb3-91dc-41ae-9477-74958da8a441,hengge,knaur,himmel,hengge,k.
02794508-8fed-489f-9893-59b5b36a2bfc,collins,bertelsmann,mitternacht,cl.,b.
9988bfa1-15da-432c-a1c8-59531d6a34a4,willemsen,fischer,enden,willemsen,f.
3ebdc2cd-e924-4080-bcfe-18a837e83b7f,schroeder,rororo,ute,schroeder,r.
bba724a6-5a7e-41b2-b037-f4941a08925f,kul.,fischer,ally,kul.,f.
24fac115-0848-4b00-8ed5-05460227c425,frank,blanvalet,knossos,frank,bv.
ca388dff-669f-4fbb-98c4-1bad564494b5,ripley,bertelsmann,scarlett,ripley,b.
1cf6d772-431e-4d87-9d3a-a50e03eab92e,erlenhuetter,rororo,C,erlenhuetter,r.
574361dd-a1cf-42cd-a56a-00b6f9b31378,link,buch und medien vertrieb,marmalon,l.,rm.
6fd1bea8-06e2-4130-b7df-8c31515e2dd0,aitmatow,suhrkamp,weisse,aitmatow,s.
c2884c20-4210-444f-8de9-543881e7b415,allende,suhrkamp,liebe,al.,s.
3a6758b7-094e-427b-b328-e6187faf7eeb,bryson,goldmann,reif,bry.,g.
44ea3c74-989b-4ab8-8499-b319dc1246a6,schneider,knaur,kick,schneider,k.
df0fb527-cbd3-4d5b-8cc9-8495d62721cc,fuchs,weltbild,bauernregeln,fuchs,w.
f553bf8a-0549-4e0c-b6a0-56c1e5fa34f8,drawer,moewig,todesart,drawer,m.
5332697b-34cd-4df4-8c46-18749b76b91d,reichel,heyne,maenner,reichel,h.
5a54c048-af94-4419-b5d4-a48440be68d0,conan doyle,arena,pferde,cd.,ar.
1afefabb-eb45-4474-8bbe-21b66c81fbe3,emmelmann,gräfe u unzer,frustig,emmelmann,gu.
b7585b65-abd3-4dd5-a47b-fa92496531ce,ellert,bertelsmann,attila,ellert,b.
1baebebc-9695-4822-ad37-e451f5f67107,aris,aris,stranger,aris,aris
aba99250-cbd9-424e-8abc-4aeb98e55963,serno,knaur,wanderchirurg,se.,k.
606e9268-7fb7-4717-84e1-c6de71b43ded,gaiser,dtv,nascondo,gaiser,dtv
87c5f705-c4fe-488b-8ba0-7f9bbaea23d1,bosse,dt.,ganesh,bos.,dt.
2164219a-afbf-41f4-8d71-38f03746aecb,duesseldorfer,bassermann,omas,duesseldorfer,bassermann
a1835735-94d5-4441-ad71-bdca1475ce87,Lloyd,rororo,china,Lloyd,r.
60242fc8-d7c0-4c89-8247-96169f6d614c,braunburg,heyne,landschaft,braunburg,h.
a40df950-60e6-43a9-9bdb-1432080f4185,konsalik,bastei luebbe,natalia,k.,bl.
e2c5123c-936f-427a-8a07-e303c472ba77,koeppen-weber,goldmann,mensch,koeppen-weber,g.
5edf66de-3f90-42f6-b288-0ccf272bb091,Nedjima,knaur,mandel,Nedjima,k.
1cee9818-3506-49ec-892e-17c31c65530e,konzelmann,heyne,araber,ko.,h.
d42ee96a-549b-4033-a03f-1618a8f3c04a,lehnhoff,bastei luebbe,karibikfieber,lehnhoff,bl.
0980327b-0a01-4dac-95fa-616ab62ca522,stuart,nelles,australien,stuart,nelles
e54f4a25-dbb4-4a38-9e77-fa5350bc5aa0,kopatz,oekom,oekoroutine,kopatz,oekom
72e60514-6ab4-4575-a964-56bba58a075b,baldacci,pa.,zero,ba.,pa.
661bcd50-5c0a-4e93-a8b1-a9aa26702cb4,priol,heyne,hirn,priol,h.
dcab52ec-eba0-4cd9-8ea4-d04fba6124d1,hohlbein,bastei luebbe,inquisitor,ho.,bl.
60b2601f-7bfd-4802-bbdf-e814d4e1a89d,wu,knaur,feder,wu,k.
6cdf127b-0a42-47c7-b06e-0ba71fe0d385,mawatani,pestum,wo,mawatani,pestum
7c0fd5be-ed1a-43d5-9d25-8a562c88cce2,markand,st.,myanmar,markand,st.
b970c1e1-a6d8-43c4-b2d7-b5594d08114d,group,knaur,bermuda,group,k.
2a2d6053-faa5-4b70-b791-aa494fda92b8,herm,bastei luebbe,dionysos,herm,bl.
de29ced5-92b5-4e5e-9d23-53c6458012df,douglas-hamilton,piper,elefanten,douglas-hamilton,p.
f151f7ea-c658-431e-9f8c-c7ce52d3f292,puzo,md.,vegas,p.,md.
744d7e86-8470-408c-86c0-9109521a55b9,charyn,uo.,tod,charyn,uo.
fec14817-2494-4fef-9a27-834b569bec17,prt.,carl hanser,wir,prt.,ha.
90ce1708-6bc1-4d8a-b5d2-86cdfa9e610b,joris,kz.,dingsda,jr.,kz.
20a7a298-cb78-4d97-b0af-c047b556fcab,vandenberg,heyne,gladiator,v.,h.
76be9c03-0655-4239-afa5-821a20ffd8ad,hellfritz,bastei luebbe,frauen,hel.,bl.
164e9554-7a41-45d3-a8e6-7c4f7986298e,hackl,irisiana,gong,hackl,irisiana
c7ddb1f2-5a83-40dd-9979-edd8882d0d05,laqueur,ullstein,westen,laqueur,u.
40dea83f-8517-435e-9412-b1f284fc7111,wickert,heyne,frankreich,wi.,h.
f3f51a27-ceb1-4c7c-9b73-8bd47730523b,conan doyle,ullstein,vermaechtnis,cd.,u.
d582c092-e3e9-451e-a412-77c5e59f62da,trevisan,ei.,ana,trevisan,ei.
a0ee0fa5-94fd-44e5-9c6c-0a67d105b7e9,blyton,dtv,insel,bl.,dtv
8537357f-5cc2-4c09-826d-b3803f6addf9,deighton,heyne,sahara,dg.,h.
e768c1c7-cd22-4a93-b9e6-1351eb99314d,bischoff,dumont,barcelona,bis.,du.
a625f3ec-6109-4c26-8035-9ec4cb68aa0b,michener,droemer knaur,karawanen,mi.,dk.
47700589-28eb-41af-90ec-fcfd799d07d0,haechler,knaur,stradun,haechler,k.
b982cae3-36d1-4ba6-b5cf-2394d7715bbf,"arnim, v.",knaur,fetter,"arnim, v.",k.
69a44740-7857-4f38-9764-d33813b119c3,berger,kiepenheuer & witsch,little,brg.,kw.
cca39075-9513-4ee8-9825-f9a336b90afa,essex,weltbild,kleopatra,essex,w.
4888445d-81c0-4124-8e0e-8c8c0ef061d1,rb.,knaur,schwarze,rb.,k.
4e46d7ec-5669-4262-8848-82863f965d2c,mosse,knaur,verlorene,mosse,k.
4c2b4112-e426-4b6d-9534-6951d43e42d2,wehrle,ullstein,feind,wehrle,u.
bf74f996-0a0e-44fb-b13a-c1a2dec7cd1a,gonsior,companions,nordseekueste,gonsior,companions
bbe14a8b-9b71-4784-8247-bbf7f3086792,rb.,diana,suenderin,rb.,da.
855e46af-0eb7-4fca-8125-9743f0b54e4a,konsalik,db.,himmel,k.,db.
af81ee4a-147e-4b61-b7e9-66880007f1c9,bellemare,weltbild,depesche,bellemare,w.
72c07ac9-d139-4234-9c01-4cdd90f93fde,vandenberg,weltbild,purpurschatten,v.,w.
7fc76e51-6206-49e3-9d43-3988d7bb8d02,kreye,kiepenheuer & witsch,aufstand,kreye,kw.
c34671cb-4dd3-473c-8bbd-538476fe3bc3,sasson,goldmann,saud,sasson,g.
4ee3455a-b7f1-4dca-9b04-1b2b5e4c38c4,gendlin,rororo,focusing,gendlin,r.
42dc947a-c058-44df-8ecc-6101082e4c89,ben.,kiepenheuer & witsch,grenzenlos,ben.,kw.
13793b5c-3eee-41ae-95fb-9ddb00e8cd0b,yuecel,kiepenheuer & witsch,agentterrorist,yuecel,kw.
f826b514-13b4-4d26-8b7b-6a03fb3aa742,Messadie,knaur,mensch,mei.,k.
77f20119-7950-499b-b6c9-a865be7d168d,hohlbein,heyne,spinnen,ho.,h.
1b987cca-be38-4596-9c7d-f55059476990,"Silva, da",knaur,gesundheit,"Silva, da",k.
f7a65775-d9a7-4760-8cd9-80642c99f0dc,wood,buch und medien vertrieb,himmelsfeuer,wo.,rm.
783997b0-102e-451a-a0e8-6176c4ceb6a4,zink,rororo,nikotin,zink,r.
38229196-c15d-498d-b44d-cc3fe4d45f8f,wickenhaeuser,heyne,wetter,wickenhaeuser,h.
1eb15b7d-c3f7-4db4-ad60-69a30466d5cd,geissler,sanssouci,augusta,geissler,sanssouci
63fbbee9-ecb2-4ce1-9852-e2d07dfdf479,schug-wille,heyne,byranz,schug-wille,h.
79d51875-8e50-4723-9ba2-9dee624901a2,lf.,heyne,verbotene,lf.,h.
e9b511bc-98d5-4a98-bd39-65da8fbf0e1e,holt,heyne,opale,ht.,h.
16f24a23-a17d-4517-8692-76ee1a00650e,verollet,ullstein,waldorfschule,verollet,u.
c0ec25cf-05ad-4e4e-8c91-92674092b37c,oe.,rororo,jakobsweg,oe.,r.
921a317e-fe9d-459e-b2cb-f90a4cdc42a6,falconer,heyne,sultanin,falconer,h.
24df7321-926a-48fc-a72a-34b920a78daa,schindler,peter erd,verweigern,schindler,peter erd
438faaf8-55a5-4865-af56-338252a9506d,konsalik,bertelsmann,tochter,k.,b.
7cb13206-8379-4c84-8e82-fa6b34088c5b,lo,heyne,wok,lo,h.
57fd50d5-33b6-48b7-a522-6f06a8e86f20,adams,bi.,geschichte,adams,bi.
046c8863-5693-4be7-a230-4db59aca3cdc,vandenberg,bastei luebbe,pharao,v.,bl.
4ea713f2-43b5-40e0-aaae-db75cd7f23d2,peterson,de.,manny,po.,de.
a2d241de-a5b8-486b-9544-03263ddeb84d,dijan,diogenes,erogene,dijan,dg.
27ece895-6312-4dfa-8166-61df558068ca,konsalik,lingen,klauen,k.,l.
00cc817d-d252-4273-8291-f445c24b1def,heldt,dt.,ausgeliebt,heldt,dt.
cac7e503-d116-4d76-bd58-7f95f0ab7733,gannon,carlsen,wundersame,gannon,c.
8b959695-8431-4c4b-8878-33ea788e556c,grau,claudius,hypermoral,grau,claudius
7889c6c6-c065-4fb5-bce8-1788083a01cf,gordimer,fischer,geschichte,gordimer,f.
a21c9fd4-a094-4d8a-b050-4b128172f800,smith,fischer,just,sm.,f.
8bd680af-370e-4284-bf58-5614aa2ed150,brandt,copress,tauchen,brandt,copress
3c891ee2-f5bf-4b59-a2d6-175f48383b94,irving,rororo,garp,irving,r.
f460f442-e4e6-4a1a-97d6-6a94c0313ffc,davenport,buch und medien vertrieb,haifischfrauen,davenport,rm.
f341794d-9534-4b0d-be0b-23cb07f088a4,remarque,Unknown,zurueck,rm.,Unknown
e16a9495-abe0-437b-964e-ef3abb35b252,kh.,dtv,unfair,kh.,dtv
3f3981bc-3996-47d0-b0b6-fe67afe11ac6,hohlbein,heyne,spinnen,ho.,h.
fb977b34-d754-48d4-b751-db7f9fa788e1,tasker,heyne,lautloser,tasker,h.
337e9518-1ab2-412f-8032-cacc652d54bb,ernst,rosenheimer,brandegg,ernst,rs.
7ba26b2f-2db1-4876-8ab5-ed0f54c0b9de,dey,dumont,schweden,dey,du.
21f4c713-3d5d-4151-824d-cdbbd472db03,peters,heyne,pilger,pt.,h.
3cf59e7b-1d60-48b7-86d4-4dd750097a1d,kaner,ullstein,spinne,kaner,u.
58952750-dc8c-4a8d-8219-7855c132042f,meissner,goldmann,eismeer,msn.,g.
9c189cee-9ebd-4f10-a628-8e111dc102b2,stv.,dt.,caesar,stv.,dt.
d27e5520-8ec9-4fea-af1c-a984b5e3fe82,konsalik,bastei luebbe,leibarzt,k.,bl.
1e543a33-903a-42ad-a35b-ceeca454e626,"h., thomas a.",rororo,ich,"h., thomas a.",r.
d9e8e6da-f3a7-49f6-ba11-7da1c4e21ce4,krollpfeiffer,knaur,aelter,krollpfeiffer,k.
9a8b3b9e-012a-44af-b3d8-48af9696a5e8,stefanides,sigma,odysee,stefanides,sigma
aac87119-5ab6-440c-91e1-2c74fc049985,joannides,goldmann,wild,joannides,g.
295566a5-e875-4a02-89e6-1650476a5e52,kerenyi,dt.,mythologie,kerenyi,dt.
34893a0d-9217-4f78-a309-0f7da8a4fec1,li,knaur,weg,li,k.
deccba51-9c5a-4a02-992c-3441d4d00f11,hearn,carlsen,schwert,hearn,c.
36c0f083-5efa-4e62-8376-412d8b8517cf,richard,knaur,pfeiler,richard,k.
574c72ac-c967-4daf-98a3-3f0011e538aa,pinson,moewig,abenteuergeschichten,pinson,m.
7d92541c-fe60-4cd4-83f7-54e29c565a5c,hohlbein,weltbild,anubis,ho.,w.
ce24a84e-ebda-4c5e-a038-bbfb8fce4470,sueskindtorm,diogenes,taube,su.,dg.
572d31e8-0e9b-41ff-91bd-5b586a38cc0e,collins,o.,tribute,collins,o.
646328ac-45d4-42c0-bf17-d05c52627d91,fleischhauer,knaur,minuten,flh.,k.
554a178c-ddcf-412a-87b9-6d19f4c30558,ani,dt.,idylle,ani,dt.
bbabdf8c-0b0a-4fa5-b018-4a8877a9c496,imhof,piper,koenigin,ih.,p.
468e7ef2-0e29-4998-bb41-f41d4b9e3a08,poole,ullstein,reiseflughoehe,poole,u.
88ef85e6-1461-4a1c-a6f9-a52cb9d5369b,nafisi,fourth estate,lolita,nafisi,fourth estate
ef018643-b301-4daa-b53a-68c8b4d66685,thyvold,deutscher buecherbund,suedpol,thyvold,d.
fd26c52e-19dd-439e-b109-2ceab7e15a47,walden,weltbild,tal,walden,w.
16c57233-e065-4fc7-920a-ed87532df6fe,bank,fischer,schwimmer,bank,f.
d23812bf-78c9-47ec-bd50-3d6bfab87db6,tz.,goldmann,fliegen,tz.,g.
5187dfb2-1698-45da-8e3e-554021bb6fb7,krantz,Unknown,daisy,krantz,Unknown
869e4abe-f936-4689-9192-711b767dd962,obermaier,rororo,kaiser,obermaier,r.
4ceb1a18-06fe-436c-845e-86e5b6518ebf,"bryan, o'",peter meyer,costa,"bryan, o'",peter meyer
2d84c1ca-e418-46e3-8c42-78762caa0ce0,fisher-ruge,heyne,armenischen,fu.,h.
eec7514f-9fbb-45a4-8738-cf2c736f076d,stucki,sc.,lob,stucki,sc.
cec36535-ef98-4405-8769-61e68984d321,lodge,heyne,therapie,lodge,h.
e05e9356-9c8b-4c1e-935c-90cfd6b45564,melandri,heyne,meereshoehe,melandri,h.
7ec3ecb1-1cd7-4ad1-999c-3c13af15f1cf,king,heyne,bild,ki.,h.
653e30d4-6d64-4033-aef1-2a7fa04cc0d0,sponsel,schneider,wunder,sponsel,sn.
e0f06582-dedc-432f-ba32-f316dd205189,schindler,bertelsmann,brieffeindin,schindler,b.
acee41e8-840c-486e-8551-73feced80035,cicero,Unknown,publica,cc.,Unknown
559a646a-9db1-4789-a321-90bd9f1cec44,kaufholz,mitteldeutscher,todesangst,kaufholz,mitteldeutscher
369d4800-0eb5-4d07-9943-f8897dafa26a,celik,oetinger,yakamoz,celik,oetinger
2d0d827c-4335-47d8-a2aa-20348dfaf539,bain,lp.,zealand,bain,lp.
5e3b64a0-09b7-41f3-aca7-3efdaccf967b,brown,doubleday,da,b.,doubleday
56155ada-2b58-4290-809d-a6094d6906d3,gerstenmaier,seewald,stimme,gerstenmaier,seewald
5e41ca39-dc58-4d91-9995-f1f3ce08395f,amend,ra.,bushido,amend,ra.
799786fb-8094-4e7b-b5da-6cb530e1e7df,ferrante,suhrkamp,luegenhafte,ferrante,s.
0de2a12f-7556-4c15-9ac5-a2b6ed74261a,saviano,carl hanser,gegenteil,saviano,ha.
4ada3b2c-fa72-4d97-aa34-fd4e80265c06,nh.,db.,spiegel,nh.,db.
260a412d-5387-4763-8714-b30ec9a82e74,ball,dt.,ikufar,ball,dt.
52e8fa99-d035-4f29-a6ab-898d1e42471f,altmann,lucius u. Lucius,volkswirtschaftslehre,altmann,lucius u. Lucius
aaf5ab5d-4df8-4796-b605-6739fcc168ba,spain,bertelsmann,rajace,spain,b.
c4e8793d-dd9f-440b-a7d0-5c12a4b4b919,mian,kiepenheuer & witsch,panda,mian,kw.
727d4112-7512-464b-8b9b-503a712b6024,wegmann,blv,freizeit,wegmann,blv
e7276609-f02e-47d8-bb62-fd42d27c91a1,gralle,michael meller,moench,gralle,michael meller
fc894ff6-96de-4b59-a612-a020d54e6da6,dobelli,piper,digitaler,dobelli,p.
d2294d38-25cc-4b66-b908-edc7a9b9d541,grandt,kp.,staatsbankrott,grandt,kp.
0fa7b248-9b3e-4afa-8fe3-37bb0159a2d2,Anderson-dargatz,cl.,augusta,Anderson-dargatz,cl.
15fb96b8-d4f6-408e-80b9-a3bada970475,ls.,ueberreuter,wunder,ls.,ub.
e967b250-37b0-4827-aade-d47cc805a255,benson,goldmann,geissel,benson,g.
00aa1b45-da90-494b-86a7-8b0a2027a4ed,foerg,piper,zornige,foerg,p.
f5b06bb9-c6e8-4156-b3fd-3d65d03a6f06,bastos,list,wald,bastos,ls.
d18925af-2d2c-455d-b746-a995b3f3043e,neuhaus,ullstein,wind,n.,u.
187530fe-6403-4f6c-8cbb-d9ec48cb9cea,mk.,dt.,chronist,mk.,dt.
46d33b06-5363-4555-b90f-50fd5bd8dd93,krt.,memovision,fubi,krt.,memovision
42e69993-dbea-4a54-a5fa-d09688f031ca,lorentz,rd.,goldhaendlerin,lo.,rd.
182dfadd-37a2-4297-9a81-a093ec48b416,vandenberg,bechtermuenz,gruene,v.,bm.
4a1f6f94-b7ee-4e4a-b9d6-f729561d9722,kostolany,bertelsmann,boersenseminar,kostolany,b.
8a7ce0ea-8a77-4650-810e-a6a4587c0884,sim.,bertelsmann,tatiana,sim.,b.
2a0c3b1a-4b05-448c-9fee-0664fb1622cb,konsalik,bastei luebbe,leila,k.,bl.
3575091a-a0a1-472b-b6e1-dd07336e8751,bryson,goldmann,kaengurus,bry.,g.
4de9dd1a-9a57-45b7-8572-8c9d295f0e70,armand,aufbau,indianergrenzen,armand,a.
e7327405-20ea-4778-82a4-2d3350c2872c,berger,rb.,kenia,brg.,rb.
15ee1e95-a9ab-423d-9301-93cabe0580d0,kowalsky,goldmann,schisser,kowalsky,g.
ba3fecc5-7243-4bf7-a954-fa0acde3a377,schmehl,RM,siegelring,schmehl,RM
347a401b-188f-4c2f-9ef3-7d1f8cf31ef5,archer,Unknown,tochter,a.,Unknown
2c6ebeea-5325-463f-a1de-7837c35a45c5,min,bertelsmann,herzens,min,b.
2e414b65-7df6-4b19-b7f5-fd24124c992c,harris,buch und medien vertrieb,hannibal,h.,rm.
a0e5ffe8-c7eb-4aad-92e5-ac8cf5cc49aa,ham,lp.,africa,ham,lp.
add21fd1-42d3-427d-9ba6-7089426b10b9,galenorm,knaur,hexe,galenorm,k.
7e164f75-68e7-4fbc-ad60-3819636a9865,vestner,nelles,neuseeland,vestner,nelles
ee009530-371c-4035-b58c-d9fe7148185a,bickmore,knaur,simbayo,bi.,k.
f307e8ca-f281-414a-a0b8-9371316b6136,sick,kiepenheuer & witsch,dativ,sick,kw.
e2aa61f1-f231-4f6e-8318-c6c637ecd1e8,sainsbury,lp.,cuba,sainsbury,lp.
1f30f503-2a75-467a-bce4-f7b50969e9c7,grandes,fretz & wasmuth,liebe,grandes,fretz & wasmuth
aed0c87e-3cf2-45c9-a1de-f13e79fbe6db,rosling,sceptre,factfulness,rosling,sceptre
c4e9facd-93e7-4193-b03f-c727c367f42c,steel,knaur,landsitz,s.,k.
09f44ed9-e75e-4123-952c-959fe088bd88,schmidt,ullstein,kreuzfahrt,schmidt,u.
87c7b52c-41b2-4625-9512-ab9016b993aa,ranke heinemann,deutscher buecherbund,eunuchen,ranke heinemann,d.
2ddbd916-d570-4edf-8e33-dd4952341be6,sim.,buch und medien vertrieb,liebenden,sim.,rm.
20403868-7024-4341-a898-d7ae8926b975,korschunow,Unknown,seinen,kw.,Unknown
b2a62ee8-9d4c-413e-bf1e-613598568c39,brewer,zsolnay,affenschule,brewer,z.
ce311a48-cefc-4e3e-ae6b-4db6384c54a4,domes,cj.,nebel,domes,cj.
648f3a28-f933-48f3-bb80-9b9addfc84b2,alvarez,belser,imperator,alvarez,belser
f3b24fed-cb58-44c5-a086-7436033dcd6d,illies,fischer,generation,il.,f.
b650d48c-e2f1-4356-90ab-6ac9682d68f3,jego,dt.,1661,jego,dt.
365db2ed-54c2-4a22-aaec-3a55c0a34d66,verne,fischer,mittelpunkt,ve.,f.
051a898f-5d33-42c7-b3b6-df2106abf641,wala,rl.,meine,wala,rl.
50a86f7b-3f72-48e9-9c75-cc70f3c1e4fd,griesshammer,rororo,Oeko-knigge,griesshammer,r.
d9ea3b3d-7208-4f0c-a312-b8a2a01fcb13,estenfeld,huffmans,menschenfressern,estenfeld,huffmans
cb3799dc-b0b7-41f5-9f4f-2e4cdcbf8fff,archer,goldmann,abels,a.,g.
9491c591-f1bc-4d1f-b696-8219f9069b35,olvedi,arkana,yogini,olvedi,arkana
97ddd409-8aac-42f3-8af7-f9c86c540898,iwanowski,pk.,geisha,iw.,pk.
df99ef7e-f595-42c2-8e7c-0823ffb9b569,noack,rororo,handvoll,noack,r.
1efea5d5-e994-4a88-b191-f97232e36ccc,la marche,dtv,sommer,la marche,dtv
01833a79-322b-42b1-b107-c773979a656e,"kuhwede, v.",rheinwerk,aktfotografie,"kuhwede, v.",rheinwerk
45492031-3b84-4016-a18d-d2c38f64e968,mun.,ks.,what,mun.,ks.
b3cd154a-4a7c-4c17-aacd-5bb835fa47b2,klemmer,deutscher alpenverein,2022,klemmer,deutscher alpenverein
f960e908-0acd-460c-83ec-64fc1666af10,janic,schwarzkopf & schwarzkopf,dream,janic,ss.
f45ff4f7-f907-4901-b988-bc0da3640b99,meissner,bertelsmann,inseln,msn.,b.
d3fdba50-9edd-447d-8940-5e6a0dd2f4eb,bombeck,bastei luebbe,wuehltisch,bombeck,bl.
3cf99d6f-6021-462e-9c86-11323af30858,dobbs,schwarzkopf & schwarzkopf,ueberleben,dobbs,ss.
7f9e72ea-d44b-4c34-8749-fdaa70d89572,alt,fischer,weras,alt,f.
3dc3b690-8086-4cd7-a7e0-f73fb739aedb,pal.,lp.,argentina,pal.,lp.
f3eda613-d144-48c5-bff9-9f85133bfbfa,gray,goldmann,maenner,gy.,g.
5e66370e-7073-4bdd-ab29-2c9f415391e3,puzo,bertelsmann,lucia,p.,b.
493ec3fd-0874-40be-a7b2-466fb2bba950,link,blanvalet,schweigens,l.,bv.
af45ddc2-dfb4-445c-9943-4a943c7f0284,oliva,sc.,survive,oliva,sc.
4a18190b-8f67-4167-b6e9-5a51e0caef8e,bode,deutsche verlagsanstalt,freihandelsluege,bode,dv.
e9aecc41-e0ee-48d5-b99b-abf8cca6e8be,jungbluth,blv,immun,juh.,blv
d6cb1147-9923-46e1-a454-a5598cb2704f,allen,koenemann,tiere,allen,koenemann
47cc2138-47d5-47fd-a43a-6b791b169520,hohensee,dt.,entspannt,hohensee,dt.
79404dec-11a7-43f3-8a26-8dbcbd360fc7,conan doyle,aa.,sonnenpfeil,cd.,aa.
a69a83b8-27d8-4267-b4ef-9c80b4efa743,richmond,lp.,cape,richmond,lp.
23118018-4f7a-47bf-b0b5-6bcecf475c6a,ml.,heyne,rambo,ml.,h.
dfce602c-4b8f-41aa-a659-ac5fd818d145,kubelka,deutsch buchgemeinschaft,vierzig,kubelka,dbg.
66b47137-4df5-4b45-9ff3-04b5190c33a3,kluepfel,piper,milchgeld,kl.,p.
44e03751-d0e8-4e45-b593-b537cb02b162,king,heyne,tot,ki.,h.
0b4176da-332b-4d9b-911b-b9781c77b7b5,wurlitzer,dumont,mecklenburg,wurlitzer,du.
44ad5b28-cfbf-4072-aec9-189aa922e986,bain,lp.,neuseeland,bain,lp.
e8b6e1e4-b205-44b0-8430-301dfcb80199,albery,droemer knaur,kanze,albery,dk.
df24e6bb-d113-45f8-b979-2efbd3295dbc,memmel,knuerr,wiesn,memmel,knuerr
65e376e7-88f4-4eed-9e1b-77a9c3aaf172,daerr,dl.,seychellen,daerr,dl.
1fd304e5-c3f5-41ba-9d4b-8715df5178ed,ray,lp.,vietnam,ray,lp.
789d34f9-355d-4b7b-9568-2783e96da171,ou.,buch und medien vertrieb,gefangene,ou.,rm.
192fbfc5-90f7-4adf-997a-9722fa87f90a,vandenberg,gustav luebbe,fluch,v.,gl.
3a1810d7-cba5-46fb-973a-d0671df84c5a,perthes,bpb,aufstand,perthes,bpb
041e740a-574f-4d46-8d2f-954f908339f1,roskelley,ng.,tochter,roskelley,ng.
9eabcd89-38ee-4575-babe-0bdc2b3a4c0e,ricciuti,ft.,menschenhai,ricciuti,ft.
3fd71aac-8357-4699-afbd-209c2ae78679,guild,list,assyrer,guild,ls.
fe42abb1-dd2c-40f0-80d0-1a3b1b9c174a,kuendig,silva,tuerkei,kuendig,silva
b2b528cb-b2c8-4c00-b2d9-9a5489cd825d,mry.,ai.,macht,mry.,ai.
2f77914b-6d01-48df-9e1a-e38967d5ad27,leiker,anrich,kundschafter,leiker,anrich
cdf824c5-49f5-4c83-84d2-27363dd14c02,schultz,bastei luebbe,story,schultz,bl.
11376e85-3138-44b4-abd2-a13b3a6991f9,altmann,Unknown,macht,am.,Unknown
9b3bd7e0-7e2f-4796-aa60-8ddae0412e9d,gier,bastei luebbe,ziehen,gier,bl.
f60766d4-588e-408a-9e9d-c61a35dfc43e,kinzel,heyne,modemacher,kinzel,h.
b2a13e8e-137a-4fab-ab45-b7c02518e854,bischof,hoffmanns,Krebs,bischof,hoffmanns
d8c3e7e3-030e-47af-b23f-a101fa54ce41,baldacci,bastei luebbe,labyrinth,ba.,bl.
423a3876-97d9-4404-8b3a-88be19f25f91,boyle,dtv,terranauten,boyle,dtv
299286aa-fe1d-4dd3-ba76-605b97655f87,feher,cbt,eben,feher,cbt
4ecb4386-9fc3-42ee-8458-31648385227f,liehr,rororo,frankreich,liehr,r.
234d4b96-ca77-48cc-af10-03e4a1b662be,smith,ueberreuter,168,sm.,ub.
c0ec1bcc-5960-4acf-a61f-f28497bd4022,hornby,riverhead,how,hornby,riverhead
37bb2acd-71a5-4863-b0cd-04d96c5eeab5,noor,phoenix,leap,noor,phoenix
e67d9bd1-9fc8-4c96-9d93-ee6abe478084,volo,diogenes,zeit,volo,dg.
209bfb4d-f278-4906-9f43-47c2cb319666,smith,bca,monsoon,sm.,bca
752d5d3f-0ceb-4445-b51d-26af02690fdf,thamm,buch und medien vertrieb,trotzdem,thamm,rm.
099c3cf5-845c-4d60-87d2-ff6aaa953583,popp,quell,grossen,popp,quell
4c653fe7-7d61-4248-a136-36ccda9397aa,altmann,random house,primary,am.,rh.
643a444d-d8e3-4acb-bada-299b4b869722,diacont,blv,cowboys,diacont,blv
4e360493-50a6-4c2c-813d-e28f7cffbfcc,weingart,db.,erlebtes,weingart,db.
1260b2f3-a18c-434b-ac33-319fa6fe7c7e,falconer,heyne,novizin,fo.,h.
15b9053d-93dd-4f36-9c3a-c85d377c1bb8,"lafenet, de",schneider,geheimbund,"lafenet, de",sn.
f36f7c77-12d7-4df1-abf0-bad81c7df3cb,jenner,oekom,landvergnuegen,jenner,oekom
fb0fd5ae-fbbf-4bb1-ac92-51cd24ee5a2f,lovric,Unknown,venedig,lovric,Unknown
1c13492c-f7c3-4761-9c34-b02b07c643e9,heidmannseder,stoeppel,radelbuch,heidmannseder,stoeppel
60203379-12d5-4ceb-961e-7ecd7435298b,benchwick,lp.,bolivia,benchwick,lp.
f10bebcf-193f-4be0-8bc5-694a39881783,brauinger,dumont,angeles,brauinger,du.
77496dc7-4aad-4025-9cb1-fa73fc405791,hein,franzis,voice,hein,franzis
474e8d78-69eb-43e5-8d3d-1724dd6a42ce,willschrei,hb.,gefaehrte,willschrei,hb.
b021eace-b831-4b3f-a4f0-ba03c3c7a28a,conan doyle,aa.,sonnenpfeil,cd.,aa.
c929cda7-8d78-4828-819f-53108658d944,ingemarsson,fischer,himmel,im.,f.
e3077b51-255d-4860-816d-bba05512abbd,krump,alexander,hospitantin,krump,alexander
d1c9acbf-411d-4f21-b73b-9ff3256afb6b,lenhart,felsen,uganda,lenhart,felsen
7709a13c-38a9-4a35-ab61-d231b3ac909b,mcnaughtan,lp.,southwest,mcnaughtan,lp.
9c0f8c21-af62-4b6e-89f2-3d3fd113893f,helle,roman kover,tal,helle,roman kover
8eaec1f7-4723-4810-9f70-4f8ab3c65830,cutler,heyne,rhythmus,cutler,h.
9b22109f-5b94-4ce5-b70b-3d180c2b5084,vance,by.,entschaedigung,vance,by.
1eba05c1-713f-4992-83b7-54068fa687e7,grandt,kp.,staatsbankrott,grandt,kp.
b0f53e6a-93f6-499b-af40-bc184f878603,follett,bastei luebbe,loewen,f.,bl.
75b6e4f0-fe20-4aa3-a241-93d3b6eac061,fischer,dumont,neuseeland,fis.,du.
2172a1e9-8154-4245-afe4-9c510ecf1051,ching lie,ullstein,perlen,ching lie,u.
cf551210-e9d5-4a41-a3de-3e7e321ee80e,heine,btb,halsband,heine,btb
5eda8071-1c03-42c3-9fdb-bf3c3f54db60,melville,insel,dick,melville,insel
8500b045-b636-4505-a5c2-b4178fe1acc4,konsalik,heyne,natascha,k.,h.
aca275e9-71c0-44cf-8056-799631682518,unbekannt,naumann & goebel,grosse,u.,n.
9e374b8c-8162-430d-9eab-08d038a1637e,heyerdahl,europ bildungsgem.,tigris,hy.,eb.
5b16d693-49a8-40e6-9f86-95a6004e5c44,obert,ml.,raender,obert,ml.
26f55b40-e166-43c0-8d01-00626451b84a,friedman,farbar straus and giroux,hot,fdm.,farbar straus and giroux
aaf4c1b6-abb9-48ca-9fb3-53790791839c,austen,btb,verfuehrung,austen,btb
5ce622ee-a65f-4fbf-8a2a-0bc30298b912,haskell,fischer,fegefeuer,haskell,f.
4d532c2e-4be1-4672-912f-b3c8213c9a7b,lange,gräfe u unzer,erotic,lange,gu.
004a0f8d-0ace-4b5b-88cb-b415be4c9aff,franken,oekom,einfach,franken,oekom
9d701258-e1e3-4e8c-8696-1b7d502dc499,andre,philipp reclam,essen,andre,philipp reclam
c102dcde-23ba-4196-bf7e-33a5cdc3053f,adler-olsen,dt.,verachtung,ado.,dt.
826ad24b-c49a-4d1d-a032-064ceb8d8508,dupuy,minerva,beaute,dupuy,minerva
018d1551-69c3-46b5-9732-a4e63e4c20be,rz.,fischer,marina,rz.,f.
413e2f2b-c6b5-486a-9b8a-d354bd1810b2,horak,st.,kanada,horak,st.
cd60b582-ef47-4254-ac2c-e1e4b463beb6,wood,ullstein,herzflimmern,wo.,u.
f330adbb-81a1-46cc-aad2-b9494336995b,teale,andreas zettner,herbst,teale,andreas zettner
a91cdf92-dd3b-4c78-8cca-c7e69cccd46e,hirsh,heyne,kabul,hirsh,h.
217e137e-3850-4c26-94ec-260dd8ec7190,puzo,bertelsmann,pate,p.,b.
0955612c-ceaa-4797-8b98-b3c99774a994,king,heyne,mercedes,ki.,h.
3c192cba-f2f6-4f98-b0b4-38457bdb43f0,"hemeldonck, van",paul pattloch,kleine,"hemeldonck, van",paul pattloch
dc148491-e976-42a9-a954-8edd802796ac,kampusch,ullstein,3096,kampusch,u.
11c32db3-f22f-4e4e-9789-ea56925c52df,mabanckou,liebeskind,bazar,mabanckou,liebeskind
08dcdc2f-8413-4889-92b9-fcb5b820daf9,blyton,Unknown,entdeckung,bl.,Unknown
e115772a-43cd-413c-b5f2-3acf19d108f5,kalisa,droemer,songs,kalisa,dr.
1b7de0c1-635d-448b-bfe8-160bb4ca66cb,maurer,fischer,felsenfest,maurer,f.
d0489186-163a-4b66-b2ed-2035a8aea1c8,pokos,loewenzahn,tiroler,pokos,loewenzahn
16999e5f-dff4-4ef9-a13f-97ce54221f52,deighton,buchgemeinschaft donauland,blitzkrieg,dg.,bd.
3f867333-6f3a-49e5-947d-146ddde36b79,kondo,vermilion,Life-changing,kondo,vermilion
9ca847ea-a2b8-401f-9e60-9d9e837e748e,newland,beltz & gelberg,schueler,newland,bg.
ad2229e0-e0c7-46be-8ffd-d5a65da5d02b,mwangi,dt.,kariuki,mwangi,dt.
e4676ef0-64d4-4dcf-b890-66c318ea83a7,scofield,lichtenberg,gelber,scofield,lichtenberg
52e86820-9fa4-43d8-8301-e22cbd3ae3a4,kuenzl,na,medica,kuenzl,na
96ae457c-9c7c-4a7a-845f-8a9dbc81257e,bromfield,lingen,regen,bro.,l.
485632d3-a526-494e-9942-5e802816a964,leininger,allegria,soul,leininger,allegria
69162c35-67c3-4df2-a14f-08b98ee089e0,waigel,bruckmann,tage,waigel,bruckmann
a20efb50-fc78-41ac-a711-768186431d1c,hanke,bhv,php,hanke,bhv
0e171b84-6684-4c92-8d9b-bb9ed2c081f3,gilliard,droemer knaur,knaurs,gilliard,dk.
4fef0caa-2cc5-436a-ba36-c528ff60e2e8,scott,spectrum,ivanhoe,scott,spectrum
b052d6bd-e322-4f44-a31b-0003de9818bd,krueger,gustav luebbe,weltenbummler,ku.,gl.
eab2c7a2-d56a-4010-ad84-da85ffc1c32f,brecht,Unknown,mensch,br.,Unknown
00aebc3b-f80c-46b9-83f0-0c7589df8bd9,king,Unknown,carrie,ki.,Unknown
bab43cbb-545e-4857-8148-5f13e5ade636,hohlbein,heyne,hagen,ho.,h.
7b651239-1772-42dc-b512-dc336d60cdf2,crichton,goldmann,angst,c.,g.
370aaf9e-47ee-4a78-af96-2f2aa7d45ce3,englisch,bertelsmann,pakt,englisch,b.
4b85861d-c09d-4609-9ac2-155fd3f36c12,price,bertelsmann,feind,price,b.
67f1eed7-5f81-4ac4-8919-2334b3493a13,pascoe,blanvalet,fuechsin,pascoe,bv.
d9c20691-cb4d-4fe5-9468-70aa2dfc2150,schoy,rororo,heimat,schoy,r.
aa7ef3e0-ebba-4215-b810-fdd781b0bc79,speck,fischer,germania,speck,f.
b377d09f-c9e2-42a6-b19b-d80109a30ffb,cheng,ullstein,shanghai,cheng,u.
3d9646b2-6efe-49ef-a97e-45a21ed051de,green,goldmann,hood,green,g.
723534c4-adec-4fa5-b43a-685d5fe9dabc,yamamoto,lp.,kauai,yamamoto,lp.
8875d8db-2fae-4ed8-8cdb-2a74590e4e5a,barber,db.,koraloona,bar.,db.
c1814a96-83bb-46b1-bf83-565ab08db866,rowe,uooks,gefahr,rowe,uooks
692e0a6d-f378-4f34-adae-cdce94094ffc,caldwell,heyne,herz,ca.,h.
7f61a32b-b85c-4a8d-b3f0-8b26b230e5fb,blacklaws,heyne,malindi,blacklaws,h.
2267471f-8ba1-4c5b-a77e-28d69889c93a,winterhoff,gt.,kinder,winterhoff,gt.
3824ba0f-0f64-44f5-88e9-9a0c7e2a7ea8,kaemmerer,bertelsmann,maenner,kae.,b.
90f18015-849e-48e9-85d6-3326d2f93b13,roy,estate,things,roy,estate
fd806113-b0ba-4d22-9524-6055a483b516,kml.,piper,bergsuechtig,kml.,p.
4a60d5a3-d0d6-40b9-bb91-681212f9734e,"schoenfels, v.",hoffman und campe,redlichen,"schoenfels, v.",hc.
59bc9cbc-098b-4d07-af89-18f9c3fb801d,vandenberg,buch und medien vertrieb,spiegelmacher,v.,rm.
f0f22014-b677-4380-b2d9-d81e8b8206f4,paes,piper,perfekte,paes,p.
cb34cb2e-58d6-4752-8de6-ea142e2a7c1f,james,goldmann,shades,james,g.
f226369b-eecc-4bcf-8168-33f255684a76,wulf,weltbild,auge,wulf,w.
a22757bc-49ea-4fdc-8d69-714d83242ebb,ingemarsson,buch und medien vertrieb,spaet,im.,rm.
2938b48e-e8c6-4cf4-b256-1d6a98e79189,coates,bertelsmann,stern,ct.,b.
4ba1d01b-6f3b-432c-90d1-c922cfb36347,brothers,buchgemeinschaft donauland,10,brothers,bd.
e6f84fec-8f87-4d2c-a3ed-455413a5eacd,arango,bertelsmann,luegen,arango,b.
33246f0c-9f1c-40d9-b767-0b6c040314f5,taeschner,gräfe u unzer,erotic,taeschner,gu.
72f8b0cc-1f61-4ef7-b546-99c81c78c7ef,konnikova,ai.,kunst,konnikova,ai.
1ca16e62-fdfe-4ef5-94d6-a1e3b248021c,beaver,gallery,aviation,beaver,gallery
f38c0b61-b52f-4018-9729-9cefa44adebc,czuday,goldmann,arktis,czuday,g.
815d7788-941e-4bf5-8980-60db78c12224,konsalik,ts.,zaubers,k.,ts.
ba107d1a-c484-4a38-b98c-4432cf296919,jetzek-berkenhaus,fl.,papiermache,jetzek-berkenhaus,fl.
b1bc1d0f-bbbe-4b14-823c-12fc6e9da03f,mcdougall,kb.,born,mcdougall,kb.
d80276d7-3f9e-454b-b0ab-e35f8a6c1b05,krieger,bertelsmann,gejagt,krieger,b.
f8d033e5-4d25-4646-b696-398bb85aaa0a,schulte,kosmos,schnitz,schulte,kosmos
e209c066-50ea-434c-9d53-8e7bf1760126,fleischhauer,rororo,linken,fleischhauer,r.
bc828e89-db52-44eb-a5e1-f05805251051,mikes,moritz diesterweg,inimitable,mikes,moritz diesterweg
f3034384-a2f4-49f5-9d4e-576534c7e3e4,"hirschhausen, von",rororo,glueck,hi.,r.
a510967e-7246-49e9-a173-bf1cb9b244d6,Schmidt-aleman,dbv.,katharina,Schmidt-aleman,dbv.
51b2f037-49f4-4e68-9f54-5e19a9847559,vetten,marlon,propaganda,vetten,marlon
55e95a98-8607-4651-aafc-ccc4995b0cb3,stewart,lp.,vietnam,stewart,lp.
b6ccf22c-d7fb-4f5f-8d48-324f9694c3e1,allende,suhrkamp,erfundenes,al.,s.
5bfcfa2d-2d91-457f-b7ed-86fa35a3963c,reichel,heyne,grau,reichel,h.
279d0af0-d44b-4249-a48b-4319df9d59c9,harsany,heyne,bewegt,harsany,h.
f01c48d2-b9d9-4a96-a6ec-3c25b35d8ba7,vandenberg,bastei luebbe,kopernikus,v.,bl.
7c054d29-5fd9-4e64-9f54-4fd512033eb3,kopatz,ullstein,oekoroutine,kopatz,u.
9396474a-2b37-4724-8d27-7c148494adff,koch,humboldt,schluss,kc.,humboldt
a6e8e7cc-b6e5-4bdd-91b5-8f7436c7e0d5,schulze seeger,bridgehouse,bridgehouse,schulze seeger,bridgehouse
be921403-a134-4298-91f3-199f6dcecbba,kordon,sueddeutsche zeitung,roten,kordon,sz.
2dfc6c1d-0a78-49d4-ab5d-80e972cc8bbd,perowne,bach,hadrian,perowne,bach
c78fc592-6d5f-4d72-92b2-6ad34d959981,sonnleitner,dtv,hoehlenkinder,sonnleitner,dtv
8a66c92c-1465-4633-813e-9980af6da334,kerr,ravensburger,kaninchen,kerr,ravensburger
609eef59-b91e-499d-8efc-a252e94c0622,zitelmann,beltz & gelberg,gaukler,zitelmann,bg.
3741edfd-22ac-48a6-a382-49c50eb2de8d,freucken,droemer knaur,knauss,freucken,dk.
9c656b74-39fb-441f-91ee-e2d997558993,crichton,buch und medien vertrieb,micro,c.,rm.
f60ec1f9-94ad-4dc0-aeef-86b8385d7a31,lindenberg,goldmann,panico,lindenberg,g.
2d564895-8ce4-4aec-8698-31555c240487,jones,pietsch,seereise,jones,pietsch
aeb6719d-7aa6-4513-b1ab-469bb5598900,bloom,lp.,southeast,bloom,lp.
7104a0d0-c064-49f4-8779-7a49efcf40ca,hugot,bucher,zehntausend,hugot,bucher
e8d222f3-5a7c-478d-ba20-525028f8839a,haitel,fth.,unterwegs,haitel,fth.
a61fce76-b18e-4366-b39c-8713d79a3cb6,hohlbein,heyne,schattenjagd,ho.,h.
267dcdcb-21b9-4fbe-b10a-a0e03e977581,cobbinan,peter meyer,ghana,cobbinan,peter meyer
cb0f2aa0-7728-4f96-b4af-bd36bfdf3894,seerbanenco,Kremayer & scherman,mailand,seerbanenco,Kremayer & scherman
c1f6755b-da65-4c09-ba83-48abe6faa7c9,bayer,Unknown,babylon,bayer,Unknown
e3c84aac-66e3-4e62-b6ad-efc8d76a8c85,escher,rororo,strategen,escher,r.
7bd39714-3ed2-4ca8-8d23-1dcbeb3f0c9d,gier,bastei luebbe,patin,gier,bl.
cb80280f-8d93-4ab7-856e-d10788adcaa4,freutsmiedl,blv,toepfern,freutsmiedl,blv
f592d3a8-80e5-4780-aeb5-6e147f352230,orringer,kiepenheuer & witsch,atmen,orringer,kw.
491bbbd1-eab5-4fe5-9b53-161091ad94b4,"Louis, St.",lp.,america,"Louis, St.",lp.
cc77b184-e8bd-487a-acd9-def16f829268,kli.,st.,thailand,kli.,st.
5d293c84-875e-44df-9eba-43d4794c7a5f,hay,integral,kannst,hay,integral
11b11037-bac8-4958-99b0-8c13e1dae46c,lorentz,buch und medien vertrieb,goldhaendlerin,lo.,rm.
94a398f3-d7ec-4992-8431-647e8b06c9d1,king,heyne,kuscheltiere,ki.,h.
91732164-1ebd-4307-a0c1-288033e7b63c,mueller,hans erpf,tal,mu.,hans erpf
95a91815-4c7c-4167-be26-15583ee9cb2a,haller,morsak,dismas,haller,morsak
eccda2f2-447a-4956-b574-229312e3a645,ibelgaufts,augustus,koerpersprache,ibelgaufts,augustus
aa57f8de-05a5-4096-aa6d-597fb4b31396,spachtholz,mvg,stress,spachtholz,mvg
fc368a1d-387f-4364-b84e-cfca95c460a2,mcg.,hyperion,life,mcg.,hyperion
135b1589-8333-4cf6-925f-d4d0a80d7acb,ebert,knaur,entscheidung,eb.,k.
534ecddb-e355-4cef-9e70-cd40509bfb4f,collins,heyne,lady,cl.,h.
8bbc607c-7d79-4277-9889-4ac9536b3eb4,eckstein,or.,java,eckstein,or.
259cdd26-fd58-4527-980b-3b6fc74bb173,mahapatri,lp.,thailand,mahapatri,lp.
c86ac891-0c7a-4e73-84b6-58b136b77001,konsalik,ka.,mann,k.,ka.
0abd540c-738b-46da-a2b3-c1ab8675f3c6,gulland,fischer,kaiserin,gulland,f.
d95dc379-12f0-4f89-ba3f-0cf33cffd00c,woulf,weltbild,cordoba,woulf,w.
f0effd05-1d29-4ec8-ad9f-508536029136,hohlbein,weltbild,kevins,ho.,w.
c4bf3b43-6c1e-4956-a22e-13eb5f3e6d4b,kailing,kb.,niemand,kai.,kb.
f2233d82-95e0-4d43-85ce-fe4aea9fc965,kraus,bastei luebbe,zitrone,kraus,bl.
047a1b07-4480-497d-94ac-570f6f7f6420,sendker,goldmann,herzenhoeren,sendker,g.
5a4b88fd-c19a-4aa8-80e8-e67abbb8a386,ber.,Unknown,storyjaeger,ber.,Unknown
7b90dbbe-e80b-409e-aa58-14f3c5400dfb,goldberg,knaur,whoopi,goldberg,k.
f2e22f72-6d89-4169-aa79-5f2a3501c193,genoves,bertelsmann,arche,genoves,b.
16a21b91-8942-45e4-b50b-291fae781235,matz,stv,wildwasserfahrten,matz,stv
1c76c6c9-9bbb-40a6-8300-e45223e78f03,sasson,weltbild,mayada,sasson,w.
c5d2b468-ad08-42ef-99d7-13bd6f5194cd,"roche, v. la-",list,radio,"roche, v. la-",ls.
fc192949-c5ac-45cc-ae57-33802e134bd3,bainbridge,lp.,lesotho,bainbridge,lp.
0eca1201-6481-436f-921c-d40b3118b658,allende,suhrkamp,japanische,al.,s.
92f8c1a6-e17d-4ef5-97d8-07018ff62508,regnier,btb,bolechow,regnier,btb
744d10b2-6caa-4c8f-80ef-26b00f3f3928,khashoggi,buch und medien vertrieb,namen,khashoggi,rm.
f2c3c67b-1c35-4048-b769-752d041405a3,schetar,rk.,namibia,schetar,rk.
2b9b6ed1-cf6a-4a66-9578-de9173b9133c,mccullough,bertelsmann,liebe,mcc.,b.
c904edd0-c984-4efa-b2bc-d0f74d6db4e3,scholl-latour,deutsche verlagsanstalt,mord,sl.,dv.
03c67b72-c9a4-47e5-adb3-83c33f94a953,wieck,fischer,lassen,wieck,f.
7c55e0cf-0ba9-453a-9fdb-4ae17034ccfc,konsalik,deutscher buecherbund,aussenseiter,k.,d.
17ba0e29-d76e-4779-b0b9-ccdb182642a9,noske,Unknown,lohengrins,noske,Unknown
ee00ea36-5fcb-4188-b20a-216a2c47a0ba,mayer,humboldt,liebesbriefe,mayer,humboldt
eb1e6859-12d8-4377-b45c-08d0b04dd8a5,dunkel,knaur,fahrrad,dunkel,k.
bc5545dc-c6a0-481d-ab97-1fc1263fce3c,ogger,knaur,kunde,o.,k.
a3c7bb1c-1f2d-4bc5-ba4e-4593ac22bf20,terray,ny.,toren,terray,ny.
cb1b27fd-7fac-49ec-9a30-c22b6e7bcf21,jorek,falken,naturgarten,jorek,falken
d5dffe2a-67b6-4f5a-b124-959e0d6a0baf,loose,st.,bali,loose,st.
d39b2d83-839f-4fc4-a795-44203594b9fb,jenkins,lp.,lebanon,jenkins,lp.
cc7a1154-a6bd-4d4a-a30d-b885878a53cc,wr.,vp.,ost-kanada,wr.,vp.
deea9034-6ff4-4d25-81fe-5ce7a9a5bfe0,kaestner,cecilie dressler,verhexte,kaestner,cecilie dressler
dd0ca6d7-682a-4e50-97d4-b9cd48ffd2c7,brandenburg,rk.,provence,brandenburg,rk.
9ecc8999-c9ed-407e-8c62-0f9b521977aa,illner,dd.,frauen,illner,dd.
b8ead7aa-f3c8-4678-a71a-375e90847603,blob,ullstein,fliegender,bb.,u.
2d8a6c44-a3ca-41eb-81c2-c358f5795d51,king,Unknown,schreiben,ki.,Unknown
9f05372a-deba-4793-99fb-e4bf7eeb532e,carnegie,vermillion,friends,cg.,vermillion
84a27b0a-1cd3-40ce-935a-6e07eff43ccd,kamen,bastei luebbe,kid,kamen,bl.
234c9b86-e2da-46b8-b291-ba5b9be2664a,mishani,diogenes,vertrauen,mishani,dg.
6af98fde-c280-4fbb-8e25-d0b73c913e88,sin.,knaur,blaue,sin.,k.
431caa62-679e-4bc8-9cdd-60f469c3d41f,fleischer,kg.,runzel,fh.,kg.
4a2b6d87-ec5e-44a0-b4e1-cc812700ec78,conley,jopp,wind,conley,jopp
6839080a-19f5-4cf1-be74-6f39bc312b30,neuhaus,ullstein,muttertag,n.,u.
daf2eadb-6c0b-47e6-b8f1-bc202ee5db91,glubrecht,piper,heldenstellung,glubrecht,p.
662878eb-1dca-43ef-967f-ac4fe8025db3,green,goldmann,hood,green,g.
d2828fa3-043b-47e1-9f37-85b651ff803d,fisher-ruge,deutsche verlagsanstalt,freiheit,fu.,dv.
50f5a538-a906-41bd-ab09-4977f3c749db,korkmaz,weltbild,schrie,korkmaz,w.
680c9dd5-f368-403d-b632-0044e9a6b9b4,grisham,heyne,liste,g.,h.
d61d41f4-68a5-4cc3-b9b7-ef7731967339,higson,arena,bond,higson,ar.
20e8c754-13eb-4d58-8220-fb4dfc173d30,wood,weltbild,perlenmaedchen,wo.,w.
9cdf97d6-794b-462e-a54f-109746361285,voeller,arena,maedchen,voeller,ar.
39c2e904-b740-48e7-ad45-51f9c97ecb27,keil,weltbild,bildweberin,keil,w.
2099229b-fa97-4794-b19e-98ed4f5d5e5f,wandmaker,mosaik,kochtopf,wandmaker,mosaik
9f78ab2c-0367-4639-a384-c4573e27c868,dragl,beltz & gelberg,wilde,dragl,bg.
7c5eddc2-89cd-4062-9f46-dc19068b3f38,mcauslan,roughguides,cuba,mcauslan,roughguides
4b5b7170-513b-49b0-bfe6-5a308abd3084,bassett,deutscher buecherbund,gebt,bassett,d.
33f43c9b-4306-4f68-b2b9-fe801f8636ca,stumpf,gräfe u unzer,kinder,stumpf,gu.
32c30708-32b3-4831-96d7-0f1d0d45d533,gutierrez,gräfe u unzer,laender,gutierrez,gu.
edc091ea-0ed2-4c0c-9f30-2afb4c4e6f08,schnare,paul parey,entraetselte,schnare,paul parey
f0343b94-23ef-480a-ad42-313af06f1f57,torrigrossa,berlin,olivares,torrigrossa,berlin
ad73f5c8-b22e-4f85-9921-94964c2c9610,briggs,bradt,uganda,briggs,bradt
617592f5-4a35-4e82-bf62-90cac17a795b,greenspan,cp.,leben,greenspan,cp.
69070ae7-bdf2-42cf-a894-a78526bfc808,aust,knaur,pirat,aust,k.
bdd1ff69-b775-437c-b31c-c58e8916791a,tamaro,bertelsmann,flehen,tamaro,b.
69b94b17-3319-4181-a99c-19d213444ff2,serno,Unknown,puppenkoenig,se.,Unknown
4dc3d2c5-7bc3-4ba9-8943-6db623fe45e3,silber,ullstein,amerika,silber,u.
741ab510-d347-4ff1-ba9a-dd873c08d5ee,kreps,fischer,maerchenprinzen,kreps,f.
726ea33c-00d3-4562-8dbc-6920bde4b982,kifmann,heyne,gier,kifmann,h.
d8da3b82-deef-4661-8a01-7c1534bb139e,taylor,unipart,hund,taylor,unipart
b50c772f-2d07-46cc-9dd0-0ebe2f10c910,huangsheng,anno domini,china,huangsheng,anno domini
db502cfe-e323-460c-922a-b029a01cd869,cattrell boyce,lingen,millionen,cattrell boyce,l.
bbb5d451-9c91-4c98-bf1a-f4b3f554c914,riedel,gustav luebbe,feuerland,riedel,gl.
991bab7c-e218-461a-b2b5-0b32d970a22d,rey,bastei luebbe,grieche,rey,bl.
da1a7a2a-6675-469b-925e-8f4a3936720f,kempf,droemer knaur,koerperharmonie,kf.,dk.
6ec5ba33-ef8f-48e0-8b80-17ba0869f8fb,noellke,haufe,managt,noellke,haufe
2fa23e8f-7241-49ed-af54-d3b1836db606,jones,fischer,verdammt,jones,f.
927fe257-6167-414b-8485-6f1eebef0db1,gavaldo,fischer,zusammen,gavaldo,f.
847ebbf6-3fec-4884-bcd2-314033741f57,marklund,rororo,olympisches,marklund,r.
623f2a05-904e-4588-b950-724c427818d2,gottberg,nelles,kalifornien,gottberg,nelles
8fb9ff5c-96e0-4d4f-bff6-323ab29b9497,frankl,piper,sinn,frankl,p.
e1b8605a-081a-4767-9092-dc3d4b0061bf,"amour, l`",heyne,hondo,"amour, l`",h.
57051ee7-0ba1-4374-8860-fd2cf05948ff,darnton,bertelsmann,tal,darnton,b.
fad745dc-bbfe-4b4d-ba54-cd63b756710a,ob.,dt.,amerikanischer,ob.,dt.
3409e08f-1498-4dc8-881b-405216d4f6b4,reichs,kb.,tote,rs.,kb.
a5380ee1-fe39-402f-b07e-8ebaee33f770,kelder,bertelsmann,fuenf,kelder,b.
19232925-7a46-4c2c-9f2e-1a156ff8cfa1,brand,Unknown,schwarze,brand,Unknown
5a37e712-da71-4c16-8844-090ff7fa6e65,yogeshwar,kiepenheuer & witsch,fragen,yogeshwar,kw.
ae05a3d3-e362-4436-9b3e-32a6bc4104a5,endres,beltz,pauk,endres,beltz
984ef4c6-ce9a-4b9c-8566-9c23a32f03eb,chatwin,v.,patagonia,chatwin,v.
c2444b1d-6261-44dc-9ba0-925befca51e1,may,pw.,mahdi,ma.,pw.
762e2e5d-f8bc-4b0a-881e-5aa75ad93016,loose,st.,malaysia,loose,st.
9ef653ca-be48-4f18-9344-29617bb18e49,solschenizyn,deutsch buchgemeinschaft,vierzehn,sz.,dbg.
921d3c5a-7918-4b0c-8375-d24114290418,berndt,econ,aukmerfsamkeit,berndt,e.
f835b5db-9639-4961-ad0a-1f4cafa7e59a,bisley,econ,hoelle,bisley,e.
60edd7c6-7b11-47e1-b538-ed7c467d9b1a,verne,fischer,erde,ve.,f.
63584500-190d-401b-be87-78a6f57741f6,stulin,jaja,freibad,stulin,jaja
12e06e2c-3284-44ca-bdd0-3797ebd0f1d8,hamberger,oekoraben,lebensraum,hamberger,oekoraben
29d13242-9d38-4867-9fbb-9f08a0459e5f,witt,tectum,ohne,witt,tectum
734a8008-779a-49cb-9cd3-fdae1a73436f,demarco,carl hanser,termin,demarco,ha.
89d58abb-5299-4000-9a5f-3b8c50983a1f,slm.,nt.,expeditionen,slm.,nt.
33dd9998-9008-4633-bf6a-bc51bcb18522,spi.,pf.,rhythmus,spi.,pf.
78746cef-506a-4d42-81d1-e1a2153b5ec9,hayden,goldmann,jadie,hayden,g.
2be9c443-cd45-44f1-b415-012ac6a18af4,shostak,rororo,nisa,shostak,r.
e1e5b945-7399-43a6-8650-a0a24fe6ccd9,allende,suhrkamp,stadt,al.,s.
144e82cf-e2d6-4b25-a425-2070326275d1,hoffmann,aufbau,umarmung,hoffmann,a.
06c2f979-f23d-4f75-9ec1-34eff6f966b9,frank,bertelsmann,sieger,fri.,b.
1b630abc-57c5-40b0-bcff-db0445405985,hoefer,rv,japan,hoefer,rv
d1839d28-30b1-42b5-8cd6-ea0ce1e1e957,troyat,list,katharina,troyat,ls.
ea49f3c2-e1bf-4ae4-a821-bbd198975093,schroem,chl.,hilfe,schroem,chl.
d59fe909-51bb-4d60-b88c-a58107db8c9a,goudge,bastei luebbe,wolkentänzer,goudge,bl.
a1135501-b43d-4dac-bc0d-6a92f8ec1dbe,bickmore,knaur,elefanten,bi.,k.
ff413df4-01e1-4473-bb29-70e4feddf710,sarabande,bastei luebbe,verbotene,sarabande,bl.
5d29349d-2ead-4272-ae10-32916fe95daf,harris,heyne,roter,h.,h.
17744ec8-2d04-4d5e-be8c-d3f8fa508e2e,sasson,goldmann,prinzessin,sasson,g.
4c59ce4a-64d2-43c3-ab71-2260401bd888,szava,boje,syrakus,szava,boje
f81ce524-b56d-42dc-9c08-03f7d514d08a,troy,goldmann,pforte,troy,g.
880f8a95-73f3-42c6-9500-3fcd397b19a0,nitsch,koesel,endlich,nitsch,koesel
308ffd54-2d4c-41a0-baf5-a498eea6d643,"carre, le",list,dame,cr.,ls.
e98a3126-611a-4c2a-bc8f-39e11305ee04,schirrmacher,blessing,payback,schirrmacher,blessing
9566f821-01fb-4f5c-8889-51b21fd6cace,freitag,piper,ketzer,frt.,p.
01ba09e2-5a70-43dc-8b96-4cfba9b1231e,hale,droste,presse,hale,droste
30dc6fc7-badb-4956-a20f-7163c47cce5b,ani,ei.,zwillinge,ani,ei.
8c3a8419-9f57-409c-bbce-0c7163be9e1f,steiner,lingen,lernen,stn.,l.
829252a7-9649-4a6e-a73d-b1cfe68cde8a,reichs,kb.,totenmontag,rs.,kb.
c948b2d9-59e4-4eec-839e-928906584c7a,amery,heyne,krypta,amery,h.
dff547f1-6e13-433d-a57c-b32430832a46,juergs,bertelsmann,seichtgebiete,ju.,b.
4a592f52-768d-4dd5-b9f2-042518492089,steel,goldmann,geschenk,s.,g.
86377a62-727f-437a-8808-b85b60327440,oro.,list,schwarze,oro.,list
16f30b6f-d1de-442f-bb3d-d6af3f92cecd,caseary,ullstein,speer,caseary,u.
1bee5828-bd76-49a4-b2ab-fd78dd7bd456,owens,weltbild,hundefluesterer,owens,w.
1d8a3ddc-d74e-4aa0-801a-10fb6fe26785,pasha,sc.,aischa,pasha,sc.
c766cb9f-f00e-4e79-b131-c37640fe849b,nack,ueberreuter,aegypten,nack,ub.
5bbe81d1-b5c9-46fa-a1e1-d56a08dc9556,jaud,sc.,resturlaub,ja.,sc.
6d98b51a-bde2-4769-9e43-ff282da5f310,kobayashi,irisiana,weg,kobayashi,irisiana
13ad4355-4656-496a-aa72-41fa030a6455,ebmeyer,kiepenheuer & witsch,achter,ebmeyer,kw.
e7e4dc0b-a154-4986-b51d-e4e7899f857d,lang,goldmann,intelligenzquotient,lang,g.
0fc1f58e-23e6-4822-bafa-7147f464bebc,messner,ml.,machtkampf,mes.,ml.
b8e0de49-c655-413d-9669-160289e6be1c,unbekannt,py.,china,u.,py.
2c7da303-13f8-4509-adb1-aa8c8a59e9c4,ali,heyne,schatten,ai.,h.
e5d1e50b-ef61-436e-8200-396fa5a41546,kirchhof,droemer,hydra,kirchhof,dr.
d7e15b1e-6780-4465-b371-d848a9e026aa,shreve,piper,gewicht,shreve,p.
d3ad1dd9-c9c4-414e-aaa7-a5276f2fe84f,arnemann,km.,eulenspiegels,arnemann,km.
69013521-501f-40ca-bf2d-7436cf2efbb5,adler,heyne,mallorys,ae.,h.
cb33d4ff-3035-4521-93e1-fdc7f4c7d72a,och,bertelsmann,affaere,och,b.
072731e0-6eff-40b4-bb1b-855a56e41d8f,woodiwiss,blanvalet,shanna,woodiwiss,bv.
dd8d35f3-355d-45da-9af4-d2631f77ab92,hesse,piper,ewige,hs.,p.
7d064b3c-a505-45fb-80df-8463e618278a,benson,lp.,california,benson,lp.
1d3ceed5-aac3-4286-9540-8806e3667a72,Ekert-rotholz,hoffman und campe,pilger,Ekert-rotholz,hc.
b39202d8-770d-47f6-994d-00ab9a811da9,kullmann,ei.,ally,kullmann,ei.
56085be2-583b-4a32-a011-645f7c03a8d9,meyer,little brown u. Company,eclipse,meyer,little brown u. Company
ffaa099a-cd17-49e0-b382-5d2f2888fe2e,clavell,knaur,rattenkoenig,clavell,k.
aa87aa25-6e64-48bd-913b-5a3d278cf1e9,beckett,Unknown,flammenbrut,beckett,Unknown
a85a9048-b6d8-4f4a-91ce-d714de572f74,badinter,cb.,konflikt,badinter,cb.
e5259f87-9a22-41eb-9946-d0a051ec5741,garland,penguin,beach,garland,pe.
95247489-baa0-40ba-99c7-210a5f2fff64,allende,suhrkamp,siegel,al.,s.
2f55b7a7-1008-4bc8-b455-aef9ae4987e6,spi.,pf.,neuen,spi.,pf.
0a60a474-54a5-4853-b135-f90efd853f46,geary,prentice hall,core,geary,prentice hall
e21ab3f7-a2f2-4a11-95cc-0c320906140a,bunk,i.,frauen,bunk,i.
9896282f-bcac-4872-a8a8-b057b46e448a,schulte,st gabriel,haeuptling,schulte,st gabriel
c9d1d34d-f47e-4dd2-a2c1-46f308baf1e8,lewycha,dtv,caravan,lewycha,dtv
29dfbc39-43a2-4bc1-ab8a-be29fd8efc36,zaroulis,pz.,tanz,zaroulis,pz.
71b281ef-6018-464e-8e0b-d39254d1b230,greff,gabler,abc,greff,gabler
ec1d2207-219b-4c94-a792-f29f55a207fa,us.,fischer,hartmut,us.,f.
b7af46bf-2491-4a9e-96bf-699a2433d23c,bausenhardt,velbinger,sardinien,bausenhardt,velbinger
2987b3fd-a043-4026-8e3b-50058ecdd954,hohlbein,bastei luebbe,thron,ho.,bl.
4d1cd10b-4b6c-4ae8-8aaa-9afe1deea107,"wolff, v.",fischer,gruppen,"wolff, v.",f.
aa6d346a-c074-43d2-a230-dfe2cbf57992,allende,suhrkamp,violeta,al.,s.
74e1bd81-415a-4ca5-b4a6-0ef132ff1e0d,grunewald,knaur,william,grunewald,k.
3c554a32-b5a2-466b-85c4-0be95c6974a7,"akkad, el.",fischer,american,"akkad, el.",f.
1fe76b9a-e7ed-4ce9-906c-98934adb02e3,mehari,droemer,wuestenlied,mh.,dr.
e9dcc6bd-91eb-4007-9470-bfbfceedd70a,appl,corvus,universallexikon,appl,corvus
4aa4f03b-a59a-42fd-afb8-188e040db1a4,ching lie,ullstein,saenfte,ching lie,u.
2999748f-d61d-41d7-ab2a-a808cbdeb08d,saalfrank,kiepenheuer & witsch,ok,saalfrank,kw.
30832e9d-bde6-4743-8052-18fe234a2085,faludi,rororo,maenner,faludi,r.
8efb030c-56a9-4eaa-aecd-f00d0a16117d,blumencron,dumont,wiedersehen,blumencron,du.
658222ad-5202-4a3a-9f8d-8ff9073543ce,suyin,deutscher buecherbund,berge,suyin,d.
d86c90d7-e83c-4e53-876e-f844d83b3a30,davis,goldmann,philadelphia,davis,g.
e5991643-f88a-4dd1-8309-87832b6f4a5b,hoff,rk.,australien,hoff,rk.
f67d9b61-6dbb-4817-bcf8-9f773582fa8a,schacht,blanvalet,ungehorsame,sc.,bv.
00be9362-3fec-4e62-b71f-56b27d4ac5b4,odersky,artima press,scala,odersky,artima press
79f4da82-f015-470f-88b3-df844663c423,ll.,ko.,oldtimer,ll.,ko.
7d9496f6-63a2-4fd0-8705-653d387c6986,lode,goldmann,traumwanderer,lode,g.
3ccb0d4d-dc8d-4c0d-b03f-5b26b583db39,bascom,phoenix,continuity,bascom,phoenix
c7732c6f-5e28-4aa0-9cfe-9ab8291d5c32,pre.,goldmann,kritiker,pre.,g.
8ddef534-1a1b-4bc7-8c51-78cccec47390,griggs,bertelsmann,vergebung,griggs,b.
9245aa1c-d371-472c-9082-77326d2bbee6,arnau,lingen,verbrannte,arnau,l.
2611d447-7f26-49d8-9326-6ff36d3f70e6,hoppe,unsichtbar,aufgeputscht,hoppe,unsichtbar
36f44541-1f5b-4c95-9e78-4110474d0c7c,pk.,goldmann,weisses,pk.,g.
5f7df36a-92ad-4d88-b1fd-c63aeb1ceed2,mud.,goldmann,welt,mud.,g.
88fcc3f9-9026-4f33-b408-e86aca79494b,delaney,goldmann,krankheit,dl.,g.
ab7aef1a-cc6b-42b3-a2dc-fd30c157e2d0,feller,dt.,jung,feller,dt.
0acb17cf-821e-417d-8562-2ece81cc72b3,fest,ullstein,gefressen,fst.,u.
9a9f5f0d-f719-4123-a1e7-886d8510fa99,mal.,frederking u. Thaler,magischer,mal.,frederking u. Thaler
8dfe6223-17bb-472e-b3c7-ad8d4ebc6a18,ligensa,bastei luebbe,dr.,ligensa,bl.
02ebcf37-c801-4658-8de1-689723081d75,minai,dt.,schwestern,minai,dt.
aea11199-fac3-402b-87c6-09631e4490b4,bei.,weltbild,kathedrale,bei.,w.
198f8dc4-9cc4-4557-95d4-d5242837c672,guderian,kl.,therapie,guderian,kl.
b7bcadb8-9ead-472f-9a97-e936156257bd,paschke,holle,weltgeschichte,paschke,holle
869cd9c8-c966-4a54-b652-7feff9de1216,brasil,droemer,minuten,brasil,dr.
c5b92388-bbc3-4c83-8048-198c032dea4f,lueck,mc.,suedschweden,lueck,mc.
48472d00-236a-4089-b23a-f000e37b1df6,gercke,heyne,nachtsafari,gercke,h.
ef7ac712-e711-4a3e-be0f-8d217b9ff0ea,sager,dumont,schottland,sager,du.
9c3f2d9f-ea84-455b-a4a8-5cc7d5f4e8f8,bm.,heyne,geheimnis,bm.,h.
31b3cf04-ba2f-4e64-923e-dcf9b5bc1b5c,dinneen,boje,leoparden,dinneen,boje
6aef1aca-02da-4e2f-871d-5946581af50c,scarrow,heyne,invasion,scw.,h.
9b5634df-01b8-4a66-922e-bc32f633c301,ying,aufbau,chinesische,ying,a.
fe894fe1-4e91-4be1-ada5-a4559d85828a,hua,kc.,verkaufte,hua,kc.
76fb5e46-f210-4faf-9370-418c532152ed,dusik,dumont,australien,dusik,du.
e4728ede-fee0-4a09-8453-30a7f2773b53,westerwelle,bb.,zwischen,westerwelle,bb.
0b0c01e1-94c5-4d5a-8530-6eaaa8975534,david-neel,knaur,weg,david-neel,k.
841793c5-924c-4c85-849d-eea7686a8651,faulks,v.,december,faulks,v.
0928a58d-cd84-46f9-bc39-2939eec6b6ed,bagley,heyne,erbschaft,bg.,h.
2edf7729-0ef8-402d-9cb8-b9953c6b2b94,marton,heyne,schenk,marton,h.
7ad820fd-ba1b-4977-bbe4-18292c5b1b5f,goeoeck,bertelsmann,wunder,goeoeck,b.
da61639e-9f0d-4a2e-adf6-d10531e530cf,bluechel,nt.,schuetzt,blc.,nt.
a7f5aebe-2cf3-4e02-bdd7-bb028ae31461,lama,herder,weg,lama,he.
307cbaa2-8132-4278-9f29-54060e8d9396,bode,fischer,abgespeist,bode,f.
f29e98ae-334a-4f0a-875b-4d936147c0f2,hillary,gustav luebbe,wagt,hillary,gl.
3387dad4-1130-45f6-83b3-deb8ad02b5bd,opitz,hans nietsch,befreite,opitz,hans nietsch
bf57c59f-53e2-4b93-853d-264fba90ddbf,morrain,heyne,harris,morrain,h.
36546688-c51d-4979-af34-ba88287b4ef2,herrndorf,hier+jetzt,tschick,herrndorf,hier+jetzt
e1541270-7048-4286-9dbe-ba10079c98ab,luchina,econ,drachen,luchina,e.
be94d004-dc72-41f6-9bf4-4096d157a1c1,harris,RM,titan,h.,RM
3442dedb-9fe5-4173-bb08-b69d29e017e1,west,knaur,cassidy,w.,k.
c34d2e18-8101-4488-9d14-087c1a02efb7,buzan,mk.,vergessen,buz.,mk.
f4abf6a6-ee08-4aa7-98b4-90b63e5baf10,berling,bastei luebbe,kinder,berling,bl.
e49fc6bb-4cf8-49b0-b8ad-706d63cb26cc,steinert,deutsche verlagsanstalt,tausend,steinert,dv.
020d30c5-d76c-4037-bb5e-d7ae022dc275,wikstrom,oesch,unsinn,wikstrom,oesch
9c8cbb60-e615-4047-b04b-f52281b5930f,scharlau,droemer,drachen,scharlau,dr.
33ea9290-83de-42ba-b1cc-c2463e499664,robbins,goldmann,traeume,r.,g.
8f9e0eaf-78c2-4f8c-89e5-cd25aa788477,vazquez-figueroa,goldmann,tuareg,vf.,g.
af2f2cab-371a-4812-8393-a0074c67aae5,gercke,bertelsmann,schatten,gc.,b.
b6af15b0-0847-4e91-bc60-02b68cdeed31,fritz,rororo,himmelsbraut,fritz,r.
a4af9b9c-038b-4c82-964f-9b12bcf4d94e,ulbrich,arun,geweihten,ulbrich,arun
bbaac4eb-40ab-4ffc-9535-6f24958950b3,helfritz,dumont,suedamerika,helfritz,du.
d35958c4-d4b4-4275-9e9b-7f46ddf1e978,glaser,vp.,alaska,glaser,vp.
9cd21e46-5763-4f0f-9472-a1a898eb671f,riebe,droemer knaur,ehemaenner,riebe,dk.
ac32ed60-3126-4441-96bc-4594ecc36b57,sprenger,cp.,vertrauen,sprenger,cp.
3a682668-985f-4069-ae7f-13ccd5ac65e6,boell,Unknown,ansichten,boell,Unknown
8f0302de-13aa-4cbc-bb53-08279acf285f,london,pl.,wolfsblut,ln.,pl.
54d45aec-9016-42c2-aa85-8592fa89a7e7,graedler,buch und medien vertrieb,lust,graedler,rm.
9e5b0665-0763-4fff-b54b-73c268fe19e3,weise,goldmann,entschlackung,weise,g.
5f9a7ca7-6681-4720-b130-a3f9535f5997,steel,RM,fluegeln,s.,RM
caa9437d-0e5d-4067-82af-7e17a1e20202,stadtmiller,brunnen,100,stadtmiller,brunnen
2753f776-80e8-4133-8f06-4c8556bd1b67,meissner,bertelsmann,herlich,msn.,b.
74cbc951-f945-4144-bda7-f71e2005dc36,hacke,bpb,weltmacht,hacke,bpb
a1c37f50-45d9-41d7-9de7-8124f8bfe0b3,"cornberg, v.",fl.,umgangsformen,"cornberg, v.",fl.
7bd89851-6885-4c7f-9495-1132cd4e5917,masters,deutscher buecherbund,fern,masters,d.
749f91b6-6924-408b-96e2-7f04e73e3948,djebar,heyne,ungeduldigen,djebar,h.
5494b668-91a1-410d-bee6-c1e3f3a868c4,messner,goldmann,weg,mes.,g.
e7761c74-2447-4741-afc3-8b09fffe9116,lewington,bechtermuenz,alte,lewington,bm.
1618bd82-255f-42c2-aab2-5cdf4a7f501c,cot.,knaur,massai,cot.,k.
0577f4a7-c191-4bdf-943d-69024afaf53c,scholz,weltbild,edelsteine,scholz,w.
3de1e92f-05af-48fb-bd95-bec1b759b52e,schmidt,Unknown,getan,schmidt,Unknown
5a91633d-265a-44c3-ba99-bfa8b42ea536,bierbichler,suhrkamp,mittelreich,bierbichler,s.
e8a80b17-bd45-40c0-aee2-661d2f45991b,stratmann,kiepenheuer & witsch,oben,stratmann,kw.
cab9cdde-7476-4a21-a57b-470388d4b97a,kirst,hoffman und campe,naechte,kirst,hc.
d9a5f38f-270d-4b95-93ca-91cda48754dc,barroso,ammann,toete,barroso,ammann
31a0d250-9155-423b-bb4d-656c4f78c1fd,ww.,droemer knaur,geheimcode,ww.,dk.
ea779c83-f223-4159-8562-5d3ac66ef960,klussmann,digital beat,rendite,klussmann,digital beat
664eeecf-3c62-450a-94a6-6a44669da8d1,bauer,bastei luebbe,weit,bau.,bl.
d89343f8-c782-449e-af85-3c3af4640b00,schumacher,schwarzkopf & schwarzkopf,survive,schumacher,ss.
4356c049-e740-4f2e-bf55-9f7066384678,junger,heyne,sturm,junger,h.
c7385f85-858c-4f77-87d4-31cf4e47e258,gavalda,hoffman und campe,faellt,gavalda,hc.
ecd1c3e0-3257-40e9-aca2-1e4d420ff12c,vanpelt,by.,remarkably,vanpelt,by.
3cf72457-e35b-4bcb-bf0e-806814f4d22d,thomas,loewes,bergen,thomas,loewes
231937ee-a7f9-485c-a18b-30430e8fbe42,jacobs,bastei luebbe,oetkers,jb.,bl.
d0d084ee-020b-472f-921d-e70e6fcc6163,zweig,heyne,irgendwo,zw.,h.
71692f12-fbd7-4ae9-b36e-e0978b81c8e0,burmeister,kc.,norma,burmeister,kc.
3a1ae246-2c74-4980-8fdc-5cf163f8844b,surminski,heyne,kudenow,surminski,h.
9cebbbb4-dbac-4810-8767-4f79e3d0cc98,gordon-davis,sc.,hungrig,go.,sc.
f93e3ee6-53e3-4e11-bd7f-d023bcb7f06e,ueguencue,kosmos,gelassene,ueguencue,kosmos
cdb8e8cd-2667-4263-b487-162ddcd8febc,demarco,fbv,millionaire,demarco,fbv
b73dc5c6-ccd3-4be2-ba24-6e610b9d6685,stierlin,go.,welt,stierlin,go.
d00723fa-9abe-4590-baa7-511ecbd9856a,pfetzer,arena,everest,pfetzer,ar.
c8a3b09e-4f04-4a0a-b977-dbdd47ae7073,grimm,droemer,ernaehrungsluege,grm.,dr.
dc3197c2-fe02-4314-af74-a698fdf4b07a,brecht,Unknown,galilei,brecht,Unknown
b6188b4d-2a40-4ead-a9e9-f14e2a1cfa42,stevens,boje,perdido,stevens,boje
105c37f0-a11b-44b2-834a-637bcc232fae,vachss,pan,flood,vachss,pan
1717bf61-ec6b-4e3b-af6c-e7e951419140,ruiz,ullstein,vier,ruiz,u.
b47c18f8-be00-4e95-860f-b42f023f0e8b,salgari,ravensburger,korsar,salgari,rv.
0013c7cb-c5ee-4ac2-85b5-a3481cc20940,raworth,carl hanser,donut,raworth,ha.
e26e22db-9174-4051-b0f4-8ce1911153fc,nuebel,mabuse,zuletzt,nuebel,mabuse
3395c0f9-39c9-4a49-909e-22d4f4ceda7b,clark,iwt,DDE,clark,iwt
7e07ae3d-6f52-4992-b202-a51ca73963d9,konsalik,bastei luebbe,roten,k.,bl.
51d685b4-2416-4843-8412-3627df30992f,schorlau,kiepenheuer & witsch,fremde,schorlau,kw.
f9a20b71-fb64-4616-bb84-cf9e2cd6f769,hilbk,gustav kiepenheuer,sibirski,hilbk,gustav kiepenheuer
796dd8de-4c3d-4fd5-8045-c7ebba032240,binder,dumont,suedamerika,binder,du.
1db063b3-0eaf-4f94-891b-70c1606d60a8,ghose,dok.,usa,ghose,dok.
65902443-ca94-4917-80d8-f905d854a84d,cm.,RM,havanna,cm.,RM
b947d6b5-a0af-4885-976e-badee7006e09,wötzel,integral,berge,wötzel,integral
94288bc7-930e-49da-990b-b76c7d99ae08,orth,malik,iran,orth,malik
ebd0c1b1-27c0-4644-9844-d8c1b1b79adb,pahlen,lingen,torusk,pahlen,l.
4b99e40d-3afb-47d5-b495-644632f944d0,mahmoody,buchgemeinschaft donauland,tochter,mm.,bd.
168d10e5-88c6-481d-9d87-b3642ed4bea5,roche,ullstein,feuchtgebiete,rc.,u.
30b4e724-902d-4b24-aaaa-b84d76209063,hasler,dt.,wachsfluegelfrau,hasler,dt.
4b27ed68-14a7-49bd-8d35-366d62ae22a5,bartsch,docbook,suse,bartsch,docbook
4b46dfea-9f26-4ba7-9f48-f97b2a1995a8,peinkofer,buch und medien vertrieb,erben,pe.,rm.
e3236f1c-c6a6-480b-a4cf-d86eb7ef7acd,green,carl hanser,schicksal,green,ha.
bb89cad4-0177-40a5-9209-0291410c76e5,littell,arche,stalin,littell,arche
b85e23f4-a9ea-4281-a53d-39c8bb17ac4e,griehl,pf.,naturschoenheiten,griehl,pf.
325627ff-fb6e-4576-a152-00be593ffdef,kys.,goldmann,rich,kys.,g.
ea64ce71-e11a-495d-9420-6cdfcff7d564,worell,gondrom,naturwunder,worell,gondrom
bb7cc81e-0831-4bb0-9af5-0d4e94112b52,engelmann,kiepenheuer & witsch,schwarzbuch,engelmann,kw.
88f30980-efdf-415f-a95e-0fc87f470608,kellermann,droemer knaur,entzuendeten,kel.,dk.
ed05f2e4-7583-444c-baf0-5a070ffdf1f0,bankhofer,goldmann,gesund,bankhofer,g.
bb85467b-57cc-4040-b7f8-5b8c1da9245b,messner,piper,nackte,mes.,p.
2834facc-c731-4817-819d-87c6f4d89bfd,peace,heyne,tokio,peace,h.
93ea2eb2-dd53-40aa-b30c-d0458d12318e,nuhr,rororo,intelligentes,nuhr,r.
ae2f22f9-7b38-4038-81dd-c468c06a4db3,hay,heyne,freude,hay,h.
62df4c9b-23d3-4f2d-923b-7e3434a709f4,abele,dm.,kommt,abr.,dm.
d103c26e-32b8-470c-ac30-b2dbab6c6190,pls.,droemer,marco,pls.,dr.
891971bf-6918-42a2-8cab-a19e4945a3a3,ot.,ullstein,crash,ot.,u.
05ea3b51-745e-479d-bbff-fc6f98275c26,scholl-latour,bertelsmann,fadenkreuz,sl.,b.
d9c5fbc1-36d3-4822-8830-4425a8e1cd31,attenborough,db.,natur,at.,db.
8fefad19-7626-49de-ac1c-53a528fa8877,raidt,os.,rom,raidt,os.
0df098b7-b97a-4bf6-9a60-552cb27e0a5c,brecher,orlanda,stop,brecher,orlanda
39ecafd6-d304-4295-b681-81824dae438f,schnack,rororo,hauptsache,schnack,r.
f3996648-11a9-4ec2-859c-a010c77afd3a,heim,stiftung warentest,rueckenbuch,heim,stiftung warentest
427173eb-7f4e-4618-b536-1c55ed872b64,wildung,ernst wasmuth,sudan,wildung,ernst wasmuth
3205d17d-5b9b-470d-a147-83ad68d22a3b,krakauer,piper,wildnis,kr.,p.
cb6d2a08-02b7-410a-aac3-762e431adedb,steiner,lingen,lernen,stn.,l.
058b85c8-165b-42a9-a11a-7f219c788bc0,habe,ke.,tod,habe,ke.
d176466a-b781-4457-9d61-93753b35e4dd,moore,piper,fahrenheit,moo.,p.
61290af8-fa2c-4c53-b030-cef3fa437569,diesch,bertelsmann,verheiratet,diesch,b.
b96b26c5-4e4a-4726-afb2-cdf1f1270ef0,rhue,ravensburger,asphalt,ru.,rv.
465394f8-4766-4232-a1f4-a154a00196db,swarthout,pk.,bless,swarthout,pk.
dc7621fb-229d-45ad-a150-76f199f46d0a,green,bsv,braut,green,bsv
c8f43891-8792-4537-86e4-d5f2fd8dbc44,hoover,kaiser,karibik,hoover,kaiser
6e3fb364-d28d-4727-84ad-ee92a3c6fd8f,gammelt,kb.,verbrannte,gammelt,kb.
2b63b134-c11e-4632-a133-75bcd6218c73,henkels,econ,stirn,henkels,e.
03a6ed1a-c551-4706-ac64-98d3366a9e00,sander,penguin,richtig,sander,penguin
5b5afa05-e82b-4770-92ad-03c2814bab0e,cristen,RM,beginenfeuer,cristen,RM
6ebd9503-af75-44a0-b1fa-88afc5b484f4,crichton,knaur,enthuellung,c.,k.
2617df38-9772-4df7-b458-c1779dcb0d42,west,goldmann,lazarus,w.,g.
1595d865-5f8d-41ae-8bac-775e03aeb5eb,afheldt,ak.,wirtschaft,afheldt,ak.
ee1624e5-e788-462d-9c07-300e55040c1d,kepler,luebbe,lazarus,kepler,lu.
c59f8ecd-cacd-430a-9c29-f7d629a2ab69,arnold,aufbau,herzdenker,ao.,a.
6c44cfb9-23b5-4e66-b888-6b2fcd29de03,gordon,Unknown,saragossa,gn.,Unknown
dfac8332-7a4f-4957-b991-6dde72a97d9f,staut,hanser,bain,staut,hanser
4b5a0d8f-4880-4c3d-ac59-a5226670e1b1,hirsi ali,free press,infidel,hirsi ali,free press
39da91c2-4879-4e78-b33a-4b5b7a69c8a2,fisher-ruge,econ,moskau,fu.,e.
4f040499-84d2-44b8-b4e4-7d3fff8dd6db,bruker,Unknown,nahrung,bruker,Unknown
bbbfd43e-21a1-4866-b43c-686185deda52,schlamm,mayr,glanz,schlamm,mayr
d25b7b53-ddff-45ba-8cfa-e049607fc4f7,lutschak,gloria,vogelwelt,lutschak,gloria
69ae00cb-ca22-4df5-8f64-93742f6be204,grazzini,bechtermuenz,nationalparks,grazzini,bm.
db608da5-44e7-48ad-ad64-194b60c13ac4,corder,carl hanser,halo,corder,ha.
81813b8b-32f3-4b25-9c12-eaaebe0fc2bd,ederer,econ,leise,ederer,e.
78e9ec10-42be-4ecc-a263-034fe65b4d4d,king,heyne,alptraeume,ki.,h.
3b0603e4-e37e-4a35-9da8-8af72f36471a,cileli,blanvalet,toechter,cileli,bv.
34c3051a-9985-4a36-811b-d7b42ff8a093,klaar,piper,nehmt,klaar,p.
95cbdec4-ab38-4f69-b724-ae6a95743573,kih.,Unknown,wasser,kih.,Unknown
3f40802f-f1ef-447d-91b2-7c59371f64e3,roche,piper,schossgebete,rc.,p.
42bb30b5-65c1-45cd-9b0d-b758fd9cfed5,reif,bayerische verlagsanstalt,hexen,reif,bayerische verlagsanstalt
9ab4c682-b310-4233-9e84-3c610eb881ad,kronzucker,rororo,amerika,kronzucker,r.
4b2050cb-f265-40d4-894c-72f82f972dd8,carnegie,lebendiges wort,rede,cg.,lebendiges wort
ef749f24-3a98-4daa-bb7d-0290724d18a6,sappl,list,erde,sappl,ls.
86e2726f-1a77-4ff9-91b9-cf1d40f4c791,"la roche, v.",list,journalistisch,"la roche, v.",ls.
63fb365e-d013-47a3-9127-82f14e84c34c,puzo,bertelsmann,pate,p.,b.
d4eb91f7-f62e-4b18-ab9e-01d7abebdb1c,luebbert,rk.,uganda,luebbert,rk.
49a8780f-faba-45f1-9e08-aa69fb2a2a57,mies,rotbuch,globalisierung,mies,rotbuch
3e505d03-61b5-4e73-b6fb-53c23c1af737,folkman,wiley,power,folkman,wiley
296d2898-3ff8-42f4-b184-fb5d49f2cd38,harris,heyne,ghost,h.,h.
a4529442-9136-4f48-a81d-b87e3dc60efe,jackson,carl's,80,jackson,carl's
e15ee4a5-323b-4f6b-8949-acc0392efcf2,muenster,deutscher buecherbund,arpael,muenster,d.
b02e478b-b913-464d-a5c4-df8dd2c1ccb0,pearson,luebbe,taeuferin,pearson,lu.
9dd7f04b-4352-49b8-8c92-48dce60a0f10,hachmeister,dt.,schleyer,hachmeister,dt.
bdbdb4f9-aacb-4af9-8202-5c43b4136018,weimert,LN,griechische,weimert,LN
fc769e6a-079e-4823-b509-3c1b4ca1041c,schroeder,ct.,goldrauch,scr.,ct.
09713d62-5e3f-4a94-8751-4ff688936006,wolf,goldmann,licht,wf.,g.
c1086c0b-0461-4ada-a595-d4d41fe2f8ba,hefner,bertelsmann,christi,hefner,b.
6a4a9815-6e39-4b38-8561-c122d03b1fd7,chidolne,fischer,bist,chidolne,f.
2e56b7dc-767e-4b91-bb11-092fc3b40074,schwaiger,rororo,kommt,schwaiger,r.
1349ffc0-a5b2-4f13-a1f5-04e7708d7f97,schlosser,houghton miffin,fast,schlosser,houghton miffin
11a9b487-1e15-4750-b646-b3ad04f61801,schroeder,arena,judaspapiere,schroeder,ar.
1677f769-0d75-474e-a350-f0c71777dcd4,ks.,econ,russland,ks.,e.
0bc37533-7ace-4c87-90ad-8924e8290a07,kluepfel,piper,rauhnacht,kl.,p.
e64a24a1-007c-4f13-babc-92b75b9a4136,said,buch und medien vertrieb,ali,said,rm.
996c0f99-ca84-45fe-a751-d7d0853f5321,"blasi, de",ei.,tausend,bld.,ei.
4095659d-ec3f-4105-96f2-e86a2301e7c9,scholl-latour,propylaeen,treibsand,sl.,propylaeen
2f6f2bc5-5c55-455d-94ee-5d2b8cd73368,mehnert,dvg.,asien,me.,dvg.
5bf1bdce-8100-4202-bf11-edd3a8a2b17d,wood,RM,harmonie,wo.,RM
7bee9a84-4e30-4df4-a634-85b9e167d5e6,albrecht,droemer,patient,albrecht,dr.
1063fe82-0f30-41ad-93c5-a382aa3d78a7,lorentz,knaur,toechter,Lo.,k.
4481c77b-6025-4b8a-acb4-d908ec75e640,pk.,knaur,veneto,pk.,k.
cd01974e-b7d3-4ad6-b7a8-eaa6a0383ee1,fielding,goldmann,schokolade,fielding,g.
d6da1255-beee-4493-b2cb-0bdba905da45,schuh-tschan,rr.,geräderte,schuh-tschan,rr.
0fc88e6d-0923-4e29-b94c-65e411e1855d,ohle,em.,dicke,ohle,em.
6185bc35-7162-4bdf-b490-f7f053a087fa,moestl,knaur,shaolin,moestl,k.
e276b3bb-1326-4d9d-9828-aac5b66eb2f5,rust,ks.,amazonas,rust,ks.
7d3aca89-03a6-4888-a2be-7784e8487386,wentworth,B+S Reihenwerke,zwoelf,wentworth,B+S Reihenwerke
401045b4-f791-4b4a-be88-0cb83f985d88,lif.,pf.,augen,lif.,pf.
17cfb143-878a-4425-88e1-2eae7aad36a4,moore,piper,querschuesse,moo.,p.
f47b8c59-3ed6-453c-bd51-9d5ca943fca0,altenburger,nelles,china,altenburger,nelles
7bf5bd8c-b93e-4c4a-b5b5-b8cd215b7b69,haaf,bertelsmann,rettet,haaf,b.
b56623ad-9479-4ea9-a15e-383196a2bc5a,winzer,naumann & goebel,kulturgeschichte,winzer,n.
00c8d635-2d72-49d0-8f10-12f95c9701a0,roy,droemer knaur,selbstheilung,roy,dk.
4f74f1a1-ad3f-40bc-9ccb-ec6ee87af871,corazza,kiepenheuer & witsch,kursbuch,corazza,kw.
c8d39bb9-b6e5-4bc0-a816-3c52189fa7e2,jacq,wunderlich,ramses,j.,wu.
87a09e03-5aef-42cb-8807-ebea9c2dc101,stelocke,dumont,portugal,stelocke,du.
5d86aca2-932e-4254-9c56-8bcdf41ccf52,cohn,ct.,soundtrack,cohn,ct.
c7463316-3d96-4f9a-9821-fb75c69b566e,seewald,europa,tokio,seewald,europa
2cb0e8ea-e27c-4003-8e9e-ca34d04487ed,krakauer,piper,eisige,kr.,p.
f189e392-a378-4d4b-8214-cf14e99ba363,theroux,hoffman und campe,patagonien,theroux,hc.
058e9b23-13a0-496e-aab8-e63736b31abd,lus.,diogenes,tam,lus.,dg.
27c75e3d-816e-4c43-98b9-707c9133b7f2,kmr.,rororo,rom,kmr.,r.
cadf70ee-2d21-4bb4-b6a9-c648849452d9,unbekannt,heyne,harold,u.,h.
e5cf54aa-6a77-4e93-998b-a946fb460173,deaver,pk.,bodies,dv.,pk.
84f1834b-dafa-4dd1-b720-9dac4b066dea,link,blanvalet,beobachter,l.,bv.
34593aed-6cb8-47b5-895d-d128e3c73358,green,deutscher buecherbund,eunuch,green,d.
82d49da8-d600-466c-885a-f4c0db1219f9,winter,rasch+roehring,ami,winter,rasch+roehring
70b2b6b8-ad79-4e10-8944-bb0bfd3a5d28,myron,weltbild,dewey,myron,w.
da67244e-5fc0-4b37-859c-f8d5e42ad737,lorne,Unknown,loewen,lorne,Unknown
92073fb2-2520-4de8-8390-67af1b6f140a,evanovich,goldmann,lkn004,evanovich,g.
6a89846b-040b-422b-a721-40b3987a5fd3,seiler,fischer,stern,seiler,f.
9d3307c9-c785-402f-a684-9ba2c9c9269a,link,blanvalet,rosenzuechterin,l.,bv.
89e8e8a3-f0bd-437e-88ca-34028fb1bc81,kin.,goldmann,schnaeppchenjaegerin,kin.,g.
541c5fb7-506f-44f3-8936-6986da69e711,fitzgerald,by.,dogs,fitzgerald,by.
d548a6ad-2ec9-4283-96ac-89fcd6fc9cff,hochhuth,rororo,deutschland,hochhuth,r.
545eeb44-c558-4f75-8d3d-67d0a6095978,unbekannt,compact reisefuehrer,china,u.,compact reisefuehrer
f9cfe822-e30b-498a-bcf9-9262c55f36c4,konsalik,hestia,roulette,k.,hs.
0e75faaa-89cc-4a21-8905-6a298881f667,hill,bucher,schottland,hill,bucher
83034959-cc41-4587-bf28-0d2dd3cceb5b,mulroy,ng.,400,mulroy,ng.
a699fa22-b7b6-49d0-9dfc-11f6877cb710,allende,carl hanser,bann,al.,ha.
eb8c909b-3286-467b-9225-79ef788de5fe,peyer,dd.,mexiko,peyer,dd.
46f88a7c-124e-4452-b2dc-1ce332f61ae9,swain,v.,river,swain,v.
9466110e-28e0-4de2-a8a8-8d4855ca7565,maron,RM,sulha,maron,RM
2ab5a691-780d-4514-b87a-b38c1b138ee8,jacq,bertelsmann,nefer,j.,b.
9d0ed8e8-6397-4623-bf1a-d8fda496dd90,mueller,edition aktuell,kunst,mu.,edition aktuell
a29f735d-6d31-4c23-bdcc-252ee44a27ab,jaffe,bertelsmann,gefaehrlichen,jaffe,b.
0b91bf42-2267-461f-8f75-adb2a80d7379,wickert,piper,achte,wi.,p.
6374a648-9233-4c8c-ae07-bafb916ae1cd,jeier,heyne,redford,ji.,h.
c1b1612d-3559-44df-9634-62372058ccbd,Hahn-beer,RM,feuer,Hahn-beer,RM
15d7e787-e5f0-45b9-bd94-84d46973cf8c,wuensche,krueger,sehen,wuensche,krueger
df0b6e13-f153-4299-86ba-cd0de9a8002a,ehrich,ullstein,leaving,ehrich,u.
4d6e6fab-b6ee-45df-be0e-d981bc74d80c,akyol,herder,erdogan,akyol,he.
507f8e21-4841-4f51-b231-adf13324323c,stephens,goldmann,rush,stephens,g.
5de34966-8d6a-4b30-81d9-4cd969d855ff,mccune,bertelsmann,nefertiti,mccune,b.
a0520f4d-b468-42f4-a95b-cafe0aff3376,czerny,sw.,kindern,czerny,sw.
c31a6bac-84ae-4d6b-ba79-d18de2e80c26,abuhlawa,knaur,ausradiert,aw.,k.
a4183f8b-a904-4e8c-83a9-173699b5b232,stalmann,piper,kamillentee,stalmann,p.
dd8f49c5-f52f-418b-ab65-bce1cbef9767,carroll,goldmann,hoelle,col.,g.
8c3092e8-3eb3-4db8-bbcb-247798efa672,mccullough,buch und medien vertrieb,land,mcc.,rm.
2bd6b792-d7b9-4157-bb35-1238843a8d68,king,heyne,tot,ki.,h.
df650e2e-445c-4f58-aeff-59ef5b91c38f,linthout,chl.,antje,linthout,chl.
c66d5e33-4fec-4af4-b269-d256104ffac6,vm.,dl.,barawitzka,vm.,dl.
987024ee-551d-456c-9a68-e691fa04fc9b,dimitriou,ravenstein,tuerkische,dimitriou,ravenstein
cb316623-bac9-4b15-bff1-3dfffe4805fc,lif.,pf.,silberstreifen,lif.,pf.
0d6e581f-bf75-4339-a4df-303f32b27857,puzo,ullstein,familie,p.,u.
ad396d59-fcea-4da4-893a-dda658bcdde4,staszko,bede,grosse,staszko,bede
355dbd84-f9ea-4d94-91d2-669e0e8708e5,king,new english,salem's,ki.,new english
70697aab-c23f-42be-8799-3a8769700bbf,gibbins,headline,atlantis,gibbins,headline
a9a871df-47fc-43ae-b9ce-583f05f67294,hawks,goldmann,kuehlschrank,hawks,g.
4da172e8-2423-4fac-bf22-d077244afa41,ott,wissen,haie,ott,wissen
3ceb7e36-5e55-49a2-9c50-085eba4718b1,julia,droemer,schweden,julia,dr.
bcc43e2f-85fb-4cf1-bd06-aa9d259bf97c,leslie,econ,dallas,leslie,e.
6f0a7e85-2391-4b1d-b8b4-18d21bc17856,kaiser,kiepenheuer & witsch,blasmusikpop,kaiser,kw.
128c4334-d922-49c5-a092-cd7e79561f88,bosse,schroeder,q-agent,bos.,schroeder
0758265f-4ca5-4507-8e0a-9df81f25d777,tremayne,aufbau,tote,tr.,a.
c5146365-75b3-4f46-b5f8-fae33b48447c,rouilland,dumont,nordindien,rouilland,du.
889fcf9a-0234-44dd-9fe7-423c0b0535eb,lim.,ullstein,unter,lim.,u.
b8e8f84d-2dcd-46d2-b116-867b4f15321d,stiglitz,sl.,schatten,stiglitz,sl.
d1fe842b-f2b2-43e2-9f75-e0fb28ae0506,wickert,bertelsmann,himmelsfeuer,wi.,b.
4455876d-3cc0-45f1-97c4-7f8040749c41,konzelmann,weitbrecht,cleopatra,ko.,weitbrecht
dc3a28bd-eac2-45a0-bf53-e127022afcdb,hua,fischer,bruder,hua,f.
96884dff-83e1-4f16-9689-8ac488e50534,bagge,suhrkamp,schwarzer,bagge,s.
f3fe1198-d2a1-4e6c-94f3-80cf8dc9a87b,feuchtwanger,aufbau,juedin,few.,a.
5b878658-9896-4a78-bc79-8d4eebf89967,cornwell,ullstein,karibik,cornwell,u.
707f960d-495c-4b42-bd84-ae4003cc5f3c,mb.,windpferd,methusalem,mb.,windpferd
9664e16b-7466-4cc0-8dd2-25016c5eeb62,pollak,droemer knaur,knaurs,pollak,dk.
c467a04d-02f1-4a10-a2ce-64aa99ce739f,krueger,tn.,rom,krueger,tn.
655268c4-7a37-454d-bbbd-5326b759b690,dines,rororo,sopranistin,dines,r.
4b93aa63-23ff-414b-940a-6d3c61d2eda5,jennings,fischer,marco,je.,f.
af711a4e-fc9c-48cd-b00b-2b9c5092dc91,gordon-davis,buch u. Welt,jaeger,go.,buch u. Welt
0d644492-90e3-4ba9-a65d-0a1dc84e9d4c,herrmann,conbook,land,herrmann,conbook
7086a2ad-0bec-46f1-805f-066d724d988e,sijie,piper,balzac,sijie,p.
fdabfcaa-c08d-4e0d-9149-44e5d4ef9c71,schwarz,droemer knaur,gewuerzen,schwarz,dk.
30533603-6ff5-4949-856c-17875fcc46fd,mar.,fischer,schiffbruch,mar.,f.
9749794e-9a28-40fe-813a-1261e57f4a90,king,heyne,gesang,ki.,h.
276e3223-0074-41ec-b92f-aaafb2343857,eggers,kiepenheuer & witsch,grenze,eggers,kw.
f7902851-36b7-49a7-8b33-08a174dc4275,mz.,rororo,indianische,mz.,r.
c3fcd8b6-ddcd-4e76-a396-37825055c9d5,golon,buechergilde gutenberg,rebellin,golon,bu.
08371e9f-0ad8-41a8-83fc-065f2892685a,loose,st.,malaysia,loose,st.
9eddf116-b37d-4e8d-a7a4-69e67f637d58,bradshaw,goldmann,leuchtturm,bradshaw,g.
6526e505-1a0a-4f16-ad5a-553b879ef8c4,weidmann,goldmann,bitter,weidmann,g.
567872c6-d8fd-4e88-9c9c-3d644c242bc7,"farrell, o'",deutscher buecherbund,beste,"farrell, o'",d.
22e49284-c58c-4ff8-b5e5-e9f431d01d78,herber,gunter navi,jakobsweg,herber,gunter navi
5a382077-1d5d-45a2-ae9b-423a4bf0aaee,lively,Unknown,spiderweb,lively,Unknown
822ca2e3-6b4c-4ca6-a79b-e5ad09f29234,makine,bb.,liebe,makine,bb.
44668486-d3cf-42bd-92a7-dfb61a7546d8,senger,ai.,sinnenfreude,senger,ai.
649248e2-039d-446b-9f9c-00dbc353dbf6,lukas,i.,orakel,lukas,i.
4ec6f552-5208-465f-b7ac-f67c7428e4d9,schulte-peevers,lp.,california,schulte-peevers,lp.
1d9fc864-2516-4426-b586-7ce8e3c19634,bashawe,knaur,sparkles,bashawe,k.
3187152a-f5b9-4d54-ba37-3991ccf54a40,healey,blanvalet,koenigskind,healey,bv.
f6dbbb74-6cb8-4acc-9d5a-b7528312c800,cardinal,Rogner & bernhard,inlandreide,cardinal,Rogner & bernhard
44982cfe-e7ce-4531-a8e6-a55a191cbe86,schoenfeldt,dt.,sonderappell,schoenfeldt,dt.
5b71e3b8-763a-48c5-9db1-590753e3e81a,tolle,flume,new,tolle,flume
1abe97ac-c8f3-4fc1-b828-2f33a1114bac,hoyer,universitas,krieg,hoyer,universitas
8b000abb-023f-4f7e-89f7-dd8ab96284dd,schindler,ex libri,heilkraft,schindler,ex libri
06dbef12-afb0-4ae1-9ad6-bd27bb8f7a36,archer,heyne,vaters,a.,h.
c68524d5-a6f8-4a89-acef-0547ab4e79d2,q.,iw.,usa,q.,iw.
b9ed7b10-1126-4785-9a65-c6a933dd7a34,scarrow,blanvalet,zorn,scarrow,bv.
faf2d375-3e06-4f7c-a90f-affdf209fc9e,gercke,heyne,schatten,gc.,h.
ff7ae553-fc80-47a9-b38c-37d08872a4df,frain,meyster,nabob,frain,meyster
c3061c4d-49ad-4bd2-af58-277ab03aaa4e,drew,droemer,bosporus,drew,dr.
6e468a29-b6fb-4cb1-a498-05de334a0dea,mcneive,rororo,resistent,mcneive,r.
1fb08205-9179-4ca7-9721-594317032784,innes,hans guenther,gold,in.,hans guenther
afea32bd-4ee0-4726-bb0c-a5da599c94ef,harlander,rororo,systemfehler,harlander,r.
75e5f657-98ae-44c4-a40e-a9706ad63d92,knoblauch,tempus,lernstress,knoblauch,tempus
548268d0-d905-42eb-a558-d77109ab47ce,wickert,bertelsmann,innen,wi.,b.
8bda680a-dad0-4b88-bc8b-c969a1e5e771,bach,ullstein,vagabunden,bach,u.
950ff338-cd31-48cd-b094-f997c12b9f46,aaker,freepress,managing,aaker,freepress
e3b6121b-fcdf-4efe-9ca9-36f15e8e6b9c,pausewang,ravensburger,wolke,pausewang,rv.
5054f2b9-28b5-44f5-a670-0f2b5ee599a1,karsch,aufbau,eilige,karsch,a.
04f29753-386b-4019-8c3c-ccde3e4fbba5,"vlugt, van der",diana,rettungslos,"vlugt, van der",da.
b43ccac9-5cb7-4e2f-9c17-5235f9750b67,pc.,piper,wahrheit,pc.,p.
eaed44ab-110f-413c-a17c-2206c952e94c,owens,heyne,gesang,owens,h.
269f9140-71dc-4f7d-8eab-49094bd809ab,einhart,piper,champagnerkoenigin,einhart,p.
70d905f9-94ef-480d-86d0-548ef443606c,asserate,beck,afrika,asserate,be.
ea6c5aef-b00a-4e62-ad2f-af5f880e5533,link,buch und medien vertrieb,verbotene,l.,rm.
404247f0-aa14-4e1a-bb3e-6bfd5d782fe0,heller,weltbild,rache,he.,w.
09efb349-1661-4233-ba28-5069137ae051,anouk,rororo,jehova,anouk,r.
1019910a-9abd-4069-b5ba-8c10fd5d964a,schubert,hayit,zypern,schubert,hayit
ea8b972c-ddc8-4500-a0c5-7b6ae46b95d2,binding,marebuch,cliffhanger,binding,marebuch
a36aec34-77ee-4c8b-afcb-c7c6ba5893ae,kuntze,ullstein,osten,kuntze,u.
485dedaa-74b2-4d5c-ac08-df2fcc7496d2,Andre,kosmos,wilde,Andre,kosmos
ba712803-40bc-44f5-9154-68d3f25d7930,tolkien,kc.,silmarrillion,tl.,kc.
423987a8-42ee-4ecc-bf5b-73657463d8d5,verne,fischer,mond,ve.,f.
18e83736-757c-4b14-8e8e-f027098d4d9d,tz.,goldmann,ende,tz.,g.
a35c3d7f-a8f5-46e6-8c71-233e3ed9983b,archer,bertelsmann,ehre,a.,b.
7015102b-10bf-4b8c-95a6-873f58de0004,lindlau,diana,schuld,lindlau,da.
8b1d6ebc-0ae4-4720-9ae9-7cbfae34dbe4,sijie,piper,balzac,sijie,p.
aa60aa01-5756-47f5-809b-5fc3408a8a17,lindstein,blanvalet,sekte,lindstein,bv.
e8fa8818-1b61-4c30-a46d-2dbd3965ad8a,kinkel,goldmann,schatten,kk.,g.
a1916765-a7af-4b8e-b070-766c8d4d146e,segal,deutscher buecherbund,aerzte,segal,d.
437a48e9-1350-4457-b1ec-ec49cf6665b5,le prince ringuet,bertelsmann,entdeckungen,le prince ringuet,b.
f0e01e89-3d59-40d8-aa78-7a08ac33d785,karlsson,dt.,reise,karlsson,dt.
3dbd0dee-0d10-4ed2-b910-79d77d0ecfb6,armand,bertelsmann,dreissig,armand,b.
1854d99c-fcf8-4522-8500-b7bb75f70586,siebert,jugenddienst,roter,siebert,jugenddienst
12775e4e-c3b9-4c0e-8073-0b2e91671498,blixen,rororo,afrika,bx.,r.
1cd5b00c-8244-4faa-a5ab-e499f93a1d3f,ruegg,albert mueller,tal,ruegg,albert mueller
6b883706-c64b-48e3-8571-48da2c616dc4,schami,carl hanser,kalligraphen,schami,ha.
c6549460-8d8a-4136-b5cd-fceb0e632023,rasiel,mcgrawhill,mckinsey,rasiel,mcgrawhill
44fc71c8-5ce7-4241-9193-03fd7cfbb4a5,vandenberg,bastei luebbe,fuenfte,v.,bl.
fae077ba-8753-433f-abbe-e1c7a06291c5,pozzo di bogo,carl hanser,ziemlich,pozzo di bogo,ha.
7fe855cb-a23b-4761-8cba-20b0c1da2c9a,steel,buechergilde gutenberg,haus,s.,bu.
5dc0d543-e465-4e4e-975f-862e6814e230,bacm.,heyne,fluch,bacm.,h.
ae89a682-98b0-4d3a-a444-e987f5cd5251,gulland,fischer,josephine,gulland,f.
ef27ebae-a241-43dc-989c-e28f83777032,herman,bastei luebbe,schatten,herman,bl.
eeb79eda-76a4-4bff-8667-a0798b32ad6e,lohmann,fischer,luegen,lohmann,f.
77029f99-e3b3-493e-b5f5-d76166f8c368,taylor,schneekluth,moench,taylor,sk.
b54b8124-0950-4fb8-81f2-80c06684f801,pause,blv,huette,pause,blv
077a7fd1-f31d-4af7-b98b-3d7fe1702ff1,kinkel,knaur,saeulen,kk.,k.
26d08fad-c37a-4f01-bcf7-66d78892e18f,adridge,blanvalet,gefangener,adridge,bv.
45cb8311-8a7b-45f3-94f2-61a64570390e,bey.,arena,felsen,bey.,ar.
2edc6f25-8c09-4785-9d8e-576a6e52ba9e,nuhr,wortart,nuhr,nuhr,wortart
6c79ba0e-6206-4c97-86ed-7ab3a454347c,herzog,nymphenburger,mentales,herzog,nymphenburger
9e02873b-bce7-403d-b492-7e2af2ca7c9f,ashley,py.,toskana,ashley,py.
6465bf33-d3f0-4366-9b01-492015e8ff05,fischer,autor,liebe,fischer,autor
85499c79-006c-4647-867e-fdf4676beaa4,vilcinskas,ullstein,rochen,vilcinskas,u.
8e4c0a60-d892-4ea4-9d82-5e4c6af154f8,neuhaus,ullstein,haien,n.,u.
f708cd8d-0162-4d21-873e-48b75ca22bcf,Schi-dscheng,nonstopbuecherei,djin,Schi-dscheng,nonstopbuecherei
07652a67-4ec9-4ddb-b645-52c400e962c2,laudert,blv,mythos,laudert,blv
61557ece-4f3e-49e6-b225-e1ed6f59968c,unbekannt,atelier im bauernhaus,taeglich,u.,atelier im bauernhaus
ae9e1ebb-07e3-441b-b522-2374a3b95d9c,hoering,peter hammer,indien,hoering,peter hammer
dfa32ed4-4217-40ba-9c1b-9b414898e3e0,proese,heyne,jahrhunderzeugen,proese,h.
36c70225-23a0-4222-b146-45750592724c,cook,weltbild,experiment,cook,w.
cb42ba86-7ddd-4c65-b6ba-8dac31c25c22,"brian, o'",maritim,antarktis,bo.,maritim
d8cf50eb-69b2-46fb-8a2f-3438b9c9537f,ebert,knaur,blut,eb.,k.
718c500f-897c-4acb-a757-32b7a5479afa,yu,blanvalet,jou,yu,bv.
3974be94-afcf-4e81-8574-fb69f056b610,follett,bastei luebbe,kinder,f.,bl.
da6c2eb9-a0d9-4df0-870e-1abd3261349e,kluepfel,piper,seegrund,kl.,p.
eb7329a9-687e-4403-b7f0-88117146ed6c,goyen,fischer,fernster,goyen,f.
661f1414-c6f6-4f66-acd3-efd5ba51245c,dorcsi,orac,homoepathie,dorcsi,orac
5fa051db-f59f-4caf-bc20-d7330d77d17b,steiner,lingen,lexikon,stn.,l.
1088c90a-08ca-454a-9e52-49d488ea0ece,bacon,gt.,solange,bacon,gt.
956a323a-64fe-4aa1-afa1-b9b4533b840f,sozio,piper,einzige,sozio,p.
8d0ea58b-1bec-4a28-a083-4763e7633599,peters,mi,spitzenleistungen,pt.,mi
f0bd15aa-9dc5-42d6-a12c-f202e543cbaa,feild,dd.,weg,feild,dd.
5a6f1d40-8718-4f19-8bbe-041614ddd730,schade,heyne,genetische,schade,h.
ad1f963b-5bb1-4c5a-a6df-f6bc8f4d948c,abdolah,dt.,geheime,ab.,dt.
2ee021cd-c9c9-4b4c-9d43-d753c5048bb8,arz,hirschkaefer,unfreien,arz,hirschkaefer
f0047937-4657-49fc-bc77-c5d45a3ad9bc,erdman,hoffman und campe,letzten,erdman,hc.
57372e9b-7e17-4512-8026-f51db7113df6,schroeder,dtv,fenster,schroeder,dtv
77125a30-3fab-44e2-a28a-3b4c0a13fe73,vazquez-figueroa,bertelsmann,oceano,vf.,b.
c3f618aa-191e-41be-bb19-7e3951e0f2a0,hahn,ueberreuter,fahndung,hahn,ub.
30be7211-f618-4e7e-a460-56d42d2b09db,kaminer,goldmann,schrebergarten,km.,g.
510dafb3-c595-44ca-87b1-76d16d46535c,augustin,suhrkamp,schlaechter,au.,s.
b9dc597f-bed5-4f59-b734-68fa65c45589,haushofer,dt.,wand,haushofer,dt.
670e78ad-d286-4286-bf2f-e8c17ce7e105,may,ueberreuter,sklavenkarawane,ma.,ub.
2668d0a7-152e-4afa-945e-eced41f9f441,jacq,weltbild,freiheit,j.,w.
c6ac1196-6621-40c8-a16f-1709163b87eb,schuler,ri.,recht,schuler,ri.
d8305fd2-6f5e-4cb8-a705-bec7c9550696,klein,Unknown,einfuehrung,klein,Unknown
c3e1f223-d23e-4064-b5a6-6cfca30cb191,easwaran,michael grumann,gandhi,easwaran,michael grumann
1c5a207b-d075-4e7f-832c-04de02ce124f,bluemmer,goldmann,frau,bluemmer,g.
e77ff097-6acf-457a-8a80-7a071f48f1f2,buzan,goldmann,speed,buz.,g.
07e4fd13-25bc-45d7-a41e-c5272024c60a,pri.,dt.,schwarze,pri.,dt.
2f47a508-87d1-48b9-b7b1-678cc98f327b,iggulden,fischer,fangen,iu.,f.
afb9287a-45ec-4dea-be70-96385738b13a,kraemer,bpb,islam,kraemer,bpb
75e39c8b-3acc-4b00-83ad-9e5bf606b81c,klemperer,bpb,moechte,klemperer,bpb
f628f0a2-60aa-4605-b620-65c9ca54175e,schellenbaum,dtv,nein,schellenbaum,dtv
483e57d0-ab12-42e7-b276-c5794b225789,"blasi, de",ei.,tausend,bld.,ei.
77d93580-de77-4ad4-96ab-57797e06abb7,boff,agora,kirche,boff,agora
fa797a54-88b5-481e-a3db-106bc14f9bdb,mac.,goldmann,zwischenleben,mac.,g.
a0aada86-7af1-4ec9-979d-5e4149216036,mehnert,fischer,deutscher,me.,f.
b15fee9f-1806-45b4-a376-ae35e7127e77,weber,ei.,365,weber,ei.
b491fac0-8217-4a00-9fce-26d128cf8a0e,shaw,knaur,flammen,sa.,k.
8fee7417-01ab-4f30-895c-13ea43b261a3,fiebag,weltbild,mystica,fiebag,w.
d633c93c-c80b-4798-aa6e-5692b08b17ca,schoenberger,knaur,worry,schoenberger,k.
64535486-54fa-4aab-9877-bd6a1e18262b,guderjahn,py.,seychellen,guderjahn,py.
5a63d63c-7082-4508-ab92-3aa5bf31cf3c,"daeniken, v.",heyne,prophet,"daeniken, v.",h.
c7470eb4-9b78-4170-8e21-70f6589596c0,krueger,arkana,kristall,ku.,arkana
d491e40f-471c-4d3d-896d-d86e0a73a30d,ogger,goldmann,abgestellten,o.,g.
8351ebbe-6559-4926-a619-a9cd195cae25,rinpoche,arkane,oeffne,rinpoche,arkane
7d7139bc-69c0-43e9-b589-6f9e22e44c12,rohrbach,Frederking & thaler,koenigin,rohrbach,Frederking & thaler
2c63b772-1af5-4b89-b15c-0b8126ad37c8,king,sg.,sematary,ki.,sg.
d74670d2-7e9b-4ba0-9be0-b2a6d702ec74,manfredi,piper,jagd,manfredi,p.
f3585e94-d956-4f4c-8807-8bf93f351ecf,link,goldmann,fremde,l.,g.
428bda90-0664-4407-9643-4e4146e43af2,campbell,ueberreuter,leoparden,campbell,ub.
670dfc7d-1d40-485d-9277-8bb8d93d276f,dara,kiepenheuer & witsch,bibliothek,dara,kw.
aa11eab0-8643-4cdd-bde5-6834398a650e,apitz,aufbau,nackt,apitz,a.
e000d921-e022-4fff-90a5-6ae13d63f12b,wolf,rororo,worauf,wolf,r.
5a15adeb-5858-42b6-920c-cb210a183549,daerr,rk.,tanger,daerr,rk.
5de448ff-02e9-494b-8945-707090d8550f,kraemer,weltbild,angstgetrieben,kraemer,w.
605f72d8-a95e-43e2-ad61-83dac3f41fa8,hohlbein,bastei luebbe,salem,ho.,bl.
f697e072-e239-4fbc-9b1c-4e00576b88b8,pet.,weltbild,liebe,pet.,w.
27196404-75c1-431b-923f-601b969d04f7,kazantzakis,rororo,freiheit,kazantzakis,r.
6d161b2e-0c0a-41c8-b342-82d449339b0a,fernau,goldmann,caesar,fernau,g.
34681503-23cd-4ecf-a5f2-9630cc40c9ba,heinlein,knaur,finale,heinlein,k.
34963d4a-d985-40e8-ad09-17c2b9616b74,gray,publishers group west,relationships,gy.,publishers group west
5d66b4a2-e2bb-480a-9489-80675d00bb27,freidenk,rororo,brauhaus,freidenk,r.
ce749abc-1e33-419b-bbdd-c400f6bc159b,horster,lingen,suchkind,horster,l.
0794ba3c-47e5-4cc4-b154-2880dd594c23,sheldon,goldmann,goetter,so.,g.
d8b34355-2fed-452a-865a-b578c2aecb5e,konsalik,weltbild,gold,k.,w.
4f1aa19b-d5a0-4025-bd94-0095bb4b3a65,klein,fischer,gluecksformel,klein,f.
f209c00f-d223-49dc-af31-b976b02b99fe,schlierf,rosenheimer,zahn,schlierf,rs.
7e81d245-7216-4228-967c-989d89881d85,filliozat,Unknown,elternliebe,filliozat,Unknown
6792b19b-dd5b-444c-ae15-97d4028bb6d5,ebermann,twentysix,itiooiti,ebermann,twentysix
bbe3d8ea-715c-4eb5-a12a-403f9029c876,walz,blanvalet,hure,walz,bv.
a4448d89-4261-41fe-8da1-227b39eef71e,mp.,lp.,sri,mp.,lp.
978a8b97-28e7-467a-9e5e-556665e9d2b4,neb.,heyne,firma,neb.,h.
1bf44025-3e07-4913-9c69-8a25631cd042,wohlgethan,kb.,lili,wg.,kb.
332618ef-9893-4011-98c8-d9ab83b9e12b,meinck,kinderbuch,seltsamen,meinck,kinderbuch
46044f39-97e0-41a1-85b1-3aaf97f48d88,hirsh,diana,kabul,hirsh,da.
77eae581-a837-43b0-ad9d-db5e8cec49e5,martin,rororo,globalisierungsfalle,martin,r.
25a5b332-9635-43fa-af78-0bdeb152102c,newitt,bertelsmann,nostradamus,newitt,b.
689e4639-02b4-4688-8b36-bcdd97881754,konsalik,ka.,heissem,k.,ka.
de30451f-5720-49f2-bd7d-75af979efdd5,davidson,st martins press,you,davidson,st martins press
23e3ec69-afb5-43e9-9027-8e15be104619,johann,heyne,weisse,joh.,h.
d93426f0-2c1c-45ef-9741-0180da351f95,junghans,conrad stein,chile,junghans,conrad stein
e4a22a80-76ea-4644-9c78-be84423506da,ketchum,buch und medien vertrieb,wahnsinn,ketchum,rm.
6b5482ff-9323-4e25-aa94-6e5780bfa254,baumeister,goldmann,macht,baumeister,g.
262cd198-0965-49bd-b8a4-a372fe7e2a01,eick,uvk,digitales,eick,uvk
ce128709-b633-4485-bf34-57d64713a08f,kaminer,goldmann,diesseits,km.,g.
821b54b3-e444-4d3a-a2f2-9337a14266f8,nak.,fl.,karate,nak.,fl.
209e3f6a-0b5a-47fc-accf-dac06b41300c,novak,bertelsmann,pflanzen,novak,b.
c5802b0a-4f2d-4bda-8f89-6e8529a79a48,weber,fischer,lesetraining,weber,f.
9193d853-4fbf-484f-ba55-5dfdb894095a,ennen,beck,mittelalter,ennen,be.
1f682ccc-a4dc-49fd-bbda-ceebb9394061,hohlbein,bastei luebbe,neues,ho.,bl.
8a0e0a7b-367c-40d1-8a4c-b0060f4c9e9f,london,buechergilde gutenberg,sohn,ln.,bu.
db8125d0-cd0f-440f-ba9f-109748a686a0,scholl-latour,bertelsmann,gottlosen,sl.,b.
f960a755-f04f-4ce7-a95c-27b460938371,schaeuble,fischer,sein,schaeuble,f.
3955dae6-259d-4f7c-a7ca-0895655a8a9b,fraser,heyne,maria,fraser,h.
5d2a0fc1-4439-47ee-bc1e-fa45191b3ff5,christianson,goldmann,schlank,christianson,g.
e8bd8696-756e-4daf-8e1c-8d0c802efefb,sundaresan,fischer,kaiserin,sundaresan,f.
5d9e930f-e766-4637-ac09-f5563aae7d00,keene,db.,readers,keene,db.
c1fcd098-42bf-4f26-9bf6-c24f9d52f3c9,hubner,pietsch,nordic,hubner,pietsch
1e5a933a-8cf9-484a-b419-2bba8edbb10b,krasilnikoff,bb.,geierkrieger,krasilnikoff,bb.
e49590b2-c249-42a9-9f28-60f874319f2b,paini,koesel,vagus,paini,koesel
b2f5999a-63bc-460a-9f0b-d92d801ed684,golb,hoffman und campe,qumran,golb,hc.
8d7092d8-1158-4b29-80ce-0913a4a0f7c1,messner,knaur,herausforderung,mes.,k.
8e378379-df4b-4deb-8d14-841533ff4027,white,aw.,jdbc,white,aw.
f92f0ee8-1a1b-4a1c-a659-eebbc97a5382,baldacci,bl..,spieler,ba.,bl..
37d4485d-98ba-466d-8f9e-81e29aba894c,marti,herder,schnuert,marti,he.
15ac5cfb-3442-4c83-8a81-6a8cbfb61312,crichton,Unknown,nippon,c.,Unknown
c34e3633-4603-4e89-a89c-7c8c94cbdf1f,arenz,dumont,sorten,arenz,du.
807ff386-0ec6-48b9-92b8-082bd9a62a0b,venturi,blanvalet,licht,venturi,bv.
23dc168f-a731-477f-997a-347c30cd7fa6,federico,RM,feuerblume,federico,RM
397c6156-b1cd-4c5c-b218-796505295143,konsalik,lingen,himmel,k.,l.
bc6b07f5-f3f7-4ea6-87ac-ff62ff90dc9a,crichton,Unknown,trainrobbery,c.,Unknown
17220cbb-1338-46b5-b6e8-0583ec4ee666,geissler,herder,alles,geissler,he.
ea1e3519-d90d-4d01-948b-1f84c256bac5,sparks,mandarin,mind,sparks,mandarin
ff2549aa-43d3-4d6a-8ba5-74c6119c8978,neder,piper,90,neder,p.
8e22cc71-d978-416f-9a03-a3233b6b5f1f,lenzen,goldmann,verhueten,lenzen,g.
17e4917d-d7e8-419f-bde4-020e868bdf0b,wander,bastei luebbe,simonetta,wander,bl.
acc57292-8d6b-42a9-9d49-e9f775f6f1cf,woller,piper,6,woller,p.
3a468b74-5296-4494-b6c8-5891e4655376,vandenberg,europ bildungsgem.,fluch,v.,eb.
8f20e50d-99c5-4e4e-87aa-aeb79261c39c,wood,fischer,seelenfeuer,wo.,f.
07bad3cb-839f-41d2-a210-1e1644821eb7,men.,fischer,pyramiden,men.,f.
6319403e-100a-4cff-88cc-0d719c53de14,capote,rororo,tiffany,capote,r.
841a1259-a2da-4165-998e-892a14ba563f,kay,heyne,koenigin,kay,h.
0bb06d47-eeae-42ce-ad5b-abfb24a71934,rn.,rororo,masken,rn.,r.
dee2f1e5-d110-4a7d-8167-fc51752ce0bc,konsalik,bertelsmann,palmen,k.,b.
f4d7b005-da84-4701-acca-36a0f533f3ff,williams,editoservice,religionen,williams,editoservice
681e399c-7ef2-446f-97c7-eb1c65ad69c4,mohl,bertelsmann,buddhas,mohl,b.
3eb44da2-beec-4919-99d8-61a5f5898fd2,benndorf,loewes,1001,benndorf,loewes
e892e193-c256-49c6-ae1b-d407b667138b,pennac,kiepenheuer & witsch,vernichtet,pennac,kw.
d4e0436e-1b7e-41c5-b939-c593a0cc2492,stern,bertelsmann,turm,ste.,b.
1079cbdf-4064-4bd8-afe7-f04dad2e0482,sevindim,ullstein,candlelight,sevindim,u.
22eb12d9-f51c-4bc3-bf5e-58c9c4fad5d0,scherer,keey,sichtbar,scherer,keey
0f9cc230-3993-4c9c-8e80-b30b8509082d,hammesfahr,rororo,chefin,hh.,r.
671c1c80-8143-4251-9ad1-097c4554c264,konsalik,goldmann,jadepavillon,k.,g.
5ab7d28b-d929-43ea-b8ec-db15e7b96b86,kneifel,wb.,widders,kneifel,wb.
5517a11b-7a7b-45a2-9488-f7b4a883353d,oh.,ullstein,sorry,oh.,u.
b808cd37-24ff-42b7-8944-026643556eab,sponsel,econ,aerzte,sponsel,e.
c553ae6f-adca-491f-ad5c-37fdfb0b79ef,puzo,bertelsmann,dunkle,p.,b.
264d1e8f-2540-48e0-9e5d-933c7138f8ae,zacker,praesent,eindruck,zacker,praesent
03a79e47-306a-4ca4-afca-74a8f912b306,buehrke,dt.,genial,buehrke,dt.
fa0ee729-3e28-4e27-add8-de6be78fbfb6,vb.,martin velbinger,chile,vb.,martin velbinger
9f1cc315-4d04-4932-a55a-b462df5e7fce,leip,Unknown,bordbuch,leip,Unknown
49bc5110-125a-473d-9d00-bb7e1dfaa581,stone,ds.,pfade,sto.,ds.
7753c491-a149-42a4-a2e0-77f6d6340a25,moore,piper,bush,moo.,p.
ab6de092-b638-471d-a383-3a8213d62356,dobson,kb.,diktatur,dobson,kb.
2140b083-7863-4ee3-947e-84b00a230392,vandenberg,bastei luebbe,evangelium,v.,bl.
308667ea-7f57-44e9-a1cc-61002842da28,swoboda,neukirchener aussaat,muetter,swoboda,neukirchener aussaat
d601a2cc-004d-4479-927b-2511451265c9,tremayne,lingen,?,tr.,l.
6fcb11b3-e6ef-4ce8-ba59-583baf11a5b3,crichton,Unknown,vergessene,c.,Unknown
ec04953f-c152-4ea9-b449-fb55f992e328,wilkerson,leuchter,messerhelden,wilkerson,leuchter
461d957f-0d09-4fe2-8b32-08275f69f66e,macdonald,ng.,taiwan,macdonald,ng.
6478c0c8-f1a3-4e87-a7e7-a3316adbd9d4,burroughs,williams,tarzan,burroughs,williams
e5466b7a-fc67-4d18-8983-53eb1001b525,zippelius,beck,staatsideen,zippelius,be.
1a35ac64-52d2-4067-843e-d75f8e3ef4f5,surminski,rororo,jokehnen,surminski,r.
a730fa60-bd45-43c8-8bb6-3306787ed2ff,hotoum,piper,manaus,hotoum,p.
de915726-737c-4b23-990e-95c3cdfa03f7,hall,bastei luebbe,kobra,hall,bl.
ccdf9c59-a787-4ab6-b2c6-c350d4060248,king,heyne,fruehling,ki.,h.
619288f6-cbe9-4ff7-87b2-11785f47cd28,may,ny.,scout,ma.,ny.
05cce6ae-eb4b-4877-9c9b-a4e344acf882,michener,deutsch buchgemeinschaft,karwanen,mi.,dbg.
262f4ba1-fd99-463d-a21e-9eaee68e6882,meyer,heyne,alchimistin,my.,h.
e1d79b76-1b9b-47d1-91d7-b50f91748200,shelby,fe.,finsternis,shelby,fe.
d9bb7bca-b7ec-401e-b91b-2140bc51d1db,schroeder,cbt,lynn,schroeder,cbt
560ecae7-59d1-4272-a331-0c2d80a80bed,wood,fischer,gesang,wo.,f.
a09d4c3d-6391-4535-a2b8-48e27538e2af,ahrnstedt,lyx,unbeugsame,ahrnstedt,lyx
4cb9b948-fc87-43a0-ab32-a6ad5972778d,sargent,unions,birma,sargent,unions
58d5f027-08e1-40f4-add8-9656b7a5c8ed,gore,fischer,gleichgewicht,gore,f.
9a17cbda-5b28-4684-8599-30a94e8c7158,gier,bastei luebbe,muetter,gier,bl.
0474e79e-e55a-48b7-9d1b-9e4e1fee6682,florence,st.,vietnam,florence,st.
eac84562-3d6e-4d78-babc-da4c4460033e,keyes,penguin,sushi,keyes,pe.
1c107e18-dd5e-4069-b39c-86c8c5ac672a,sedges,blanvalet,westen,sedges,bv.
ea1cb4d9-03ca-4342-8a93-9019640ea3c7,calonita,sd.,hollywood,calonita,sd.
c7e4eb8a-b171-40ff-b524-ec2da8cf08d1,bosse,mvs,warlord,bos.,mvs
82f19ea8-f282-49a0-b9b5-f515c332c579,winter,lv.,stich,winter,lv.
fed4433a-a425-4338-af7f-0d3b8f787f7f,re.,deutsch buchgemeinschaft,begegnung,re.,dbg.
665c7dbd-1ddb-431f-ae7e-771153d9c112,grisham,heyne,coach,g.,h.
098bfccb-7f92-4039-8255-87536198d492,kastura,ct.,warten,kastura,ct.
e124032e-1535-4a8a-bc93-3a8e073ce5a5,follett,sg.,jackdaws,f.,sg.
7d32a187-d88b-4c1f-b55f-3e3d22517742,matthiesen,naumann & goebel,acapulco,mt.,n.
61261942-77be-4b85-a7de-f69572242b2a,cage,dt.,eleni,cage,dt.
ecba28bc-f8c9-4087-b3f0-3cf4b739cb86,jens,guetersloher,demenz,jens,guetersloher
2b600a86-c952-4e58-9853-b98e5970c471,borkenau,fischer,marx,borkenau,f.
63bbcfde-6488-478f-af61-083f53ecdb22,lessing,fischer,memoiren,lessing,f.
1bf55841-a0bf-4bf8-bbd2-737de3b0d3d6,oezdogan,aufbau,nirgendwo,oezdogan,a.
81fec6a1-99e5-4f32-8841-1b87038f6dfe,paretti,naumann & goebel,vogel,pi.,n.
08848653-80b2-4558-b9b9-9a7c0cea4608,robbins,bertelsmann,traumfabrik,r.,b.
a4525f0e-ca32-4909-9ce0-8c1852ef74d5,pfrommer,ps.,hindukusch,pfrommer,ps.
6b05d016-4342-45d4-91c1-5678ef85d99a,camus,rororo,pest,camus,r.
9a1d42d2-e898-46db-8c8e-c345af639154,kaminer,europ bildungsgem.,komm,kam.,eb.
6c6823c3-0bd2-4cce-b5f6-f93b9fe5cbea,hammer,dumont,portugal,hammer,du.
c7a2db65-2022-4e15-b30e-5d31af316ddb,mueller,edition hans erpf,sherpani,mu.,edition hans erpf
2f17b490-4ecd-4204-8c93-b507d84d2b52,konsalik,lingen,pfeifende,k.,l.
bc62d908-d964-4a2f-9674-b74bb2838c4f,"loo, de",bertelsmann,traumpalast,"loo, de",b.
6fa1cf57-6c3a-464f-b0fb-83fdf816c298,rollins,avons,ice,rollins,avons
b258a3db-425c-426c-a7ef-fe4290bf66de,holt,wk.,schloss,ht.,wk.
d6cef32b-9eff-45b4-9116-58b106cb3978,korn,rororo,zeiten,korn,r.
072deb58-a139-4d53-ad74-2ae427055b16,magerer,rother,bergauf,magerer,rother
68cf7510-dd8e-4e45-8c7d-1c2c72e6881d,fenzl,orta,urschrift,fenzl,orta
d4d54ff2-5919-4242-b862-299e6211d2c8,archer,bastei luebbe,imperium,a.,bl.
6a8b5a0d-ea16-4f13-801a-a0a77b158766,jaeger,ullstein,festung,jaeger,u.
450b509d-f7bd-4445-b9d9-3672d0367c0a,"john, st.",bibellesebund,spuren,"john, st.",bibellesebund
b61d9b2e-da17-4615-ae41-5af4d6e861a9,nba.,knaur,vollweib,nba.,k.
d55c31ae-4218-4e37-8a5f-e3bf5cb54fd4,kirst,goldmann,O8/15,kirst,g.
45b1b2a8-de9d-43c8-94b8-b0b85f603fff,bagley,heyne,schneetiger,bg.,h.
d93576ee-38e1-454e-8d8d-ef78f33d0076,lm.,bastei luebbe,hexenanwalt,lm.,bl.
0dca88d9-3be6-4342-ba49-73e8445f0000,bergius,goldmann,soehne,be.,g.
2914a8ac-f635-4ce2-be0c-40897a4f3916,root,bb.,wachtel,root,bb.
0d2a47eb-b7db-4155-8e64-8230ce34c144,ta.,goldmann,moench,ta.,g.
240c54be-0ab2-42c7-81ef-feb6132b4941,ogger,knaur,machtrausch,o.,k.
1ae8d88b-2160-4f2f-8f8a-a742203df2f1,schlegel,unterwegs,yucatan,schlegel,unterwegs
99afe0e4-9a08-4311-bc1b-4dfd822afe46,mod.,buchgemeinschaft donauland,giulia,mod.,bd.
4778156d-9f92-46c2-9e2a-912ac96e6648,steel,deutscher buecherbund,schiff,s.,d.
87684f61-d70e-4aae-815f-580dbbdc0579,vandenberg,bastei luebbe,spiegelmacher,v.,bl.
c91017de-e094-4196-ad4c-e98e085db5fc,goldstein,weltbild,kardinaelin,goldstein,w.
3af6c2c2-7b01-4685-be3a-1eeb776c36db,hildebrandt,buch und medien vertrieb,vater,hb.,rm.
a9863194-777d-41b2-afe9-81836ac7b5c1,katsuhiko,be.bra,suche,kat.,be.bra
4467dcae-9252-4c2b-b41b-03a761058395,meyer,warner,battlefield,meyer,warner
aca55398-70ae-4feb-8716-b49cafd2deb9,lesch,Unknown,menschheit,lesch,Unknown
a0093f2e-abab-4dcc-b675-22564a2849a4,weigand,heyne,vermaechtnis,wn.,h.
6535ea56-16e5-4458-bc1f-58d677e3e158,blau,goldmann,salomes,blau,g.
842d5692-ee96-40d1-8e6e-766b91374295,bartels,heyne,dicke,bartels,h.
6e383f1c-5f9d-4207-bd49-c28ca752ff6c,leon,diogenes,endlich,le.,dg.
cece4e48-3d6a-4f19-9ae9-ca9d2b6f7801,link,blanvalet,suche,l.,bv.
578ac105-9534-453c-8eab-26d90a1a9135,krastev,bpb,licht,krastev,bpb
dfd5e6ae-7fa0-477e-876d-7015266f74fc,kazatzakis,rororo,sorbas,kazatzakis,r.
abcc8356-c213-417e-bbc4-5f1d65644176,low.,knaur,haut,low.,k.
3c6b0144-2922-4ea1-a364-6b4206ea5e49,sijie,piper,muo,sijie,p.
5f240904-0417-479f-8a6a-3cca4a16a980,"marschall, v.",hb.,amis,"marschall, v.",hb.
b9d13704-4b41-455f-9d81-21ed7e1907e7,delaney,goldmann,lebenskrisen,dl.,g.
d44841e6-2408-4da5-98fa-4bb890e3d5ee,lib.,dw.,oesterreich,lib.,dw.
408bd784-f0e2-4f5a-a3dd-72026871e737,mos.,moewig,gorbatschow,mos.,m.
8e112bf8-a16e-4aea-aeaa-fa02ae17f70b,ta.,goldmann,moench,ta.,g.
ae4010ab-0556-46e5-9432-059f3c9ae7ff,greene,deutsch buchgemeinschaft,heirate,greene,dbg.
1924f139-d317-45d9-b9cf-31a9ed5423eb,schulze-marmeling,dw.,bayern,schulze-marmeling,dw.
254b389c-eb78-4e4d-b648-8b2896d4476d,finder,heyne,verraeter,finder,h.
8f407b49-6429-4996-9bfd-f7f5d4d8d08c,birkenbihl,go.,erfolg,birkenbihl,go.
517cf999-3fea-4d9c-a51d-69b3ce484308,altmann,luebbe,buch,am.,lu.
1f4bb051-653c-4af8-9117-c79044f5c83a,cognetti,penguin,acht,cognetti,pe.
4a6c5f49-ce84-4553-bf48-69ad3090363f,heim,hestia,schwarzwaldklinik,heim,hs.
2648c14e-e7c3-465c-9e5e-eeaabf84688d,stromberg,suedwest,essen,stromberg,suedwest
19f26a1f-16a8-4043-91ba-8c6a0893e4ef,arnold,aufbau,herzdenker,ao.,a.
d168b731-bb89-4621-8223-d45c362d8e68,fretheim,herder,krieg,fretheim,he.
e7dd373d-de24-4868-b02d-76bb5428aa02,krs.,rororo,magazin,krs.,r.
a7346578-7879-4812-ae31-f3e32a72de22,koury,signet,templer,koury,signet
99afa1fd-26c7-4e79-9491-21ec7e7694c8,yutang,kindler,wu,yutang,kindler
5e9e62e7-6754-4c36-950b-53f9e9885961,akunin,goldmann,palagia,akunin,g.
3642b2fd-437d-4fd2-be44-af8c4742367b,guer,weltkreis,fremde,guer,weltkreis
3f63159b-a479-4830-a6e0-4f55c6e99b4a,elsner,heyne,mann,elsner,h.
2ec2151e-e17e-4994-9704-866cb9d2c3b0,harris,buch und medien vertrieb,hannibal,h.,rm.
011ff6d0-f75f-4279-aa0f-a73ebc923cdb,kaiser,heyne,echter,kaiser,h.
9d340551-74ca-4f9d-adc3-24655ef9cd2a,frey,loewe,noras,frey,loewe
f65ee820-a76f-4090-8398-82350257b7a7,ugolini,buchgemeinschaft donauland,poverello,ugolini,bd.
fbec4dac-d8d1-4224-a5c0-115814b707a5,babendererde,arena,lakota,babendererde,ar.
290f2ce2-1d9f-4c7f-9a8a-b8f40c906504,reemtsma,beck,haette,reemtsma,be.
983ea312-27bc-4eaa-9fe2-78d0dc07bba3,reng,kiepenheuer & witsch,traumhueter,reng,kw.
074f0cc9-d7ed-43a7-8e5c-5e1996158471,preston,knaur,codex,pr.,k.
c95e72af-3e5b-494a-8f57-1801e3145aaf,ross,weltbild,jenseits,ross,w.
90f24c67-40ec-42e9-a2d2-b35bec938d5e,allende,suhrkamp,zorro,al.,s.
6cb0e911-ddc4-4dcb-a352-13c72a8c5acc,baeumler,piper,farben,baeumler,p.
63763b0e-961b-461e-a010-787fbe8eb07d,poiret,heyne,koerper,poiret,h.
567417d1-7ec3-4393-8bd9-258283e1739a,pao.,ct.,eragon,pao.,ct.
60bde6d0-8431-4870-8b27-a086d77f1ed5,shaw,bastei luebbe,tal,sa.,bl.
88aba72d-724f-4fd9-be2a-5773f0414387,applegate,aufbau,aisha,applegate,a.
10894d53-e7cd-4b37-a0c8-158dd14fc775,ganghofer,bertelsmann,klosterjaeger,ganghofer,b.
10839271-c08c-4ba3-9152-2c72ac4e06e1,penezkina,fischer,komm,penezkina,f.
6706965b-14aa-4e0f-8b96-49cdb6c6054c,steel,buch und medien vertrieb,haus,s.,rm.
2c0374b9-a423-4a55-9366-b53c7b6ccbde,allende,suhrkamp,amandas,al.,s.
da451748-129d-4f15-8b83-622cc70509d9,timm,sc.,schatz,timm,sc.
233c2c7d-c0ce-4512-adec-b4a11303a71d,meissner,orbis,wildes,msn.,orbis
193ba672-7803-4db0-9886-a4b61fa0c6a8,kreutzkamp,fth.,husky,kreutzkamp,fth.
f81c1658-45f0-4a91-a3b6-06693676c693,wickert,piper,nuetzliche,wi.,p.
2feeee76-27d9-4cd0-8d04-763b692e518f,jacq,blanvalet,herrscherin,j.,bv.
c0aeb160-0f9e-470e-825b-dd9b2347567a,prs.,ct.,shylocks,prs.,ct.
bc2cad64-4dc2-47b1-86ca-b319c3050d2d,mueller,ps.,nofretete,mu.,ps.
a585eba6-776a-47bb-9187-a7e221dbffc2,sarif,krug u. schadenberg,verborgene,sarif,krug u. schadenberg
1d227361-c1a7-4c95-99ac-e1b53e9cbe48,schroeder,bl..,abenteuer,scr.,bl..
a66a702e-9830-4369-bf59-722f027295fb,bowman,goldmann,besteigung,bowman,g.
e0beabf8-0577-4a3c-85e1-7b4096a20560,harris,blt,winter,h.,blt
9f4e9c94-392d-4a14-8676-55cfdfcc9286,konsalik,bertelsmann,goldene,k.,b.
422cd120-d736-4670-9300-0cd87588885e,martschukat,dumont,tal,martschukat,du.
6a4428fb-c43d-4648-a6ca-0120c17df280,chatum,rororo,patagonien,chatum,r.
6018cb00-8ef5-42c3-881a-dd642197a662,naumann,rororo,denkst,naumann,r.
ecbf7e7d-7bec-4289-9874-a8ef7e9351aa,jaud,bastei luebbe,eid,jd.,bl.
0793ac03-82be-4681-8ece-18e2eb04e62b,reinke,dl.,yachtbau,reinke,dl.
2aed489e-01ef-4cf8-9923-ef4e6c279a52,fischer,ullstein,heimat,fis.,u.
b2549e89-5b7b-499b-a962-0282a30b1b1b,fischer,dumont,rom,fis.,du.
b1c7b560-b56c-4c98-b882-31ef4b08da77,bristow,rororo,gold,bristow,r.
c4b1508c-9f15-4b46-b855-e5050319eb92,wohlgethan,list,seerosenspiel,wg.,ls.
6e5a0869-08b4-4bb1-baa5-6cacbc0af0f1,schneyder,amathea,leben,schneyder,amathea
f330209b-de8f-45f3-a56d-f6e4d70bd229,hahne,weltbild,wirklich,hahne,w.
2fd216bf-bf0c-45b5-8521-05839d3db630,prg.,knaur,rebellin,prg.,k.
108699a8-c8f3-4df0-aedf-6a8bc9428c6e,kessel,europ bildungsgem.,steppenreiter,kessel,eb.
2eff603e-abe4-41d4-87b1-069685a133ba,kuehl,horst erdmann,wollt,kuehl,horst erdmann
2ca1d0ae-8b36-418c-8b07-9978ba20bd76,allende,suhrkamp,mayas,al.,s.
672053f7-caf9-48c6-a010-0d79241e1c39,crowther,bulfinch press,rides,crowther,bulfinch press
7d3b11f3-73c6-4976-abad-ea58122d65e7,serno,bertelsmann,wanderchirurg,se.,b.
76c7e9ee-392c-44f1-af67-06ef0344a33d,scholl-latour,bertelsmann,mord,sl.,b.
f708322d-afb2-4912-b5e0-ef4b74a2de08,lauster,econ,ausbruch,lauster,e.
dda16159-642d-4a66-ab60-edc5bb4327a0,kippenhahn,piper,sonnen,kippenhahn,p.
9dce022a-1d51-44a4-b3d4-2723b919f019,cameron,Unknown,schreibens,cameron,Unknown
7c8ed632-194d-4ea3-a2dc-9000b3a01dda,strelocke,dumont,aegypten,strelocke,du.
ee5430e4-a12d-4ac4-9142-1254580e018d,wickert,piper,wuestenkoenigin,wi.,p.
f58e00c0-753e-4921-8b02-26400a51bc40,lawhead,buchvertrieb blank,pendragon,lw.,buchvertrieb blank
6a43ddf0-52a7-4cb0-b4d9-8d87a53493d2,grisham,heyne,begnadigung,g.,h.
bea24932-9049-421f-b3e9-774b9ea617b5,cousteau,buecherwelt,geheimnisse,cousteau,buecherwelt
a4f12068-2188-4218-9319-8aba15215612,hanauer,thienemann,betrunken,hanauer,t.
e9e59457-cb71-45c4-8c97-576ab24df008,ogger,bertelsmann,absturz,o.,b.
0ae12257-2da3-4a1b-a98a-93312eeb6a34,salles gomes,fischer,p.,salles gomes,f.
31a0077f-d4f7-4cc5-aa2b-a9e3285765c9,preston,weltbild,mount,pr.,w.
86fe201d-9169-4661-8711-281a7d032334,akutagawa,ex libris,rashomon,akutagawa,ex libris
417fbcd9-0757-4693-8be5-86ffd66bc65c,allende,suhrkamp,erfundenes,al.,s.
9ff450fb-57f5-4e2d-aced-08fc00ce2d68,allende,dt.,goetter,al.,dt.
f05c1beb-bfe0-4d77-b0b8-5864d3661d5a,avery,heyne,teemeisterin,avery,h.
9bb4baab-cf50-4cbf-a43d-b4b6b73b4474,bacchelli,dt.,po,bacchelli,dt.
b50cb738-bea7-4749-861c-080ccb74e519,baigent,droemer knaur,verschlusssache,bai.,dk.
af5e8186-8b54-4500-89cd-9f4d5f695d86,ilibagiza,ullstein,aschenbluete,ilibagiza,u.
b6e6787a-6ba3-4753-ad7b-bfb031910b78,asby turner,piper,staaten,asby turner,p.
3573050a-a7c5-41a3-931f-6256dedb3af5,ludwig,greifen,rennsteig,ludwig,greifen
f3bf279d-7076-49c8-8e59-0edf94b94f19,kiros,dorling kindersley,welt,kiros,dorling kindersley
789d04ff-608d-46dc-a65f-44be7abde9ec,luetgen,georg westermann,nordwestpassage,luetgen,georg westermann
3ef2cb6d-27ad-422f-b051-662915779f68,crichton,Unknown,angst,c.,Unknown
83996e0b-038e-418d-aad7-6a25a01db23f,wells,bastei luebbe,finderlohn,wells,bl.
51c91ab8-a9ab-4e22-b4ab-f5f0074260f7,audley,blanvalet,ketzer,audley,bv.
2a231c54-0528-446c-94e9-161948d5611e,brown,bastei luebbe,illuminati,b.,bl.
64a00dfa-5184-43a2-88a7-49fba77abef7,baechler,AutorenEdition GmbH,liebe,baechler,AutorenEdition GmbH
1069bafe-9e1e-4971-b71b-603a4f938e60,husmann,sc.,nicht,hu.,sc.
56bf0ea2-02f6-4b43-b4d1-70d810b6715d,bercholz,owb.,mann,bercholz,owb.
4eeb1c0c-6c2c-476a-a7fd-f132cfb4ab6e,fest,goldmann,zimmer,fst.,g.
56d12a53-062b-491e-94da-8dca850c5a91,anderson,goldmann,ignition,ad.,g.
e3ea3cd0-bdaf-416b-b65e-555e145b67e9,amis,jonathan  cape,interest,amis,jonathan  cape
d226b93d-6751-4d10-8126-f71d000d895f,andersson,carl hanser,eistaucher,andersson,ha.
8962d7a6-66a7-4896-9b8b-34d4173a601b,kawabata,dtv,schoenheit,kawabata,dtv
722f3266-9560-4502-8684-c25dc2dc4b3e,berger,iw.,kanada,brg.,iw.
3a72179e-f778-482e-a483-74a65966c4b3,goeoeck,bertelsmann,menschen,goeoeck,b.
47d3dd68-f1bf-4e4a-b138-5b31299c5209,preston,droemer,formula,pr.,dr.
c6eee2d1-0f68-468c-842a-613313a3f7cd,abdel-latif,rl.,dirty,abdel-latif,rl.
0441e766-5599-45fd-9ca4-7697db77230a,archer,bastei luebbe,kain,a.,bl.
6a1ad52d-dfae-4962-9550-d458f37e0789,abbing,carlsen,yacca,abbing,c.
847d88ea-1e6d-47bc-8ca3-b043349f9b54,anderson,pn.,hungersbraeute,ad.,pn.
011b59e4-fbac-441a-86b8-cea0d1930010,allende,suhrkamp,liebe,al.,s.
d816c728-390d-4292-8cb7-8630872bde03,eschbach,luebbe,nobelpreis,e.,lu.
6b17a23b-7ec1-4510-9e6f-c82b7a075910,argov,goldmann,nettesten,argov,g.
02e01cdf-aa3b-4a83-8251-14ace32424b2,augustiny,bertelsmann,deutschland,augustiny,b.
859d8cbb-40f5-4b64-8786-f3c0dd31f2b2,azadi,heyne,iran,az.,h.
24cd6a1b-f00c-4212-9634-6c0391fc1485,baldacci,luebbe,wahrheit,ba.,lu.
53b0a10d-5f72-4022-9328-26147fbcf9cc,goetting,ullstein,saegewerk,goetting,u.
f6898b17-7dde-4b8a-af49-890f4bd6f83a,werner,ullstein,1000,werner,u.
42568c53-2f5a-446e-83fb-a5291db6c350,hellfritz,bastei luebbe,laras,hel.,bl.
e49e1f18-5b23-4714-8d59-3834c51f4616,konsalik,AVA,nerz,k.,AVA
758b7e5c-19b4-43dd-8e1c-60c83eadb29c,fischer,hr.,gandhi,fis.,hr.
4178699f-1f2d-407a-aa2d-97d0ea1a0c72,brown,blanvalet,reißender,b.,bv.
fee009f3-7f79-4153-8367-7c07d4b1ab07,allende,suhrkamp,aguila,al.,s.
bc87cecb-c2b4-4011-83f9-e037c8790b19,diffenbaugh,buch und medien vertrieb,verborgene,diffenbaugh,rm.
5a0d571f-f597-497a-894c-bd5549b7d1a8,antonis,ueberreuter,hunger,antonis,ub.
a92f6322-268c-420f-a065-4470fced936e,augias,beck,geheimnisse,augias,be.
b498bfbe-c9d7-43a8-a329-bce549963b5c,azzedine,klaus wagenbach,zorngebete,azz.,klaus wagenbach
a98a5427-261b-418f-86d6-41acf5338aca,allen,bertelsmann,clinton,allen,b.
564c0090-7bc0-498d-9aa8-d6acbd9aa0ff,adiga,beck,weisse,adi.,be.
9e420362-8378-42d5-b34d-19310c4272fb,andrews,pb.,schwarzer,an.,pb.
2cae5583-9359-42dd-9c16-d263b2872601,brown,Unknown,tigerin,b.,Unknown
becfb450-19ea-43f5-bb8e-f7f1352981b0,andrea,bb.,teufeln,andrea,bb.
b09edabf-1ead-43ee-8546-c686d479f9ec,baerfuss,bb.,hundert,baerfuss,bb.
debd7eb8-a0c8-4ba1-86f9-72c4bd9b77c9,bagshawe,knaur,glamour,bagshawe,k.
999bab5c-11c0-409a-85c2-c609cdc131e1,cabre,suhrkamp,stimmen,cabre,s.
9c16d9cf-8ae1-43ea-93a0-e294188ccc33,brown,ac.,lost,b.,ac.
0cfa6952-b539-46fd-bde6-bb3c6aa5a3d6,bacm.,heyne,fluch,bacm.,h.
7b04daec-de19-4e0f-a96e-adb1be8a8e41,archer,heyne,rivalen,a.,h.
0aa14756-7351-4e39-b020-2bd53fd20f3d,ph.,ullstein,bettler,ph.,u.
0125325c-1d1e-4ea0-bdf5-4b5b628a489a,cousteau,droemer knaur,korallen,cou.,dk.
2b4a84bd-ff71-4d1e-b43f-9e02becd830e,brendt,cob.,boarderlines,bre.,cob.
52044831-5713-4ec0-b467-3d16c3ffd05d,allende,suhrkamp,insel,al.,s.
bc60ff04-df07-49b3-a210-9aeec94e2583,hecht,piper,unsitten,hecht,p.
ec51c9d3-beec-4c58-b91c-aa66d923ffe0,archer,bertelsmann,ehre,a.,b.
df684206-8da0-44a8-afed-a7d3d4706702,escobar,heyne,kosmetikerin,escobar,h.
0cc7d402-b6ad-4912-9433-3bb1d4680e96,allende,suhrkamp,schatten,al.,s.
4e794f2b-ca95-448b-b22d-f31480cb00de,alberts,kc.,landru,alberts,kc.
8e88dddf-65d6-4260-9ac3-5e94a2321c8b,allianz,allianz,naturparks,allianz,allianz
ed64693b-1222-4277-a481-a7a2929b0685,berman,vv.,neuengland,berman,vv.
0ad5535c-335c-4028-9c3c-5a39a8702651,goeudevert,rororo,vogel,goeudevert,r.
2f332a42-8971-4c25-ba5c-c70ce6f87162,collins,knaur,movie,cl.,k.
5f22c836-a066-47c7-b008-78a3528afa19,bei.,Unknown,revolution,bei.,Unknown
5ec4581b-2618-40ac-9e0b-49e8fbc107b0,archer,heyne,wege,a.,h.
b4be74c0-5ae9-4d84-b706-fcdb6ede2892,brunner triest,herder,weltreligionen,brunner triest,he.
51c91fe3-753c-4bfd-9b8f-7a93e93fec55,bello,dtv,bewohnte,bello,dtv
039126ef-608b-454e-aa51-e88f7f2491b6,praeauer,wallstein,kochen,praeauer,wallstein
2fc6bea1-071f-413d-be64-5a1181734824,allende,suhrkamp,schatten,al.,s.
d2640434-a11b-4cab-98bc-02a07c26190c,schwanitz,ei.,bildung,schwanitz,ei.
39e16d97-a90f-4f81-bfe8-1cbbf7198e6c,hutter,IKP,grossklockner,hutter,IKP
7ae62b82-cd26-412f-bb10-07f51a97f870,pusch,i.,beruehmter,pusch,i.
cc553099-117a-498c-af90-1a4b01224aa2,meissner,bertelsmann,herrlich,msn.,b.
ea35763a-721e-490c-b863-e1b941997009,koehler,dumont,marokko,koehler,du.
623e71f5-66a3-4cb9-8ab1-42e01b86f229,steel,bertelsmann,liebe,s.,b.
81d287af-ed52-465b-b7d8-69896499bfa0,baigent,buchgemeinschaft donauland,verschlusssache,bai.,bd.
a48583b7-5673-4094-ad0d-82b7954d1c64,gram,heyne,daemon,gram,h.
000f5913-ed44-460b-9658-189453c6ba40,hammesfahr,rororo,puppengraeber,hh.,r.
628aab2b-d0e1-4218-9852-1d9a599d8eb2,aciman,uo.,damals,ac.,uo.
5b738aef-423b-4a72-90d2-7c06d436a275,allende,suhrkamp,siegel,al.,s.
85914389-8e8b-4632-aaca-e2da965713dd,tisserand,bauer,aroma,tisserand,bauer
cf479fcb-db10-4372-9980-f6b1c917185c,lawhead,buchvertrieb blank,merlin,lw.,buchvertrieb blank
83d14829-2e6b-4b9e-aaba-ca7e8652c3cd,mahmoody,gustav luebbe,liebe,mm.,gl.
6d99f3e8-c3a6-4500-a590-dbdbd8773a22,q.,iw.,hawaii,q.,iw.
7018d87a-afd1-462e-ab8e-4c4f34cfedb2,fahey,ng.,atemberaubenden,fahey,ng.
cba8baa2-4f5f-42bf-bea4-3ac97888fd21,freeman,or.,programmieren,freeman,or.
f7a97eec-165a-4b22-899b-8545aabe828d,droescher,goldmann,elefanten,droescher,g.
ec4c4e44-47eb-486a-a504-e1da89c46eba,brown,st martins paperbacks,fortress,b.,st martins paperbacks
abd54c6c-cb92-418d-a043-86cf18bb4a92,jacobson,Norton & Co.,american,jacobson,Norton & Co.
b4a9bcbd-4abe-4d97-bf18-1815dd07ba65,shin,v.,please,shin,v.
ae25abef-1aac-4b37-b6d2-1fd931b972dc,aziz,das andere,kurdistan,aziz,das andere
077c0c81-4fc7-4712-b4c3-b47897aaea1e,curry lindahl,deutscher buecherbund,knaurs,curry lindahl,d.
b2db605e-76b6-4642-983c-d6ddb24f2a5d,braem,piper,uruk,bra.,p.
809e4719-8d8b-4d54-bea0-3e762292d7bd,antunes,fischer,gurdel,antunes,f.
432cca71-d7fe-4de0-991f-7854a90693c1,baldacci,pa.,fix,ba.,pa.
ef50428f-ec38-46d8-a36d-5bf1d91cc92b,buhl,piper,achttausend,buhl,p.
273c5c19-20e3-46eb-9f80-95dbae0998eb,nh.,ullstein,survival,nh.,u.
81b4778a-ef0d-4018-a63b-5fc33fb61344,abdolah,dt.,schrift,ab.,dt.
3b6f427a-c2a0-40fa-835a-f4d21b513b9e,abedi,arena,isola,abedi,ar.
4f23b023-0f28-4e0b-b1aa-9da69099c90e,allende,suhrkamp,sepia,al.,s.
a33565df-2a0d-469d-bc45-94a62ca918e1,allende,suhrkamp,siegel,al.,s.
a108c538-eb01-4b5f-8fc5-6c332d1d6951,alten,pv.,meg,alt.,pv.
576f9bd8-ab8e-423a-85cf-851834dbebe3,angres,knaur,futter,angres,k.
2742f211-b50f-42de-ba45-fefd3a83d10f,axelsson,bb.,aprilhexe,axelsson,bb.
0614a672-f271-45e2-99c9-45a71e5727e5,brown,blanvalet,envy,b.,bv.
b975c440-4e89-4ee5-a897-b7157ee002f8,trojanow,dtv,entfesselte,trojanow,dtv
483e1b0d-7625-402e-ad17-f606f4070762,waltari,bastei luebbe,michael,wl.,bl.
9eccf5c3-3f3f-4b9e-8742-4968fef051ee,link,wunderlich,cromwells,l.,wu.
c9544605-a0b1-4e76-b945-fbb48c91751d,guterson,berlin,oestlich,gut.,br.
7710beb9-fc89-468a-b3fd-c0e34ed0d1d2,kinkel,knaur,goetterdaemmerung,kk.,k.
c72ac24f-847a-48ad-b89b-e6a57c695c2c,hansel,brendow,entspannung,hansel,brendow
655f8e2f-15a8-432f-a62b-f3b526eff7c1,westphal,bastei luebbe,azteken,westphal,bl.
271ff831-493a-4652-b650-543596708928,schubert,beck,christus,schubert,be.
64df504d-5c97-40c5-a723-262be6b71607,bennett,heyne,falkland,bennett,h.
8ec4ccea-ded0-4342-9fce-78c237cdf1ac,toffler,sc.,zukunftsschock,toffler,sc.
01dfa1b5-e8a6-406f-91f7-c6a7934cbced,alcantara,dt.,frauen,alcantara,dt.
05adcea6-0256-4726-a870-0bd3c3c7d4fd,archer,bastei luebbe,elfte,a.,bl.
6c63de33-f903-4221-bc14-34a7a9919f5c,ali,diana,steinerne,ai.,da.
26d1b53a-82b6-4a73-b566-602361524dfa,al-Scheich,lenos,sahras,al-Scheich,lenos
f0f50186-d4be-48b1-a426-f03e7971a1e9,allende,suhrkamp,unendliche,al.,s.
bc08bda9-898d-44b5-932f-52e5583f5880,alanyali,rororo,pampers,alanyali,r.
a3ef912f-97ca-4895-b0ae-69633c73f426,arens,bastei luebbe,recyceln,arens,bl.
c759ee39-e54b-4bfd-b3f8-72e2edbf3e08,bachman,ueberreuter,wiso,bam.,ub.
1fd7b99a-a52f-473b-b40f-129fc69595ad,hohlbein,aufbau,bedrohung,ho.,a.
76078577-ace6-4fa0-8571-9d87c97e2e4e,zevin,heyne,uncool,zevin,h.
0c5cb660-3abe-4410-804a-c4a4a0e16623,alders,ny.,templer,alders,ny.
844538a6-d9f0-4b86-a7cb-6481fafcc9d0,tarara,LN,indien,tarara,LN
d041427c-3747-4dcb-ac10-df922b99718c,abele,dm.,werden,abr.,dm.
c62b42e8-1177-4fc7-9cbf-4a679afd7b2d,lorentz,knaur,asturien,lo.,k.
6c03574b-a8eb-4b90-abca-dc262aa7ed7c,levy,knaur,wo,levy,k.
c6f33690-6cde-4179-b548-4d5429480d4d,ali,droemer,brick,ai.,dr.
16d6f66f-238b-4460-b38a-586f6ad58dc7,al-aswani,lenos,jakubijan,al-aswani,lenos
722c5596-1de5-49e6-9a31-f3667682c4a2,alliott,blanvalet,gut,alliott,bv.
5901d57e-e2b4-4c59-b37f-a5a825275316,andrack,kiwi,wandern,andrack,ki.
14c3c210-e99d-4530-a9f5-9083723f2faa,armer,heyne,hiroshima,armer,h.
e6200be8-b587-4199-906c-c839714a2a2b,brown,bastei luebbe,meteor,b.,bl.
9e8edab8-c2e8-4456-9536-93d2343f4f62,hart,piper,schneeflockenbaum,hart,p.
60edb5cf-0905-486f-a60f-bbf509c5c1b1,baneau,piper,laecheln,baneau,p.
cee3aac4-a0a6-44cc-a49b-b0eca42348c6,rublack,fischer,magd,rublack,f.
81d4c5e0-1de6-43a0-9bfe-1eba820b6936,adler,bastei luebbe,rosenkrieg,ae.,bl.
baccdd45-9401-4e78-a025-189af7751022,unbekannt,rtb,u.,u.,rtb
546e5f78-4a43-4b81-b480-9ebbec43e9d7,worell,gondrom,naturwunder,worell,gondrom
d1d8a9ee-e783-4f5c-b4f1-4b2353ff36c2,hetmann,cd.,king,hetmann,cd.
1381b6ac-3a6f-4f61-b201-81dc039d269f,konsalik,lingen,rivalin,k.,l.
cc8abad3-2235-4ba9-ad8d-07f81832a545,reich ranicki,dtv,leben,reich ranicki,dtv
0736f71e-a1d7-4863-bef1-3d5c57685a8b,maalouf,knaur,skarabaeus,maalouf,k.
39668753-bdeb-487b-8b51-82b46f3bc186,shostack,rororo,nisa,shostack,r.
aec19395-15ba-4c8a-a119-300ef3953b1f,rey,deutscher buecherbund,knaurs,rey,d.
08f2fa28-5cd8-400b-b49d-b10b6ec0d318,ralston,ullstein,canyon,ralston,u.
e8b77cdd-32ad-4937-8953-9a2db75a6adc,archer,hp.,arrows,a.,hp.
73eddf25-bd76-4f71-a416-18326fbda725,clayton,bechtermuenz,pharaonen,clayton,bm.
2bc53480-452a-41eb-9f2c-11b83bcdea7d,lorentz,Unknown,tatarin,lo.,Unknown
d618c3f0-c52d-4100-b870-1fe41a513695,mel.,weltbild,karl,mel.,w.
d22ddb89-581b-4a8c-b351-ce989bf1a250,dored,hb.,tiberius,dored,hb.
555847d9-aeb6-409c-a69d-ba5a72cb6e3f,zzz,zzz,zzz,zzz,zzz
a75414da-11b0-40b6-917e-37d380b77a28,buchheim,Unknown,boot,bh.,Unknown
f4de1357-1017-4a9b-9a7a-f3f7c5901e9c,konsalik,bw.,wuestendoktor,k.,bw.
4b5b8657-d708-45ea-aa39-3d259597c20b,paczensky,btb,essens,paczensky,btb
fb3bf553-d981-4b8f-ad97-876a38f96e24,ferriss,ullstein,4,ferriss,u.
2e788169-6d8e-49b6-a52f-ddbdeccb6941,evanovich,goldmann,drei,evanovich,g.
8253656a-c992-4351-900b-360c8d764820,monk kidd,bb.,bienenhueterin,monk kidd,bb.
a1b5bdeb-1bcd-4c63-bdc7-d25455c4dc22,rose,knaur,todesbraeute,rose,k.
f687a923-a2a9-40c1-9fb3-c4cb7a5a3c0c,hoefer,nelles,hong kong,hoefer,nelles
593662a2-eb47-475c-9c0f-26b711db5ded,horx,econ,trendbuero,horx,e.
788cd5cd-9b2f-4c53-ba40-03f6229e27ef,thayer,sc.,jahrhundertmann,thayer,sc.
a046e4e3-e976-4855-b947-aea6a59d4928,adler,peter rump,achtung,ae.,peter rump
70218a39-03fc-4f5d-8e8d-f9a71eedd9ec,ausenda,green volunteers,volunteers,ausenda,green volunteers
7db0c1c5-2beb-4a4f-aea3-9b15bd2ababa,av.,rororo,fluechtige,av.,r.
4f356264-251f-4cf0-bc0b-7cb7d2ab8b7a,bacm.,heyne,menschenjagd,bacm.,h.
4241bbcd-7db2-42d3-81e2-c42566339db0,ballard,bertelsmann,titanic,ballard,b.
88e343b9-aa07-4f95-b7e7-392354a2782e,bachman,etka,shanghai,bam.,etka
45a75f7c-0732-482c-a505-5669521ad616,mischki,mc.,namibia,mischki,mc.
9f73cfa4-8249-4ef8-8afd-9fa2669cdbf6,andrews,goldmann,wasser,an.,g.
99905bd3-9170-4b52-a3b5-3cc0ffa4bf78,andrea,bb.,teufeln,andrea,bb.
0332bc56-fe14-42fd-9362-916b53798376,ani,dt.,idylle,ani,dt.
1e13af87-d734-433a-afa7-f424a64b1a1e,aslam,rowohlt,sinne,aslam,rw.
ade914de-5be4-4b27-ae70-057eb5261602,avold,lw.,einfach,avold,lw.
f70d8a43-b3eb-46d6-b9f8-5284697fb599,abuhlawa,diana,welt,aw.,da.
6cdf864f-3f55-4eec-992b-57fd7c7211e5,baldacci,bertelsmann,praesident,ba.,b.
755300d0-a3b0-4bca-a12b-aed7f3345143,baker,buchgemeinschaft donauland,flucht,baker,bd.
45955a7a-37b7-498e-8efb-4c8c098ee7c0,dahl,piper,misterioso,dahl,p.
fc32ff1f-dc49-4b2e-b609-3284f37c8491,konsalik,lingen,korsarin,k.,l.
5ddf7ca2-6fa6-478d-9dbf-2dd454266ee8,archer,hp.,equals,a.,hp.
ca01df0c-19ab-497c-9c98-6bc3c67245c1,peinkofer,carlsen,schatzinsel,pe.,c.
f6f5b612-baa1-43c1-9768-7b7e89d1fca7,chief,geo,mensch,chief,geo
57f24bc1-6c3d-4b80-a557-54f7e16d1c39,staecker,irisiana,nana,staecker,irisiana
0bb6eb4d-d622-450e-abf0-08cfedf230ee,brierley,Unknown,lange,brierley,Unknown
f28d17d0-33fe-4fa7-87c7-eb07c439567a,allende,suhrkamp,schatten,al.,s.
f710b884-4817-4b14-a1e4-fcf4f23b9579,ankowitsch,ei.,beckenbauer,ankowitsch,ei.
e4842f9b-dcd9-4c07-9482-9a655e4b9f01,abraham,Unknown,onedin,abraham,Unknown
40a1e444-434e-49a1-824c-351c6df93f77,richardson,christian,barcelona,richardson,christian
e3ccfa5c-584e-45d5-aaaf-9f73916624f1,eschbach,bastei luebbe,ausgebrannt,e.,bl.
99a8c4f1-616b-4608-ae94-85d15ff36382,abele,dm.,werden,abr.,dm.
c9bb1bca-f183-461e-869c-d32fb8244fae,allende,bertelsmann,unendliche,al.,b.
87bd519c-e2c0-4345-9521-d00f4028f8a4,bacm.,heyne,menschenjagd,bacm.,h.
6695fc00-c16a-440d-9fe8-95746f44de30,casper,Unknown,zehntausend,casper,Unknown
5678446c-eed5-4139-828b-37502f9f0274,arsan,goldmann,venus,arsan,g.
44601bea-1e45-4b0b-a44b-bcc6354120ca,abuhlawa,diana,waehrend,aw.,da.
e1eed694-f641-48dc-8e09-cb79b4d48d15,brown,luebbe,symbol,b.,lu.
33fd195d-da0a-4cbd-8bed-d0c308bd64e0,ba,fischer,scharlachrote,ba,f.
cf7eaf28-26da-4269-b27d-b7cfb9d64ab5,preston,knaur,ocean,pr.,k.
cba63012-2cb9-485d-9592-b5d79bf37f61,banerjee,heyne,hueterin,banerjee,h.
b95af2fa-56cc-4152-9333-c8b2dcf0b8f7,diederichs,Unknown,altaegyptische,diederichs,Unknown
848d4d46-5a0e-499a-8fce-971724a53bd1,grisham,Unknown,jury,g.,Unknown
cf986a6b-2c97-455d-92b9-a0c29590fa7f,west,deutscher buecherbund,salamander,w.,d.
880218aa-bccf-4432-9eec-032ba475795a,martin,aufbau,nazareth,mrt.,a.
851c4865-c4a2-4d45-a2d3-d85adf24952c,schwan,bertelsmann,besiegt,schwan,b.
30569708-5f61-4f67-8eaa-9c4518ad2a89,pollmer,piper,ernaehrungsirrtuemer,pollmer,p.
7f2a9fa1-0fbe-45f5-ba98-3b8660b5bae6,conan doyle,aufbau,shana,cd.,a.
890d211e-dbda-4187-8720-d45ed3cdd1b6,pk.,goldmann,stillzusitzen,pk.,g.
70e86188-7158-426f-9628-d49f24a45bfe,belfrage,bluechert,moskau,belfrage,bluechert
a1e1339e-a3bf-4839-8923-3fc2a54062cd,amos,deutscher buecherbund,knaurs,amos,d.
7353f6a5-1997-4c96-8276-d6540326a1dd,blum,hb.,boehm,blum,hb.
75d3d9e3-76d7-4075-805e-b656ab5ac645,kaessmann,herder,mitte,kaessmann,he.
e82d8d76-003c-40a2-b295-b628eb689630,coates,ap.,sizilien,ct.,ap.
b231df3a-2f78-4cd5-98b3-3e752fc5d950,adol mar,heyne,makeda,adol mar,h.
4fe7ec7e-bd2d-44b4-8a7f-700ee09f99d3,adler,bastei luebbe,rosenkrieg,ae.,bl.
2a369b6d-674d-497d-97bb-e1f6f2667fe9,alten,heyne,hoellenschlund,alt.,h.
e15adc1d-6713-4a98-ad3c-dcb59ceb4e1c,amend,ra.,bushido,amend,ra.
0b774419-f9c9-460e-abfd-54f154721723,matthies,dtv,ruft,matthies,dtv
fb828fa7-a16d-4381-a3f7-97badd711a25,dethlefsen,bertelsmann,oedipus,dt.,b.
d071ff5b-6b44-4f1c-9107-21cde22df160,buck,droemer knaur,bambus,bc.,dk.
761a3ffb-2641-45a3-a3ca-4647164760d9,arnothy,knaur,wind,arnothy,k.
677c6269-4f1b-4123-83a6-949a02e83e82,attenborough,fl.,lebens,at.,fl.
a8a04b59-74d9-4f20-b757-6e4614b0c9fe,aveline,dbg,tigerauge,aveline,dbg
03e2cdbf-a0c5-4a54-b15a-36773f5a046f,Sheikh-dilthey,dumont,kenya,Sheikh-dilthey,du.
16ac8749-0055-47aa-9196-7358e0310fb6,noack,lm.,drei,noack,lm.
d293ebe8-5393-47b4-80fb-fb6a4fa3cf4e,staffel,volk u. Welt,heimweh,staffel,volk u. Welt
a119071f-3334-4946-9e10-c4ad3fc6f46c,meryn,ueberreuter,mann,meryn,ub.
32b58505-88be-4111-9160-56c290a5a830,eilert,bertelsmann,zweite,eilert,b.
315f2307-fa5a-4b4e-a82a-98092aad1c47,whitelaw,droemer knaur,yoga,whitelaw,dk.
2656a4aa-6f17-4f81-821c-cdc124ab7ad4,steel,goldmann,traeume,s.,g.
c17c277e-9140-4da2-94f3-604f43fd49bb,wood,buch und medien vertrieb,harmonie,wo.,rm.
040c200a-dcab-4bb5-a6a0-7577a1b30b45,abdel-samad,droemer,islamische,abdel-samad,dr.
fd0c3e44-5a7e-41e2-8d9a-3a708d68f5ea,hauptmann,piper,impotenten,hauptmann,p.
550f99ca-9940-4422-9440-10d7bc7b660f,hohlbein,ullstein,paulus,ho.,u.
af5e9055-a0b3-4302-a339-3ad7132e9c3e,amnesty,fischer,jahresbericht,amnesty,f.
2e418d0d-f395-40fb-be15-3c3e7179cdbe,"arnim, v.",knaur,gruene,"arnim, v.",k.
a92088cc-e5ee-4849-954b-0d5ea749e9c7,armstrong,weltbild,gesang,as.,w.
a66e1e8b-07ef-4a78-a0c4-529fdd33ac15,atkinson,deutscher buecherbund,vierte,atkinson,d.
e84f0474-0831-42c5-a9bc-95d85895a98f,aust,hoffman und campe,baader,aust,hc.
b6462904-a6e3-4cc3-9c32-b523c611bb88,brown,Jc lattes,deception,b.,Jc lattes
7069a4a8-ce17-46d2-b8c6-c6937c58bb4b,baldacci,bastei luebbe,praesident,ba.,bl.
7b1ddd7e-4339-4deb-b81d-4e7501c5148f,baldacci,pa.,redemption,ba.,pa.
35e6d52d-ca41-42a4-9db7-1b1d65a22051,backe,urania,physik,backe,urania
2cbf24b5-f95b-429f-bf20-f2a4d29f8b87,amendt,weltkreis,sex,amendt,weltkreis
8544cdb2-feb7-4417-8555-01fbde80021e,geiner,volk u. Welt,wuestenfahrten,geiner,volk u. Welt
1664007f-cccf-47cf-a64b-d6235b8bbf15,heine,btb,feuervogels,heine,btb
402294b9-8dda-4962-8dbe-9ab5a9bab9c8,carnegie,Unknown,freunde,cg.,Unknown
0438639a-0658-43b2-8387-1e448156deee,konzelmann,hb.,gas,ko.,hb.
bfa8ee45-73a2-48c4-bb75-ad3e711898f8,puertolas,fischer,unglaubliche,puertolas,f.
569cca7f-8a2f-4ff7-b7ae-83c48fbb57a7,ayoub,hoffman und campe,engelsgift,ayoub,hc.
5927af77-09e3-4af7-a390-ef55606a0d74,huetter,weitrbrecht,grenzen,huetter,weitrbrecht
f8e75610-0d9d-4b6b-8ab2-dbe047b2a859,feddersen,rosenheimer,wald,feddersen,rs.
b47159ad-32f1-442f-8b29-ab86546f65e1,huerlimann,ullstein,schweiz,huerlimann,u.
b92b9c03-733c-4703-8bb1-ed18e7f27c13,paretti,heyne,marlott,pi.,h.
d6e84221-cf23-4234-9379-b13002d7a620,gier,bastei luebbe,sonderangebot,gier,bl.
8a00fb8d-18b6-4935-8ec9-2c6d898f80db,ben.,heyne,ohne,ben.,h.
aa3f9aea-7d87-409f-b7c7-8bfb0f062452,"dijk, van",ct.,themba,"dijk, van",ct.
19036bc9-ff06-4fe2-9ac0-e95f6811e3f0,steel,bertelsmann,toechter,s.,b.
e3177c39-9dcc-4f94-922c-4dfa9207ec8d,archer,heyne,erbe,a.,h.
1d427ce9-ce77-4b96-baba-bde7e4b121ae,allende,suhrkamp,geschichten,al.,s.
8e9daebe-3fbc-46b0-8bf8-033c44149944,allende,suhrkamp,schatten,al.,s.
fc451540-5be0-4a43-a26b-e3f6ed7fbbf4,brown,luebbe,origin,b.,lu.
e63e7562-2275-4508-bf80-85b844ae4bf0,bach,bastei luebbe,kamelien,bach,bl.
6a71c285-e4ad-4029-933b-b510973a3699,paczensky,orbis,kulturgeschichte,paczensky,orbis
82162a07-2742-4d1d-9c4d-c47e3fad2674,asal,robert gessler,suedamerika,asal,robert gessler
465e4d24-e87d-4dbc-b9b2-f5dd47ecf316,azadi,bertelsmann,iran,az.,b.
591931e9-4a48-4fa2-a7ec-e9b13de5dcc8,hansun,lingen,mann,hansun,l.
3fd0381c-6410-4a5c-8ff2-97699148a98f,bardorff,sf.,brehm,bardorff,sf.
34af9561-4b6b-4d98-b5c5-6d8f809a167e,benard,bertelsmann,kohle,bd.,b.
601eef11-d003-4f7a-ad52-716a5859960f,bergius,bertelsmann,heisser,be.,b.
e3b5d85e-22de-4219-be3f-9a8f4c84e29a,blob,ravensburger,ausgetraeumt,bb.,rv.
48c88133-3741-466a-a382-b459c31b7ffa,bluechel,nt.,naturwunder,blc.,nt.
eca8fb86-02df-4adb-932a-f11eeefa4fa2,brandes,weltbild,korsaren,brandes,w.
685bf392-0c6f-40d2-8f8f-d28beab6e165,"buelow, v.",luebbe ehrenwirth,restlos,"buelow, v.",luebbe ehrenwirth
c268c5f7-b9ab-49f0-abac-bc34bde7473b,burgh,knaur,steinerne,burgh,k.
9aa2069f-a1d1-4b66-9af3-7522e00896cb,crichton,buch und medien vertrieb,timeline,c.,rm.
404abdb4-53a4-43af-9a4a-b78eb93d9d3a,calder,rororo,liebst,calder,r.
81a149ee-d840-4de1-b192-df350c44fe81,carlton,heyne,fashion,carlton,h.
fc2a7fc7-5691-48a0-91c9-49830c707976,ceram,rowohlt,gelehrte,cer.,rw.
49298b48-4a43-446f-b4b7-3548a3bffe2a,bergius,bi.,entdecker,be.,bi.
c7ecadc2-290e-4346-b364-c94f76aec85c,behr,bastei luebbe,soehne,behr,bl.
a90f7fbb-9489-42ee-b5f9-857cc0374dc1,biasini,zsolnay,himmels,biasini,z.
7f90993c-392b-4b7e-bfdf-44c3641a5f33,bayer,buechergilde gutenberg,augen,bayer,bu.
207b2161-6a1f-4419-b23d-265c9b00cb65,bekker,hestia,suendige,bekker,hs.
0b5fa2df-5332-4714-a6ac-7106b5cbc2a0,bender,delphin,weltkrieg,bender,delphin
a6869e5f-2c07-4fec-8c6c-171719f9da2f,bernstein,leo,guru,bernstein,leo
cfd59e46-62c1-4a65-b81e-993b6aa4cde0,charriere,Unknown,banco,ch.,Unknown
b019caa3-1ab5-49fa-8751-af708025a0b2,brokken,kiepenheuer,vergeltung,brokken,kiepenheuer
1494851a-18fe-4f43-a423-17acdb5e2c1a,brugh,knaur,herrin,brugh,k.
abded31b-e355-4482-bda4-2e8ca07da4fb,beste,ap.,australien,beste,ap.
0fbb0109-193c-40fc-b289-8e3025903f31,beta,ullstein,katharsis,beta,u.
eab37547-6139-45da-a00f-da45936aeafd,blyton,dtv,see,bl.,dtv
2bf2bbc3-e6f7-4ca5-86cb-9f1751833f0f,block,av.,dies,blk.,av.
11896c08-cc1c-4758-baee-948bdbd13540,blz.,goldmann,junggesellenwirtschaft,blz.,g.
84b64c47-034a-4078-871e-757df75b3ce3,bol.,random house,kulissen,bol.,rh.
3763d828-d95c-43ea-b8d1-87c06b69b6af,borneman,suhrkamp,geldes,borneman,s.
90803f07-709e-4f6a-8ae5-fcf78f81759a,berger,aufbau,papstes,brg.,a.
d272e5fb-e40b-4cc9-a9a4-54d35171f2aa,bristow,schneekluth,sinfonie,bristow,sk.
a71cf571-d62b-495f-9a8c-71f290a75dca,loh,Unknown,silvia,loh,Unknown
2d4d19b4-1ef6-41bb-9e41-1474f721ef58,kruecker,py.,china,kruecker,py.
44a1498e-3efd-444f-92a3-5f9652950678,chawla,weltbild,teresa,chawla,w.
e0ca2152-26c5-4b45-9a28-1dec46003a2b,bryson,goldmann,streiflichter,bry.,g.
214b99c5-48db-4d07-8eb5-64659e6b3d91,crichton,muechner buecherhaus,endstation,c.,muechner buecherhaus
1aa3d164-6727-4b7d-a925-e2e46581bc6a,caldwell,ck.,melissa,ca.,ck.
902d6c32-607d-4ad6-bcfa-e5aae2ed341d,carrington,bertelsmann,traeume,cag.,b.
81b48073-c131-4607-b23b-3fca3eb51edc,cartland,goldmann,schiff,cartland,g.
86b805c7-3a95-4d70-a267-e902ff5c95fb,conan doyle,aa.,acapulco,cd.,aa.
2f265341-b219-46fe-befa-8c912365c1e5,ceram,rowohlt,gelehrte,cer.,rw.
0af96dab-c41d-40ae-8a53-83ecb88b2bd7,ber.,fischer,mattscheibe,ber.,f.
e229eeed-4837-4e42-9bd0-601cde44e07e,bicos,portobello,revanche,bicos,portobello
0310e3b0-2875-4d9f-baca-f0305470e331,bly.,ka.,pompeji,bly.,ka.
a145c75c-0334-4053-a567-9f36a67b27d0,bonnet,blanvalet,provenzialische,bonnet,bv.
975e3c07-0384-4074-abfa-052d29f8f817,brackman,bastei luebbe,goldenen,brackman,bl.
0ee82437-35b3-4270-a17c-3d24a4e149bc,brando,bertelsmann,leben,brando,b.
97327027-83de-4719-800f-a2a53e020970,bristow,lingen,erde,bristow,l.
e14fab70-9b02-40e0-a563-fe509856d1ec,"brian, o'",ullstein,kanonen,bo.,u.
1c043ff9-938e-437d-a3cf-35277f7b577f,bolle,knaur,grossen,bolle,k.
204387a2-bfed-4f0c-993c-4553c4017660,bongers,motorbuch,porsche,bongers,motorbuch
ee2fe321-e65a-4132-9741-a3dd12b3974d,bowles,goldmann,mag,bowles,g.
de2fb3ff-344c-4b53-9d1f-173ee08063b5,buiko,dt.,goldene,buiko,dt.
3125affb-07ee-4dd0-8151-62699e128c81,canin,fischer,blue,canin,f.
16abbc56-90e0-47b0-8840-e1b5bc7d830a,carpendale,bastei luebbe,oben,carpendale,bl.
2bfb5c85-833c-45b9-bb82-501fa73c509f,conan doyle,marion von schroeder,wuestenmond,cd.,ms.
db449c78-b7de-4438-bbe4-a0f42ac309b9,chang,kb.,cixi,chg.,kb.
865959f6-360e-4908-a6a9-445e5c044c9c,barcata,md.,asien,barcata,md.
de93c75e-9695-457e-8128-a62cbe865084,barone,rodale,hausmittel,barone,rodale
9252417b-6bbe-4d9e-973a-ec85ace3fe47,Bau.-wu,arbor,herbstwind,Bau.-wu,arbor
2909b65c-6520-4a99-89b6-0f61c19e99cb,beigbeder,rowohlt,neunundreißig,beigbeder,rw.
47e613ba-2978-4d4b-ab45-c5e413203241,bickmore,knaur,mond,bi.,k.
1b37c318-8937-471f-a460-0b686433990e,branson,tp.,virginity,branson,tp.
92bb8ab1-1fe2-49ec-bfc0-4dbf0d213bdc,berger,rb.,kanus,brg.,rb.
f30752d3-ed20-46c3-87cd-2b78ab27eae1,bronte,dt.,eyre,bronte,dt.
c661ec62-ce20-417d-8330-4c2eede95ff5,bryson,goldmann,geschichte,bry.,g.
c9e2c61f-70e6-4a07-b95f-d5bd3ad57c86,bunzel,droemer knaur,osterie,bunzel,dk.
08db4ada-7a9b-4ccb-a253-89aea82afc5f,caldwell,heyne,herz,ca.,h.
1d7c7d81-7705-4518-ab85-257fc1155a61,calleja,ediciones miguel sanchez,granada,calleja,ediciones miguel sanchez
43200685-8afc-45ce-b95e-7a9edcfecf97,canavan,blanvalet,priester,canavan,bv.
766b3b12-831d-4f7b-8842-a1ea9aa25df6,carnegie,buchgemeinschaft donauland,eisblumen,cg.,bd.
67ad24cf-9899-4359-8a75-f29cc74aaada,bauer,lingen,fueße,bau.,l.
0a1c61d1-1230-4866-bf54-2249f3df04e2,busch,Unknown,moritz,busch,Unknown
49ad0c2d-8d1c-46aa-a92b-eadd587c82c0,bergius,goldmann,endstation,be.,g.
f8f2a758-db58-4b7a-82a7-a7823ed7c6bd,bergius,heyne,muehlen,be.,h.
72afa50f-ec03-492d-a0ee-b8fa82fad9c1,beebe hill,ks.,yo,beebe hill,ks.
0c251eb0-2971-4c48-8988-a021619049a3,benedict,blanvalet,papaya,benedict,bv.
88fe3173-bf7a-4c66-8b20-0d460973eb73,berendt,knaur,leben,berendt,k.
afb90c83-75a4-47c7-9f01-bcab75d84839,bagley,goldmann,sog,bg.,g.
b18545f2-da38-4c39-b272-27abccd13c71,bagley,goldmann,erdrutsch,bg.,g.
c9111206-bd51-4f43-a2bb-5af5c2f568c2,buchheim,hoffman und campe,festung,bh.,hc.
29a8469a-dd5f-4771-ad6a-7ba6e66080f6,bga.,kc.,verschwinden,bga.,kc.
17eb5964-8b08-47d2-a098-93c4c7a871c9,burdett,ml.,hongkong,burdett,ml.
7ba52680-179e-46d1-b947-bf8cab8b2a57,crichton,kb.,beute,c.,kb.
cd939a96-ecc7-4fae-8ea4-2a7a746679f3,cabot,bertelsmann,prinzessin,cabot,b.
b0518453-2a6c-4ff6-bd95-17da59634628,carrington,horizont,steppe,cag.,horizont
9faf55a0-977e-40e8-9417-3e732689c78d,case,bastei luebbe,siegel,case,bl.
6b985668-5f38-4f55-820a-8b5f0a7019d6,conan doyle,blanvalet,feuerfrau,cd.,bv.
95da0d0f-05b2-4531-980d-4e2d72f8066e,conan doyle,dt.,heissem,cd.,dt.
dc2f0724-afe5-4a23-815b-1d99d5f99926,bn.,bertelsmann,beast,bn.,b.
4473670e-f2fa-4b7a-9eb3-bafea57b160a,braem,bastei luebbe,tara,bra.,bl.
65b3207e-13e7-4c28-99e2-3ea3fbb9a9e6,berger,atv,geliebte,brg.,atv
2aeb7a49-fdca-4376-be5d-111d918265a2,brink,goldmann,pestmauer,brink,g.
44fee71f-afe5-4d9d-903a-7cfbe075f8f9,buchwald,knaur,impfen,buchwald,k.
4cb753bd-c9a2-418b-85db-97063f0f9ad2,cheng,goldmann,gallische,ce.,g.
d77784ad-0576-4f92-9c7c-430e16f7ec98,barak,buch und medien vertrieb,herz,barak,rm.
9fc23abd-0fc6-463a-99f7-62a98537e33d,cornwell,rororo,stonehenge,cornwell,r.
54fd80d9-faa6-4c71-820f-e023c2f6b57a,behrendt,blanvalet,steht,behrendt,bv.
9d2bbfd5-f51b-4c9a-b864-ea6c4b7ef9ef,bei.,weltbild,kathedrale,bei.,w.
d485cc3b-735f-4a47-8437-49b3d2de9cbc,bentz,eg.,tiergeschichten,bentz,eg.
e4e8d578-e3b1-4003-9b17-3506e8b1d297,bly.,bertelsmann,pompeji,bly.,b.
a7d8f405-24dd-4c21-8d9a-9f477bc038f0,boerchers,societaets,routen,boerchers,societaets
e989ee00-67c1-415e-a8bb-610e1db66d09,braem,piper,loewe,bra.,p.
09daba11-997c-45ca-b355-728a689ed456,brendt,maritim,seawolf,bre.,maritim
e1eb52ff-34b3-4497-ba01-b9294f5e5a37,buschey,kz.,geliebte,buschey,kz.
7888ea33-a927-4196-bd11-f2311c0af83f,"c,, r.",deutscher buecherbund,camerons,"c,, r.",d.
48189615-01b5-4a22-a25e-d47cece7547e,carrington,knaur,muschelhaendlers,cag.,k.
1de8b259-51fe-48ec-a85a-3dce10d67c8b,camilleri,bastei luebbe,terracotta,camilleri,bl.
22a1449e-49f8-4bb6-a03d-7f46b1d65c3a,conan doyle,ct.,goldene,cd.,ct.
25a017cc-02d6-44ed-b695-85658e1bfba0,cerrato,atb,valle,cerrato,atb
b37942cf-1321-4648-93eb-5bb4da31ee2a,child,wunderlich,nullpunkt,child,wu.
8235c761-8c6d-4a75-b6df-42ac02ceb462,barry,blt,tricky,barry,blt
67a57ab2-098b-4b0f-a5ba-56dfdff84c52,scheffel,suhrkamp,bevor,scheffel,s.
4148b50a-cbcf-4632-b5bc-bfe0afd7d058,belasco,wa.,buffalo,belasco,wa.
47ba3544-6028-4dfc-a295-5b54be945db1,bobuyen,fischer,lessing,bobuyen,f.
130665fe-2b42-44fb-9692-244f774b877a,buscaini,bruckmann,patagonien,buscaini,bruckmann
9821ab51-5778-4df3-9dfa-024b40d3a404,bednarz,blanvalet,ballade,bz.,bv.
3ff7335e-24a1-418a-907d-7d2c8039da00,conan doyle,marion von schroeder,traumjaegerin,cd.,ms.
010c33e4-8f6e-4372-a760-ed31da613298,carnegie,sueddeutsche zeitung,sorge,cg.,sz.
42366071-249d-4222-a7f3-3b43c9436b85,chafets,goldmann,feine,chafets,g.
0809aadb-4de7-45ba-b49b-345001fd6964,barber,heyne,magari,bar.,h.
5eab8d64-97a7-419a-87a4-8913ac0a2c9d,boehm,ml.,manaslu,boehm,ml.
a9f1bf35-09de-43a0-a259-b5b843ae61f4,brady,piper,carrick,brady,p.
4e54fa7e-1868-4b2d-8590-5bf0a4257ac0,brille,bastei luebbe,tatortreiniger,brille,bl.
393bff74-b950-4d4a-b03e-d76314e24907,britton,heyne,agent,britton,h.
6cf7dd7a-502b-411b-9a21-0887d062231f,brost,goldmann,ticken,brost,g.
177a6c2d-cc93-406a-95b0-9611910df2e9,buchner,rosenheimer,grat,buchner,rs.
dddf2a23-d1b0-41c2-9276-c68d81470cc6,bukowski,ullstein,eisgang,bukowski,u.
05128f82-2268-4ea2-9506-968b8a6bd928,almedingen,md.,romanows,almedingen,md.
e34149bd-50d6-4f2a-af7b-577b07b1b298,bey.,sc.,falke,bey.,sc.
c2ac8e0e-f3b5-4291-b5aa-38c1dbddf14a,bin ladin,knaur,zerrissene,bin ladin,k.
e8e89840-b2b8-4978-b72d-2bd627413ab5,burke,pendragon,orleans,bk.,pendragon
1f6fd85b-157b-4164-a71a-b78715331d44,brendt,cob.,boarderlines,bre.,cob.
12f46174-1672-4349-a0e6-d6aa84984b12,bauer,aufbau,hahnemanns,bau.,a.
55876786-a323-4719-932d-ce6effd9bb90,buck,heyne,soehne,bc.,h.
5f50ebaa-2d87-49f6-8cd1-481a9f3747ee,berger,sammlung dieterich,columbus,brg.,sammlung dieterich
7850a81d-fb52-41c7-ba3f-aa4d066750a4,berger,atv,geliebte,brg.,atv
73b476d7-83d8-41a9-8c96-491145183cba,brinkbaeumer,goldmann,reise,brinkbaeumer,g.
000c4813-2227-4b84-99a1-d3d514b007c2,bunin,piper,grammatik,bunin,p.
709fa06a-5d11-403a-b51b-395edca54ff3,burgard,solibro,journalismus,burgard,solibro
077561b1-6229-423a-a9d1-fa70570a93bc,crichton,knaur,nippon,c.,k.
2da44639-3073-4bf7-9112-a42dc88fd07c,casanova,goldmann,wilde,casanova,g.
29f08ac3-52f8-4800-8ff9-b2e61a19b788,conan doyle,goldmann,silbermuschel,cd.,g.
c6333b3d-3ab2-4e6f-bf45-2be1d7c39dba,charney,heyne,sensei,charney,h.
4a2d9be1-cffc-4232-a91f-0545d580a0bb,belina,silva,traumberge,belina,silva
d2399aee-71fb-438b-8534-ac899366d1e6,bergman,hoffman und campe,leben,bergman,hc.
879d9147-9284-4383-94e2-6bef9cbdd176,berthold,eg.,treck,berthold,eg.
09573960-90a2-4568-bbe7-3e0e3c9c47c0,buck,zsolnay,erde,bc.,z.
32d1ff87-754f-49d0-bd6f-916c42723634,benard,heyne,baskenmuetze,bd.,h.
c33046ef-6901-4a3b-9c20-90ff75dc7c0d,beckett,axel springer,tiere,beckett,axel springer
9d7db05b-1ae1-4bbe-bd1b-b94a135961d2,brueckner,bertelsmann,quints,brueckner,b.
4bb3e874-50e2-437f-ba9d-345e231b7d9f,burk,heyne,wenigstens,bu.,h.
a6a40b3c-b79c-4c61-abb8-76884e6a7c6d,crichton,muenchner buecherhaus,endstation,c.,muenchner buecherhaus
98b846bc-c00d-495f-94b6-3ba3d830ac54,crichton,bertelsmann,dinopark,c.,b.
0328fae0-ebf4-47ec-846c-cf109ceb4516,caldwell,bw.,turnbulls,ca.,bw.
fcbe7199-c097-42d8-a5cd-8b4f2043a2bb,canavan,blanvalet,rebellin,canavan,bv.
e54a6789-e237-4c7d-aa63-ea2007c35da6,besley,frech,bts,besley,frech
ea98e45d-9878-4626-b3e6-c9ba54a7b0c5,birkner,europa,tatarenpredigt,birkner,europa
6fb82304-e2ee-45af-a832-1f3fe589c06a,bly.,bertelsmann,pompeji,bly.,b.
c378d404-0022-4121-99ab-fba3bce9f6bd,forde,dut.,habitat,forde,dut.
45503836-2e7b-4882-9a16-52ecd32451ae,boije at gennaes,heyne,nice,boije at gennaes,h.
98f32a8e-70cd-4997-abf3-5756476295ab,bourdain,goldmann,kuechenchefs,bourdain,g.
2f11431a-0038-43ec-8764-b9ae357ec643,cheng,goldmann,gallische,ce.,g.
73088602-93db-4876-b0f6-5be3b8e4aea0,chan,heyne,action,chan,h.
9a18a239-a9d1-4315-b6be-5df1a18d8126,chang,flamingo,swans,chg.,flamingo
7712c4c4-7695-4f51-a211-c73f92e58fc6,beckenbauer,bertelsmann,einer,bcb.,b.
eba8eb34-e6e9-4a03-bff5-90fa99d18fb5,bergin,db.,australien,bergin,db.
ecc815e4-4c9f-45e8-9f38-8eb85e302f45,bernhart,berg,alaska,bernhart,berg
a20d4327-5c15-479a-ab41-02ce8abd30cb,budnitz,insel,grosse,budnitz,insel
79b997aa-4011-4264-a529-59746f2b0ed6,busse,heyne,konsumenten,busse,h.
a260d691-67c5-4e51-b26d-387c034940b2,braunburg,rororo,international,braunburg,r.
0292fd2e-9f4d-4550-8569-205a8fa9b305,"bredow, v.",bertelsmann,keile,"bredow, v.",b.
1767714a-2c9c-403f-8254-425d34019765,burk,moewig,nackte,bu.,m.
8b08a41c-83db-40dd-9e2a-2c5ca6764864,brand,heyne,revolution,brand,h.
00404229-d675-4909-953e-1a86e48a4e55,bergius,goldmann,medaillon,be.,g.
854947e8-170e-4561-a44d-dc27dd122e1f,beck,marix,frauen,beck,marix
be1f2b94-5927-486e-96a0-48f617a4295f,bernatzik,bertelsmann,nil,bernatzik,b.
adf6df47-48df-46d5-a44d-48335912fb7e,buchheim,dt.,boot,bh.,dt.
25ad889e-79c5-490d-a061-49199ab4b27c,crichton,goldmann,endstation,c.,g.
6fd2e260-f0bf-4408-b478-dbf7b6085811,crichton,droemer knaur,enthuellung,c.,dk.
ecf54ed0-0d85-48c2-8484-35d8ab7dc29c,"c., r.",gutenberg,vittoria,"c., r.",gutenberg
f14f76e0-33bb-494f-b588-df7fea3780e3,caidin,bt.,witch,caidin,bt.
a2b9c943-15bf-4272-b9c6-b74d4519c5ba,conan doyle,ct.,zeichen,cd.,ct.
730402f4-a550-4314-96f0-f774dce11b30,conan doyle,buch und medien vertrieb,silbermuschel,cd.,rm.
a0ab4412-2a7e-4283-8aa7-be8e22e675ea,cerci,buchvertrieb,buchevangelisten,cerci,buchvertrieb
21730756-ab8c-42b8-ba06-da6ad0b81342,condie,fischer,auswahl,condie,f.
3f35afda-fce4-443e-b928-33376189708f,blixen,Unknown,jenseits,bx.,Unknown
8f4626f9-1bdc-4ecf-88f9-9b7f0c9a9876,barrault,hb.,hai,barrault,hb.
701056b9-e5ca-447f-acde-2d4d73813f91,bauer,carl hanser,nervensaege,bau.,ha.
bbdf5b07-3ad2-4e10-9751-f6ddb66f60c2,bleuel,pf.,portraet,bleuel,pf.
32b28d16-660f-4e05-987d-c3707cf53870,schneider,fischer,abenteuer,schneider,f.
51c8f25f-ddf2-4a18-b57f-2af55736d89d,brent,bertelsmann,mondbaum,brent,b.
72824b44-10e9-410d-a86f-2f6543ea6a40,banville,goldmann,athena,banville,g.
c4a31a51-32da-4d23-af6a-633bd81363a7,barnett,bertelsmann,welt,barnett,b.
6c0e9ce0-eb94-46c0-acb6-757e13ae647e,buck,dtv,missionar,bc.,dtv
08a65bfd-ba32-485f-9b67-5670d7b1831b,brooks,bb.,toechter,brooks,bb.
97392c4d-d6ab-482d-a63e-cead39e5d991,buzzatti,kc.,tatarenwueste,buzzatti,kc.
0ad91243-8ce3-482a-9593-1f68aee4d380,byrnes,knaur,relictum,byrnes,k.
e08c00b4-4916-4f1c-b3d7-9a0561116fcb,crichton,bertelsmann,airframe,c.,b.
60e1ff72-af04-4aca-af8c-993e94164e8c,capote,penguin,tree,capote,pe.
113656aa-dfc9-4aab-b6b5-0c9895a09aa9,camilleri,bastei luebbe,ritual,camilleri,bl.
5de46f8c-e883-4a8c-8685-5d12d9bf8aa3,carstensen,boje,rittersagen,carstensen,boje
aa53c03e-653b-4d21-b10b-c56b74fceac9,ceram,rororo,amerikaner,cer.,r.
2d495a9e-3818-4433-aba2-88da56fedff0,cerutti,neue zuericher zeitung,china,cerutti,neue zuericher zeitung
df05e17a-f238-4c04-ae93-995077e0090e,charriere,fischer,papillon,ch.,f.
6197ea8e-e599-408f-8f8c-c69cc0eda793,bergius,goldmann,jenseits,be.,g.
c5204faf-b62e-4cd9-823f-e7b2af58fe09,bergius,bertelsmann,baronessa,be.,b.
846b7914-d3a7-4ab0-b265-1b086ffb0ada,bergius,heyne,rebell,be.,h.
110d1d9c-34f1-4293-adda-a4cb5784e177,bednarz,Unknown,oestlich,bz.,Unknown
dedb764d-fffc-44d6-a80d-f2b2b0c72b5b,boh.,kz.,mitte,boh.,kz.
4bde5c3a-c1a9-4b03-9195-2d127726a9e3,bowman,ullstein,loewenhof,bom.,u.
9146582f-245d-4bda-b977-ed3b8c81f8bb,berger,aufbau,komm,brg.,a.
2bb9b90e-60f4-4ff4-b8ec-c62a039b4d04,bruce,ullstein,maenner,bruce,u.
c50b3428-bf8d-4168-8057-27f16c64915d,burk,moewig,herrlich,bu.,m.
f69969f8-c498-4b00-bf52-57e7e02b5cc2,buchwald,knaur,impfen,buchwald,k.
ae11da3c-5c46-494e-94db-5c16d61d29a4,buechner,Unknown,woyzeck,buechner,Unknown
304fb6cc-7df8-44be-b1f7-36f2fab924ad,belago,bastei luebbe,surinam,belago,bl.
a4109c5c-6f35-4c22-a7bd-b65bb982f204,bickmore,ds.,elefanten,bi.,ds.
d88f965e-275f-4566-a3a7-2f28a2e38c27,biebricher,bpb,theorie,biebricher,bpb
bc17b134-686f-4278-9912-401c84f92bf8,bluechel,bertelsmann,heilen,blc.,b.
90e8f354-6047-44c1-8394-f7dffe6cd5ed,wood,weltbild,goldene,wo.,w.
0f54a5ef-cf4a-43b1-a6e3-a0f659c40cf8,lfx.,cl.,alexander,lfx.,cl.
db4dba13-d987-482e-8644-ca6ab303fed5,buzan,mvg,speedreading,buz.,mvg
507d1609-0ab6-476a-8889-4ec18984f8c1,bauer,heyne,pikten,bau.,h.
a548f3a9-aa2e-4208-a48d-a03f6c036cdf,buck,ullstein,faenden,bc.,u.
3331a468-ada7-4ae7-856b-bfce52c529c2,bean,wk,kleinasien,bean,wk
b1b7e08d-7a61-44ae-bb3c-2f511a1d44c6,bm.,dt.,columbus,bm.,dt.
df0e4f63-94e9-434a-92af-30062e82ff84,berger,aufbau,heimliche,brg.,a.
26617312-afa2-4bf7-9622-2360b845b4b7,buchbender,cb.,gesicht,buchbender,cb.
1e008760-4381-4ba2-acc9-e776668c5191,buckley,fischer,danke,buckley,f.
05ab2213-8ea8-4634-8237-383c85672773,bulwer-lytton,lw.,alf,but.,lw.
2cfa5f17-4378-4ca3-9369-141fb294f143,crichton,goldmann,beute,c.,g.
03feccb0-ebbf-47d9-8d15-996f78112752,crichton,hp.,next,c.,hp.
239129d6-177c-42c4-b099-4f5bef6ffaea,carmichael,dt.,zoe,carmichael,dt.
0a361380-6a9b-4aa5-8ed4-2f48dbb3cee7,carnegie,bertelsmann,erfolg,cg.,b.
35e64d5a-509f-4804-a97c-f2b7004ddce1,charriere,lingen,banco,ch.,l.
ec0cc8a2-4d16-4b72-b8bc-1961905b34e4,chase,bastei luebbe,aufschrei,chase,bl.
d9744b49-8d18-4e5a-a476-1f7bdbe65379,barille,goldmann,venus,barille,g.
6492f312-88fd-4538-b8c5-26841ea7fec5,buck,droemer knaur,bambus,bc.,dk.
e61700a1-6438-49fb-876f-db85ba4d8074,benard,eg.,krieges,bd.,eg.
68aa4fdc-60d2-4afc-9d54-9aa019465a7e,bannalec,goldmann,bretonische,bannalec,g.
b7b2a19c-3c46-43d9-9849-c2d1a799ad55,bolton,Unknown,schlangenhaus,bolton,Unknown
918dd111-5413-4d21-ba29-fa7708c290d3,bol.,heyne,nichts,bol.,h.
e50fe492-7d65-461f-b9be-54062be3032f,bonatti,as,berge,bonatti,as
8585dd0b-b462-4bf4-a171-cd7087064b4a,crichton,droemer knaur,andromeda,c.,dk.
becf5cd1-1b33-4b45-adc4-2b96f834f175,calleja,ediciones miguel sanchez,granada,calleja,ediciones miguel sanchez
91d450fe-9816-4e58-9f85-8a76ccda35e2,cato,new english library,rivers,cato,new english library
e0bcc4fa-458b-4202-8def-49b28b24f4ad,beagley,heyne,kiel,beagley,h.
de944dba-acaf-4c88-91d3-cd7a1ef5694c,bedford,heyne,zeichner,bedford,h.
a7b51c60-13df-4745-a29a-7424060db1ed,ben.,droemer,tier,ben.,dr.
c408db07-f7c7-44bd-b073-e051163afaf0,bernuthin,RM,untreu,bernuthin,RM
66e755d6-61b0-4c3e-b724-2255cc8808b2,blyton,dtv,see,bl.,dtv
c0d9a8d0-2d63-467a-b44b-d10fb0c93744,holt,knaur,masken,ht.,k.
77b3e25a-f57c-4601-b9dc-2cb541229743,nl.,ng.,indien,nl.,ng.
42181596-1166-4c29-8ad2-1c9a00bb07f7,bagley,ts.,atemlos,bg.,ts.
715fadab-433d-4fb0-ad1e-a253a2f1803e,buchheim,albrecht knaus,luxusliner,bh.,albrecht knaus
eea02378-6224-474f-8ccc-8e73b62e6156,conan doyle,knaur,kenja,cd.,k.
1e10bf5e-b9bf-4bdb-8ce4-bf59af432972,bauer,dt.,ismael,bau.,dt.
2257070d-c602-419f-98c0-ae86305d3b31,blob,ravensburger,beirut,bb.,rv.
37ddfab1-61dc-4695-b081-a83a42fd2306,buschkowsky,heyne,luegen,bs.,h.
3978776e-8d72-4bd6-80bd-339906dbd489,caldwell,schneekluth,ruhmreicher,ca.,sk.
f7bec144-f119-48bc-bc1c-43489e754716,bickmore,buch und medien vertrieb,berührt,bi.,rm.
2a8748d5-941f-4b96-9212-94922de087ab,bittrich,rororo,gummibaerchen,bittrich,r.
fe2803f0-27d1-4f6a-b8fc-d49d90a0020c,blyton,dt.,geheimnis,bl.,dt.
fdd6a6fa-4648-4c1d-a9fa-9eb65b22a8b9,bly.,area,pompeji,bly.,area
ce6f7b3c-397d-49cc-ad54-c2c42ec767f5,brackmann,kc.,norm,brackmann,kc.
e3607b6d-c66c-4fa2-99b6-e52c4874c517,krajewski,Unknown,breslau,krajewski,Unknown
8b6292e7-8b9f-4e9b-bc56-b68eeaaf1917,brandt,bertelsmann,freundesland,brandt,b.
d169d5e9-a29f-4178-8ec0-dd99046dd9d3,bruckner,jugend und volk,goldene,bru.,jugend und volk
384d61bc-0588-4fd3-a296-42bc34755a7a,berlitz,knaur,kontinent,berlitz,k.
f4b27b24-b204-4832-a776-6b04953ace1b,herrndorf,rororo,tschick,herrndorf,r.
7baf68ff-a16f-4414-aec0-d61d30dabf39,chesterton,fischer,pater,chesterton,f.
aba99357-980f-4ba7-9771-f998b560b03d,barber,heyne,tanamera,bar.,h.
68032a46-4b82-49a3-82f2-d8a2e3ad23ce,buck,bw.,bambus,bc.,bw.
bc368d02-e5ad-4b1a-b7b2-20f8a4e128c3,benesch,bertelsmann,kulturen,benesch,b.
7f013730-e90e-4dbc-9477-d08f0418bc29,ber.,vgs,australien,ber.,vgs
ba390f28-edb1-463c-a684-03e8b121f322,bagley,pb.,atemlos,bg.,pb.
46cbe2cc-f267-4728-918a-25ec445c56e8,biller,f. bruckmann,seen,biller,f. bruckmann
c89b9212-3e2c-4872-8715-7a8cee900622,bisping,py.,baltikum,bisping,py.
17c8fe94-f05b-45bd-aee6-36e6c1b7d1bb,blake,bastei luebbe,wolf,blake,bl.
27563abc-aa16-41b7-9301-226b8ca62778,brecht,Unknown,courage,br.,Unknown
52cb420f-7c91-465b-8697-65bfafa2c443,"brian, o'",knaur,spaniens,bo.,k.
fc5a4ed9-e337-4470-81d7-9b2038b8391c,bredow,goldmann,leben,bredow,g.
03b7b07e-8b83-4c7b-8f55-64fc11408f6f,bryson,bs.,down,bry.,bs.
33ec041c-653e-405f-892c-3fb60c467f67,link,Unknown,sturmzeit,l.,Unknown
123aaf48-ae1f-439e-9e71-b8a3baa9206d,burns,heyne,sarah's,burns,h.
f81fcc68-d6e3-433a-b581-8c358d20e5d6,carr,Unknown,einkreisung,carr,Unknown
c68492dc-5221-484b-ae24-ca7cc6d2fd5c,sick,kiepenheuer & witsch,dativ,sick,kw.
9e00e56f-2d3c-4467-a635-351e5cc1be76,daners,dumont,istanbul,daners,du.
01421a97-6423-4e84-a8e6-720da1352eef,deighton,heyne,ss,dg.,h.
0808c7c9-d76c-4a69-8b98-f8bf79411152,dibdin,goldmann,vendetta,di.,g.
69a39d0a-c573-4395-8d67-edbd0585e975,caldwell,bertelsmann,werfe,ca.,b.
fbbf390d-b27b-41ef-a024-97de3d42314c,caldwell,bastei luebbe,geheimnis,ca.,bl.
36dc0e42-d588-4cab-add1-77970d844527,carol oates,bb.,schliesse,carol oates,bb.
7f2a59f4-e927-456d-8e10-1a2c74a04a23,carver,knaur,heat,carver,k.
a8ee3761-a024-4079-902f-f8765961b5a0,casanova,goldmann,wilde,casanova,g.
fc02522a-514d-417c-90d3-23827691eb22,charroux,econ,vergessene,charroux,e.
2e4dd8c5-6373-482d-a17f-e5dc0a4f376b,chevalier,list,perlenohrring,chevalier,ls.
be6deeeb-37a1-4de8-82fa-cb194364750b,ciantar,ullstein,1000,ciantar,u.
2a57ebc7-699b-4fd1-bcce-8de87d3f7316,conroy,bastei luebbe,trennende,conroy,bl.
941b5029-da76-4edb-80c3-4e67a2d32d3f,cookson,gustav luebbe,verhaengnisvolles,cookson,gl.
c5b24b02-5968-4096-8e17-45f02f985bb8,clavell,droemer knaur,wirbelsturm,cv.,dk.
cef660de-b712-4367-939e-aae3421c106c,eco,Unknown,rose,ec.,Unknown
7983be16-e3ca-4ebb-aa68-5a16546ac58a,disselhoff,heyne,inka,disselhoff,h.
9f1f9840-5596-4ab2-af47-4b9e7397e0e5,"draanen, van",carlsen,ausgeflippt,"draanen, van",c.
fd8d026a-7793-466d-934e-1632a3eafefd,ebert,knaur,fluch,eb.,k.
5ed27b84-af02-48c2-851c-d35f833d6ad1,classen,hans-nietsch,tolteken,classen,hans-nietsch
3e517712-290f-4fad-b4bd-585540baf56f,cornwell,ullstein,bogenschuetze,co.,u.
ddd4e20a-9195-43c1-a08d-ce05e410b2d3,coburn,goldmann,aama,coburn,g.
f51d203a-d320-41d7-884e-b518095d02cc,cooney,carlsen,anaxandra,cooney,c.
82433631-3a67-4fb4-97f3-70d3cde07158,cormier,cn.,first,cormier,cn.
dc9c4009-927e-411c-9ca8-3515de5bfcef,cordes,carl hanser,lionboy,cs.,ha.
d0b480f7-4f56-4770-98d6-488f2cb052e6,dailey,vv.,suedwesten,dailey,vv.
c589e704-bf6c-4e68-a377-6105efebd8bc,day,heyne,crossfire,day,h.
dd602dc7-bc93-4f29-99c0-fc4cd638790f,ehrhardt,bertelsmann,gute,ehrhardt,b.
cf00af9f-f1a8-472b-a44e-2e2ecef29091,ehrich,ullstein,frame,ehrich,u.
c29699ad-9be8-4ea1-81e2-650d74f831a7,ching sledge,bertelsmann,windtigers,ching sledge,b.
8a52342e-88be-4097-adb9-5fdfe0d4eca0,christie,sueddeutsche zeitung,paddington,ci.,sz.
5fa48be0-aa36-430f-b739-e688cf074299,doerner,psychiatrie,irren,doerner,psychiatrie
ad687a55-3210-473d-a6f0-65e46cf2ceea,schweikert,knaur,hexe,sw.,k.
8996f97b-2d41-491d-9f76-b0a7f53f389f,donovan,bb.,buddha,donovan,bb.
611da75c-55c2-49d8-852a-2a4488b8f363,dethlefsen,bertelsmann,weg,dt.,b.
834b7a46-2829-4400-b356-987a55b26536,dumas,deutscher buecherbund,hamilton,dumas,d.
c4bd1327-c46e-40e3-9bd2-c527eabe0a9b,conrad,bertelsmann,taifun,conrad,b.
14dad1cd-afad-46e5-91d3-8f99c5aef489,conroy,buch und medien vertrieb,herren,conroy,rm.
5680603a-bdb1-43b5-8430-e6a16088989f,coppel,heyne,war,cp.,h.
993bf5eb-143d-4093-b4ef-696e208a5053,"carre, le",list,dame,cr.,ls.
1f503429-c171-4f40-b1cf-febdec73fa48,cussler,goldmann,sahara,cu.,g.
3e798df7-2619-4bac-abd3-cff112885580,demski,frankfurter,afra,demski,frankfurter
4d39dcb4-1b2d-4c9e-8c92-ffd56b3f06f5,duerrenmatt,bertelsmann,grieche,dm.,b.
62c8c6b1-807c-48b5-8a2d-e73354c964e1,dobelli,carl hanser,denkens,dobelli,ha.
99e6656a-12d9-4c58-9d7a-e18be48988b3,domenica,knaur,seele,domenica,k.
3160eeb3-448d-4db0-b97b-bdd5f04c19ec,dobyns,bastei luebbe,daemon,dy.,bl.
06c87a10-5b19-419b-bf9e-56dde3f45779,ehrensvaerd,hallwag,steinzeit,ehrensvaerd,hallwag
96d1bf9a-562e-4d95-95e4-3645a033e0b5,clifford,heyne,pendler,clifford,h.
e8b8625b-37a0-4784-b8e1-7621ee65838b,edschmid,zsolnay,suedreich,edschmid,z.
787d5ddc-4b05-416d-83d0-f772f1d0d13b,cole,heyne,gefangene,cole,h.
43afce19-5562-44e9-91e4-e4e11c4c0809,cordy,heyne,gen,cordy,h.
b50fd0ec-988c-4285-b921-d69a8b450d53,christilian,heyne,manhattan,christilian,h.
309b0d83-58b9-4acd-a615-6e87e52c2e58,clarke,bs.,merde,clarke,bs.
4a42ccee-92fb-427c-9066-55b29b8e89e3,coe,bechtermuenz,kolumbus,coe,bm.
0a8d074c-4c3b-4fe2-95cc-3f7addfd2dc8,carroll,goldmann,finale,col.,g.
cc63ce1f-69a6-4ee3-8a3c-40de78717497,dahl,penguin,kiss,dahl,pe.
1666e652-93bf-4da9-bdc7-88e98a375d2d,"daeniken, von",econ,kiribati,"daeniken, von",e.
7c7aec9c-e46c-45f3-aec3-051e82d459c0,degre,ullstein,tippi,degre,u.
77707c60-45b1-4bf6-987d-ec30db8261e2,dershowitz,schweizer,sunny,dershowitz,schweizer
399d5864-fe2d-40d5-bc12-bb69636113e7,dershowitz,schweizer,sunny,dershowitz,schweizer
353bfb3a-f9f9-4d75-baa6-c867021fff6e,dibdin,goldmann,sizilianisches,di.,g.
1fba29c0-c2a1-46b1-b79b-5607262e7be0,djura,heyne,schleier,dj.,h.
6904e0eb-237a-47c6-9cd7-f41807e9f77e,donovan,bb.,bitterkalter,donovan,bb.
1f1df755-ac42-4bd0-9673-e5a7f59187de,dirie,blanvalet,nomadentochter,dr.,bv.
2dcfca18-a0d3-4b5c-a198-6caae2e6eb31,durrell,rororo,baltharzar,durrell,r.
3e0cb569-9d97-4db3-8844-440c774ad164,eschbach,arena,time,e.,ar.
0c6ae47e-5766-4f20-a725-bc5e85804e65,ebert,knaur,hebamme,ebert,k.
79202474-4614-40e9-877e-1fc0d9ce98f0,cooney,bertelsmann,eiserne,cooney,b.
27d93f68-b54d-4c82-bb0a-0dd43c503eb7,croggon,bastei luebbe,gabe,croggon,bl.
a882b06a-8965-4b47-935f-4eaa0f451dea,dangor,atlantic books,fruit,dangor,atlantic books
5faedf97-35fc-4113-bd0f-037abdfa830a,"ditfurth, v.",rr.,apfelbaeumchen,dit.,rr.
fba2b6e3-0a9a-4776-a7dd-44c70bb091e2,douglas,df.,geheimakte,douglas,df.
64f1aa7c-bdf1-4b23-8d13-303ffaee9208,cicero,Unknown,catalina,cc.,Unknown
3a2dd678-8960-47ce-a077-cd16cc0a998a,eisler,fischer,tokio,eisler,f.
31651447-b214-4146-b349-16dbba124aa4,ernst,rosenheimer,lena,ernst,rs.
6b08047d-323b-4026-ae27-59db807c76c3,clavell,goldmann,gai-jin,clavell,g.
58ed26db-3c2a-4a50-b454-e6ab888d8818,clive,knaur,himmelhunde,clive,k.
5751280a-749c-400f-9815-27b7469f0788,coelho,diogenes,fuenfte,coe.,dg.
6637e2e7-478d-49b5-b982-f5f8a35441e1,coelho,diogenes,durchstroemt,coe.,dg.
796614cc-4edd-4002-8505-166712e4f673,cook,ob.,gottspieler,cook,ob.
9805d6e1-eff9-4f02-a50f-14f442cf01d4,brinkmann,rororo,acid,brinkmann,r.
88fd8089-4d0b-4bf1-86f4-9db8928a5df5,croggon,bastei luebbe,gabe,croggon,bl.
99651c72-4417-4057-8e57-20df39f74f91,danneker,psychosozial,faszinosum,danneker,psychosozial
ebdf6a11-3d75-4926-8759-c6a7241fb610,collins,heyne,boss,cl.,h.
bd9d00fb-7662-4232-83dc-918bebcde4c4,cognetti,penguin,berge,cognetti,pe.
3e438ec8-b82c-4570-b3a9-b9c52ef9d3dc,cookson,gustav luebbe,sturms,cookson,gl.
e2be4e86-1a66-42cf-a3b8-6fd0c749877e,durst-benning,blanvalet,spaetsommerliebe,durst-benning,bv.
3e96566a-c10c-44b2-a90b-0a36f1b2cc43,deaver,blanvalet,insektensammler,dv.,bv.
48226c84-b153-4609-8296-0f1766dd47bb,eckert,rowohlt,wolfsspinne,eckert,rw.
954cb8c4-98dc-4905-8ad5-26788e1606bb,duebell,bastei luebbe,alchimisten,db.,bl.
a39853a9-ed3b-43fb-aa8f-88ae46ea4e85,demski,frankfurter,afra,demski,frankfurter
aa12844b-28c1-48ca-9cf2-9c469eff126a,"dijk, van",ct.,themba,"dijk, van",ct.
167f68f5-f194-467a-90ec-3c562aaff29b,dobyns,canongate,angel,dobyns,canongate
9d279ff1-aa2b-4062-9ebc-07c7bdcaeeb8,doerrie,diogenes,machen,doerrie,dg.
8a9f4088-5e8e-4cfe-9d96-dfe43bed09bc,dorminger,goldmann,alexander,dorminger,g.
630287ac-20fc-4baf-bbd9-98b46cb0d63e,dethlefsen,goldmann,krankheit,dt.,g.
37798349-fb4a-4402-b6b5-b7d368ba3015,baitar,bpb,unter,baitar,bpb
fd360b4f-4d3e-4f5e-b955-a843a4e59a4e,"carre, le",heyne,endstation,cr.,h.
7f320a8a-af20-4fda-bad3-33a5aa7c1640,crl.,knaur,feuerfrau,crl.,k.
c79be7e0-1519-417e-8a2d-af674eacab37,cordes,dbg,draussen,cs.,dbg
c6cf76b8-4f9b-40d0-b454-ddcc6e2367cf,erben,beck,kunst,erben,be.
2f994f12-946e-41f8-ad02-e6b2369e2bd4,chupack,ullstein,Zwischen,chupack,u.
fbdfd425-1fe8-4d0f-8f5d-1aed051693fe,collins,heyne,liebeshungrigen,cl.,h.
21ecc397-09e2-403d-829b-ba1eecb20c0f,coelho,diogenes,brida,coe.,dg.
db053c80-c9b1-408e-bf8c-3181563c348d,conran,bastei luebbe,frauen,conran,bl.
e1715fee-eb8e-4554-bd5f-46ecb6c3b538,daners,dumont,istanbul,daners,du.
763b16fc-d6c1-4665-bc21-1bc8919f2199,dasa goswami,bhaktivedanta,prabhupada,dasa goswami,bhaktivedanta
3b3eee8d-cbec-472d-8801-d32043a40840,day,piper,braeute,day,p.
f8b775d5-ebcb-4273-8cc2-f4ed55d6ef6b,duebell,bastei luebbe,florentiners,db.,bl.
922cfcbe-28a7-45cc-a9e3-03577c18540b,denuziere,goldmann,mississippi,denuziere,g.
425d4655-eb29-4372-95a6-6e46b620c460,cueni,heyne,druide,cueni,h.
8f376518-8ccf-4fbb-be56-ec4dc85451d1,hoffmann,weltbild,tiergeschichten,hf.,w.
3d6b0625-e741-4e63-b7dd-59d6bd3ee82d,eco,dt.,insel,eco,dt.
0361cacc-e89c-4ba6-8b24-86aeb1866372,child,knaur,patent,child,k.
98e2bf12-a9ea-4c30-8936-8aed2b51e893,collins,o.,panem,cl.,o.
2784b9c2-f301-4b2b-817a-9502db332b08,"ditfurth, v.",hoffman und campe,geist,dit.,hc.
a1ac07c3-c823-4286-8e2e-f635e9af214d,delaney,bertelsmann,krankheit,dl.,b.
e4eeb129-d270-413c-8761-936a57f6e08b,dunne,knaur,society,dunne,k.
4f27d180-7a1d-4c70-a112-97a8d80b967a,eschbach,ew.,jesus,e.,ew.
c5497fd2-00e9-4fdc-a319-8c2437934049,eschbach,bastei luebbe,jesus,e.,bl.
2e5acb82-d097-4436-a565-9a76406146e3,ebert,knaur,1813,eb.,k.
925901d5-3bfd-4d50-ba36-c6b8639feefe,clavell,goldmann,gai-jin,cv.,g.
6c6f944b-89aa-4c7e-9e96-eebb9d1f355b,dumas,heyne,bartholomaeus,d.,h.
0aca8df2-0187-494f-a272-9cb97360b2d0,collins,knaur,ryan,cl.,k.
b9a207f3-2cb6-479e-bf22-7746df87364f,cousteau,bw.,lebende,cou.,bw.
096d1982-01fc-4d89-968d-23526066936a,coates,heyne,talwar,ct.,h.
3fba1ed7-33c6-4bb1-9b26-edd5c8d4628a,deaver,blanvalet,feuerzeit,dv.,bv.
b9f284db-e2a9-4014-8aa5-258b6fa9698b,claire,heyne,venus,claire,h.
2f52a95f-9df0-4303-ba49-9dc710c0fc36,"cornberg, v.",fl.,umgangsformen,"cornberg, v.",fl.
36f271f6-ad0d-4445-9009-d3d6d523ead0,crs.,aufbau,paepstin,crs.,a.
4e461439-9e5c-450c-8e8f-2d03fcea0bda,clancy,heyne,roter,cy.,h.
1512adcf-3b32-4ad0-b3fe-966b886055f6,dexter,rororo,kurz,dexter,r.
ebf2184f-7964-4bdf-837e-0d4b90088060,diamond,fischer,kollaps,diamond,f.
ff8dff35-2637-436b-a080-a0c145e8e2c5,dietrich,weltbild,pharaonen,dietrich,w.
f9f195c3-4ecd-487c-9c15-f0070f315795,doerner,psychiatrie,irren,doerner,psychiatrie
25014860-b69a-45c8-8c27-bc74e81d399e,dirie,ullstein,schmerzenskinder,dr.,u.
f4d22540-3a52-488c-a26f-1d253a47ccd6,drews,heyne,mieter,drews,h.
b86a5875-bc53-427e-b6ff-6880e3db31a7,eschbach,gustav luebbe,ausgebrannt,e.,gl.
8ab52d30-3148-46f5-b0db-fba873b3468e,eschbach,bastei luebbe,nobelpreis,e.,bl.
2f575c87-03c3-4105-8970-95883f118720,davis,bastei luebbe,nil,davis,bl.
c84afdac-05d8-4f57-a762-06c4c8c94e9f,ceram,Unknown,gelehrte,cer.,Unknown
435e9fc2-297a-4a18-816c-78a4a84b5dee,dahl,deutscher buecherbund,oswald,dahl,d.
07818152-7a46-4fab-8e89-34a4851bb25d,david,heyne,lektion,david,h.
6413632e-8e85-41c0-8a46-854de072036b,ceylan,fischer,ankommen,ceylan,f.
ccd7bab2-b9f5-4ec0-b525-a0aaf08bfeaa,doherty,heyne,ra,doherty,h.
23f1f6de-9e20-483d-88e0-17fdddd573df,domenica,knaur,kopfkissenbuch,domenica,k.
f8e56cb4-718e-416f-8689-73ae0b38f0b1,doherty,heyne,horus,doherty,h.
dcd59305-99c1-4d33-9ce2-12841a4fb3d7,doucet,heyne,geheimwissenschaften,doucet,h.
5389d454-568b-4b0e-bd91-c05e71e9ab72,chronin,europaeischer buch und phono club,sonnenkoenig,chronin,europaeischer buch und phono club
d785acad-c446-4fb2-adfe-9dec2efc5375,cochran,heyne,jahrhunderte,cochran,h.
a73df555-264c-400c-a2b0-be0c9048940f,colette,bertelsmann,claudine,colette,b.
a5d02556-acb0-446f-babc-1d68b257864b,cooper,fischer,praerie,cop.,f.
195e0974-2af6-4734-8add-878dce2ce1a7,cousteau,deutscher buecherbund,haie,cou.,d.
835734c4-693a-4816-9617-e8fb811ea51b,dumas,goldmann,graf,d.,g.
ea17ed42-ef25-4103-922b-b39259457d2f,dara,kiwi,girifalco,dara,ki.
24f46e97-6633-4f38-90f0-ed2709dd00b5,delis,ullstein,liebst,delis,u.
804bf24e-105c-4dc0-bcff-b0d766f26d28,desai,goldmann,bombay,desai,g.
1d59d1d3-462a-402b-9124-8e8fe38546be,downer,bertelsmann,konkubine,downer,b.
8a73bb28-8e0f-491f-9800-de0a4207d5aa,cordy,heyne,gen,cordy,h.
3c9ecde6-007c-4040-860e-e8fc94a5d0d4,bodett,beltz & gelberg,williwaw,bodett,bg.
2027e025-fa3e-4b13-a496-53642d4730ba,eschbach,blanvalet,billion,e.,bv.
0236828f-54c7-4d16-ad78-4b3d8224f4d6,eschbach,bastei luebbe,drift,e.,bl.
a445ca1b-a7af-4678-827f-9ade296de888,cropp,fs.,alaska,cropp,fs.
227eca27-6645-419c-8de1-55f7c79b9738,"dijn, de",bastei luebbe,yudka,"dijn, de",bl.
955cdd5c-e530-4a53-bbe3-790e03f50215,czerny,neues leben,polstuermer,czerny,neues leben
3f3cd676-ce93-49ab-ab47-c82568fe8223,dailey,vv.,suedwesten,dailey,vv.
618b7437-4465-4766-8b1c-b7bee25b542b,danielson,fischer,loewen,danielson,f.
d4913245-a173-4747-a636-1f4db008ea50,dashner,carlsen,brandwueste,dashner,c.
01cb5626-5c22-4781-9ec5-8b14d283757a,maclean,Unknown,einsame,mc.,Unknown
62a3abb2-9698-4c79-81b5-ca1044241989,dickinson,knaur,drama,dickinson,k.
e714a244-d98c-4cfc-990a-f891f4b995cc,diemberger,ml.,seiltanz,diemberger,ml.
4a3c1aba-a8c3-43bd-8356-3f68ca840cd8,egbeme,ullstein,schleier,egbeme,u.
6e4258df-2cb4-48de-8f9c-e7e932a17f74,egli,editions d'olt,lola,egli,editions d'olt
681d0949-2b92-4ea9-a903-1d3d66c4d89d,"donnell,o'",knaur,pflanzenmoench,"donnell,o'",k.
cedccdf8-ab44-487b-9914-0f2048c7ee37,doody,ab.,aristotle,doody,ab.
af7b2539-feff-4aab-a57d-2e8d5e6c6ab3,dunnett,wunderlich,timbuktu,dunnett,wu.
4bcd81fd-c73f-43c5-af10-836c4015fb09,durst-benning,list,russische,durst-benning,ls.
abab718d-5062-4410-803d-7eec95b8a730,ebert,knaur,spur,eb.,k.
c68243e6-d6d4-4379-9e19-ec349c0785e9,eden,knaur,yarrabee,eden,k.
1df078a5-a0c5-4f31-9bc1-168e5a5187cb,elsner,sympathie,traenensaecken,elsner,sympathie
9e8ba9ec-f623-4e84-ac46-f071bd84703e,engler,scala,itaipu,engler,scala
ea574d46-502d-42c7-9c61-c79ad54b083b,erdrich,aufbau,haus,erdrich,a.
40d06e6d-9d22-403a-b277-10c9cbfd716d,christen,knaur,beginenfeuer,christen,k.
e9026680-dda9-4471-8c83-8f5ae9e25622,cm.,goldmann,schwarze,cm.,g.
63522961-2409-41f4-ab28-03cbbcc174d8,conran,bastei luebbe,eyes,conran,bl.
6057dc6a-a9bf-4a63-a2ee-c841a47c2c20,cordonnier,bastei luebbe,verfuehrerin,cordonnier,bl.
d99cb3be-a981-43f4-98ef-013662665753,cot.,knaur,mombasa,cot.,k.
3be62093-2f23-4e6c-8484-b6f4d7e54dec,crowell,motivate publishing,dubai,crowell,motivate publishing
006d156d-105a-4cc5-967f-11320995d3f2,crs.,aufbau,paepstin,crs.,a.
9dd0a608-e36b-46b8-8efe-da23d60eb451,clancy,heyne,special,cy.,h.
51646642-0529-46ca-b645-8666076f4349,chang,Unknown,mao,chg.,Unknown
4ad49e15-fd6f-4cd3-ad81-4d23fd1f37bf,demille,goldmann,goldkueste,demille,g.
9c7ec293-7ae2-4f38-943d-ba6ab2713cfc,dietl,diogenes,rossini,dietl,dg.
ee954130-ca44-455e-9c69-6f0291de344d,"ditfurth, v.",kiwi,blindheit,dit.,ki.
382b0349-3772-437d-aa16-981f0ca9425e,eschbach,bastei luebbe,solar,e.,bl.
9757ff63-6f4a-4c61-9ccc-3ed3c41d683f,ebert,knaur,spur,eb.,k.
a3755555-ac3a-4863-9930-59b24766a3cf,egli,ct.,rueckkehr,egli,ct.
55c3490a-3390-4181-9f41-00e19aa1d970,emilsson,aufbau,arm,emilsson,a.
6c042a69-5c97-432c-a990-0dabca2552e6,eloy martinez,suhrkamp,evita,eloy martinez,s.
f801095e-06d4-43b3-88e7-a9c97e1984c7,engels,ag.,falschen,engels,ag.
d7d0a0d1-91e5-4bd3-9086-92d45469e29d,chidolue,beltz & gelberg,schoenste,chidolue,bg.
7d81c2ae-f51e-4314-a970-f58c1454487e,child,stern,groessenwahn,child,stern
58ba4728-ed21-4fc2-b71a-549d35e2d36e,dobyns,fischer,pool,dobyns,f.
aa492338-4fb8-49e9-a827-87cee71ec15e,donnelly,piper,teerose,donnelly,p.
eb466d06-8f08-4708-b3af-06b962c977a3,donnelly,piper,winterrose,donnelly,p.
62de93d8-a1ef-4fc9-a4cd-dc84e8cb276f,dietz,beltz & gelberg,eben,dz.,bg.
c0347396-788f-4826-8eeb-d04a5703223c,"carre, le",bastei luebbe,deutschland,cr.,bl.
d23d918e-95d5-4ef8-9419-998e0d5a4969,crain bakos,knaur,frauen,crain bakos,k.
5f79a216-ff0c-4807-93c0-64e736a1afdd,crl.,knaur,feuerfrau,crl.,k.
4eb6b31b-5784-44b5-8b10-0337c5bc5131,condie,fjb,atlantia,condie,fjb
ac4813ed-cb29-4c77-ab31-f84b1a6bf097,controneo,blanvalet,dreizehn,controneo,bv.
87d484e6-5bff-4c44-87fe-ac781552ce7e,ebadi,buch und medien vertrieb,iran,ebadi,rm.
8625a97d-fa6e-43b0-8d2d-450637e0a216,cronin,goldmann,spiegelstadt,cronin,g.
a0ffc7b1-39c3-482a-8df6-6e407ec7f046,engdahl,dr boettiger,oelwaffe,engdahl,dr boettiger
7b326d22-639e-40fb-bd14-1cf737353594,delderfield,fev,englaender,delderfield,fev
9a5b1b44-dd25-47b0-b413-1ecaceafffab,dickason,heyne,traenen,dickason,h.
83f3f3eb-f015-4696-929e-39d9aa547d9c,didion,ullstein,was,didion,u.
939b539c-1c1f-4b7d-98b9-e6071fc55c26,dominik,aufbau,russische,dk.,a.
9abd2274-0cc0-4a1d-81f0-84f4dc6797fe,dorcsi,orac,homoepathie,dorcsi,orac
2ee3eec0-dffe-49ee-b1d5-12c09eeeb592,douglas,heyne,gewand,douglas,h.
58018847-0681-4ea9-8498-a2b2c64f6db1,dragt,gv.,wilde,dragt,gv.
767273b6-a0dd-429a-a4eb-02a1ed45ddba,schweikert,Unknown,heilige,sw.,Unknown
55bf253b-cb96-40a4-8703-933f9242a101,costner,bastei luebbe,waterworld,costner,bl.
37b05cb4-691c-4d28-aac3-acf6b03fff74,"cziffra, von",ullstein,rauschende,"cziffra, von",u.
d53fabfa-2142-4855-bf5a-d3bdd2510dd3,engelhard,bastei luebbe,unmoralisches,engelhard,bl.
f8589cd1-a7e7-429f-8d88-7359789be0c3,collins,heyne,luder,cl.,h.
a7d269cd-3e38-4568-9958-ef34ced93689,clayton,ullstein,revolution,clayton,u.
19604bed-de04-4087-9772-dd43cd1a3c7b,cm.,pa.,rose,cm.,pa.
ad64cfbd-c812-46b2-ae64-44c27510ef26,dumas,deutscher buecherbund,hamilton,d.,d.
93ba65b6-8e8a-4405-8f04-e9118873deed,deaver,pk.,bodies,deaver,pk.
fbaaf82d-388e-4369-86fb-a176a348d678,dessen,esslinger,traumland,dessen,esslinger
9a5bde78-b06b-42ef-9210-dde9db2130e8,defoe,J and h,crusoe,df.,J and h
dd5d5da8-ad0f-422c-ae3b-40461d1c6c3f,dieckmann,aufbau,luther,dieckmann,a.
7794c848-9523-4533-b0ac-bce41940b6ff,donaldson,heyne,koenige,donaldson,h.
643730e4-0bbc-49f4-9de1-b0b925e8dccb,dethlefsen,bertelsmann,wiedergeburt,dt.,b.
e5603b62-dfea-485c-928c-218b802f478c,dunne,bastei luebbe,keltennadel,dunne,bl.
fa206951-9cd4-4953-bbd0-bf7b7f12b982,eco,dt.,foucaultsche,ec.,dt.
538cc528-7606-4b3f-909d-3797465831da,ecke,bertelsmann,buddha,ecke,b.
3d56f8df-69be-40b0-a399-22dfb4fb43eb,sadler,financial time pitman,managing,sadler,financial time pitman
8fb58f6a-8066-4db5-bb36-d83322ceb1ef,cognetti,penguin,acht,cognetti,pe.
9a80fcbc-0eb4-415d-bde2-dd0fa2d55ef5,cordes,sd.,blacky,cordes,sd.
2d98aea8-3bf5-456e-987e-09de2d5de1e4,engel,magnus,alpen,engel,magnus
4e080351-2d9f-4187-81a9-271cb3e0a078,englisch,bertelsmann,kaempfer,englisch,b.
c649e47e-da45-44b9-a900-6fa438cd362a,cileli,blanvalet,leid,cileli,bv.
ca7043f1-1c35-45b3-8744-94fbb74c8f8f,collins,bertelsmann,mitternacht,cl.,b.
8772b2f3-9fb4-4be7-bda4-39665f3a0473,collins,mira,meisterspieler,cl.,mira
1c8d84ed-dc7c-4677-a80b-9374557ddbe8,clarkson,penguin,clarkson,clarkson,pe.
4e8db8bc-0447-4739-b5e6-d4b7c347e257,cot.,weltbild,traenen,cot.,w.
f94eb30c-e255-4992-8813-ee3ca0327e29,cuneo,i.,zaida,cuneo,i.
3ceb34ea-9b71-462c-b509-3bd4a0e407fd,duebell,ullstein,jahrhundertsturm,db.,u.
b3ca54d0-9189-4ca9-b175-300933c25169,delbee,goldmann,kuss,delbee,g.
57cec1ac-df57-46dc-bdf7-25bf11d7161a,delillo,kiepenheuer & witsch,americana,delillo,kw.
5c2123b3-7ff2-4136-80c6-c3c27a945940,defoe,oxford university press,crusoe,df.,oxford university press
41ec1831-94a1-40e4-b4b7-c3c024644da1,eco,Unknown,name,eco,Unknown
ec1ed5c5-4bde-46dd-a8d7-0e335b711797,djebar,uo.,algier,djebar,uo.
c0a1ba2f-5937-40f3-84f3-edbd1f2e5c88,cornwell,rrr,sterbende,co.,rrr
3270111b-d747-476c-b591-e1d346f7cf33,coelho,ab.,adultery,coe.,ab.
76b37666-36aa-44e3-8800-2d1fe822f115,cohn,ct.,soundtrack,cohn,ct.
8c13fac1-7af8-42e0-bda3-530dbf41c375,durrani,bertelsmann,gebieter,durrani,b.
65d78b00-adfc-44ec-88e9-cff2ddfa52a2,eschbach,arena,hide,e.,ar.
289e0765-3069-47b5-86b8-59f9b7a0383b,ebert,weltbild,spur,eb.,w.
d3870c08-9a7e-4dcf-bb3e-af43be6664dd,edwards,aufbau,fotografen,edwards,a.
8231f4fb-bfa1-428e-8d92-9aac05dc6248,christopher,sg.,templars,christopher,sg.
bff2dd57-b5f6-4282-a932-596a40702ea5,chwin,carl hanser,pelikan,chwin,ha.
d7277680-2d97-475b-8661-af2d76be8c7e,collins,heyne,frauen,cl.,h.
b582d1c9-b45f-42d3-a01c-e0c2829a1fe7,close,ivy books,ebola,close,ivy books
0f281fef-4ad3-4a81-8ce3-3b46adb7c09d,dickens,Unknown,copperfield,dickens,Unknown
4b760618-20fa-4cfb-9963-a3a9dea9159d,copperwaite,running press book,barons,copperwaite,running press book
514021aa-f1e7-43ab-a0de-c612a99b2b0b,crespelle,goldmann,picasso,crespelle,g.
090a8955-830f-4e98-881d-827eefda9e34,coates,heyne,steine,ct.,h.
c911f7e1-03cb-4bc4-9650-a50b2072e0dc,follett,Unknown,leopardin,f.,Unknown
3d700083-63c5-4d8e-b4ef-a2afee618efd,hay,heyne,kannst,hay,h.
1f74c7d8-d2d9-40f7-8cb5-c3c32249cbcf,doescher,sl.,amt,doescher,sl.
fcbfe157-b5b8-4626-8b79-e629e0213567,dorminger,goldmann,alexander,dorminger,g.
1235293e-711c-4360-86f2-5e8517652775,doutine,bertelsmann,meute,doutine,b.
ccb94299-cb34-451e-816d-8ac8f7e03f65,dunnett,wunderlich,timbuktu,dunnett,wu.
7d8289be-cbe0-4a67-a2b4-3102fb3d3777,eschbach,luebbe,nsa,e.,lu.
b36fb324-0404-4a3f-94e8-ecf703523d8f,eschbach,schneekluth,kelwitts,e.,sk.
be413f05-74d0-4379-9b00-45bfdf625ade,follett,bastei luebbe,wassern,f.,bl.
2c73987a-d222-4323-a70b-34094e5b112c,follett,bastei luebbe,fuechse,f.,bl.
243d8832-46c3-4caf-8fcb-a852d1b744e4,faletti,bertelsmann,toete,faletti,b.
8530e881-5149-4162-8313-72717f5f8856,fitzek,knaur,insasse,fi.,k.
8fb50e68-d17f-4069-a618-743cb66b168b,fielding,av.,cry,fielding,av.
491e9ff4-28d7-4916-bcd3-3308ee2bd668,french,goldmann,sommermoerder,fn.,g.
83489346-ae93-4433-9030-ddc9f0938285,dickie,Unknown,geschichte,dickie,Unknown
2991d74d-06cc-4f68-ae70-d1288144f4cf,fock,glogau,not,fock,glogau
b57d8dbc-2034-43fb-86ab-81740b716e06,frank,bv,jericho,fr.,bv
bc2510d3-37a7-4c1f-9445-88acadd34636,kwk.,carl hanser,nakano,kwk.,ha.
8ba96235-7013-4e3b-bd25-79cc26b9c58d,leon,Unknown,friends,le.,Unknown
22cf42b8-7874-4da0-b5a8-a34ac87c58ca,fischer,heyne,liebe,fis.,h.
aba508b8-c369-43c8-8c19-a0b8e67814c1,french,rororo,macht,fn.,r.
581f20ea-e1b6-420e-ba41-baa1fe5e08d6,forsyth,piper,schakal,fy.,p.
216357ac-17c1-4160-aa68-2993774fd3a5,gable,blanvalet,koenige,ga.,bv.
40514e05-bc17-407b-bc6d-959df8d656f3,galbraith,fischer,sun,galbraith,f.
30af7012-23ec-4bb4-acf0-ca5b5d6e646d,gordon,deutscher buecherbund,medicus,gn.,d.
552e1872-85a7-4720-9ab7-ab4ffe54455c,"esposti, degli",heyne,piera,"esposti, degli",h.
643dd88c-0aa4-4ef1-ac44-31756a50f26d,evans,buch und medien vertrieb,feuerspringer,ev.,rm.
a49c741a-2717-4384-b4ab-df6b4f1b25c7,follett,luebbe,joshua,f.,lu.
26a2cbbe-d5e0-4d13-9882-62441ef5b289,follett,bastei luebbe,winter,f.,bl.
0ce61bf8-2190-4dad-8422-803c299aa4ed,forbes,fk.,generalin,fb.,fk.
ae3a5250-df3e-4234-b590-58c83f19b493,feldmann,herder,rebellen,feldmann,he.
7593f10b-0c8f-4775-bfba-451264c67a2f,feuchtwanger,rororo,jud,few.,r.
355dec56-cb9f-46a3-9ae6-cd63886e7c71,feuchtwanger,aufbau,goya,few.,a.
82f0e456-0157-481a-91f9-f1f9334cfb61,fleischer,penguin,gestorben,fh.,pe.
d087d40e-b10d-4272-b757-ab62251c2132,verne,fischer,keratan,ve.,f.
d2c29978-051e-4834-97ab-f25b368a3858,forsyth,bertelsmann,odessa,fy.,b.
034dbe6b-861a-4abb-889c-f86b0aed2c1d,london,Unknown,wildnis,ln.,Unknown
fb78e826-2f74-4b05-bea0-26bf42d5d745,grisham,goldmann,ohne,g.,g.
ef78308f-a347-4918-9c81-fd8691ee453e,grisham,century,summons,g.,century
e29ada5e-710e-4651-87ca-1c2de75a1a95,evans,blanvalet,feuerspringer,ev.,bv.
7ca739b7-de12-4203-acd9-be2efdb43b7c,faschinger,list,scheherzerade,faschinger,ls.
a6cf3c1a-a2d7-4037-be53-95a9ef6b71c6,federico,knaur,feuerblume,federico,k.
6177b73d-754e-479e-909b-897c94de0f35,frain,meyster,nabob,frain,meyster
338786f9-eef7-4a00-92a6-ad95b128b304,francis,bastei luebbe,unschuldsengel,francis,bl.
adcd0411-6027-4273-bdfa-07d53165b0da,cheng,Unknown,gallische,ce.,Unknown
7ccce193-481c-45e4-b1a0-a7d21380a59d,franck,goldmann,spiegel,franck,g.
c03b4af6-c8fa-4abb-9bbb-83592d29662a,french,rororo,tochter,french,r.
59985fb3-1e9a-4458-8f20-1b935600ae40,grisham,heyne,berufung,g.,h.
57ffac89-17f4-4937-9b26-f675b819bfc0,gallas,dumont,kreta,gallas,du.
3dbbe333-80df-4e95-b781-566a9b86bfc7,gabaldon,blanvalet,trommel,gb.,bv.
e29fce30-7a8d-48b4-bc14-d1e5f459d7ab,geissler,bertelsmann,feile,geissler,b.
a6ed9a4e-8927-4784-8e52-c260fa5384dd,engels,schneider,haie,engels,sn.
189aa266-7c3b-4269-b823-bf7850989e06,grisham,de.,broker,g.,de.
c7997ba7-9f7d-4fd0-8ad7-31cf410e1602,grisham,ab.,rainmaker,g.,ab.
9c5e5683-8db5-4fe3-a330-a9ccd282837a,grisham,de.,client,g.,de.
fbf77b35-cfde-4347-9c3d-6bef7c445ad5,gerber,heyne,pharma,gerber,h.
5dce785c-2ba0-4140-88db-3ec0a17d8a6b,follett,knaur,acht,f.,k.
e01638b7-3937-4a1a-b7b5-d46338127c28,follett,levante,zweites,f.,levante
a190f86d-9c3c-4a9a-834a-30f301745e8d,fallaci,fischer,ein,fallaci,f.
53774012-c681-470e-b55f-68e15bacdc44,feth,ct.,schattengaenger,fe.,ct.
1753569e-58a5-4846-9c7c-ab6f8bcd6cb4,feddersen,rosenheimer,wald,feddersen,rs.
1a0f5fe7-2ac2-4ca8-8216-8ae77af99848,ferolli,knaur,kuerbisfloete,ferolli,k.
679686b7-b10c-4306-87fa-1043cbde42ff,flanagan,cj.,belagerung,flanagan,cj.
4c7a5427-b15a-4c7f-ac13-dd903a96a7a5,ford,imp,marketing,ford,imp
21307140-c468-41c9-b669-d3dbbd758617,grisham,heyne,verteidigung,g.,h.
8b564491-5d9b-477b-82b4-432e1db5ce66,gillessen,ig.,tibetern,gillessen,ig.
aa2ef279-e782-4e39-94d9-7a74488353db,grisham,heyne,firma,g.,h.
797ba4f2-47a2-4a65-8909-dd95c1e6b4de,winterhoff,gt.,tyrannen,winterhoff,gt.
954c154e-c964-4b2b-89a6-22ad8babfef8,grisham,heyne,kammer,g.,h.
e57fdb1a-6455-47b2-b6b1-872a43d11973,gaitanides,list,griechenland,gaitanides,ls.
0c362bf0-9aa0-42e5-949b-1f08971cc045,gabaldon,buch und medien vertrieb,feuer,gb.,rm.
3521e6c5-cf4e-414f-9f57-f254cdfa661f,funke,chickenhouse,inkspell,funke,chickenhouse
eae0432f-c1c6-4a90-887d-c4a0b02f99ed,grisham,Hodder & stoughton,camino,g.,Hodder & stoughton
33a5bda5-ae84-4b29-b15a-8fed60aa2bd8,erskine,heyne,traenen,erskine,h.
34505c7d-eaec-49b5-86c0-df013def810e,erskine,heyne,traenen,erskine,h.
e8bce759-418a-426a-973b-00233c07bdfe,follett,gustav luebbe,dreifach,f.,gl.
4bbc4b29-79ad-4484-97d1-baee136547c9,follett,pa.,giants,f.,pa.
fda4d2e9-6603-40a5-b294-7570cd081dec,fried,heyne,lust,fd.,h.
bc4c14aa-9301-4e83-876d-6c9f592ca6b5,feldenkirchen,piper,siemens,feldenkirchen,p.
39d84a78-a24a-4f30-bf24-6f91c0b593ca,fink,gmeiner,kainszeichen,fink,gmeiner
125d8730-b00a-4ef7-87dc-dda4c81d36b6,french,rororo,tochter,fn.,r.
ce23d2db-a3e2-4f4a-bd5c-8e973a35f51f,gedge,rororo,dornenschwestern,gg.,r.
f8b6d118-e2c7-4fca-90fc-06c61cbe85a7,faraday,fischer,traeume,faraday,f.
4752d247-2826-44c0-8741-7705e1c7062e,gloaguen,salvat,suiza,gloaguen,salvat
5e6ca61c-bef7-4e1d-8c3f-bd280115d441,glattauer,goldmann,wellen,glattauer,g.
3ffb36a0-2778-4f1b-9e3a-a7bc1e6046ce,freitag,ullstein,chill,freitag,u.
a4dd0fca-fb50-4c6d-a0a1-bdbf3dc6d008,grisham,heyne,richter,g.,h.
1f604ea3-ca9b-424f-b32b-87d6ac8c8f5f,grisham,hodder &stoughton,exchange,g.,hodder &stoughton
fcf968c2-e6d8-4fa2-89cc-5fe17da27f68,gedge,rororo,herrin,gedge,r.
839e13a7-1273-40dc-bcbe-e315d7da691e,gedge,luebbe,glut,gg.,lu.
59785296-e538-4b64-a1d9-2221efbb61b1,fetzer,go.,ostens,fetzer,go.
252993d1-f866-4120-9161-47e371d47ed4,fetzer,go.,roemer,fetzer,go.
f5016700-91a0-4f83-8539-e408ceabe2f1,gordon,knaur,klinik,gn.,k.
a08999d7-1e2f-4449-b8d1-87d3661cd995,follett,pa.,jackdaws,f.,pa.
e1a709bc-a73e-4a63-b955-2a54d947ca9e,follett,lingen,fuechse,f.,l.
76e0fac2-f98c-4eb0-b1c6-6d5eda1760a9,fried,goldmann,stoerenfrieds,fd.,g.
6de9de3c-d90e-4230-848b-a32730589386,erskine,heyne,isis,erskine,h.
1bb179c7-2e21-4495-883d-a7624264bb13,felscherinow,levante,zweites,felscherinow,levante
9b5cfa91-1e16-4dcd-8f31-ef77b4805f53,gaede,hoffman und campe,bujumbura,gaede,hc.
28fb01f1-5e48-41eb-9e26-09032f84a5fc,gaskin,buchgemeinschaft donauland,lebens,gaskin,bd.
a1d5e407-2836-42d0-be41-fa8f6744822e,gates,heyne,vorn,gates,h.
7172eef5-5dfe-4f3d-86fe-8dc843448e1c,gercke,heyne,fluss,gc.,h.
b585b135-b044-4b1d-86e7-4ab54b889b4d,falconer,heyne,sultanin,fo.,h.
ff2e71be-5897-4744-a1ea-1b32a8c72693,forbath,bertelsmann,kongo,forbath,b.
333996a9-e1f9-4019-ba5d-abcc6652fe62,frank,bertelsmann,tagebuch,fr.,b.
2507400a-0231-418e-b210-633ea036f787,fritzsch,piper,formel,fritzsch,p.
8e6abac6-e37a-4bd5-a33b-3d2afd61b2df,grisham,heyne,gestaendnis,g.,h.
f672c6bf-228c-498d-a113-96dff12c3ff0,grisham,heyne,begnadigung,g.,h.
93004739-278f-4c71-8752-395df0eaf497,grisham,heyne,jury,g.,h.
493458df-8281-42e2-9c0b-236f000fac2c,grisham,bertelsmann,partner,g.,b.
c82c4d12-dc84-4f4d-b7ea-31b26113660a,crichton,Unknown,dinopark,c.,Unknown
4c474090-4fd9-4940-9746-c9828ca95160,geason,wilhelm he,buschfeuer,geason,wilhelm he
6a140c1a-2033-4956-8859-4f860b123958,gibson,hr.,tangled,gibson,hr.
ecf887ed-feea-41a7-91c7-58f8cb32e4d1,evers,rowohlt,berlin,evers,rw.
53ef096d-06de-47d1-9628-49faa555e2c5,hohlbein,ueberreuter,spiegelzeit,ho.,ub.
45c15378-cc65-4c4e-8f1a-77ef8b163a75,Servan-schreiber,goldmann,emotionen,Servan-schreiber,g.
9d697453-0f59-464d-9883-93589e87836b,follett,buch und medien vertrieb,gedaechtnis,f.,rm.
c6446c48-c9d8-4c6b-a739-bec4c871c95a,freitag,db.,goethe,frt.,db.
aa144ee1-74ad-404b-a289-f9f7136be254,forester,bertelsmann,hornblower,ft.,b.
16070552-6b5f-4ca7-9e84-42e0c2654424,faes,suhrkamp,augenblicke,faes,s.
978a0bba-a66b-4771-ba08-dcf9d3e8e22c,feth,ct.,sommerfaenger,fe.,ct.
de193dc9-3503-4601-af22-e1741a47626e,finney,bb.,einhorns,finney,bb.
f35117a0-b4cc-4e10-a62a-9e4b32b0c84a,flatow,bastei luebbe,heirate2,fla.,bl.
8a53406c-eeaa-4ddb-92a0-40112e9f1979,franklin,droemer,totenleserin,franklin,dr.
386bb0eb-9e30-4d02-b70c-4e4b291227b6,frank,bertelsmann,romanen,fri.,b.
b6d498f2-bdd3-406c-8a6e-3f7e45c46da4,fritsche,cd.,wuestenmatrosen,fritsche,cd.
20976748-3ada-4b85-b83e-8646fc8f97dc,grisham,heyne,schuld,g.,h.
41ec3afd-2a70-4b49-ba5e-37bb76db1c50,ganghofer,ds.,jaeger,ganghofer,ds.
6f74417e-0b99-48f2-a8e6-781c876fda5c,gabaldon,blanvalet,stuerme,gb.,bv.
f429d0f9-6c4d-4949-8d58-0d544999ddbe,gilbert,bvt,pray,gilbert,bvt
50fbcde8-d19a-4ed0-a97d-822eb0d98f41,glattauer,goldmann,darum,glattauer,g.
1100a633-1a51-4cc4-91d7-28b3ca33ddd8,st. clair robson,bastei luebbe,wind,st. clair robson,bl.
de4c0fcc-0966-4517-82ea-5c7bb1534029,goldsmith,heyne,teufelinnen,gm.,h.
d1bfe420-b1cc-4a1b-9993-3acf177a25bb,follett,luebbe,loewen,f.,lu.
f3742aac-de63-4519-83fb-5c73be82e0f0,follett,lingen,fuechse,f.,l.
b4c11578-be1a-4ed2-b39e-8e5c5ab70b3f,feth,ct.,scherbensammler,fe.,ct.
75501a31-59f8-409f-9e49-8dea95274d03,feichtner,cb.,sowjetunion,feichtner,cb.
0f78f2a9-e3a1-4ea2-be61-f627f1048232,fernandez,dd.,rache,fernandez,dd.
23ec4912-4a05-484f-ad54-182474506e62,fest,rowohlt,gegenlicht,fest,rw.
6361b0a1-0b61-4e58-86c6-6b09915090cc,fforde,bastei luebbe,david,fforde,bl.
d950664b-e6cf-4624-a193-a8630635acc0,fitzek,droemer,insasse,fi.,dr.
95c269cf-93e3-473c-a149-4c86cf381fdf,fitzek,knaur,passagier,fi.,k.
a7415c49-e575-4511-9e14-84f436c2717d,finder,heyne,moskau,finder,h.
576937cf-fdb4-4b4c-b89a-2844044cfeb9,fall,sueddeutsche zeitung,clan,fall,sz.
39429351-f805-4e19-bc56-f1524928b32a,follath,rolf heyne,vermaechtnis,follath,rolf heyne
dbe93bd4-cd7d-4b01-a5d8-981d55c3553f,fortis,knaur,saudia,fortis,k.
8dfb6280-2cbd-4ae1-bd98-e02c38245880,follett,Unknown,eden,f.,Unknown
b5bc264e-3342-426d-b7c0-bbe37c463918,lausch,geo,planet,lausch,geo
e39d414f-6ea8-4469-88f5-a08317c6911d,frank,tp.,richistan,fr.,tp.
4f4886e6-8fd7-4b47-b96b-c4b9ce1a1236,franke,kd.,herzchirurgie,franke,kd.
cf261265-a8a3-4d7a-8ff1-4486a758a3a4,gable,ew.,koenigreich,ga.,ew.
f23c55a2-c43b-49d0-b50b-5c8f00130864,gable,blanvalet,fortuna,ga.,bv.
43ddb27b-740f-4bf5-8265-e2ec9efb3399,gallmann,weltbild,loewen,gallmann,w.
b5ef13d1-8083-4667-8254-5f9eddd0fd3d,gamlin,umschau,monster,gamlin,umschau
06f71b52-2cb0-46cb-9823-3a3881e9d43d,gabaldon,bertelsmann,ferne,gb.,b.
9a844a23-4e0b-4c23-bc6a-54c9fe7e70b4,gedge,goldmann,weise,gg.,g.
7583eb9d-22b7-4036-adaf-ba53887b7ad9,gibran,an.,prophet,gibran,an.
88e4fb39-3d36-498e-b359-9ac96e10ed89,gilbreth,blanvalet,billiger,gilbreth,bv.
3199ca08-ebcb-4bfd-b8da-aa96896cb851,fairbairn,deutscher buecherbund,glatte,fairbairn,d.
674b947c-82d1-4a54-92b1-54020492a268,fried,heyne,gluecksspieler,fd.,h.
477f145e-5ab4-4786-904f-0a18d6279fa4,feth,ct.,teufelsengel,fe.,ct.
c4280277-c7dd-4fc8-8528-6859c5d2dcca,fernau,goldmann,ueber,fernau,g.
9f6301b8-d774-48bc-a398-b79dd0dbd228,finck,hb.,alter,finck,hb.
7bd965c7-df30-424c-a452-5a2ed83ec529,grisham,heyne,anklage,g.,h.
a0c23d98-1cd4-46b7-a5cb-d269fc94fa18,grisham,heyne,testament,g.,h.
e9269620-9516-4314-a151-c4fc5e355a1b,gable,bastei luebbe,gable,ga.,bl.
d4f80a7f-9394-494c-8946-f0e386d13595,gallmann,bertelsmann,afrikanische,gallmann,b.
890f16fe-65d1-49e2-8718-9feae659f454,follett,bastei luebbe,nacht,f.,bl.
8c31d1a1-3a59-4a8f-9990-0d5e85a4502e,fried,hoffman und campe,seitensprung,fd.,hc.
25bcfb47-8abd-45c7-b999-df6928945acc,federico,pn.,sure,fer.,pn.
2d394788-55b6-4823-a548-7d318532456d,federico,piper,totenverse,fer.,p.
58ae8efe-c635-4e0e-a87c-8f4e43da3c44,fleischer,kg.,familienpackung,fh.,kg.
a93e8c67-7a15-467a-b9da-fea741091b08,finch,piper,rattemfaenger,finch,p.
cbbe7fe9-950a-4d19-9886-2fcf1f7172c1,flechtner,trescher,kirgistan,flechtner,trescher
f48ec100-087b-48e0-95d4-0d469a2f7e9c,follain,bastei luebbe,zoya,follain,bl.
dc37593e-58af-449d-be80-d4fec15f8725,frenz,blanvalet,sklave,frenz,bv.
5c2b1f57-038f-46af-ba53-2f8db964f9c8,fest,goldmann,zimmer,fst.,g.
367edaaa-260d-4cc8-8d63-4e67401dd472,fuelling,dumont,peking,fuelling,du.
740b4861-328a-42fd-811a-b6bddb163173,gallmann,knaur,afrika,gallmann,k.
194559f2-1a32-47e9-a2b3-ac99f74ebe07,goldsmith,heyne,typisch,gm.,h.
07a22033-5436-449c-8b24-13d8c8bde43c,treffer,md.,traumstrassen,treffer,md.
8b885568-e24b-4745-afba-43d8ad45575e,grisham,hoffman und campe,partner,g.,hc.
0a5898cf-340d-4afe-8398-09f4e29657d7,fest,ullstein,gefressen,fst.,u.
331c7b88-ce8d-4c62-9866-a0057640f707,gercke,hoffman und campe,dschingis,gc.,hc.
fb6ef903-5f26-44ab-be57-69e4f073eee2,geissler,rororo,jesus,geissler,r.
24f291de-7de9-46f0-bc62-cf1a43804a07,gerstaecker,ts.,flusspiraten,gerstaecker,ts.
9caccf38-5ddc-46fe-b210-6c5d7d3d89e1,evans,jullianel,amande,evans,jullianel
39896c2c-c2f8-4068-94db-da15b0d748ca,follett,bastei luebbe,bruecken,f.,bl.
7ffd2654-1301-4200-8318-a573b75c0b12,follett,sg.,jackdaws,f.,sg.
a2aac775-5336-46b7-b6bc-46a5b3b32424,falcones,goldmann,pfeiler,fa.,g.
a4045493-af75-4067-a1d8-c722091c9521,faletti,bertelsmann,toete,faletti,b.
dc3e50cf-769f-4659-bd66-e24bf445f8ea,fried,goldmann,nebenwirkungen,fd.,g.
426249c3-7f13-4771-8b70-2e4b0edba0a5,feth,ct.,sommerfaenger,fe.,ct.
6b7d1ca0-94c5-4bec-bca5-6b18a35280da,flynn,sueddeutsche zeitung,gone,flynn,sz.
71b77e03-7f58-48bd-8d30-3100790c0863,foster wallace,goldmann,amuesant,foster wallace,g.
e606a03b-169e-47b9-a0fe-7a86c3e395e8,franck,fischer,mittagsfrau,franck,f.
9622e1fe-64cc-4be0-a058-50a4631d3e06,heye,schweizer druck u. verlag,dressiert,heye,schweizer druck u. verlag
68dbdd17-b570-44eb-804d-61d421a27e77,gauck,pantheon,winter,gauck,pantheon
9297a2e2-bbdd-4180-9a43-1cfc85ddf387,grisham,heyne,forderung,g.,h.
52e2fa6f-65a3-4a5d-ac15-ef914d3eefd5,gibbon,ei.,untergang,gibbon,ei.
368cf4c2-9ae2-4e65-b5d5-3ede6a03ef9c,glenny,v.,mcmafia,glenny,v.
66015f0f-f41c-421b-ba40-781e4b238da5,gordon,goldmann,saragossa,gn.,g.
b00f1cfd-3bdd-48c0-8f13-84bac503bf21,falcones,goldmann,pfeiler,fa.,g.
477fdf99-7c02-4905-9099-4b92cee62b6f,fairbairn,deutscher buecherbund,glatte,fairbairn,d.
c9b6dfb2-d63e-4c03-9d71-d041b2d3df25,fried,heyne,gluecksspieler,fd.,h.
336e6355-295c-404a-a397-e103fb7dbb57,feth,ct.,erdbeerpfluecker,fe.,ct.
cdce1874-abd0-43f2-8dfe-762f9c4031ad,fischer,bastei luebbe,blut,fis.,bl.
3d1a81cd-5b3e-427f-952b-b52fac5e7d1b,flatow,bastei luebbe,heirate,fla.,bl.
eb23b886-96ee-45a5-bb7d-26dac1ed2e65,flint,heyne,ordnung,flint,h.
90ce7efc-91b2-4e84-9555-3465f1e21b5f,fisher-ruge,deutscher buecherbund,armenischen,fu.,d.
8207e583-5751-4874-9d55-c62f99f1a95c,deaver,Unknown,knochenjaeger,dv.,Unknown
8a34f994-d651-4e42-8970-e096782b00fc,gabbard,sphinx,staerker,gabbard,sphinx
b1fab5bc-e522-4f1c-9274-ad77296b9ec0,follett,de.,fortune,f.,de.
87856f1e-d6f9-40e2-9603-00db3e35f719,follett,bastei luebbe,saeulen,f.,bl.
202df646-a12c-41e7-8ca3-78195a790524,follett,pa.,dangerous,f.,pa.
5c4a2c05-fc4f-4167-9f5f-66dc7c6863b0,gabaldon,blanvalet,ufer,gb.,bv.
8e7f01f0-2261-4233-bbe9-b49e2ae57405,glanville,heyne,profi,glanville,h.
c0b60a94-327c-40ea-9fff-422b09b0edd7,fuchs,ullstein,gen,fuchs,u.
aac97312-3720-4ee2-8456-25252633cbd3,grisham,heyne,akte,g.,h.
69a64815-29f4-4008-9301-2a0ee8a4567c,gabaldon,blanvalet,stein,gb.,bv.
56e43cb6-45fe-4228-bc1c-997b16c7dad8,george,bt.,ashes,ge.,bt.
84efcd4a-614e-4695-9858-67aec6311b57,blyton,Unknown,alten,bl.,Unknown
32f0f1fd-4796-4f6f-9a48-27a53a116c97,fahey,ng.,atemberaubenden,fahey,ng.
68acb589-6214-4a53-9298-77533d1af19f,fried,heyne,rosannas,fd.,h.
744e11e6-c9b2-4931-baea-3121e85a9035,felmy,i.,schnees,felmy,i.
43355664-3f02-4ded-964f-93ef7910a5e0,fleischhauer,heyne,purpurlinie,flh.,h.
f18ec704-217f-4c46-b770-129127bfa453,fortier,fischer,julia,fortier,f.
6f5e2dd4-450c-4d81-ac78-9f2e9dd9dd4e,franz,weltbild,syndikat,franz,w.
34cd8bc4-e54e-4dcc-a3f6-239240de3c7c,fisher-ruge,fischer,peking,fu.,f.
576181c7-6a3d-4b96-bfbd-cefb4222e2f5,forbes,random house,inferno,fb.,rh.
609ff8b9-2473-40c9-af27-74c87cbea50c,fried,heyne,seitensprung,fd.,h.
e170107c-56e1-4213-98a7-696ad95196f6,friedman,allison u. busby,next,fdm.,allison u. busby
3067ba9e-ed4c-41a2-b34b-bc4ed27d4e6d,fleming,Unknown,sterben,fl.,Unknown
ac3df0c9-580c-464d-82a0-df9642f3a4f6,follett,luebbe,mann,f.,lu.
5e443147-142c-47d7-9a4f-87d9085d76c1,follett,knaur,seelenbrecher,f.,k.
ac9b605d-9711-471c-9f6e-7aeb1a710270,follett,heyne,enigma,f.,h.
2e5aef52-cd04-438d-a6da-cf646f0110fd,follett,bastei luebbe,loewen,f.,bl.
e81e696e-7d6f-45ff-978e-d518153a706e,farah,suhrkamp,netze,farah,s.
712a80fd-346e-4cf7-a460-f3baa9144b17,fossey,kd.,gorillas,fossey,kd.
dfb67ece-6788-40b1-8169-8b44f731d115,freedman,rororo,sa,freedman,r.
a6454715-fa90-494f-a5d8-adca221d0e45,freitag,goldmann,gedanken,freitag,g.
effaeff1-7c40-4cd8-9b03-3d7762f8244f,feth,ct.,erdbeerpfluecker,fe.,ct.
b01b1bd0-21bd-4693-9860-25290fba427a,fleischer,penguin,gestorben,fh.,pe.
e90dc8d9-aa50-49b5-b4bd-cef98eb29ea6,fitzek,knaur,passagier,fi.,k.
958e863c-d99d-4aca-bd67-7c7a1da52d86,fleming,Unknown,majestaet,fl.,Unknown
35e3fa47-27d0-4da7-ba3a-827ede4b27ce,schroeder,aufbau,vermaechtnis,schroeder,a.
0909bf32-86d0-4d58-bc15-0f61ecda1264,grisham,heyne,boone,g.,h.
c40ba859-8a5f-47c3-9743-5346b8ea498f,grisham,heyne,verrat,g.,h.
b56f008c-9acb-4533-9c61-ca42f65e3941,ganghofer,ds.,hochlandzauber,ganghofer,ds.
b87765e0-669d-42f2-b41f-010717aa9cc8,gercke,weltbild,dunkle,gc.,w.
cd1b7ab9-fb0c-464b-8549-60859c20f968,gifford,bastei luebbe,protector,gifford,bl.
e3b3dc8e-a37f-45b9-a854-3eeb0c9d1803,evison,kiepenheuer & witsch,lulu,evison,kw.
bcf68e3d-5f9d-492e-9425-d2861507684a,follett,luebbe,wassern,f.,lu.
3b3045bc-a6e2-46fa-bc60-e7480adbaf47,follett,bastei luebbe,pfeiler,f.,bl.
792e92d9-f591-408c-837f-a4b90ddeb9a1,feth,ct.,teufelsengel,fe.,ct.
161d2aac-c241-446e-a9a5-0fc2383f1e4a,feldman,bb.,unorthodox,feldman,bb.
92ca7036-30d0-4361-b4e3-3d98d13036a4,fitzek,droemer,heimweg,fi.,dr.
ae986a5e-c70e-431e-ba3e-7dfc87037560,fischer,bertelsmann,senta,fis.,b.
bf7b26f7-dcdc-4977-8582-7d9dd3e5936e,fleischer,heyne,rain,fleischer,h.
8eca4102-3d47-4af6-bc5c-1ef04290529c,fleischhauer,knaur,verschwand,flh.,k.
cd9e40ab-311a-4025-b393-15348c73f172,deaver,Unknown,knochenjaeger,dv.,Unknown
7481c73e-5749-47bd-b499-83e2b55c85c4,freundlinger,piper,alhambra,freundlinger,p.
04f6d1ab-495c-4a8b-ae91-2d4a1ade0482,eszterhas,random house,animal,eszterhas,rh.
7d7a4321-30ff-4112-a0fa-755dd9d28502,follett,buch und medien vertrieb,eisfieber,f.,rm.
41c28197-f86d-4009-9be4-4a850634d13d,follett,buch und medien vertrieb,eden,f.,rm.
2375764b-4b6b-4cfc-b839-b74414858fe4,folsom,blanvalet,uebermorgen,folsom,bv.
0953491c-71aa-4b96-98bb-3d27c90139e1,frank,buch und medien vertrieb,prophetin,fr.,rm.
e90d176d-d1aa-4a47-b899-9f9b5a95c383,fisher-ruge,fischer,peking,fu.,f.
75d00120-9348-4263-a835-5e13b42a9cc2,fuentes,buch und medien vertrieb,moerderwald,fuentes,rm.
58fb3ef5-93f5-4711-8e9e-8722b379c779,grisham,de.,litigators,g.,de.
e6583be2-5401-4722-a365-a3757c7e47ab,gaede,geo,afghanistan,gaede,geo
36c3a237-e85d-4f14-8dfc-41ea46626eac,garland,goldmann,koma,garland,g.
4695ad4b-edb1-4b0a-93bd-96d219587da6,gercke,knaur,kehre,gc.,k.
0316e403-885b-42b4-ad40-dee8d4757a33,gilden,spelling entertainment,ueberholspur,gilden,spelling entertainment
2794c091-590c-4c11-a055-20d214765e10,fernau,goldmann,halleluja,fernau,g.
825c1840-6f96-442d-ba2b-2cfa4309ccfa,faber,goldmann,normannen,faber,g.
14b5431f-f16d-43ab-8b97-2ca0696e1312,fitzek,knaur,insasse,fi.,k.
e7c6f20c-5f53-4e7d-8453-1092a341bbc4,falconer,heyne,sultanin,fo.,h.
5b10f212-1580-403c-80eb-f16bd798b571,falconer,heyne,aztekin,fo.,h.
3bef99f1-029a-4c85-84fe-32bd0882fb0c,franzen,rowohlt,unschuld,franzen,rw.
b92627d0-4eba-46e7-b04c-a77b86320aab,fest,ew.,gefressen,fst.,ew.
3f456e79-f068-4ae3-8bbf-58c370a48dbc,grisham,de.,painted,g.,de.
3a185e91-f1b0-49cf-bb97-0eee84aecbb5,gable,bastei luebbe,haupt,ga.,bl.
e03084d3-3a76-4c70-a035-4575617e7f88,gaiman,headline,gods,gaiman,headline
f1b5b87c-1fae-49ec-abb7-3324eee9a0d5,gilbert,jochen kopp,maya,gilbert,jochen kopp
f0b91551-afab-4b49-bdc1-bd6550e9e501,glaesener,heyne,safranhaendlerin,glaesener,h.
7f96cd4d-8ab3-4060-ab3c-fab19ddffafb,goldsmith,heyne,bestseller,gm.,h.
ee1b2c82-e43c-4b8c-a1cd-fa4648b4a25b,frazier,buch und medien vertrieb,cold,frazier,rm.
c268eb23-4a77-480f-b3d2-a832b4e333f9,frey,lw.,sackgasse,frey,lw.
4fb29639-710b-45f0-9517-396db9084c26,greeley,wa.,sins,greeley,wa.
392b69e4-3283-42c4-8f57-1614665b2b7f,greer,fischer,weniger,greer,f.
6506ffc9-557d-4652-b2a5-a03f008843b5,gruber,ecowin,weiss,gruber,ecowin
038f747b-4c99-45f7-a1d1-0a57954c36aa,grzimek,bertelsmann,australien,grzimek,b.
9d44b4aa-324c-4537-bc3c-876cd8113cbe,fricke,Unknown,geliebte,fricke,Unknown
787cae68-fc71-4cc8-8df9-992933137e50,greenburg,bastei luebbe,satanische,greenburg,bl.
6065289f-1d3c-40fd-b79e-f28b4a72656b,hemingway,Unknown,alte,hemingway,Unknown
d69c0bb9-d97e-4373-8aee-f66d735e0b8e,hall,heyne,finale,hall,h.
94f78558-e959-4505-b5bb-8aa677d7fc47,hahn,bild,rentenplaner,hahn,bild
5731b1c2-f38b-4b5d-977d-fb296b86bcb3,hammesfahr,rororo,puppengraeber,hammesfahr,r.
a2878819-a3ff-4868-8b29-f0175b06266c,hildebrandt,kd.,denkzettel,hb.,kd.
7f51e61d-ec7c-4ccd-a9ab-1854b981cd7d,heilmann,goldmann,frau,heilmann,g.
4c091f9f-83bb-4377-8004-9028833d659d,hines,knaur,lied,hines,k.
0ec3fc7d-3806-4d6a-b47b-e2d968f3f538,hirsch,rororo,luxemburg,hirsch,r.
7acffe0a-698c-4b4f-b159-5afa1f93ac07,hohlbein,sueddeutsche zeitung,drachenfeuer,ho.,sz.
f457b30e-0e9d-4988-a660-aadc5b11e26e,hohlbein,bertelsmann,azrael,ho.,b.
2e63d3f9-075b-4fc7-a113-f3959b5af549,hohlbein,ueberreuter,unterland,ho.,ub.
b2952c27-9666-4f0f-8031-abb9e097104e,hoehne,nofret,geahnt,hoehne,nofret
25465255-fb6e-4207-8833-ae18a89c5f84,hollinghurst,heyne,schoenheitslinie,hollinghurst,h.
6f44badc-bf41-44a5-977f-03b92936d118,golon,rororo,angelique,golon,r.
fda8242b-7376-4bae-892e-615cb2819f53,gottschalk,sc.,pharaonen,gottschalk,sc.
8adbe1ac-f1d8-4406-bd93-3d1c3921a6b4,green,deutscher buecherbund,alaska,gr.,d.
b2f1ca11-86c0-4e72-b241-40e19ee2802a,lorentz,Unknown,wanderhure,lo.,Unknown
5198d039-1284-4c41-816e-86d5a3818e6a,sutton,deutscher buecherbund,knaurs,sutton,d.
b91a673b-7a80-473a-8b76-badc1d2befdf,"h., c.",ace books,worse,"h., c.",ace books
5a94399f-3987-422a-9536-dcaf0f5d59da,habe,bertelsmann,netz,habe,b.
08709054-38ab-4ecd-b6ed-37ad462c55ca,hardy,md.,jenseits,hardy,md.
3dccb3d6-d9ce-4ed1-ab47-b4bd20379f73,hasselbusch,rororo,flirt-angriff,hasselbusch,r.
2b30acd6-65e3-4692-b8e7-e4839a888802,hildebrandt,blessing,raedern,hb.,blessing
2407166c-835b-44ed-bc9c-680e07aa60fb,"hechelhammer, v.",piper,spion,"hechelhammer, v.",p.
84e17e6a-1d43-4f76-a898-c9aa77b27db8,henry,gustav swoboda & bruder,borina,henry,gustav swoboda & bruder
ecb38c0c-ca02-402d-a30c-86b1328f4c74,hailey,ullstein,hoechster,hl.,u.
b11ce642-8dcd-43d1-b995-881e6b7f432d,hofmann,A1,wiedersehen,hm.,A1
192963d7-3187-4b61-bc21-50d51241ec32,hohlbein,heyne,greif,ho.,h.
224bd1e0-c494-4ec2-af22-9229270ec04d,hohlbein,ueberreuter,unterland,ho.,ub.
a3245a15-471b-4677-96eb-4c3822db2948,hohlbein,wb.,elfte,ho.,wb.
0ab1783b-0e00-436b-b529-30aa60c9f6e0,holmes,blanvalet,medicus,holmes,bv.
5a06230e-dfb7-4f00-84a8-80537e1f1a3b,gordon-davis,bertelsmann,beute,go.,b.
10f0f407-99a9-4698-9c2a-ee10ac60c5ac,ebert,Unknown,spur,eb.,Unknown
712064dd-b8e7-4f6d-a087-900845e7f61a,fried,heyne,mann,fd.,h.
782b996b-aa8f-4697-92c4-22b812ab8bc7,gruen,rowohlt,elefanten,gruen,rw.
913d6a3b-539e-4538-8e8b-fb4d35d73832,guterson,bb.,zedern,gut.,bb.
21bf2183-7998-4ff3-953f-f8535e7c5519,green,buchgemeinschaft donauland,kalinda,gr.,bd.
849cf26c-8694-4004-985a-53f82ad0b3b1,green,carl hanser,margos,gr.,ha.
4e7bb0d6-95d0-466d-b52d-01910a54db80,hayes,habel,dunkle,hayes,habel
7e68eb30-c65b-453e-9f90-34ea1520c462,henry,dt.,koenig,henry,dt.
b2227d29-541a-4617-ab6b-9b3db42b6153,herbert,heyne,gruft,herbert,h.
f562f877-634e-44ce-9bd7-744320c765c1,hill,hr.,stranger,hill,hr.
8f93af21-8817-4334-aab0-01ac4cecdbf6,hohlbein,heyne,druidentor,ho.,h.
1086ef17-915e-4876-93a5-06616e12c4f7,hacker,rororo,aggression,hacker,r.
12d35a7b-6757-4ca5-a998-8893a68d870e,haering-huan,fischer,chinesisch,haering-huan,f.
bf86f63f-b548-40c3-9e17-2c57d098aabf,haertling,dt.,verdi,haertling,dt.
b8da94eb-fd7a-4666-bb55-ca0ca8d3382c,haon,berlin,stille,haon,br.
3818df88-d135-4572-928d-fc5425f66c03,harper,temmen,minik,harper,temmen
7e911d85-bbdf-4311-abdd-3a22253fc1e6,haugen,bn.,linh,haugen,bn.
a3555211-951c-4a2f-801b-ed95556382ed,gross,deutsche verlagsanstalt,tacheles,gross,dv.
4abf611a-7a71-4025-9279-93a235e63090,guareschi,rororo,camillo,gu.,r.
029a4d47-034b-48c6-90ba-702916e4083a,harris,stern,vaterland,h.,stern
8c48ea79-93ca-4903-8bac-73f37813c71e,hohlbein,heyne,templerin,ho.,h.
2757e8b6-72a8-4625-be05-fee197e55686,gowda,kiwi,geheime,gowda,ki.
9ae01cea-675c-4c54-aa2f-e59a263fe871,gowdy,fischer,seltsam,gowdy,f.
81aef746-9cee-4551-af0f-116a62a89716,halsey carr,diana,tausend,halsey carr,da.
53d95ce9-aaec-4687-b816-9880802f9b4c,halter,wunderlich,messias,halter,wu.
ea9030d5-d18a-47c7-a50b-3722c65df83f,hallberg,fischer,city,hallberg,f.
cb63725b-ee0d-475b-acca-589b809e8ad5,harrer,bo.,sieben,harrer,bo.
0deb743e-9ee3-4e27-8de2-e932ddda6142,hammesfahr,rororo,suenderin,hh.,r.
819297de-1a05-4bea-8003-0c44f612f7ec,hailey,ullstein,hoechster,hl.,u.
0457af65-a776-4af4-bf27-a765b7e723f4,hailey,ci.,news,hl.,ci.
e022a649-b3b7-4230-ada7-201ec6e9fcf1,harris,heyne,titan,h.,h.
fd53b7d0-000e-46d6-8b88-5b26d5b4858e,"h., t.",heyne,laemmer,"h., t.",h.
8c6c9231-85af-4a0d-ae50-1befc4c882ab,"h., t.",heyne,roter,"h., t.",h.
9cc7b0c8-94d5-418a-acb6-953d77f9aa17,bukowski,dtv,hollywood,bukowski,dtv
e7f872d1-cd22-4356-bd5b-6ca9e57e7405,gram,heyne,perfect,gram,h.
610411a6-dd9b-4af4-8075-824c0017030e,harris,heyne,aurora,h.,h.
34d4f7fc-e8ee-4098-9fa6-3575723daac2,guareschi,bertelsmann,peppone,gu.,b.
1122f47d-b2ba-471b-b2f5-dbd550886e5a,hohlbein,ueberreuter,drachen,ho.,ub.
a0cc52a8-5214-4cda-bf1b-130514af84fb,hohlbein,heyne,schattenjagd,ho.,h.
a3209e77-1b3c-4c53-957f-64abae5c6806,hohlbein,heyne,hagen,ho.,h.
e5b681cb-a463-44e8-bd6a-dfb0b025fa9d,golden,bb.,geisha,golden,bb.
e5301972-c28d-4c93-b7be-e75c6888170a,gordon,goldmann,ohne,gordon,g.
93c8d054-f52a-4712-9d80-55cd03e7511c,gosciniak,dumont,kairo,gosciniak,du.
aa185a76-89dc-4966-ac4a-b50ad7f5d5e6,guertler,ei.,deutschland,guertler,ei.
562188a7-e0a3-4de5-a02a-d3b41806802d,guimaraes,kiepenheuer & witsch,sertao,guimaraes,kw.
68d2dfa2-adb3-43db-960e-f690b285e7c8,guthrie,goldmann,erde,guthrie,g.
56bfaadf-3375-4360-bf65-0062f6f3342a,hass,europ bildungsgem.,meeresgrund,hass,eb.
b80185b1-3226-4351-865b-e7a7385acea2,harzig,bertelsmann,grosse,harzig,b.
c25209b2-0a02-46eb-9ac2-7d9bda363e3f,heißerer,dd.,dorfbanditen,heißerer,dd.
25d6aad8-7d9b-4b93-a4f7-33f62cc1fb92,bourgeon,fk.,hur,bourgeon,fk.
e915938d-9ac8-4f21-81e0-d75eb61b0c86,grimm,py.,thailand,grm.,py.
a306a30c-b856-4618-b659-8291c8a83785,groszer,cd.,claire,groszer,cd.
fe24580a-bdcc-4869-a26c-18aafb604cc5,guareschi,fk.,herde,gu.,fk.
42c6d351-46c0-470d-bb12-e0a47ca5fb4a,guez,aufbau,koskas,guez,a.
535b1241-7ca2-4f0d-9a77-c5cc5ebb70c7,higson,bertelsmann,morgen,higson,b.
21073310-5ebc-4af5-ad79-4a79ba2fab30,higson,arena,silber,higson,ar.
6b2173b4-f7de-4867-8279-ceb114222aa2,hailey,goldmann,reporter,hl.,g.
7ae62e7c-8e6d-48ba-8165-461cd5659a69,hohlbein,buch und medien vertrieb,untergang,ho.,rm.
ed7ccc73-6553-484f-a84d-2c8e9c50289d,hohlbein,gustav luebbe,dunkel,ho.,gl.
5b5c9abf-a2f8-468a-8a77-cf4755e03320,hope,piper,kruegers,hope,p.
e9140e61-4b54-4a3b-80c8-c0b32b37534a,goldman,mtv,marathon,goldman,mtv
54fe887e-19c5-4723-9724-5b7e331a33a6,haffner,knaur,bismarck,haffner,k.
afd157fe-7feb-4e14-aef6-5996d75ed19b,haider,gabal,ausverkauft,haider,gabal
8aa67fc0-7648-406f-97e8-84ee41afa5e2,hall,ml.,totgesagt,hall,ml.
6e0ebd23-cee0-4f6f-99ee-63a54213a168,gollhardt,penguin,westwall,gollhardt,pe.
8683acfd-5df7-412b-9b67-0e9758631124,jampolsky,goldmann,lieber,jampolsky,g.
cb5caea0-2302-48bb-9606-1a656d171421,grosse,copress,golf,grosse,copress
1f7d80e1-3621-4f64-a2d8-0eb00446bc57,gerritsen,weltbild,grabkammer,gt.,w.
8fd57109-206c-4ddb-93e8-cf5859da4673,harris,heyne,ghost,h.,h.
7790e2c3-cd6b-49e9-bca3-345d9c7e23c7,heck,engelhorn,nashorn,heck,engelhorn
47d02198-1f54-44d1-a2bb-6e3758c5e6c1,henkel,econ,ethik,henkel,e.
53f97660-5b97-4d7d-b263-4353427cb2eb,hering,Prisma,bildhauer,hering,Prisma
d71fc06a-f491-4f30-be63-896643cb05d7,"hirschhausen, von",rororo,glueck,hi.,r.
275190d8-8ca6-47f9-b60d-046820877efd,hofmann,knaur,massai,hm.,k.
f70bf888-0e29-444f-b209-f5a5e3b27c86,hoag,buch und medien vertrieb,pfade,hoag,rm.
1fbf2309-cf46-4c94-a68d-7f8e77863076,goldstein,bastei luebbe,salomo,goldstein,bl.
8f1080ff-fb1c-4990-89e0-e3331f4add39,goodkind,blanvalet,propheten,goodkind,bv.
d4087bc6-61aa-4afd-b443-752b55ab36a3,gore,ri.,unbequeme,gore,ri.
969d497d-9c11-42a0-b916-fb616f58c249,hammesfahr,weltbild,suenderin,hammesfahr,w.
0a618223-397c-4480-b760-114e2c92864e,hamsun,deutscher buecherbund,weltumsegler,hamsun,d.
b86f96eb-ac3a-4b70-8136-1c4448f8e1b3,hauck,lingen,garten,hauck,l.
9c6bbb37-ec71-4b23-9294-1e438d96fd46,may,ts.,kaiman,ma.,ts.
7895e1ca-32b6-49c6-ba77-5317383250bd,hellmuth,collins,reap,hellmuth,collins
de112f81-1def-4cad-99b4-c444b330330f,henn,dumont,rum,henn,du.
f510ae57-cbf6-498f-9b8f-8f21afd6837e,grimes,rororo,jurys,grimes,r.
0395ddb9-7f59-4830-a288-74667132212d,hoffmann,heyne,paarungszeit,hf.,h.
00f75f2e-c515-464f-b410-46d720f1d52f,hailey,blanvalet,ermittler,hl.,bv.
201c8709-c9ab-4ea6-baac-bf7a4cefe77e,hohlbein,bertelsmann,zauberer,ho.,b.
02273ce8-e159-4913-9646-7b2bccd462ff,hohlbein,weltbild,kevins,ho.,w.
143cbfa0-7499-45e9-af9d-d8ae1cbadae2,hofreiter,ri.,fleischfabrik,hofreiter,ri.
dfffdbf3-3735-4a83-a962-1f76aac1f6c1,hohlbaum,stv,zauberstab,hohlbaum,stv
6aa409ba-9108-4c65-a35d-403901c068d5,golding,goldmann,papier,golding,g.
635beba6-a208-4772-af47-2c813baacd70,groult,buchgemeinschaft donauland,salz,groult,bd.
fe48e91c-3d72-47ce-b81a-ee5dc76f62d8,gur,goldmann,begehren,gur,g.
4d54bfa0-1914-4886-a183-2855df288c9e,gray,goldmann,tag,gy.,g.
52757e66-cca5-4066-970a-03d7b3421816,haefs,heyne,alexander,ha.,h.
f54c63a5-ad4d-4677-80b7-58919fed2695,hansen,knaur,voellig,hansen,k.
a758df94-5585-48af-9d40-15ae5809a744,kallinikow,bertelsmann,frauen,kal.,b.
fb75c6ab-dea3-4c2e-ba92-ce08fa44b4c1,wog.,ullstein,kabul,wog.,u.
6702825f-af5d-4d86-89cf-c6b738736ccd,herrmann,rororo,mission,herrmann,r.
57873b45-017e-450f-8377-94df39e90aa1,bromfield,Unknown,parkington,bro.,Unknown
b0111391-c4d5-4e8a-b858-b1b443def75a,hite,luebbe,report,hite,lu.
788ea39b-438b-459e-ae42-54e9de3c4eff,hofmann,knaur,zurueck,hm.,k.
90d9730c-7393-423f-a069-9541071667f3,hohlbein,heyne,magier,ho.,h.
df256456-4aa6-4d35-8b00-7e4dbadf262c,hohlbein,ueberreuter,katzenwinter,ho.,ub.
3b3587e1-3828-4864-b918-16ed7bcd8e2e,hohlbein,bastei luebbe,dunkel,ho.,bl.
4c2fe6fb-39fa-443e-9751-418e2ca098cd,hohlbein,bechtermuenz,inquisitor,ho.,bm.
b185b022-1677-41f4-9305-66c4d71ea6b2,hoag,blanvalet,dunkle,hoag,bv.
a3b37d66-d071-42f0-bb7c-d44b913dfae3,hodgkinson,heyne,frei,hodgkinson,h.
179444be-7522-481a-8fa2-adb6828c5d98,horowitz,ravensburger,stormbreaker,horowitz,rv.
a15ec978-1cc6-4a72-96a6-fa485b493185,gordon-davis,bertelsmann,jaeger,go.,b.
8c93d65f-6220-4f17-8fc7-3046b2edd038,green,ullstein,mesurat,green,u.
ff97c59c-55c6-4c3e-8d0f-b5f909e77015,brockway,knaur,diebin,brockway,k.
3f5c162d-6727-4972-b428-4632475809b0,groh,blanvalet,pinguine,groh,bv.
d153297c-ca13-44d9-bb23-22bfc3c85bb9,haffner,kd.,hitler,haffner,kd.
a53500eb-bb3b-4eaf-8abc-0c0e00dea694,hildebrandt,kb.,nie,hb.,kb.
e0662fa3-e603-4fbb-ad8b-80861f614feb,heller,knaur,wert,he.,k.
df183ceb-e13d-44a3-9772-57b124043e5a,hearn,carlsen,schwert,hearn,c.
46a6a253-9796-46e8-a12b-809e8c816db0,held,fischer,zora,held,f.
d0cf4b7a-49fd-43e6-a95c-9674cb2cb14b,guareschi,otto mueller,camillo,gu.,otto mueller
644fba6e-c2e0-4f7d-b04f-d1727425bce3,hellinger,carl-auer-systeme,seelen,hellinger,carl-auer-systeme
1ffd8ce8-46ef-43b8-8a63-55a6920f4352,hitchcock,schneider,schlaflose,hitchcock,sn.
a5bdb335-384a-49cb-9008-6d8639e8b9ec,hailey,deutsch buchgemeinschaft,airport,hl.,dbg.
965449f2-0fc4-431b-b656-aabafa5d0f1c,hohlbein,ullstein,vampyr,ho.,u.
7980b7e7-c4f7-4dcc-a105-922264309f5e,hohlbein,ueberreuter,maerchenmond,ho.,ub.
88d5b272-ae15-4dab-9fb1-997b148f7ce9,hohlbein,knaur,avalon,ho.,k.
c4b8f267-09fd-4a28-8a30-9d7f570467d5,green,carl hanser,mieser,gr.,ha.
2be3735e-0e97-4e4b-b754-a6b2bfd08cd5,granger,naumann & goebel,november,granger,n.
ab70356f-1565-405a-915f-96a92420b561,feth,ct.,scherbensammler,fe.,ct.
73bf5505-ee2a-43d0-9fe4-d99ce3733ff1,gruda,fischer,torjaeger,gruda,f.
a525dc21-c775-4b60-a559-216b548ae90e,guareschi,ullstein,avanti,gu.,u.
93333bd8-a5bd-4b78-a813-36718d23013a,grifka,rororo,knieschule,grifka,r.
030c220c-4cb6-4f71-9a2f-111fa7da5f31,heine,bb.,taube,heine,bb.
96943118-6f37-4d20-bfa3-776dc7e1bf58,"hirschhausen, von",rororo,wunder,hi.,r.
e8fe4875-6e20-4f8c-88de-42e1d182f70f,hilliges,rororo,afrika,hilliges,r.
3d3e840f-48c6-4404-989a-fbae4428215a,hirschfeld,heyne,feindfahrten,hirschfeld,h.
1ef3d3c2-2885-4c05-a573-5ee153c0a6e9,hailey,ullstein,hotel,hl.,u.
69f73ac7-6262-41f1-af2c-90fa073e9dbb,harich,rowohlt,wachstum,harich,rw.
9c3f4b79-ffe1-4a9b-87bd-290a078e1671,hauser,hoffman und campe,schwarzrotgeld,hauser,hc.
389cff1c-99a7-4efb-804a-d95681516951,hildebrandt,kd.,bleibt,hb.,kd.
6586589f-7ecf-48fc-a577-7656851fc57a,heller,weltbild,rache,he.,w.
478a87a7-6f80-4f74-b3d7-640d8a24a6bd,heffermann,diana,opiumpate,heffermann,da.
6dc5c164-ddb2-4499-9a4a-26765f9325ab,heller,knaur,mann,heller,k.
cd89541f-6c1f-4dd8-aa75-13b37ab4adc0,hesse,goldmann,test,hesse,g.
d0b1147e-6ddf-42df-9b81-983368256e48,hass,europ bildungsgem.,unberuehrte,hass,eb.
35817e8c-ad48-448f-a475-76bb1fdb315e,gorbatschow,knaur,perestroika,gorbatschow,k.
5ffd94d0-1a6a-4aaf-a3e5-a4491c8322ed,gossage,econ,werbung,gossage,e.
143b8768-a64b-4c84-92b8-fdfe03ee1959,grass,lh.,raettin,grass,lh.
8658b6df-6124-4499-b7d6-8a3ca61c48e5,herbert,heyne,gott-kaiser,herbert,h.
eb17fa6b-64d5-4f86-96e2-dcbcfc141e3a,herm,buechergilde gutenberg,phoenizier,herm,bu.
78ec180f-dd63-47fb-aa6b-a9d2aef9b442,hesse,piper,neurosen,hesse,p.
d38ace84-8898-4571-ab14-5737bee8c4c3,hammesfahr,weltbild,suenderin,hh.,w.
c7a55025-a7d9-4ba7-a0be-7da8ef16fb7a,hinton,arena,kampffische,hinton,ar.
ab88e6b4-fbbe-46fd-9c07-fee27f8445c4,hirigoyen,beck,job,hirigoyen,be.
1041311f-d565-42b9-9451-1698da400058,hohlbein,bastei luebbe,widersacher,ho.,bl.
654789b7-5acd-433f-aac3-b729d8e71488,hohlbein,ullstein,unsterblichen,ho.,u.
e39878fc-2787-498b-bc19-2e0f89431b44,hochhuth,rororo,guerillas,hochhuth,r.
7e75004c-cc7e-4a80-b940-5b55d0bd3ec8,grimes,goldmann,namen,grimes,g.
defbced9-391d-4750-a278-8a71005ea3a6,golden,v.,geisha,golden,v.
4105af05-e1a3-4a03-84b7-14d22b37c925,gralle,bn.,bischofs,gralle,bn.
ae02a0dc-1d7e-4568-a1f0-e53403245e5d,hacker,ullstein,irrtuemer,hacker,u.
27a21401-7a53-4da7-977b-996e41f86120,grey,zsolnay,bangkok,gry.,z.
c61f680d-c2a3-450f-a93a-5e03627c135d,gur,goldmann,schatulle,gur,g.
c79d6078-22ab-4aa1-b2cc-9ac2a2eececb,gray,goldmann,schrei,gy.,g.
afbf331c-5229-4088-ac23-0dc9c155dd3e,harris,heyne,pompeji,h.,h.
255c9581-7caf-4624-9221-3b91377e2b22,heller,fischer,naechsten,he.,f.
0aaaa6db-15eb-4a33-b458-35c063ddfdcc,hildebrandt,heyne,musste,hb.,h.
44bec8d1-1b90-4fb8-9ea1-cc45894552f2,heath,blink,reveal,heath,blink
ae3453f9-efe7-4140-a2b3-17ba3ccfb603,hensel,lh.,laerchenau,hensel,lh.
d6c6d84a-c985-4fcd-8e4b-23f50d4deea5,hess,gräfe u unzer,echte,hess,gu.
f03bd8eb-5aac-4b58-9a9b-fabd4fbb4a0b,heuck,arena,elefantenjunge,heuck,ar.
ad97707a-e22b-4b2a-8ae3-495e43756b77,heusser,at,sowjetunion,heusser,at
fea03b3d-109a-4465-acde-1292a9fc5b67,hiaasen,goldmann,haut,hiaasen,g.
6b9027ba-f0d7-45df-83d0-5beb690af13d,hilton,heyne,knochensammler,hilton,h.
7364c12b-dad1-441c-98ab-04cacaf1d1a0,brown,bastei luebbe,meteor,b.,bl.
e47fc202-569b-4569-92bb-ed108c9aa3e2,groult,knaur,salz,groult,k.
511c2156-658c-450e-915c-5de16c3c73c1,harris,heyne,sonntag,h.,h.
969ea887-7bb3-4831-b37e-f85c89ca71bc,haaf,hoffman und campe,alpha,haaf,hc.
eea96aa1-ee38-4cda-bb0f-0c2c0aa8df4b,hohlbein,piper,drachen,ho.,p.
183ccb4b-9e10-49a0-950f-85cb29a41a69,hoag,goldmann,suenden,hoag,g.
612074b2-0b5a-4252-a55c-14cd11b9c779,holm,dressler,boston,holm,dressler
eca0d974-5d74-479c-97a8-5baa0cd5770b,green,rororo,rosengarten,gr.,r.
174f39b3-ebf3-4963-83e6-06ac14264d51,graf,DSV,amtliche,graf,DSV
b7eb595f-8720-4e34-8527-bebe019dc470,gremillon,hoffman und campe,prinzip,gremillon,hc.
6be5007c-ccd6-47e8-abc3-7f8cdfd25f06,griffin,jove books,secret,griffin,jove books
d04fa6f5-c4d5-4caf-b8fb-6aa71ec44c5d,grimm,gloria,madeira,grm.,gloria
0d672979-03f8-4ce6-a8a9-7f77ba6f9db0,hamblin,bastei luebbe,legenden,hamblin,bl.
2d0e8d58-3a1b-47af-a0da-25e93b20cb1c,haran,goldmann,socken,haran,g.
2edd1de8-d544-4e81-bc77-f64bddd84f27,haydon,piper,tochter,haydon,p.
d232016e-f775-433e-950e-b830a2a15dcb,goga,diana,burg,goga,da.
afacf194-ee4e-4a44-9a35-b89ec2b2620e,beer,moewig,positives,beer,m.
1618e34d-1d17-46e2-9035-aada83343ecc,heinrich,heyne,gezeichneten,heinrich,h.
0205e6d7-c0d9-4722-a14e-b4ba2f9bde20,helmhausen,py.,kanada,helmhausen,py.
5f97b4be-dab9-4520-90ce-455917fb99fd,herriger,heyne,scheidet,herriger,h.
435ba56f-41a8-41d3-87e0-22d2d68d0333,higgins,ka.,kaelte,higgins,ka.
f7ff1242-8489-425f-9f02-306ee9003ff2,hohlbein,goldmann,avalon,ho.,g.
98bdd947-0233-4198-a952-65798d5de159,harry,penguin,reserve,harry,pe.
31a681da-d56d-44cb-85a4-f0fff7ca773d,hohlbein,heyne,unterland,ho.,h.
fd5fa925-d759-4eb2-a423-3a909407fb94,gordon-davis,bertelsmann,jaeger,go.,b.
f3283ee2-4962-40f2-ba07-e3f61c787053,goetz,eigenverlag,freiheit,goetz,eigenverlag
3c42ed38-0160-413a-9b10-49b7cd21c9b8,grey,zsolnay,bangkok,gry.,z.
2c4f2e88-3aab-46a7-8946-45050f43d620,cervantes de,Unknown,quijote,cervantes de,Unknown
4c611480-2c64-46f6-ab3a-77be3d4355fd,harris,heyne,intrige,h.,h.
ad60ef3d-854a-4a11-8130-0033fe3f9e7e,"h., t.",heyne,laemmer,"h., t.",h.
2da57256-10b7-4e34-9c54-4ac4d740ffeb,hakesworth,rororo,eaton,hakesworth,r.
3623ae0f-011e-46ad-8a0a-78ab8c5ab8a0,hetmann,om.,indianer,hetmann,om.
b8005a5a-f031-4d91-8b88-14d85dc4b236,heyer,rororo,falsches,heyer,r.
9e9ab6bd-4564-4f07-aaec-d07436c6f631,higson,arena,stille,higson,ar.
8925b1ee-2185-413a-87e3-60c029858d55,hillenbrand,kiepenheuer & witsch,goldenes,hillenbrand,kw.
fe5d2e7f-957b-4e20-9d7f-407f3e76e446,hohlbein,heyne,krieg,ho.,h.
6ff4a6ae-eb0e-4f81-8e95-b11e7b597b42,hohlbein,ueberreuter,elfentanz,ho.,ub.
ecd0436a-f77e-475c-b18f-51f3d561f2e1,hohlbein,lyx,pestmond,ho.,lyx
fb6ee6c5-983b-4e00-b742-c11f60d2d127,holm,cd.,waeldern,holm,cd.
6c0a87f7-d88c-4f28-8e15-2b31a3bbe28f,holton,knaur,wuestensand,holton,k.
5dca6249-9b9e-4d33-b656-243eb33e6d65,green,sueddeutsche zeitung,kalinda,gr.,sz.
035c004f-deb1-48f4-a6e8-dacf0ac80d06,green,bastei luebbe,zigarre,gr.,bl.
6501db00-aabf-4d3c-b7f4-af696d8adc92,grey,diana,peking,gry.,da.
d442abaa-e0af-4f34-a5fe-51593366609e,grzimek,deutscher buecherbund,serengeti,grzimek,d.
a43ae96b-d356-4a3d-bd16-62ec4299023e,bruckner,carl hanser,ecke,bru.,ha.
a8430d5d-6035-4b1c-8f79-e907e05f9357,haloche,knaur,mund,haloche,k.
c1e19b73-99d7-40a6-bf6e-aebd27cd898e,hass,bertelsmann,korallen,hass,b.
2cd20b0e-b76b-4741-ba75-9a887bf8f0f3,hearn,carlsen,stille,hearn,c.
2c720671-f78f-44fc-9c0a-5395d239ca01,heim,hestia,aerzte,heim,hs.
6ff9939c-a26b-4b5f-abba-377879c832d0,helfritz,dumont,indonesien,helfritz,du.
ccea4e42-f0b2-48e8-a5f2-a3b46f871a74,hirschfeld,bertelsmann,dallas,hirschfeld,b.
9b7dd15b-065f-4209-992f-23fc46a2cb35,hailey,bertelsmann,hochspannung,hl.,b.
8fbef663-b98c-427b-be9a-3f8a550d3873,hohlbein,bastei luebbe,zauberer,ho.,bl.
9333d7df-9480-4682-a431-f3ed3a444619,hohlbein,heyne,sand,ho.,h.
ae8cf34d-5645-4632-b041-967f5c490d1c,goericke,rororo,treibstoff,goericke,r.
983d72a2-1dc5-4a58-b622-6962472eabdc,golding,fischer,fliegen,golding,f.
222e96e3-682d-490f-a0bf-6666b8a8ea02,green,knaur,mida,gr.,k.
2c53a19f-b7e8-4288-8fda-e23d53df762d,gould,tr.,jumper,gould,tr.
3c837afc-94f0-458d-acc6-b60ba20aa23b,gerritsen,li.,blutmale,gt.,li.
5ccd2b7c-42ff-445d-8a0c-6feac5b83ca5,guareschi,rororo,camillo,gu.,r.
fd951486-f714-48ab-97d0-38257f3707e9,baxter,bastei luebbe,web,baxter,bl.
06ee2cc8-9d67-4c21-a97c-94c30bf6bab6,yurk,weltbild,macht,yurk,w.
5953bcb0-e497-4fa0-aa73-85bae54118b2,gray,goldmann,tag,gy.,g.
8bdeb63e-c439-48c2-848e-ef971a03aa3e,hammesfahr,rowohlt,chefin,hh.,rw.
5fd4692f-4601-4c1f-9115-a319ea57dbb8,higson,arena,silber,higson,ar.
44d1ff59-45f0-495d-b9e7-2bf04135e297,hilliges,ullstein,verborgene,hilliges,u.
7e58105f-1fea-4e00-8aa9-615adab7d1e3,hinnefeld,bb.,luft,hinnefeld,bb.
40a856fd-6361-44ff-b278-addaab734d72,hohlbein,bertelsmann,zauberer,ho.,b.
c8e4dd3f-b2a0-43d3-9f72-920296f7c73f,hodgkinson,knaur,sex,hodgkinson,k.
62887351-8d79-4727-8a60-827918814558,harris,heyne,intrige,h.,h.
31004592-0e73-4dad-9728-3f38795dbee7,harris,heyne,underground,h.,h.
7dad1e55-76a7-44de-b39b-bb629a94dc6c,hacke,kiepenheuer & witsch,stehst,hacke,kw.
48d08df7-3ac7-4518-bd7d-1a64f5f77811,harrison,ullstein,schneefalke,harrison,u.
5ba672dc-18f3-437c-8a6b-ed2414c09373,hearting,waldstatt,geronimo,hearting,waldstatt
692cba62-dc6f-4601-ac13-5cf7fc488da5,heim,bastei luebbe,traumschiff,heim,bl.
34115e33-8a9f-43dc-9dd7-dd072210e2e2,herbert,heyne,dune,herbert,h.
f651cb5c-3a7e-4419-8431-6366be72f5c8,bellos,fischer,futebol,bellos,f.
9ffc0b43-f2d2-4152-8ef0-a04c502b6e34,iwanowski,iw.,suedafrika,iwanowski,iw.
3c5b4875-7198-49da-8b99-b4b6ff2b1653,jacq,rororo,tempel,j.,r.
0a4671eb-b761-479d-8525-fb972d8a9701,link,blanvalet,fuchses,l.,bv.
96cddefa-dd78-4852-af21-377b691d5a27,konsalik,heyne,herz,k.,h.
f2efd6aa-256a-497a-8e6f-1b23f0d3733c,konsalik,ka.,heissem,k.,ka.
65c886be-2927-4ffd-bd62-ad694b249c12,konsalik,heyne,heissem,k.,h.
57630e0c-5fba-493d-aa39-3c71928a3da1,konsalik,bertelsmann,promenadendeck,k.,b.
c286e2ba-8b98-46af-a642-14de9a824436,konsalik,naumann & goebel,sommerliebe,k.,n.
ec4e0237-e4f7-43e3-8b01-e0461b8d7829,jagger,sueddeutsche zeitung,claire,jagger,sz.
1938faff-ba83-406f-95e5-2cc0abc2f751,jennings,fischer,khan,je.,f.
44345719-5602-494f-bdd8-9963ca86eb02,jonasson,carls's books,analphabetin,jn.,carls's books
61c377c7-b1cd-47a2-bf75-5c751b51627c,jones,deutscher buecherbund,verdammten,jo.,d.
78dfd9f7-8949-4ceb-8a26-085eb46b98b6,juergs,bertelsmann,sklavenmarkt,ju.,b.
91896f55-7597-4443-b9d4-750d596aadc9,konsalik,heyne,drohung,k.,h.
89e9e599-6d5a-4b5e-90ab-4beb5c181cea,konsalik,pw.,agenten,k.,pw.
132aae56-4d34-4820-acb1-609bb61a67bc,bagley,heyne,kiel,bg.,h.
9f32596b-c6a1-4e22-bfd6-752f9277e5e2,hui,ullstein,baby,hui,u.
5cbe7986-a3f9-4e38-862b-32a46c061eb4,jacq,rororo,ramses,j.,r.
927e1372-4906-47c3-bf15-79276a302e78,jennings,fischer,prinzipal,je.,f.
716c1006-2723-4c59-a235-7dde48c4703a,jelzin,knaur,unbequemen,jelzin,k.
4e3b04ec-193f-4254-a1dc-e5e6188c2cd6,kh.,ullstein,beste,kh.,u.
563819a4-e947-49ac-b34c-bd6683802a43,kharitidi,blt,seele,kharitidi,blt
0518f94a-8df7-4a30-99f3-72ee48eaeac1,king,Unknown,green,ki.,Unknown
cfec8bd2-d1e1-4a95-bedb-1b3ae46cf784,king,alfa,salem,ki.,alfa
7775213c-ed49-4788-9010-8012534c9118,king,bertelsmann,stadt,ki.,b.
92923ba8-12a1-455e-885e-8911937602c9,juergs,bertelsmann,seichtgebiete,ju.,b.
6ea4d10b-963d-499b-95fa-6838394a663c,judson,bertelsmann,kalten,judson,b.
e3f9c4c0-7aff-4556-9da6-445991c3111a,konsalik,hestia,werner,k.,hs.
be4df79c-56f6-4a00-aaec-6139e7c91678,konsalik,lingen,toter,k.,l.
40f31b4e-9837-4c6d-a396-f767c1016566,konsalik,heyne,pardon,k.,h.
6c7a0ed6-dc7d-4b70-b3e5-de1bbc0fb10c,konsalik,bertelsmann,palmen,k.,b.
9da12bfc-819e-4f51-9278-82b196138a2d,bf.,Unknown,vergißt,bf.,Unknown
f4b9060e-bc8b-4035-a148-8ad9495ad39f,berger,buch und medien vertrieb,heimliche,brg.,rm.
3baae0a5-aa4a-4ed3-8a8d-db9be57093c0,horster,lingen,wiederkehr,horster,l.
ccc2f145-2ffb-4fc0-9eda-e61bf4f82b54,isau,goldmann,lied,isau,g.
95694d96-6ddc-4174-b28b-9a32cd81ae91,jones,goldmann,brandung,jo.,g.
9dbdd3bd-c8e9-418d-a768-4fc5c9fb3a37,keyes,heyne,wassermelone,ke.,h.
9fbe8436-781a-4884-8087-09724a1749d1,kastel,enons,wald,kastel,enons
c7138dc8-87b1-4282-a43d-00fd21ca2fd9,kelman,by.,pigeon,kelman,by.
2cf16e28-9d10-42c6-8dee-17a051e88541,king,heyne,kuscheltiere,ki.,h.
e0948846-3258-4878-8fd8-29f91ec8af75,king,pk.,dark,ki.,pk.
c3194cd4-47bf-4b42-b96f-4986d1f6fe5c,konsalik,goldmann,duell,k.,g.
d171c240-6049-48b1-95c8-572ad689f25a,konsalik,bertelsmann,tal,k.,b.
3a0fb6e4-6524-417c-a9ff-8073837706b9,konsalik,heyne,vergessenen,k.,h.
5fb85f4b-33fd-429f-8d64-cf8dbb96db59,konsalik,goldmann,angesehene,k.,g.
1227395d-958b-4054-bfa0-c050069c12a8,jones,heyne,erbin,jo.,h.
154f567f-a4b2-4a7c-ad11-d596950cea58,konsalik,hestia,theater,k.,hs.
740c8934-af32-4f1d-8ccb-804d4ad27b3e,king,heyne,es,ki.,h.
8723bcaa-77d9-45cb-b9d5-ee5ca9fa7bfc,king,heyne,stark,ki.,h.
0f958aa3-5aa1-4e57-930e-1088395808a4,horx,rotbuch,reise,horx,rotbuch
16dfcfc3-d974-4c13-b2f6-9db2c7c47f13,konsalik,goldmann,sibirien,k.,g.
58290325-8b99-4b3b-be63-d6e443898de5,konsalik,goldmann,berge,k.,g.
9b8b18dc-4397-498f-b342-6558e4add3e5,konsalik,bertelsmann,begnadigung,k.,b.
055f3b95-63ac-467b-a153-6fbdfef46a10,konsalik,bertelsmann,wuestendoktor,k.,b.
a47d0641-1a9d-401f-8279-406fca4c7a81,keitetsi,marion von schroeder,traenen,kei.,ms.
ce9a314b-7804-4910-8553-7c1aa31c88af,keitetsi,ullstein,gewehr,kei.,u.
42157f60-52e9-48f3-87e9-80bbc46e86b9,keppler,piper,luft,keppler,p.
1db45670-54c3-4011-a06c-863981d93e35,kempf,benno,ursprung,kf.,benno
de18044d-4049-46b7-b887-0699f588b7eb,hourani,fischer,arabischen,hourani,f.
96aa5715-e14b-40c5-9133-66356652741d,holt,deutscher buecherbund,nachtigall,ht.,d.
6ac03d96-0d6f-4343-b5fd-a11555cc5a34,hutchinson,aufbau,perfektesten,hutchinson,a.
ae3529ed-11fb-4534-aad8-4dc313924256,jacq,knaur,bann,j.,k.
7fe65ab9-4ad0-4826-963b-7ad15a794f6e,kempe,buechergilde gutenberg,wurzeln,kempe,bu.
895026b8-9861-4d08-8d26-045c612fdaac,king,heyne,zone,ki.,h.
c904090c-7579-41bb-b6e0-f341bdbc91fc,kaemmerer,bechtermuenz,richtiger,kae.,bm.
f54db4e9-0137-486b-952e-4a5196f43380,kabanow,knaur,perestroika,kabanow,k.
3375b52b-2424-45b9-86d2-95c86025bfea,kandemir,buch und medien vertrieb,himmelstochter,kandemir,rm.
731bb367-0784-49a9-8d1d-3c4b071edd48,kay,sueddeutsche zeitung,phantom,kay,sz.
ad579829-7415-4ac1-8eb0-f1324d33e670,johann,heyne,oregon,joh.,h.
69c03633-72f0-43dc-844d-de4a51f8da52,joop,gräfe u unzer,dress,joop,gu.
5d07c67d-9336-4a85-9f06-78aa4fd13b6b,juergs,bertelsmann,seichtgebiete,ju.,b.
6a4a3f3b-1e94-4ed5-8bf7-b7969ae53c8d,jung,econ,bezwangen,jung,e.
e48c5344-33b7-43f9-bd84-d6ce63cd8b13,konsalik,goldmann,paradies,k.,g.
77d4759d-3884-4ed7-b825-6be12a82676d,konsalik,naumann & goebel,sommerliebe,k.,n.
d3831fc0-6c57-4d9f-9faf-eb8a29e5c5a7,konsalik,blanvalet,gefangene,k.,bv.
8d1e9dd4-2002-4cd6-95b0-2dbf472647a2,konsalik,naumann & goebel,betrogener,k.,n.
877d8095-7602-46a9-bc6c-9116c99a102f,konsalik,heyne,saison,k.,h.
64e8ec2e-d739-4f94-a984-0f5ee10451e9,konsalik,goldmann,nerz,k.,g.
4be42933-d56c-49c6-b23d-928587c7588c,konsalik,hestia,don,k.,hs.
c5803cdf-d862-47a5-8f5f-49fb07d857e7,brande,Unknown,schriftsteller,brande,Unknown
5e199ad9-2c87-4b68-bfa2-279dd6aebe52,bryson,goldmann,kaengurus,bry.,g.
eb6d8e9e-ae99-4f5b-af34-cd64db5d8c8d,hyde,knaur,salz,hyde,k.
8c6bbe34-0e24-49c3-a15b-d513e17f153f,ironside,goldmann,nein,ironside,g.
2aca6091-85b4-4f5e-9a18-1a137a26dd6d,james,ullstein,immer,jm.,u.
9d5ad494-46c7-4e4b-b6b4-5558a4af8c10,jones,fischer,verdammt,jo.,f.
7c16f61a-dd61-41a2-abac-7c54ddb9fa8c,johnston,hoffman und campe,kolonie,jt.,hc.
20afd362-e970-456f-875c-dea13ca5098d,konsalik,ts.,zwillinge,k.,ts.
8cb20701-26e3-4793-9ef9-5c4143d58cf5,crichton,Unknown,congo,c.,Unknown
0aa92970-bf3c-4bc2-b980-286de5f884cf,jacq,bertelsmann,nofretetes,j.,b.
fd22c5ac-65c4-4e94-b74a-c771ba29880f,jaud,fischer,vollidiot,ja.,f.
534a02ef-7a56-4743-ad3e-a7558e590fda,jennings,fischer,azteke,je.,f.
ac8942c4-257b-4b3e-9a70-d45343fb9aa0,karsten,knaur,teufelszahl,kan.,k.
2ef34d43-7ed5-47fc-b5fa-18e6e269227f,konsalik,neuer kaiser verlag,sieges,k.,neuer kaiser verlag
bcc04043-b3b7-497f-917e-dc61793dcdbb,konsalik,bertelsmann,sotschi,k.,b.
5bbce178-2ae5-429d-b20e-b590cc35dde3,konsalik,hestia,bernstein,k.,hs.
41ffb478-06a3-48ef-beb6-5e05fc9825ee,konsalik,heyne,airport,k.,h.
0ca27724-21cb-4953-9d05-ae90954bb80f,durschmied,bastei luebbe,roemer,durschmied,bl.
7eb6417a-900f-45a6-90f2-b2cf700f2c8d,jacq,buch und medien vertrieb,akazie,j.,rm.
78e9e16f-c0e9-4405-a2f5-beb1f1c9f584,konsalik,buchgemeinschaft donauland,dschunkendoktor,k.,bd.
394c2efc-4c9c-4ef0-b9da-1f3808e5d6dd,konsalik,goldmann,sonne,k.,g.
704a76a0-3767-4330-b4f3-eef2204971e1,keyes,heyne,rachel,ke.,h.
90d59110-3688-4f56-b450-41d986069ccd,keidtel,bertelsmann,domino,ked.,b.
79a34479-cf37-456f-b1ea-1746a0a083ce,keene,bastei luebbe,tasamanga,keene,bl.
4ae0f495-c8b8-4085-a700-d7a28a2b9b70,kerr,q.,zagreb,kerr,q.
15d0ba64-69f7-4c25-b4c1-3acf71974558,keyes,tr.,god,keyes,tr.
4c06297f-d5de-45de-a643-044921fe6db3,king,penguin,misery,ki.,pe.
2c90ba51-dee7-4779-b4c5-f0502b3d4278,king,blanvalet,dolores,ki.,bv.
5dd0c243-6798-4683-9591-19cef71cab55,king,blanvalet,green,ki.,bv.
4ce67b8a-6508-4173-ab9b-7e52f4bea39d,horst,heyne,staufer,horst,h.
f3b15f1a-a3aa-4a7a-a813-784ede21dbfc,hesse,rororo,auferstehung,hs.,r.
1435035d-ddcf-46f6-ab7f-c1dbf8619f23,hudson,bastei luebbe,dulaba,hudson,bl.
65694cd8-d36b-437d-9930-b3ddac3f5bbd,ibbotson,dressler,kazan,ib.,dressler
e3865976-daa3-491c-b0db-b9c3fe8f0f50,berkel,ullstein,apfelbaum,berkel,u.
ff3f37b3-ae1f-4ad1-93d9-83ffc5545801,johnson,hallwag,grosse,jh.,hallwag
bde9d3ec-a1ea-4e10-9aba-fc57a57dbbd3,james,modern,diamonds,jm.,modern
86af87c2-5399-4459-97c7-f33b5fd86394,jones,heyne,hure,jo.,h.
20d2cac7-c8e1-4510-9a7e-b27dddb7f1d2,kant,atu,aufenthalt,kant,atu
00b9b22f-a654-47c1-b798-1ec2ff0ab515,kessler,rheinwerk,websites,kessler,rheinwerk
9bccf4c8-3fb5-43dc-ae6a-b56bb516274a,kh.,bertelsmann,steuerzahler,kh.,b.
5c531d8b-fb06-46fd-83ea-0a3ef1e3c99d,kh.,lm.,karussell,kh.,lm.
78792da8-e304-4c02-acf3-b38e7c6ef34e,king,bastei luebbe,green,ki.,bl.
6386d269-47b5-4f44-ae9c-eae42e8caa38,horowitz,ravensburger,gemini,horowitz,rv.
bebdae56-b7bf-4c6c-8402-29c0786b3558,carnegie,Unknown,sorge,cg.,Unknown
d52c265b-ac24-49e3-8606-53a38d0987ca,konsalik,lingen,pfeifende,k.,l.
71e1f11d-dff6-4093-af0b-63004b8aa370,konsalik,lingen,niemand,k.,l.
dccd4a7a-9d9d-4fdf-aa3b-2bb03bf4b188,konsalik,ts.,zaubers,k.,ts.
2c8a2e8d-0ac6-498c-9d0c-141ec0f54bf6,konsalik,km.,wehrt,k.,km.
1ad241f8-3612-42e5-9427-2961965e310e,konsalik,hestia,staerker,k.,hs.
077adcd2-e1cc-4bf0-8e88-882ea60250e6,konsalik,heyne,gutachterin,k.,h.
4e574f56-f72e-4e36-8a16-de600ddcb091,hildebrand's,karto u. Grafik,suedliches,hildebrand's,karto u. Grafik
7f370f6f-0484-478c-93e7-b1c1cf8c870e,huser,heyne,eisbergs,huser,h.
2f888d84-9455-4429-96d9-c602bcb51ee9,ingolfsson,en.,suehne,ingolfsson,en.
4d254139-2bb8-414e-9318-750f532f32b4,jacobs,bertelsmann,boeser,jacobs,b.
2eab797f-8b71-46f5-9844-00db955d9f7d,konsalik,goldmann,schweigenden,k.,g.
d0904771-cd06-4a17-872a-8b83d76f5030,konsalik,heyne,ruhm,k.,h.
a5e72833-beba-4e16-9ec7-229df9803841,konsalik,goldmann,klauen,k.,g.
9f2f03c6-9e25-4ebf-9855-7c57c1dcdb97,konsalik,neuen kaiser,gewarnt,k.,neuen kaiser
b96e3b9c-5780-415a-8bf3-d3e14e0aed9f,konsalik,bastei luebbe,familienanschluss,k.,bl.
538e3ab7-f711-4797-95dd-b764c12072e5,konsalik,bertelsmann,sotschi,k.,b.
8af2a6f6-d740-4a31-834d-21acfcaa779c,konsalik,weltbild,roten,k.,w.
f396e95e-0268-432e-901e-ab3731dc11e4,kellermann,bertelsmann,lachen,kel.,b.
2d358e74-2b35-49a9-9499-9b66de3b100c,kemal,uo.,memed,kemal,uo.
e0cb6568-703f-4b2a-abcb-9f212e317437,king,heyne,stark,ki.,h.
e6def526-a117-443e-9a3b-d249af2958ea,king,hoffman und campe,kleinen,ki.,hc.
f0f43ae3-14f6-4475-b064-afb916038141,king,heyne,puls,ki.,h.
d0c951ca-a950-45ee-9ee5-0cdc64a4372f,jacq,rororo,tempel,j.,r.
fc0bd396-f389-47d2-935d-0160ccc05080,jennings,fischer,marco,je.,f.
73272643-ac5c-4923-a643-867458044450,jonas,knaur,schwarzer,jonas,k.
abec68f7-0937-4bd2-8396-58a992ae16d1,joyce,fischer,fry,joyce,f.
ee3eb1c6-a005-41d6-b226-20df6de2175f,juergens,droemer knaur,suesse,juergens,dk.
7bb8a82b-be1c-4ee2-8c8d-ef94ab0f876f,konsalik,heyne,privatklinik,k.,h.
15c97ccb-dcda-4359-a2d6-0df22b1926ea,konsalik,bastei luebbe,steppenwind,k.,bl.
e5fa5579-671e-45df-be0c-9cf565a82be3,konsalik,hestia,nachtisch,k.,hs.
41094403-5200-4f8c-8d22-24042bf5917c,konsalik,bertelsmann,erbin,k.,b.
79c7c17c-f97b-40a8-b5a4-aa8eea03b501,konsalik,bertelsmann,sotschi,k.,b.
5a40242c-d0ad-413a-b564-fe0a6fd9c507,kavan,neue frau,bist,kavan,neue frau
19070e03-d4e5-4106-a654-8590996c06f8,koch,i.,schicksale,kc.,i.
76e6cdb5-9b5a-42a2-8240-50937ce239fb,keyes,heyne,maerchenprinz,ke.,h.
2b5f86ac-6073-4c42-b462-662678559c61,binchy,Unknown,cathys,by.,Unknown
86316f86-2506-4527-a564-6cd14ac78d2a,king,bastei luebbe,maedchen,ki.,bl.
49395990-82b4-4f11-893b-81cb122aa41b,howard,blanvalet,kuesse,howard,bv.
41a5fcc0-6a79-40b9-ab21-4e3ee26c306e,kovic,Unknown,geboren,kovic,Unknown
10b7213b-3e55-4e58-baec-0b8296fa13ee,federico,knaur,feuerblume,federico,k.
79847211-3918-43be-b25b-3c692ba327c9,konsalik,hestia,begnadigung,k.,hs.
77782991-5b26-4131-b376-e80f2a6a9a4f,konsalik,bertelsmann,front,k.,b.
c2ad2023-2d21-48ff-b08b-1e66f242b503,holt,deutscher buecherbund,daemon,ht.,d.
3e6ee900-228c-4d64-bec1-83d5c96899c0,innes,metaframe corporation,exotic,in.,metaframe corporation
59d8fdcc-7720-4957-9821-a2eeeb91dad5,jacq,wunderlich,kadesch,j.,wu.
12d0e30d-8901-40a4-a2bd-abac691a49a7,james,goldmann,fifty,jm.,g.
9abb28f3-857d-4472-81b1-9fe918fc1dcc,huong,goldmann,bitterer,huong,g.
7ec640fa-27cf-4089-b218-6c6f22422187,konsalik,hestia,aussenseiter,k.,hs.
1f19e3a4-0807-42eb-9f79-ee63ffc11d82,konsalik,goldmann,haus,k.,g.
fcd6a13f-b303-4efb-8d52-abbbf0e4566c,kaniuk,i.,jude,kaniuk,i.
55d0f3df-3018-47fd-b7c4-d0f4dbd03a44,kh.,rororo,touristenklasse,kh.,r.
6d18f3dc-932c-43b8-a5fe-401d59524227,king,wilhelm he,drei,ki.,wilhelm he
b3759b5d-f7ab-4995-b425-381d32f3f8a9,king,heyne,desperation,ki.,h.
0d97b8ec-094d-45b1-b1cd-244d641fe90b,holt,fischer,treibsand,ht.,f.
786d2f10-cdfd-443e-9d0b-a84c851f841f,humphreys,weltbild,boleyn,humphreys,w.
735175f4-62e9-4eae-a1eb-da44c895864f,kailing,goldmann,weinst,kai.,g.
03b16401-0b5d-4249-b269-e50b1cd05062,kay,sueddeutsche zeitung,koenigin,kay,sz.
3322e166-b3f9-430f-a54a-18dae4b26f2c,kesten,ke.,liebesgeschichten,kesten,ke.
a1580c95-4bd2-4e70-ad80-b9010371ab75,james,kiwi,taube,jm.,ki.
2486a9ef-9146-4c24-80c0-24a42ef554d8,josephs,mk.,zeitmanager,josephs,mk.
e5867308-6f8a-4879-8613-4edc374e1676,konsalik,bertelsmann,zauberblueten,k.,b.
3829fa39-5f76-45c4-a57f-a58ce8c2980b,konsalik,bertelsmann,petersburg,k.,b.
365673ef-9741-45be-a933-ce8caa91a561,konsalik,bertelsmann,erbin,k.,b.
a495f726-cfcc-416d-b6d4-2d5c08ff582f,konsalik,bastei luebbe,blumen,k.,bl.
68ea4db3-0866-4686-947c-38209718920a,konsalik,naumann & goebel,ninotschka,k.,n.
cf701746-f97d-459d-8af5-8092b7c20543,holt,heyne,hollaender,ht.,h.
ac9b8016-951b-4649-a941-0c37aa547139,irving,diogenes,wunder,i.,dg.
f0ab916e-f8b6-4068-a983-f98c1494945f,illies,fischer,1913,il.,f.
1c5aa8b9-b985-4b3a-aee7-32df3f5c61bc,ishiguro,kb.,mussten,is.,kb.
b5c0fb00-ad27-46ca-abc1-9a687a7c4af0,jacq,wunderlich,ewigkeit,j.,wu.
0689b946-0f81-43dd-8bd7-134f49f5b542,jacq,blanvalet,herrscherin,j.,bv.
6bc76d81-3216-4a61-aa4b-c7890f8837fd,laturner,sd.,haie,laturner,sd.
b1c4a855-e7bc-402e-bdd2-4e0b79210756,jones,rororo,dreizehn,jo.,r.
8a66d446-089e-4d27-8d4e-e82aee91178f,lansburgh,Unknown,wiedersehen,lansburgh,Unknown
5b2f5330-22e9-47be-888d-3734fec75d1a,kaplan,random house,polos,kaplan,rh.
db071591-d2eb-45d8-8227-308b5b9feca8,karko,buch und medien vertrieb,namma,karko,rm.
af99c235-f691-436a-9002-08ef01369c9e,konsalik,blanvalet,ehe,k.,bv.
2f96b982-0169-4714-878e-e0f12f4a06f1,konsalik,pw.,herz,k.,pw.
deee193d-2505-4160-90ee-ec4e32893ee5,konsalik,bertelsmann,front,k.,b.
085f4387-1606-444e-a18a-8bfe1a9e7ad1,konsalik,heyne,tod,k.,h.
8147c6b7-dba8-4872-b276-470792e98863,konsalik,lingen,stimme,k.,l.
172a1bb3-23c5-4891-adad-c3ddc16ad9be,kerley,ullstein,woelfen,kerley,u.
d354317e-9987-44a2-9971-e0b955547132,khaschei,fischer,ahoi,khaschei,f.
669780d0-2b8d-413d-ac59-6322a1c61e5b,king,ullstein,duddits,ki.,u.
b3e9a69e-7f67-4c29-a452-d74809f9cc98,king,heyne,sie,ki.,h.
e17eb2f1-2709-48ac-9ef0-467bb227ee28,king,heyne,salem,ki.,h.
8a5893e5-ebe0-41bc-b323-e2da30c36219,kerkeling,ml.,weg,ker.,ml.
70a73c21-8def-4ee8-aecf-5e7899bd6222,konsalik,heyne,taiga,k.,h.
6387b3a8-3552-49ff-8aee-0feab885a090,hay,ullstein,wunderbar,hay,u.
bce6e527-6732-4675-9307-6c6192e6fbce,konsalik,nsb,bluthochzeit,k.,nsb
e58c6086-d703-40e6-94a5-021f34f8f43b,kahnemann,herder,rituale,kah.,he.
a8f6950c-aa14-4fe9-b15a-58aa5cfd9a9d,karthee,ullstein,anfang,karthee,u.
338a78e9-edd2-42c6-b6bc-7984045dbd72,humann,rororo,rockmusik,humann,r.
4e454f73-1076-4fe0-b920-1a3b7fccaf62,heyerdahl,eule,kontiki,hy.,eule
11a3e02e-0a05-4216-a04a-c3c53aad56ad,jacq,rororo,ramses,j.,r.
bf321a0f-3d4c-4425-94d9-d372ddc12ef9,jaud,sc.,resturlaub,ja.,sc.
bd56cb97-4025-40c8-8958-5f5f49d3e717,konsalik,bertelsmann,heimaturlaub,k.,b.
d6c9bdff-0b81-4b37-9a0a-f8514daa7bd0,konsalik,hestia,palmen,k.,hs.
25c547ef-28c1-43c7-b51e-98efd6890627,konsalik,goldmann,voegel,k.,g.
3d848751-9704-45a4-b80d-d7a757095a78,konsalik,lingen,rostender,k.,l.
271e4200-0ffb-41f3-be9e-f012277fee5b,konsalik,lingen,tochter,k.,l.
1663f553-461b-45c0-8b82-1174f5afb673,konsalik,goldmann,zehn,k.,g.
1665b732-7f97-4ece-936b-5c66671996ea,keidtel,goldmann,geht,keidtel,g.
4f29c983-309c-4016-9c96-84a360646ef8,konsalik,heyne,airport,k.,h.
8aa9bda8-e517-4e64-b2b7-6c1b7f23d8cd,borst,herder,katharer,borst,he.
3c56b086-a1df-426d-b174-969256e01490,jacq,rororo,ramses,j.,r.
89bbca07-a9d7-44d9-a704-14b67fb16852,konsalik,blanvalet,gefangene,k.,bv.
70576a15-b59b-407b-a026-4a56c9d97800,jian,rororo,koma,jian,r.
57b27eb9-1112-4f9e-a11d-0dcf24c7fa96,link,Unknown,cromwells,l.,Unknown
f8659f0d-98b9-4d94-ace2-4bc2f92efef2,"jongh, de",prestel,griechenland,"jongh, de",prestel
4a03bda7-8f44-44aa-a82b-c1c4118c0149,joris,piper,leoparden,joris,p.
d4e136ab-74e7-42b3-af62-06b13d19aa6a,jonsson,wiener,wickie,jonsson,wiener
6026615d-9e43-4d8e-9118-f9d562d4a149,konsalik,ek.,heissem,k.,ek.
e60bf08e-4e99-4dcb-b804-daa4deba2e58,konsalik,bastei luebbe,prag,k.,bl.
708d056a-57f3-40ef-81a1-5b00b537aca3,konsalik,bertelsmann,promenadendeck,k.,b.
4b99149e-0c03-4177-8e6a-1515a8c1981b,konsalik,bastei luebbe,feuerland,k.,bl.
5d1b5b8c-66e1-421f-af9f-3e55ec76dff3,konsalik,bertelsmann,begnadigung,k.,b.
957ca870-4d41-4e07-aced-8708fccc20c9,crichton,Unknown,micro,c.,Unknown
9ac2776e-9288-47b8-b21e-f2ef17a6be7a,kabus,bastei luebbe,fjorde,kabus,bl.
63e74c6e-881a-4955-acd1-3574a3028b90,kailing,CPI,welt,kailing,CPI
e7df80ff-71f6-49fd-8774-40929b98b7b3,kamal jha,goldmann,fuerchtest,kamal jha,g.
df1cc6b6-c9ab-4f73-a524-0311ecccc140,haller,km.,stunden,haller,km.
ba667f43-75d6-4336-8f9c-c53be83efadf,kehlmann,rororo,tyll,kehlmann,r.
275ef19c-2a9c-49b3-a96a-4ee33a29f666,konsalik,lingen,danica,k.,l.
050ed4c9-9a87-45ab-b939-81f68a75518b,konsalik,bertelsmann,erdbeben,k.,b.
2e8ba469-c961-4944-9700-ebb57717ca71,konsalik,pv.,treibhaus,k.,pv.
1a10fce3-afe2-46fc-a998-8a1134e4d07c,kerkeling,ml.,weg,ker.,ml.
6d4071dd-00f5-4458-a94f-dfd8f5f84b24,kesey,rororo,kuckucksnest,kesey,r.
fd825cab-d444-4eb2-b35b-999d92727012,kuegler,droemer,dschungels,kgl.,dr.
9d9bd3fd-c193-47b1-99f2-4d1d5d2b6157,king,bastei luebbe,shining,ki.,bl.
691192ec-445b-4137-9d9c-916fcbbbb189,king,heyne,abgrund,ki.,h.
2d022bd4-05ae-4334-ade0-5478d43fd20c,hosseini,bvt,sonnen,hosseini,bvt
666bbec5-6fc3-44cf-a0e4-3264de608b1a,johnson,suhrkamp,jun,jh.,s.
83ced6e9-1e6f-4cdb-be27-77fa89518b1a,jones,hr.,in,jo.,hr.
06482472-7874-49e0-87ce-b0bb74406e2e,konsalik,goldmann,gestehe,k.,g.
1481720e-c49d-4b63-9eec-fd64d2ab2bd6,konsalik,carl habel,glueck,k.,carl habel
abef30cb-9feb-4e10-9f8f-fb24aa3bd75d,konsalik,lingen,fielen,k.,l.
c2c9f369-8d64-44dd-89ac-b2295092da21,heincke,vgs,unser,heincke,vgs
f4d9ecf8-6627-4167-a8cd-ffcb169085b9,kafka,kiepenheuer,chinesischen,kafka,kiepenheuer
0f7c78a8-6138-42da-8be7-54948b1f65f6,keneally,goldmann,schindlers,ken.,g.
bf140d05-e0b4-409d-b546-6d525927a2b4,king,heyne,sie,ki.,h.
44fbbc3b-36b3-45c1-aad4-e9cf8a4ac2cb,king,heyne,turm,ki.,h.
9dfdd3e3-19b3-488b-908d-9c03ac21ab39,king,ullstein,kabinett,ki.,u.
570367c8-8740-4761-9de7-046b09ec616c,horwood,ueberreuter,flucht,horwood,ub.
485c1fcf-789b-4b17-a6fd-b28d4ca4d718,heyerdahl,eule,kontiki,hy.,eule
3ad806ac-cf23-4512-8f90-86d4445646df,innes,pl.,faehrte,in.,pl.
dd3ea788-2a79-4e43-88ba-862809bd3eda,jacq,wunderlich,simbel,j.,wu.
97f64b0c-36ad-435f-8724-a5dcaf410688,jennings,fischer,venedig,je.,f.
1575e45a-d080-437a-995a-a58b5646f6d4,jong,fischer,fliegen,jong,f.
bc6b5ffe-4084-43b8-b018-e2750e4d6a17,konsalik,heyne,999,k.,h.
6050b79e-6d7d-44a1-befe-7d5c69925b0d,konsalik,heyne,weiberschiff,k.,h.
0574d773-5053-4b0f-995a-ddc7120c561d,konsalik,primo,gefangene,k.,primo
30a6039c-b2ab-4060-afed-de684ce96ae1,konsalik,en.,zweiter,k.,en.
6a2b7348-f5e6-45a3-8923-c858c0c97286,behr,heyne,moguln,behr,h.
66101d59-8d4a-40b1-bcf2-131796c02a3e,konsalik,bastei luebbe,roten,k.,bl.
73dc01e4-d0e5-4702-be19-dff40564ff6e,konsalik,naumann & goebel,privatklinik,k.,n.
e177af7c-8494-466e-bdfe-db5541d5aac1,keyes,tr.,god,ke.,tr.
0bb3a93d-5463-4497-bef3-221adbc0fcd0,king,heyne,finsternis,ki.,h.
3f597318-43f2-4137-a488-fb966c2a79c7,king,heyne,billy,ki.,h.
7ae2530d-7d63-41a6-baa2-660deb99167e,king,hodder u stouton,insomnia,ki.,hodder u stouton
d4e92e8f-daff-49de-a118-49f01a0137c6,holt,droemer knaur,gefangene,ht.,dk.
84597d38-cff6-46a0-afd0-009690f23545,ivanov,unions,haende,ivanov,unions
102739b2-f6c7-405b-8b00-4cb10eaac8f6,japp,goldmann,clairets,japp,g.
b1abaef1-4bbb-4619-b192-d3a63b779af5,jennings,fischer,marco,je.,f.
21b01fd5-c8fa-44c3-b994-3da30b5a23c5,jennings,fischer,khan,je.,f.
82d284a4-9ae0-4362-b09a-d4832864f433,jens,piper,kueng,jens,p.
cf5a9ad3-78e2-40fe-b6e0-60f2f10fc7f9,kaye,goldmann,kaschmir,ky.,g.
31ad32a0-488c-46ab-bae9-0e6edbf52b1e,kelterborn-haemmerli,freies geistesleben,jorga,kelterborn-haemmerli,freies geistesleben
d0ab7582-ef67-4689-9298-23b352a4f9c0,kent,ullstein,bolithos,kent,u.
77865873-913b-471a-bfb8-2a33ae018649,sanden,df.,welt,sanden,df.
e30112a1-7107-4e2b-b8f4-e351fb583040,konsalik,bertelsmann,lieben,k.,b.
a3794859-b4aa-4a5d-b1da-5056029e91c9,konsalik,heyne,betrogener,k.,h.
680a8c6a-63ee-412c-9790-7e868ec04ade,jones,pilgram,caesar,js.,pilgram
009a3517-9d8a-4092-932e-9681904de416,kerr,rowohlt,esau,kerr,rw.
43fa6917-4327-457f-b87b-c3d2ca2a65ef,king,heyne,glas,ki.,h.
8b9022e6-e3f6-4185-886a-ca6a74f9e1e6,klm.,bb.,seele,klm.,bb.
900a1259-13f3-49f5-9f05-8239e30e2d7a,klm.,av.,forgotten,klm.,av.
349374be-c563-4d7f-b340-a227dd8bd9db,kostova,btv,historiker,kostova,btv
319d5815-e3cf-4275-a31d-da96d596789e,konsalik,heyne,sieges,k.,h.
0fc67be3-ba68-4227-b081-4422f25c848d,"kamp, van de",glaubenszentrum,kreuzes,"kamp, van de",glaubenszentrum
cffbf234-915b-41d7-9631-91d5d284541e,kemal,dt.,anatolischer,kemal,dt.
a250006e-6bbd-4539-842b-a6f77d08ce89,kennedy,bertelsmann,suche,kennedy,b.
cb414fb4-d2c2-473e-9561-3234c89ab691,keret,aufbau,klopft,keret,a.
796b53c0-7414-4f70-93ce-5253da46bf3f,konsalik,heyne,nichts,k.,h.
0915d1f3-153d-428b-b4d4-3a14165a0d61,kemal,dtv,stiere,kemal,dtv
ef4e553b-857a-4346-b935-dd0bfb8b7ee5,lehmann,bechtermuenz,arcimboldo,lehmann,bm.
c46f3cdc-035d-4222-8370-4d96d6c10115,lenz,fischer,suleyken,lenz,f.
12c5ec5a-c6f4-4cfb-bd64-824b124c72d9,levoy,dt.,leopard,levoy,dt.
7cffc7cd-b36b-4db1-8d93-0bb8c292be65,"li, m.",knaur,kaiserin,"li, m.",k.
5bb67783-29e6-4f4b-ac9d-901bc6db7a43,lambert,engelbert,verheissung,lambert,engelbert
b08be2cf-f55d-46ae-a4f9-327f39dcc31f,lambkin,luebbe,dunkle,lambkin,lu.
f118b713-312c-498c-8af7-315ae4bf51c6,lapierre,goldmann,freude,lapierre,g.
fc7ba51f-30f6-4881-be0a-95a1a2852c2c,lorentz,knaur,dezembersturm,lo.,k.
c90f7cb5-ad40-4322-93b7-4510aeb4bfb7,link,Unknown,verehrer,l.,Unknown
c2202cda-e73c-46e7-a798-d43febeb3870,lorentz,knaur,feuerbraut,lo.,k.
8c5df476-2b49-4b51-b986-c386b827347c,klr.,bb.,stunde,klr.,bb.
f6405a80-8306-4303-863d-372831997b78,kmr.,volksbund deutsche kriegsgraeberfuersorge,erinnern,kmr.,volksbund deutsche kriegsgraeberfuersorge
c9b2102e-7035-46ec-934d-c42f6ae0b55f,larsson,q.,girl,la.,q.
74781a8c-2a80-40bd-918e-49fc8a5bc857,konzelmann,wb.,saladin,ko.,wb.
8031558b-36f5-47c3-a397-23570f1fd1fe,koenig,ullstein,chefarzt,koenig,u.
310009aa-1d03-4360-ac8b-22660ce15563,london,universitas,abenteuer,ln.,universitas
aa8a10f2-c709-4c22-adb3-8600e2360ba9,leon,diogenes,vendetta,le.,dg.
8bf2bb81-807b-4177-a348-c893dbf5062c,lette,econ,bonga,lette,e.
e6a86a12-e646-4771-b28a-390c103f08ca,lil.,koenemann,feng,lil.,koenemann
ccb40902-7ae8-438f-8bbb-5e985d98d6a7,kroeger,lingen,vergessene,kroeger,l.
418d3c13-e9b2-4048-8131-c7b14ca7f471,krumeich,klartext,verdun,krumeich,klartext
a16e5abd-af8a-4999-8cf9-6d0de68e258a,krueger,knaur,herzen,ku.,k.
624f7b97-4390-4567-8c62-9516c7f5b264,link,goldmann,erben,l.,g.
ae212702-0ab1-45ef-9486-3f9f230de1ab,link,goldmann,lupinen,l.,g.
ffcd90c3-a9d1-43cb-9f15-2fe6f5b46c47,lorentz,knaur,pilgerin,lo.,k.
b00c79bf-a428-4f52-bfcc-e1599db90839,lode,goldmann,traumwanderer,lode,g.
714b9dc2-dc42-4fea-9d93-95d71ee236d1,loens,sf.,gruenes,loens,sf.
a589acdf-381d-4442-b678-9fa446ff7a7f,lord,sueddeutsche zeitung,letzte,lord,sz.
f752e468-7439-4743-ab7b-0c8f18c89037,kin.,goldmann,prada,kin.,g.
e03fc7aa-2923-4abd-88a7-bbf0ca0eb278,kinkel,goldmann,mondlaub,kk.,g.
5e5e9737-bc54-4d59-bb0c-cbb8a55d821c,kluge,ze.,gefuehle,kluge,ze.
61789bfb-3b28-4aed-b893-911597febe43,kmr.,heyne,wolf,kmr.,h.
cb720048-d606-49b5-840e-6532c64cb756,Lange-mu.,fischer,drehtuer,Lange-mu.,f.
ce6d18ba-9834-4cfc-8fcd-f31da22ce8a0,leon,heinemann,stone,le.,heinemann
40ce7c2a-59ca-4e34-8d78-eb021e4a9fc2,leon,diogenes,reiches,le.,dg.
9e893460-55c6-40c7-8f59-29c038ca8830,krappweis,piper,unter,krappweis,p.
29c292a4-05ae-4756-8f29-299aab4a41fb,kt.,weltbild,langani,kt.,w.
460e7519-7e28-484d-b40a-e33a7f353a60,kuprin,i.,olessja,kuprin,i.
9bf369d3-a2a6-40b6-a2dc-dc5b23f6a4be,link,bertelsmann,schattenspiel,l.,b.
43dc46ed-bbe9-48ee-90df-c49a9b36e829,lamb,buch und medien vertrieb,frueh,lamb,rm.
8204f307-7d32-42ff-b65b-5932bea1bb53,capus,Unknown,frage,capus,Unknown
a3295ed2-709a-4b75-ad66-cff4cf15e475,levi,sueddeutsche zeitung,eboli,levi,sz.
15e5a80f-2495-47a1-b6fd-cbbec05bf38c,lfx.,cl.,alexander,lfx.,cl.
9cd5d894-662a-429f-94b4-9ef14c2a8982,ld.,Unknown,superweib,ld.,Unknown
13fc5045-d0b8-4332-9e1a-c676aa1cd149,"li, m.",knaur,kaiserin,"li, m.",k.
aa450d75-d5d9-48e8-94f0-5f3908a53077,lieske,aufbau,isabel,lieske,a.
cad889a9-5087-4328-8639-d17127c50060,lsc.,heyne,rache,lsc.,h.
e0c4b0ce-aaa3-4e5b-b54f-84ba4804f92c,kiefer,tredition,liebe,kiefer,tredition
ecb97682-9497-4242-8cfc-7413f92497c6,binchy,Unknown,cathys,by.,Unknown
56ce769c-b9a3-48da-9d24-08dffe235097,levy,knaur,wo,levy,k.
62b92f65-8bef-4f0f-a0df-274dc564fdb5,lim,ig.,feng,lim,ig.
ecc03ec6-745d-4530-beaa-69465b7c52dd,lincoln,gustav luebbe,gral,lincoln,gl.
171ba7e7-dd47-40e5-ba7b-1cba95588287,lj.,mi,aufbruch,lj.,mi
5f7d1713-6f8d-4cd1-89f7-608c3534a05a,kaminer,goldmann,russendisko,km.,g.
60f48ab4-b0b9-498a-94d2-6314002b664b,knittel,europ bildungsgem.,magna,knittel,eb.
f4fc1890-a370-4477-95e7-bc681a8ac317,kohlbauer,bertelsmann,groenland,kohlbauer,b.
15067261-5eaf-4617-875a-68773df6b6ef,kranz,heyne,eishai,kranz,h.
00c99c2e-81df-4194-854b-c65240b1f7d2,korschunow,goldmann,malenka,kw.,g.
f9735e8e-5306-4371-b1fa-413c3ec77010,link,blanvalet,schattenspiel,l.,bv.
7fe6304f-1474-437c-8e74-64599d549303,link,goldmann,rosenzuechterin,l.,g.
38f46985-b111-4eb5-a4f4-efb8be5fb18b,lawick goodall,bertelsmann,schimpansen,lawick goodall,b.
04448b8c-b72e-4cfd-9737-679af31c92ed,london,bertelsmann,alaska,ln.,b.
22d44cc5-3314-4e71-b3f9-61eb2bd2b61a,kin.,goldmann,shopaholic,kin.,g.
b9471ba7-92f9-42ce-91d0-c7b132ed62c0,caldwell,Unknown,dieser,ca.,Unknown
02c7017c-8f0c-4876-956e-280862c3b6d0,golant,Unknown,dagegen,golant,Unknown
294a3fd8-744e-4b6d-b8b8-6ab9a8ca79b6,link,blanvalet,suche,l.,bv.
c92522f5-a090-45a3-b2b2-053fea338b0e,crichton,hr.,prey,c.,hr.
87ed31e3-2b2e-42c1-bf2b-10e3242e4713,klz.,naumann & goebel,kasse,klz.,n.
a2a16640-ec32-4821-8323-77e2015843ac,konzelmann,bastei luebbe,mohammed,ko.,bl.
46a749db-7cb9-4540-a1b8-727787af9af0,koenig,ullstein,chefarzt,koenig,u.
d85c4416-e149-47d3-b8ec-650ae58096d2,kaye,deutscher buecherbund,palast,ky.,d.
7d654554-edbe-42a0-b94e-3e3750e96516,link,goldmann,verbotene,l.,g.
5308fc1e-33da-436f-8d1c-2d21d71fc8c9,lafontaine,econ,herz,lafontaine,e.
696ac349-f122-4cdb-9266-d11a6ffcf1e7,laudan,vgs,quinn,laudan,vgs
c156ea7f-688c-4f10-979b-14e5b4165792,klupp,berlin,faelschte,klupp,br.
44cbf621-ea47-4036-b377-6f956fad2760,kneipp,ew.,wasserkur,kneipp,ew.
6a21f019-eec3-431d-9829-20cc226077d7,konzelmann,wb.,diwan,ko.,wb.
d6a68825-f13d-4f25-bfb8-b47ae4a13e85,konzelmann,hoffman und campe,jordan,ko.,hc.
00231391-26de-4a48-ae9a-c3156020c7e3,koerner,sueddeutsche zeitung,george,koerner,sz.
f3fdb6c1-679f-4719-a600-6c03e3df1c73,london,Unknown,wolfsblut,ln.,Unknown
6c2161c4-4920-4d8b-8bef-52ae29228537,kurson,hoffman und campe,sog,kurson,hc.
0fc9f083-0a1f-4622-9ccf-ad6a785b2076,lorentz,knaur,dezembersturm,lo.,k.
b2d00fd0-bf49-4d05-9cf2-d8061396eed3,klewe,buch und medien vertrieb,weissen,klewe,rm.
4d07924a-a4b9-4567-b9eb-462c8c086185,kreyszig,vandenhoeck u ruprecht,statistische,kreyszig,vandenhoeck u ruprecht
07a07084-6ede-4c3c-8622-7591225933ab,kroehn,bb.,regentin,kroehn,bb.
ac05c433-ef9c-45b8-a038-921e09098c32,krauss,rororo,geschichte,krauss,r.
c4203d56-226f-4163-807f-98dd7233f03f,kuttner,"f,",maengelexemplar,kuttner,"f,"
4ca3c4c0-e1ca-4401-8525-a97dde6e8bd8,kwan,ac.,asians,kwan,ac.
1ee4b43a-94ad-4af0-8790-6786282a7bba,larsson,buch und medien vertrieb,verblendung,la.,rm.
03a2351d-3591-4b34-a6f2-24bb71749cf2,larsson,buch und medien vertrieb,vergebung,la.,rm.
15e34f18-3e0d-44c7-812d-0900ced26fe2,lacey,aufbau,girlfriend,lacey,a.
c8f05231-82de-4442-8876-ac0aa24b18c6,london,dt.,jerrys,ln.,dt.
68929e04-324f-4e52-aacb-bb5a3a9dfbf9,kin.,goldmann,schnaeppchenjaegerin,kin.,g.
8653a25b-8c8c-4321-8911-5ee899fab895,kinkel,buch und medien vertrieb,koenigin,kk.,rm.
d381c852-16eb-432b-9db4-9cca2e9adcf7,kinkel,goldmann,aquitanien,kk.,g.
082ce12e-412d-43f4-912c-1e32c10e6968,knittel,heyne,mala,knittel,h.
89e4c86e-866f-44b2-bb61-5719ce541a5f,konzelmann,dt.,nil,ko.,dt.
a84394e8-cb0c-4b76-b2cd-45f2e4f71822,kohl,sw.,traumstrassen,kohl,sw.
dbc34789-f62f-4849-a521-6bb5a2b7971a,king,ullstein,maedchen,ki.,u.
464111e8-0278-419b-b08f-7ea261e08152,ks.,econ,russland,ks.,e.
b4b5d268-55dc-4e28-9691-d3026ba4ed72,kubelka,deutsch buchgemeinschaft,vierzig,kubelka,dbg.
14287ee4-52a6-4469-b9ac-1599ebaf8525,link,li.,himmelstoechter,l.,li.
779d6149-8e29-4b2c-9557-52306f6e56f2,lorentz,knaur,nonne,lo.,k.
7784c099-180c-4047-be04-15b3df6e9f14,lorentz,knaur,asturien,lo.,k.
3c51c041-9a6c-40d7-b864-44bd530c8598,lobo,kiepenheuer & witsch,realitiätsschock,lobo,kw.
620e6b17-0dfe-4ffa-b5e7-c1ffada52192,loren,blanvalet,iss,loren,bv.
a462836d-893e-4a5e-ac8b-38cc612a28a5,kirner,schneider,ladakh,kirner,sn.
0a64a12f-589e-4882-acef-51d2dfbf0796,klaar,piper,nehmt,klaar,p.
fb43bb3b-5111-4c1b-b61a-5683bd63cc97,knopp,bertelsmann,helfer,kn.,b.
58bff96d-b36e-4861-b65d-4b39dc620baa,lange,magellan,halbe,lange,magellan
9b449d99-5e7e-498f-ab6b-9590f04d1c3c,lehnhoff,gustav luebbe,quecksilber,lehnhoff,gl.
a2830aef-fed5-47c3-8b20-ec5bd2ee7474,leiber,suhrkamp,land,leiber,s.
32dff967-04ca-492f-9aa5-ab1212f9fc95,lewerenz,rvr,crew,lewerenz,rvr
5f968db7-cd50-49ca-ad05-6936b18f1e6a,lh.,blanvalet,eugen,lh.,bv.
e2bc0eb5-b1f6-4a62-824e-5fdcd46d2214,link,blanvalet,einsame,l.,bv.
083cb2b2-5bb0-46eb-a306-cc7c732abf1c,thelen,murmann publishers,frank,thelen,murmann publishers
6cda66fb-20f5-4264-87af-63151fc7e975,korte,knaur,maurin,korte,k.
4eede4cb-c4ff-4ad3-8764-4a8daa759a36,kp.,bertelsmann,dschungelbuecher,kp.,b.
5d9be868-ace8-4732-8613-ab91ec2a8101,kraemer,piper,koennen,kraemer,p.
33b008c4-40f7-4a60-b720-25fea3049202,link,wunderlich,endet,l.,wu.
6a66ec8d-d4f2-4421-a4f7-e695f4801287,link,buch und medien vertrieb,taeuschung,l.,rm.
56df2dad-a33b-4464-a192-c35901f7c8c5,lange,i.,piaf,lange,i.
02f83ebd-8065-4431-ab42-f9e658e42dd1,lb.,heyne,okami,lb.,h.
31fbd8c4-3397-4a0f-a0e1-eea6d41eaec1,leon,diogenes,verschwiegene,le.,dg.
e00eb823-6d15-4c34-954c-291da6c515ec,lee,goldmann,konkubine,lee,g.
f71f7bbe-f1c5-4c57-bacb-8d83b39f1f1e,lehmann,aufbau,arcimboldo,lehmann,a.
4e2e4a1b-bd19-48c0-acd2-83e0e0eea6c8,ligensa,weltbild,feuersonne,ligensa,w.
662d0130-e287-4528-bb12-0833f106516d,lindholm,heyne,raeder,lindholm,h.
499e8cba-df79-4f0f-9c96-05e4ccf411c0,lj.,gustav luebbe,chip,lj.,gl.
dddba257-627e-4d6e-9287-0570f85f5e4f,lorentz,knaur,ketzerbraut,lo.,k.
5c43ab75-9f71-494a-ae8d-6fcf26d64357,lieckfeld,pf.,naturerbe,lieckfeld,pf.
a974af12-4e9b-4ead-a05d-d06992d4f25a,krauss,rororo,geschichte,krauss,r.
0a45f4d3-06b1-477d-a273-2dc0e7a96d53,kremer-schillings,piper,sauerei,kremer-schillings,p.
4f11f281-f819-40de-a2ef-a1f56140fdcc,larsson,q.,girl,la.,q.
3fe57f16-516f-47f4-a1a7-0d829d71f86d,lahm,ak.,feine,lahm,ak.
16a94630-8cc8-4362-a1c6-9655e857a290,lanchester,heyne,kapital,lanchester,h.
af820dcc-7665-4e48-94f3-4e50258e5a79,lies,heyne,saftschubse,lies,h.
f60e3e9a-baca-4e78-88d7-6f73317e283b,lim.,schoeningh,eros,lim.,schoeningh
320ebadd-3b33-4112-b39a-80410d95e108,lipps,py.,madeira,lipps,py.
cbb4dc34-4557-429f-886f-8666ecf5b510,lorentz,knaur,kastratin,lo.,k.
033ccc8e-7df1-4148-ad1b-3acfbf5a5d47,loehndorff,erich pabel,manila,loehndorff,erich pabel
c15be2f6-3960-4049-b094-e3b66d88c421,kienzle,sagas,abschied,kienzle,sagas
1514f6a3-98df-4e85-b2b2-3a2c398aaf7c,kopacka,ullstein,wald,kopacka,u.
ce1672ab-6d6f-4922-99e1-ca98d59c3bd1,cicero,Unknown,catalina,cc.,Unknown
5af94e65-63d7-4ce1-a404-29ac4debc407,kruppa,goldmann,kaito,kruppa,g.
5f316e35-285d-47d8-9eb5-74a41ecefa69,kruse,ueberreuter,morgenstern,kruse,ub.
47f4f24c-2b99-4d35-92fd-cbae1baac5e3,mar.,canongate,pi,mar.,canongate
6b802299-7a3d-462d-ae91-eeeedf3a8a31,kis.,Unknown,selbst,kis.,Unknown
ffb5d680-c631-4359-856c-9990c6ee0a29,lit.,em.,111,lit.,em.
ffcbd702-e7ea-4c6c-b255-ce2d74087434,larsson,buch und medien vertrieb,vergebung,la.,rm.
171f8fd2-e143-4e08-b233-e7316a3def62,larsson,heyne,vergebung,la.,h.
41f4ca82-80bc-4ee1-977a-c396def59665,larsen,universo,untergang,larsen,universo
cf8e5be6-20f1-4741-9fb3-9f5054ed3e47,lb.,heyne,schwert,lb.,h.
eb5d087a-d861-4266-9894-ab5e84cf2927,leon,diogenes,finale,le.,dg.
940cc2d4-f0ed-4ede-850e-5071bdee7c90,lokko,buch und medien vertrieb,goetter,lokko,rm.
dc5b9733-ecf5-4cd4-9aaf-c9dfd79e781c,lowry,ueberreuter,anastasia,lowry,ub.
6ec96631-18c6-4049-bb86-064ce336790f,kirche,clv,leben,kirche,clv
672d85e1-3e4e-4c32-a2e2-f7a08d355c07,koehler,glaubenszentrum,wueste,koehler,glaubenszentrum
7d7a098e-b501-4c5e-b916-d29589a3398e,kreißl,adac,aegypten,kreißl,adac
7080d5b1-6f4e-4b50-b25f-33db7237df54,kruse,ueberreuter,ritter,kruse,ub.
a019de9e-6640-464d-806b-e0b749860e85,kuzneski,buch und medien vertrieb,arcanum,kuzneski,rm.
0b4b13ba-0266-4f04-a080-a1e101a2084c,kaye,penguin,mond,ky.,pe.
459f4f5d-f570-4f6e-b71d-e5f5073b12c0,link,blanvalet,schuld,l.,bv.
fa626f62-5d3e-4072-9d46-7f243c8a4225,jacq,bertelsmann,ewigkeit,j.,b.
7354b1cc-e407-47ec-9bd7-dc9a45428f00,kirst,lichtenberg,masuren,kirst,lichtenberg
576c04bb-4b89-41aa-8016-9cb1a9008cb9,knebel,buchgemeinschaft donauland,feuertaufe,knebel,bd.
d0e9d186-81c0-4dc1-bab8-1c9d4e800d6e,laxness,ullstein,seelsorge,laxness,u.
aa2b4bc6-b2ac-4124-8a64-358ab682fae7,leon,diogenes,steine,le.,dg.
4f0a697e-0b83-4527-94db-c8c80815e2f2,leon,diogenes,vendetta,le.,dg.
cf18e2ef-eab2-48e3-ae3b-4f7faab05533,lechner,ty.,odysseus,lechner,ty.
cd599b75-7602-4ab0-b0a4-6e2b74928f46,levin,ullstein,boys,levin,u.
b5b26f22-3bd2-44be-8197-a37ba2e1daa4,lorentz,knaur,tatarin,lo.,k.
c9e0e91b-df9e-48d8-9bd2-733b37c42410,lorentz,knaur,feuerbraut,lo.,k.
e587641f-2120-4722-89bc-e980703bfebf,krakauer,piper,eisige,kr.,p.
08a625c4-5044-4d5c-b376-55d490b286c9,krakauer,piper,eisige,kr.,p.
f8b32301-56ea-4d09-8834-25119860ef4f,ks.,econ,russland,ks.,e.
9f7acd4b-a3b7-4409-8e53-27276a2a8216,kul.,heyne,grosse,kul.,h.
44ab35e5-9a57-46b1-a17d-19868055443f,korschunow,hoffman und campe,preis,kw.,hc.
73d0cdeb-1cd0-4bf5-9d5c-5dd64f0e7dfa,link,blanvalet,entscheidung,l.,bv.
f796c052-6e53-485d-9358-c81cd8841eae,benayoun,bahia,keaton,benayoun,bahia
f54d0b99-da34-4569-987c-044d7254c757,latifa,diana,verbotene,latifa,da.
16a66c9b-ca1e-4003-8a61-0148d7969f66,link,blanvalet,beobachter,l.,bv.
a24e305b-3c14-4f37-ad82-68ec0d8a98bf,lauster,econ,wege,lauster,e.
7a2117d7-6c89-435c-a09d-6aeb902dfc39,levin,bertelsmann,sliver,levin,b.
85d2f853-737f-41e9-97be-8a166d36b0cf,lew.,knaur,jane,lew.,k.
181abfb2-7992-411e-a1e3-e165ef8f8c83,list,list,150,list,ls.
d3645b1e-32f7-4e26-9626-91dc2f716526,klemm,droschl,aberland,klemm,droschl
f75c4810-bfe1-4f94-b64f-528c1884e993,krock,buch und medien vertrieb,venuspakt,krock,RM.
cec5a7d9-b9d4-4619-8ba9-3c2a7fbacd10,kureishi,kd.,vorstadt,kureishi,kd.
cba6a597-a100-4903-9d14-e66b6b299078,kys.,goldmann,rich,kys.,g.
9f9c63e5-d5a4-46b5-8869-2e79764e388c,ld.,fischer,superweib,ld.,f.
6a7dfd3d-7625-43ac-acb1-fd95f918b957,leon,diogenes,lagune,le.,dg.
a33649a3-3dd9-4e11-b15b-d42f0acedeca,lenne,bertelsmann,schlaf,lenne,b.
554eb5ea-db7b-4595-9919-9794deb86d42,lewin,ct.,samoa,lewin,ct.
873b1863-b6f9-4699-a442-78115612dc28,kinkel,thienemann,prinzen,kk.,t.
2a969dfd-a4b3-4701-9174-51913c9a0ca8,roeder,buchendorfer,arbeit,roeder,buchendorfer
1a28430c-28a0-438a-aa9d-8a3e3f7fa8b9,lee,buch und medien vertrieb,rettung,lee,rm.
4ba07ccb-e193-4ca1-8cf3-0a487ac51e3f,leroux,dt.,phantom,leroux,dt.
75ccc44c-dc83-407d-890f-a88e3ff8a2da,london,herrnberger,goldsucher,ln.,herrnberger
8f3145b2-7123-40cc-bb91-172df301f9e7,kinkel,blanvalet,woelfin,kk.,bv.
1fdf5991-0eb4-4cac-b96b-29c53c897ca2,lorentz,knaur,goldene,lo.,k.
f24fdffd-f3f8-4f7a-b9d9-9be088d23e11,lorentz,knaur,tochter,lo.,k.
2f121b64-1b56-488a-8b86-8bc8efb9e4a9,lodemann,thienemann,jahrtausendflug,lodemann,t.
d10adf02-9029-426b-bb0e-e99849b526f1,loewenberg,ullstein,nirgendwo,loewenberg,u.
de2fdfe8-8fbf-42a8-9108-8ce582a259b9,kis.,knaur,egoist,kis.,k.
5ac8e6ba-6b18-4686-9a8e-b90555573d3d,kluepfel,piper,laienspiel,kl.,p.
9688ef86-2230-42af-82da-2859a5049839,kinkel,goldmann,schatten,kk.,g.
7c2658c5-ee3b-42fd-a443-eedada6cf18e,kaminer,goldmann,coole,km.,g.
cc03600c-a050-40ed-ad41-7749c685c32c,link,bo.,lupinen,l.,bo.
b0334c26-dbca-4c34-b2ca-b7fb26fca4d1,larsson,ct,vergebung,la.,ct
3fe94dc8-89b6-4c9a-90a9-f5a04a769c67,lahm,ak.,feine,lahm,ak.
04c3fc8b-f52d-459b-82d0-9e7f4756311d,klessmann,vandenhoeck & ruprecht,staatsgruendung,klessmann,vandenhoeck & ruprecht
36b8e0ba-e582-44d1-8649-6fa542a31c36,kaminer,goldmann,coole,km.,g.
58e65366-9573-4cc9-a854-10d97e075f90,klm.,bb.,sollst,klm.,bb.
b134274b-81d1-4a65-b24d-df3738c41943,kloss,schneider,geheimnisse,kloss,sn.
15c1e59a-fa2d-45e8-a65e-95f2782c8ff5,krueger,bertelsmann,schallmauer,ku.,b.
12b6d909-fe6e-4e3d-8ead-ddb36e215ea2,kunze,kd.,feuer,kunze,kd.
24fbd377-3f75-4286-8b61-56c69a15c597,korschunow,goldmann,malenka,kw.,g.
f4d49966-f73d-481d-9eab-c12892bd3508,link,goldmann,verehrer,l.,g.
537ec223-f70a-4766-944c-fd0de5da2ddb,liu,heyne,dunkle,liu,h.
2ec80438-3b30-4844-8045-3b1790383196,ld.,fischer,zauberfrau,ld.,f.
a6d285fd-368b-40b5-b50a-4ff77776f569,leon,william heinemann,dreams,le.,william heinemann
2e8fd8d2-8039-482d-a7a7-5b23c3e03656,lewin,dt.,federico,lewin,dt.
64c99676-3d16-43b3-aed2-a2f2e359103a,london,dt.,waeldern,ln.,dt.
92fa36c6-5a7a-434e-948f-3de1c9886125,lorentz,knaur,wilde,lo.,k.
d3e4dd35-7af5-4d2f-af70-4b80f16fd97e,kluepfel,piper,milchgeld,kl.,p.
112eb899-1921-4469-8128-cf6fe541b40c,krakauer,piper,eisige,kr.,p.
fc1d4121-830d-4656-9662-94f13da9cd90,kohl,goldmann,jude,kohl,g.
19e1414b-8ab9-468a-96bb-402636ba0a76,koller,federfrei,konzern,koller,federfrei
dbd4430c-5d51-4728-bba2-769db764734e,krakauer,piper,wildnis,kr.,p.
c8ed97d1-cff1-4ec7-988e-ef7868bd648b,kys.,fbv,rich,kys.,fbv
28dc4695-8825-401e-b165-9723a6fab7c2,link,blanvalet,sechs,l.,bv.
fd631e14-c955-4e6b-bf46-eb7b4ffe0d19,larsson,goldmann,keltische,la.,g.
25e0ca9a-7efd-49d2-a7b1-dca700cd7f2e,larsson,buch und medien vertrieb,verdammnis,la.,rm.
51dbb006-ac32-4ca1-bfd6-a53d2e61ddeb,lab.,list,mandelduft,lab.,ls.
3aebcb23-f1b0-4872-afff-bc7f3671f9a6,landorff,fischer,regler,landorff,f.
a17f71ae-558c-48b4-a211-a43d5cb6f491,lee,buch und medien vertrieb,verbannung,lee,rm.
e61ae3f4-ecc5-40b0-ac4f-610fe16dce44,leibold,kirschner,gift,leibold,kirschner
e13354c3-0cb0-4fc8-a5f8-8eb72541e1b5,lorentz,knaur,pilgerin,lo.,k.
87b592e3-baf8-46bf-8b3a-26abf554b67f,lorentz,knaur,goldene,lo.,k.
e9be94ab-4de2-4ba0-ad4a-69d5e16b526e,loehnig,ullstein,unselig,loehnig,u.
82af72ef-87fd-40de-8cf8-ffe1403b8259,kreps,fischer,maerchenprinzen,kreps,f.
0c125f3f-9892-4ce4-9ef8-37e76e31b3ca,macinnes,eg.,wien,macinnes,eg.
4b920158-be9b-40fb-84c3-7dd91ada1b11,maillart,lenos,bittere,maillart,lenos
2425ebc5-414b-48ef-a971-62e4c4645cfd,masssimo manfredi,pa.,legion,masssimo manfredi,pa.
348e8826-4cf2-497a-ab9c-1503797f709b,mil.,cresset press,salesman,mil.,cresset press
f99ce37e-d403-4f04-8160-aafaf915bea5,molist,heyne,testament,molist,h.
1ce026fa-2c3d-4047-8797-fe1f4becfd67,mon.,fischer,arturos,mon.,f.
f1945623-505c-43f5-9e96-290fd55c6685,moore,piper,stupid,moo.,p.
8598bfdd-3e96-4db8-ac60-6d4150d603bb,moro,buch und medien vertrieb,indische,moro,rm.
f9701b4d-4e28-4efe-b497-985f9fbccae6,maclean,heyne,hornisse,mc.,h.
bb1fbbf3-08af-4ccb-af88-8d5b6b204cc2,mce.,knaur,moor,mce.,k.
30ae41a1-a66f-493b-bb37-e3784a3be69d,mehnert,dvg.,standort,me.,dvg.
f40d9a45-6fa0-4bba-ae2e-e093dcadebbd,mehlmer,cob.,mexiko,mehlmer,cob.
95a90c40-6fba-4692-b541-635d54e0d133,Messadie,droemer knaur,jesus,mei.,dk.
aea59279-8cf9-41b0-8610-50c72fe9f18e,mer.,blanvalet,knochenwald,mer.,bv.
a6810d75-bbae-4423-8e20-3c6b97224c52,messner,ml.,machtkampf,mes.,ml.
496c1523-d77b-42ff-9793-4c1a17de1759,michener,knaur,mazurka,mi.,k.
0de2e970-0cbf-441c-846d-a096b06d2217,grange,Unknown,choral,grange,Unknown
d5e77503-5742-44e9-9ff8-e06b4a692900,englert,hermann holzbauer,osterinsel,englert,hermann holzbauer
46ecd5f5-2271-47a6-b5fa-299dcff17295,mueller,goldmann,salzhaendlers,mu.,g.
fd81caa7-1a17-4298-8e11-0a44810a2625,mun.,ks.,what,mun.,ks.
15e05f68-3a43-42cb-9514-b75341292e1d,meyer,bertelsmann,gebeugte,my.,b.
0c5662ca-d96a-43a4-819c-bfe2be84ac9e,murakami,bb.,naokos,m.,bb.
ab0df242-869e-478a-9fb3-671b33629d89,murakami,bb.,afterdark,m.,bb.
a9bae621-7472-4d82-8920-73db1bf7fea4,maa.,piper,stumme,maa.,p.
b6e80282-b308-468d-bbf6-16ba18e42ec0,maaser,aufbau,giovese,maaser,a.
78bf6543-74fc-4eea-b7e1-d3fe960777b9,maa.,piper,stumme,maa.,p.
0842cbd1-f195-4d44-93a5-0d0647ecf3ac,martins,schneider,indianer,martins,sn.
8f1f966d-52a8-4210-93d9-34247d802b86,mccullough,goldmann,credo,mcc.,g.
d2418357-99c1-4fc6-bf57-7f28e5a5750b,mco.,list,schriftrolle,mco.,ls.
8f4ee16b-a734-4a23-8c76-10013d3c2076,messner,goldmann,weg,mes.,g.
36c45bf2-cf9b-44d7-b3be-9fc1c74ec1f9,michaels,btv,fluchtstuecke,michaels,btv
7493334d-2c8c-47ad-8d11-801cd201a627,mika,goldmann,feigheit,mika,g.
71bee3c1-eb5f-4f39-8932-52018ddc834e,mk.,weltbild,fuenfte,mk.,w.
4c465d18-f452-4ff2-8ece-6e1a30ed4247,klr.,buchgemeinschaft donauland,jamey,klr.,bd.
f0b2f251-6f9b-4552-8303-6c387ab5bbac,magnani,knaur,italienische,magnani,k.
29657086-a43e-4dd2-b1cd-452e7afdd06c,mal.,rororo,wolfstod,mal.,r.
15812b26-41b6-4cfe-82c6-463944fa649f,mud.,goldmann,aborigines,mud.,g.
111d982e-0772-4b36-a2af-d8a00427446a,maddox roberts,pb.,spqr,mx.,pb.
19f5de9b-37dd-4db1-ba76-ac92730d8168,Messadie,knaur,saulus,mei.,k.
9287c99a-625e-479d-b3ff-06291ad203ad,mel.,schneekluth,inanna,mel.,sk.
fd75cce8-48b6-425a-b203-f8fe22dac436,melzer,ct.,wolfsgier,melzer,ct.
548d9f16-56d9-42fe-a311-88835e424c58,mf.,uo.,sehnsucht,mf.,uo.
7b4880f6-b215-4969-b8c5-b6e944b17015,milford,kd.,zelda,milford,kd.
9b92527a-4e33-4ab0-bedf-c558d18da27b,mis.,fa.,fine,mis.,fa.
9280089b-e4d4-4a6e-8b9b-66255c306350,maschmeyer,ai.,selfmade,maschmeyer,ai.
f016d137-0c07-4cba-895b-a9a84b9cc1bb,may,bertelsmann,winnetou,may,b.
0593bcdb-5443-4966-bbad-d27461043a4d,mcbain,buch und medien vertrieb,judasgift,mcbain,rm.
08cc7d26-8ff0-4998-bb27-7fff6c3395cd,mcdonald,moewig,fallschirmjaeger,mcdonald,m.
584ab3ae-0e3a-46da-918e-92226e41d91f,mehnert,dvg.,sturm,me.,dvg.
e21a044f-c79d-4337-b447-759b33555b33,maddox roberts,goldmann,centurio,mx.,g.
4a8587bf-dff3-4cb3-a9e3-38fcf292e1f5,luc.,gustav luebbe,eisjaeger,luc.,gl.
db9f95c6-8762-466d-aa10-a8b5bc0dc8f2,lun.,rl.,immer,lun.,rl.
f3965ce6-bd94-4322-ae07-b667530dab7e,moe.,rowohlt,faule,moe.,rw.
f7e9e77e-4ae8-41a6-9d0b-f4a709bddd05,mos.,rororo,menschenkind,mos.,r.
b15b34d3-ebaa-4da2-934d-f8b4fe0bbfc5,meissner,bertelsmann,wildes,msn.,b.
a04f6a74-0bc6-4f9c-ad34-91189ff86e70,munson,sg.,vision,munson,sg.
f896d85c-2ee8-4965-ba44-4d92fb21ba63,mehari,knaur,wuestenlied,mh.,k.
10958f29-9b3c-4005-91da-0cd421b7771c,michener,bca,recessional,mi.,bca
7c5e64b5-87b5-4e49-88b7-8aaf25ccfcd7,may,ueberreuter,wueste,ma.,ub.
9963a29d-f254-4c48-a48b-21feabfb0450,margolin,pfeiffer,ueberleben,margolin,pfeiffer
f91f00a9-6413-4088-a4b0-652e75e2916e,martinez,fischer,santa,martinez,f.
18951f2b-cfe8-44d9-8f5a-df5ce7217c96,mcd.,blt,verschwoerung,mcd.,blt
362a3a5f-2558-4817-a6ab-23a2b37ea325,mce.,knaur,vergeltung,mce.,k.
a9529ac5-444a-44a3-9fc4-1456516454ca,mel.,bastei luebbe,gilgamesch,mel.,bl.
dae8c7df-9218-4c57-ae85-dd290eb2ab1b,messner,hb.,wettlauf,mes.,hb.
0b06f7d6-84eb-477c-af95-988c0a70dac1,merkel,rororo,erzaehlen,merkel,r.
4e15291b-efd2-45a5-9621-18856dafb7c5,dumas,Unknown,musketiere,d.,Unknown
7f464784-591f-46b5-ac7a-f25559c1b289,mitchard,blanvalet,ozean,mitchard,bv.
e5cfd3f2-1473-4f76-8620-4699edb212c5,zimmer-bradley,bertelsmann,feuer,z.,b.
b8e67d70-7315-473c-a029-a2cd2aadc426,"mondfeld, zu",galeria,mose,"mondfeld, zu",galeria
f919d371-c028-4ff7-bfee-86080aced0e7,mueller,edition hans erpf,sherpani,mu.,edition hans erpf
fed69c66-b52d-4767-85e8-13bc05ecb7fd,mulack,kz.,natuerlich,mulack,kz.
b32ab1b5-b62e-4fc2-9cad-08835e20b369,mcnab,aufbau,trans-amerika,mcnab,a.
05dd1a96-5060-4236-8882-dc3580047de7,matthiesen,knaur,tombola,mt.,k.
90124ff4-19c0-4f3a-8044-f1cac0cdd5ee,mueller,droemer,meinungsmache,mu.,dr.
3938c10c-6b56-485a-9152-c4ba6f334ff4,kinkel,Unknown,aquitanien,kk.,Unknown
92d7c1f4-c355-418a-b45a-183056dedb3f,muenzer,piper,akte,muenzer,p.
99818512-948c-488f-9a24-6af55e05ca91,meyer,bertelsmann,bambus,my.,b.
4f180e15-fd27-4fb6-bdc0-e3fc12a6eaad,neuhaus,ullstein,haien,n.,u.
792eb956-a85b-4187-8744-fb7cff6a95e7,murakami,suhrkamp,schafsjagd,m.,s.
53c2c383-a5f6-42e0-9544-0e2c411527bd,mab.,rowohlt,tot,mab.,rw.
9077d53f-c7b6-4a0a-bb49-f5b4df17d02a,maeder,rheingauer,alpen,maeder,rheingauer
3259390c-7f05-4b8f-9a76-aa114dc87bd2,mit.,fischer,friedfertige,mit.,f.
cd0eceea-d847-42be-abc8-757d28f18652,mann,fischer,venedig,mn.,f.
4eb75209-1d62-45ff-9f03-f93b91b7bcae,meissner,orion-heimreiter,suedwest,msn.,orion-heimreiter
9be0de09-be7b-4f9c-b73b-db4c7a770c03,mtm.,ullstein,pharisaer,mtm.,u.
aba2653c-f7ee-4ec9-a745-cb04f89744ed,marinina,fischer,widrige,marinina,f.
3f2462ff-95b5-4be9-9b9e-82120c4c27a2,marny,bastei luebbe,darjeeling,marny,bl.
b6d6717a-e629-42a1-9468-08fe1288e73a,marom,buch und medien vertrieb,sulha,marom,rm.
eb2f4cc1-3571-4063-bccf-6ad04002f9a7,massey,piper,mandelblueten,massey,p.
e3ecf841-0181-42dd-841e-781a75f02567,mcbride,droemer knaur,timbavati,mcbride,dk.
f631df0c-9205-4017-8297-5fdfe45d6bc8,mf.,uo.,radubis,mf.,uo.
4e6c071c-ed0c-40b4-8c7d-9b2717344422,mic.,bastei luebbe,zwillingsschwestern,mic.,bl.
f3a28c4e-6554-4fb5-988b-6d2e2ee21099,mid.,wb.,giulia,mid.,wb.
b1e63ddd-77a4-4681-b040-a6fd2ff659d1,maddox roberts,heyne,insulaner,mx.,h.
3f72c892-5cf5-4464-9617-1cb3b48203d6,mueller,droemer knaur,showdown,mu.,dk.
63c9eadd-0ee8-4c39-9b2a-7bbd37f0f58b,meier,penguin,now,meier,pe.
ec71abb4-d84d-460c-9546-f548cece2c61,lynch,sg.,omega,lynch,sg.
e975e4f9-e2bf-4bfd-8e1d-b6cfc82085ed,may,bertelsmann,stambul,ma.,b.
4138880a-ac99-4ee0-beff-dd9250918bcf,maas,weltbild,zaubergarten,maas,w.
fd9bead3-bc18-4e10-9d9f-5e212002eea4,mcmanus,ct.,of,mcmanus,ct.
8f39587a-36ce-417d-b8ed-3447696a008d,mennen,buch und medien vertrieb,owitambe,mennen,rm.
b3f35252-46cd-4891-9600-daed054a1beb,mik.,thienemann,fluesternde,mik.,t.
89471d98-dfb5-4bd1-a52e-d9ae9bb9bea5,mil.,engelsdorfer,saomai,mil.,engelsdorfer
963c4553-0506-40dd-8b90-53a376b8a615,moravia,rororo,cesira,mo.,r.
f44a9cc6-3a5d-4e58-a7eb-654279797237,moravia,bertelsmann,noia,mo.,b.
79f0f794-804f-44c5-8191-fb5ec1e5d429,moh.,beck,seelen,moh.,be.
c4fd6ca2-f9bc-46e3-bac2-fa2720384357,maddox roberts,pb.,saturnalien,mx.,pb.
0d348acb-56e6-41ec-8031-df676798d787,neuhaus,ullstein,haien,n.,u.
434a9db4-b41c-4c23-92a8-39e5c93ac7ee,lud.,westend,gott,lud.,westend
aa68f5f4-bf26-4345-a8c0-366f10a1eee6,lundholm,bertelsmann,morgengrauen,lundholm,b.
9be56b35-9764-4dce-bb7b-623e5f5a71f4,murakami,bb.,commendatore,m.,bb.
677790f6-fc0c-40c8-b431-d695516d710d,murakami,bb.,aufziehvogel,m.,bb.
ee4830ca-2e35-4d7d-ab8e-c02acc673a63,mertz,blv,kanada,mertz,blv
31a3ee62-3439-44a3-a379-2245eb90bc1a,maerker,goldmann,gesicht,maerker,g.
f7ff2248-205d-4d37-9875-76d1bf756759,manzoni,bastei luebbe,verlobten,manzoni,bl.
3f90b374-a98f-4213-9411-0b14a64bffbe,"maurier, du",carl habel,goldene,"maurier, du",carl habel
fbf850fa-2cc9-4c34-9e5d-ad3dd05223b6,michener,bertelsmann,texas,mi.,b.
d4d544c0-40dd-44bd-8ac5-2ab322f6f8f5,montanari,bastei luebbe,mefisto,montanari,bl.
016592ce-d634-4f9c-b5d1-6273507e8357,merkle riley,list,hexe,mr.,ls.
726a30ba-d598-432f-bf05-c6c5e0078d4a,mry.,droemer knaur,statthalter,mry.,dk.
8305945b-5d93-44db-a35b-ef059f03d50e,massie,bastei luebbe,fernen,msi.,bl.
22a07d2b-8fda-4df7-8dc6-a204caca8c08,massie,bastei luebbe,marc,msi.,bl.
e3b2f248-1a6d-4428-be94-ac415507184b,mueller,knaur,goldschmied,mu.,k.
baf7fc1d-b946-40b7-acfb-1702f54e5f3a,mum.,ct.,top,mum.,ct.
aae7aaf5-269c-4d88-83f3-200d82a5aed0,mulisch,rororo,attentat,mulisch,r.
45c22675-f530-4ca4-a58e-e963e67edbc9,mccullough,goldmann,anderes,mcc.,g.
8c9c1030-0f6d-42a0-82d8-fbe43f8dd12f,maddox roberts,h+l,clodius,mx.,h+l
4e9e059a-6af4-4245-96dc-4e8353a537c3,lsc.,heyne,indiz,lsc.,h.
d04fa9fb-d64c-4232-bdc1-0de77ba01ce7,bartos-hoeppner,Unknown,taigajaeger,bartos-hoeppner,Unknown
9bdbcc7a-5cf1-4be2-9592-45dae3806457,maier,dm.,heiter,maier,dm.
c4bd10b6-d4e0-4b7f-b530-6efc6897282b,maix,ny.,berge,maix,ny.
f812fa36-150b-47ea-8d8d-8cc95318c585,mcg.,bertelsmann,mara,mcg.,b.
4f333997-d6dd-422c-8534-56b03518970d,michener,knaur,suedsee,mi.,k.
abf657f2-b517-4194-8a9e-c78f97bab582,motram,bertelsmann,myron,motram,b.
f10a8c34-0178-44da-a4de-0ed32f49a731,morris,heyne,tier,mrs.,h.
b7dc370d-07e9-49a6-aa08-fe941091f119,matthiesen,heyne,skorpion,mt.,h.
1ed6a58a-710c-49f4-b5f8-d99c3250700d,mueller,knaur,crashkurs,mu.,k.
96812239-0c8a-4680-9b58-2f35bdf0e095,neuhaus,list,wunden,n.,ls.
0de865ef-9b66-4436-b08a-5635bee8f2ea,neuhaus,ullstein,ewiger,n.,u.
e855840e-baf7-447b-8218-c0db5b1c8338,lus.,econ,wuerfel,lus.,e.
780fa1b5-e97f-4336-ba0b-95dffb1a5ec7,may,Unknown,schut,ma.,Unknown
3298935e-8f6e-4853-bdf1-32363e60349c,maddox,cr.,maggie,maddox,cr.
66a516c5-db63-4e9c-b822-72d5e9e12996,conan doyle,Unknown,tibeterin,cd.,Unknown
cacc9b3e-55a4-4317-a6db-ccb82b0e5f04,knights,Unknown,segeln,knights,Unknown
7277965f-6384-44d3-9562-bb1f01e3d7e1,maier,dm.,heiter,maier,dm.
82b45b79-2f8c-4c83-94e3-14a216cdeab7,marillier,knaur,stuerme,marillier,k.
626e3fbf-cabc-4d51-b5f1-a26dcdedb562,guterson,bb.,oestlich,gut.,bb.
05d26b5c-b893-47c0-835a-ff74c714c0f1,meade,razorbill,vampire,md.,razorbill
5ec2b61e-48be-43b6-a599-f63aecd6ad16,moravia,europ bildungsgem.,meistererzaehlungen,mo.,eb.
d013c1e7-a3f5-4837-9bbe-c0577baf19f8,masson,deutscher buecherbund,christina,masson,d.
23bbec18-06c3-41e4-8f44-837079eda1b3,marr,bastei luebbe,plage,marr,bl.
8b0db59e-87a9-4613-b161-e520f31b70b1,marschall,heyne,titanic,marschall,h.
6c476265-47b3-4cc7-9d37-3721c9556a0c,matthias,rororo,kehrseite,matthias,r.
dadf6a8d-8e81-432e-a9af-529ef6727b66,Maurier,deutscher buecherbund,rachel,Maurier,d.
67266a3b-705e-4bb6-92f6-1d71b42a49cc,maclean,heyne,tim,mc.,h.
83247eeb-8697-48b0-a150-4d2898267500,morgan,deutsche verlagsanstalt,flamme,morgan,dv.
e8f08312-851f-400a-8aba-562b477071c4,lud.,beck,saet,lud.,be.
b502e7c1-3454-4051-8b91-3c78b690088e,luetz,goldmann,irre,luetz,g.
618f2254-fc7f-4529-a6b3-f4583aadaa02,murakami,bb.,aufziehvogel,m.,bb.
bd276978-ba9c-4cff-8e73-96d64a06ccf4,madder,heyne,bild,madder,h.
af08950b-43b8-4c6b-aa35-8c2cb275355b,mairock,rosenheimer,wand,mairock,rs.
fe9c0a7e-0c0c-4029-890d-c0a29f65acc5,marquez,kiwi,einsamkeit,marquez,ki.
ccfb52ac-bdd0-4d2f-bb05-ba8f7ccef8bd,an kuei,moewig,chinesisches,an kuei,m.
e04d68f1-cac5-44f0-9a82-099eadf867fc,michener,penguin,wild,mi.,pe.
8f5ae918-18e0-4b4c-a508-da116414797f,michener,bertelsmann,verheissene,mi.,b.
f51017e8-6466-4edb-815d-d316c7798847,michener,knaur,bucht,mi.,k.
b449b9e1-d365-481b-b7f0-956968d26d97,moeller,bastei luebbe,schulhof,moeller,bl.
e78fe2ed-ea08-4369-849d-3113acd62e77,mccaffrey,ct.,drachenlied,mccaffrey,ct.
3ff77283-8fd4-40c9-819b-edc680566960,mcquillan,goldmann,safari,mcquillan,g.
147a2659-abce-4a40-b322-87a9cf96f8a5,medwedew,suhrkamp,enstalinisierung,medwedew,s.
017a2bdf-da14-4bd3-abf1-49aff681cd42,martin,bt.,clash,mrt.,bt.
feec91ce-80cd-4647-a8b0-08d2dfc0bb23,mry.,heyne,loewenkoenigs,mry.,h.
ecb9dd46-a1ad-4d61-a1ea-c2f086fa4820,meyer,carlsen,biss,my.,c.
47082db9-fde9-4c63-8eeb-012fc0bb9486,murakami,bb.,elefant,m.,bb.
91ee26b7-385d-42a1-8e1c-2a6c2d051175,murakami,bb.,naokos,m.,bb.
f7494358-4eed-4e9b-bb65-217265d4da56,major,silhouette book,child,major,silhouette book
1aacf3fd-c771-4fd2-805b-bf87f555539e,marklund,rowohlt,paradies,marklund,rw.
0bb74e31-1d1c-4a68-baf7-a12be9fcac43,morrilot,goldmann,orchideen,morrilot,g.
40013c4c-dd25-4877-8f31-40fca08241a7,jachina,aufbau,suleika,jachina,a.
bc781eb8-d2ea-4d8f-a73c-7f1cc5dd2633,meurois,heyne,essener,meurois,h.
fe9307e0-974e-4ea0-80eb-c738af5ea07f,mey.,lm.,dominikaner,mey.,lm.
d030bd35-2a9d-40e1-bf7b-dcc37b853af3,michener,goldmann,fruehlingsfeuer,mi.,g.
fc17dc59-3c67-4def-a806-ad366e272df8,mckinley,luebbe,matildas,mckinley,lu.
d777d303-7954-44f2-9e9e-ae234115a234,mehnert,dvg.,peking,me.,dvg.
6eb477b7-23e7-4e77-8f0a-ec2cb3562e7a,mehari,droemer,wuestenlied,mehari,dr.
4de5a2f5-d9f4-4c22-8fb6-a0298d8ef35e,Messadie,knaur,alexandria,mei.,k.
f9dd9ae9-b87e-44ce-b9c9-0ab99b5d8928,msa.,rororo,kaplan,msa.,r.
563fc2f9-e042-4fa5-a2f7-c074ffe85639,meissner,bertelsmann,wildes,msn.,b.
dba2582b-418e-4f63-81a6-f64ddf091bb0,muir,knaur,weisse,muir,k.
339681ac-4f18-43a5-9cac-add96f05875b,muehr,heyne,purpur,muehr,h.
2c0eaba0-3875-45c3-a6b1-21c3a22fbb5d,lucarelli,goldmann,kampfhund,lucarelli,g.
3e6b1a8d-4c54-45e7-acb6-63ce5417f4ec,ende,Unknown,knopf,ende,Unknown
aba51614-6ce4-4f42-b8a6-aca82bbe4dca,mommsen,sf.,roemische,mommsen,sf.
e3a49233-04dc-42cc-bdee-1abdb6039d15,mosse,knaur,labyrinth,mosse,k.
c19885d4-8f7c-49a1-b8cb-7b23551aa526,fichtner,deutsche verlagsanstalt,billionenpoker,fichtner,dv.
6589c6e7-779d-43ae-ab7f-836c7ac77fcc,mehari,knaur,feuerherz,mh.,k.
54fb7a29-1334-43d8-a075-07245c969942,mahmoody,luebbe,frei,mm.,lu.
95a39cd7-4bc6-443a-990d-db287829b3f5,lawhead,buch und medien vertrieb,kreuzfahrers,lw.,rm.
40ea782e-06b2-49ba-a716-5e44048f365c,murakami,suhrkamp,schafsjagd,m.,s.
ce9ee8ce-7c98-4643-9330-1b4ce8b9e870,murakami,bb.,tazaki,m.,bb.
5c0978cc-8a45-47b9-a269-baf9c79d861d,maerz,piper,lockdown,maerz,p.
9cbfae7f-964f-4075-a345-a3fc005a9531,marquez,kiepenheuer & witsch,cholera,marquez,kw.
3cf37457-bbfc-4da7-aa3f-963f72962c49,matisek,list,krabben,matisek,ls.
906aa29b-3f76-4dc6-a441-29b8c5c2dcff,meade,bastei luebbe,schneewolf,md.,bl.
01c6ed90-6603-4af2-ab80-7c734c7015c1,mueller,bpb,schlaglichter,mu.,bpb
786a2b16-18a1-4fc8-a7a8-02bc120a4fa9,mason,pb.,babylon,ms.,pb.
68720803-1cef-4caa-a09e-f1a70c75deb8,matthiesen,hestia,faengen,mt.,hs.
cb80e367-4b25-4d00-a9e6-b2007bb9d3d9,mueller,knaur,traum,mu.,k.
401c7c89-c815-4df2-94f7-19a68e383b28,muhler,bayern-kurier,patriarchen,muhler,bayern-kurier
10219ae8-b8f2-4422-8a94-d439c08c4511,belli,dtv,bewohnte,belli,dtv
83342ae7-0ac8-4673-af24-10e620bddff4,mot.,knaur,zauberlied,mot.,k.
b42fb16e-1d6a-4d77-9d95-9ea7d63f620f,martin,bt.,swords,mrt.,bt.
d361209e-6ba0-4e72-a9e7-8fd09d18a402,matthiesen,bertelsmann,faengen,mt.,b.
b15acfc8-bdc9-4ec3-8cd1-0ef987739287,mailer,droemer knaur,baerenjagd,mai.,dk.
1cc89a0f-191a-47c7-ad76-6b7fb18fb7f2,marben,ullstein,diktators,marben,u.
391b739a-fc2c-4ddc-a0d5-cb80f8dbc54f,maxwell,goldmann,schimmernder,maxwell,g.
05486d4c-935d-4423-8348-29cf66ce802d,mcallister,scholastic inc,professional,mcallister,scholastic inc
5e39526c-cb42-4a4b-955f-7fe60faa1bd4,mce.,ag.,nest,mce.,ag.
057f3505-347d-42ac-8b63-e83aa100e02e,mcleay,goldmann,traueme,mcleay,g.
3494af46-7fab-4217-99e2-437b5f708efe,meade,bastei luebbe,achse,md.,bl.
14d6dc6a-a353-4a3c-810b-3bdc3702fce0,michener,knaur,andau,mi.,k.
8f6a2745-ac50-4784-b6e2-5a30985e62f8,michener,richarz cw niemeyer,sayonara,mi.,richarz cw niemeyer
0c21564f-a858-4aeb-bc80-a93a27cd7ec0,mis.,fischer,gleichgewicht,mis.,f.
9f387f03-3b0c-4eba-bc76-a13775747f41,murr,bertelsmann,sand,murr,b.
8727774f-3fb5-444f-a6ae-6a95492ece48,meyer,heyne,alchimistin,my.,h.
a876a1a8-9815-49ce-a454-79b3911b9dca,"peest, v.",dtv,heilen,"peest, v.",dtv
4da7576a-aabb-4032-b604-87f694449a1d,lawhead,piper,nin,lw.,p.
6a82af5e-a8af-4ad9-9102-6a8ac6920cc7,lawhead,piper,merlin,lw.,p.
5798fc9a-53f1-4ca8-a311-bf447cf3c905,maylunas,weltbild,alexandra,maylunas,w.
bfabc98c-61f3-408a-82ba-096e7ed764ab,men.,weltbild,pyramiden,men.,w.
6ad745f6-8d6a-4404-93d6-eb05d1cc6ab8,michener,droemer knaur,sternenjaeger,mi.,dk.
4c832d5f-2178-4e4b-bb70-15bfb98fa366,michener,econ,karibik,mi.,e.
324c704b-532f-4157-9251-f2ebf47f3421,mintz,blv,amerika,mintz,blv
d510f587-5455-486b-9d36-8940bbbaf27f,mom.,droemer knaur,rechtsverdreher,mom.,dk.
8d3b8d8e-46a2-4f11-9153-5e84aa1441ad,mou.,pipero,prinzessin,mou.,pipero
b5053b51-446a-4410-a6aa-622d6b6b1396,morris,piper,amsterdam,mrs.,p.
d04efae4-da8d-4d92-9304-7fab46b32ecf,ls.,rororo,go,ls.,r.
34361c40-29fb-4ad8-b2a1-d0a42cb1c9ed,lurker,kroener,symbolik,lurker,kroener
d76a741b-7a8e-4c94-abed-108ad0e62e85,mallery,hr.,inselschwestern,mallery,hr.
73814bfe-1641-4ab4-8155-e135eebe5804,maclean,li.,insel,mc.,li.
e81bd235-1f78-4cd2-9ac7-631c180ca6e2,mechtel,rororo,arm,mechtel,r.
bcd47710-e562-4ac0-9a7c-e6d5005e170c,coelho,diogenes,jakobsweg,coe.,dg.
240c1a27-508e-4f03-8bb2-d78c77eafc50,met.,heyne,berater,met.,h.
3e062bf4-3e47-49ff-9ab2-89368a509126,michener,bastei luebbe,klondike,mi.,bl.
48953da9-0c39-407c-b51f-e318d8fd917c,morton,piper,wale,morton,p.
d03a3f6c-ed26-4318-a13e-953737941dc2,maddox roberts,goldmann,centurio,mx.,g.
ee3a9631-3b87-4491-a986-467287560597,neuhaus,planet girl,elena,n.,planet girl
a4b75723-3a79-4a3c-9ec6-68dddf27d1a9,neuhaus,list,schneewittchen,n.,ls.
53597150-674b-4dfc-9453-4d7dfecf8da4,nb.,weltbild,kamerun,nb.,w.
1ef843fa-c5bb-49d8-b751-13572e181998,nesser,bb.,kallmann,nesser,bb.
db980b42-1567-4fec-9954-b2cdc927a8a9,np.,bertelsmann,mass,np.,b.
559f0337-2b9a-4152-a281-5d5de2503e78,ns.,bastei luebbe,wikinger,ns.,bl.
3cfb79de-6f8d-4637-aaae-1516a868d678,mis.,fischer,gleichgewicht,mis.,f.
841de1b0-967f-492c-a440-864b61083f27,mmr.,dbg,aufstand,mmr.,dbg
f641908a-85ca-4477-ad67-880d7c06de50,mob.,buechergilde gutenberg,tuerkin,mob.,bu.
6488b6cb-512c-4d02-bd9e-e356f7be65ea,moro,buch und medien vertrieb,sari,moro,rm.
232245c1-0d31-4c19-835b-ef81bc8d088f,ogger,droemer knaur,kauf,o.,dk.
598ddec2-21bc-4164-9af0-5d6a89f2e6a0,od.,heyne,notwehr,od.,h.
2521cf87-ba74-49cb-8892-bde88885ddbe,cousteau,bw.,lebende,cou.,bw.
4ed2d933-8c58-480d-a28f-88daed9be531,palmen,diogenes,erbschaft,palmen,dg.
0f476578-6c67-452d-9ee2-869c7dd52166,pan.,hoffman und campe,internets,pan.,hc.
08950e71-305b-4706-9b41-8695e0877273,pasha,sueddeutsche zeitung,schwerter,pasha,sz.
d0bb7ac1-96c8-428f-ab5a-726fe82129aa,pierce,arena,schwarze,pierce,ar.
a60bb080-1ee1-4240-90dd-fcfdf3e1a7be,pierson,piper,frauen,pierson,p.
24b228a3-7249-4109-9e3d-10a9c0480dbd,pk.,buechergilde gutenberg,stille,pk.,bu.
3672d3a6-2ef7-4af5-bbb0-6368cb7543eb,por.,knaur,kamen,por.,k.
2dc51130-21eb-46ff-8095-ea8f609e4af6,perez-reverte,bb.,dumas,pz.,bb.
491a2fef-f4ed-4d4b-adc6-199d86b0a140,robbins,bertelsmann,aufsteiger,r.,b.
eefccf3e-cc6f-407b-91e4-42a97ad8e697,robbins,bw.,wilden,r.,bw.
5ab159bd-9dcb-416d-b3f6-afa2b681a446,redmond,goldmann,musterknabe,redmond,g.
cd44e4dc-d891-4aee-9e5e-c90fe3b8d01d,rhue,ravensburger,asphalt,rhue,rv.
096d4d92-ef6a-4cd3-baec-1978f6ef6f9e,robb,blanvalet,lordkanzler,robb,bv.
e63ca1fe-c30e-4102-89a5-cb07168d2bcb,nowel,dumont,london,nowel,du.
bd428e93-37b5-457e-9d54-fbeb0c4587fc,nz.,knaur,sklavin,nz.,k.
7bdb9cbe-73f0-4d8d-9d1f-dadc4785359b,armstrong,sc.,starke,armstrong,sc.
f6ad365d-b1ae-42cf-949d-75bbd9787ca4,pre.,goldmann,wer,pre.,g.
a42d475c-9927-4465-9890-fd693d67882b,pst.,bertelsmann,schiwago,pst.,b.
f6d5eb1d-6513-40a6-8eb4-7a97ce44bc59,robbins,lingen,unsterblichen,r.,l.
eaf7f5c5-cd3e-4b9f-a3f0-830537fd49cc,palma,rororo,landkarte,palma,r.
ec715d72-70e4-46e2-ba18-e3345fd90346,pam.,beck,gesammelte,pam.,be.
4b6f2a8b-ef6b-4fa3-9469-01b4c53a686b,pae.,heyne,vier,pae.,h.
6d023369-a58f-43a9-b034-5bbf4fc27454,pir.,goldmann,damalstuer,pir.,g.
f637dd2c-2f39-43df-a2e6-d9b3005e8c2a,poetzl,rowohlt,barschel,poetzl,rw.
1b8d21d7-dad2-4758-b664-2c55359fc094,commer,Unknown,manager-knigge,commer,Unknown
5754a9ce-efab-4fd4-b0cb-b3f70e993d02,powers,fischer,zeit,powers,f.
afbf318f-9904-4167-9670-115de8e6a7e0,robbins,bertelsmann,pirat,r.,b.
79857834-1e97-4031-9343-c0d210442a6d,ratelband,econ,feuerlaeufer,ratelband,e.
1d4dc5d4-9fa6-4dec-b106-de4611a45956,rb.,premiere,pestmagd,rb.,premiere
2249c2d6-f980-43e1-a039-be4c86dc1ca4,"ranke graves, von",list,claudius,rg.,ls.
a27cf436-9dae-4655-beae-c955f4a862a5,ns.,gv.,rockstar,ns.,gv.
e006a039-48e4-4325-9864-e3fe11ff11ff,twan eng,myrmidon,gift,twan eng,myrmidon
ed9a9e22-4dae-4587-b53f-1a50301e4243,rath,rororo,kann,rath,r.
8ad41f87-e526-456a-b9a0-36d9e51aa785,pullman,heyne,kompass,pu.,h.
faeed20b-b5b9-4f7a-8bea-715305d35802,robbins,goldmann,janette,r.,g.
9602dfa8-2b8b-41f1-9536-40737c106488,rabey,albatros,kelten,rabey,albatros
89b57640-4df1-48b6-ae74-9ad02a6de8fe,rauchwetter,sueddeutscher,usa,rauchwetter,sueddeutscher
1819fc7a-f24c-4b47-94c7-94eeaf8bb251,rb.,droemer,schwarze,rb.,dr.
776ed3b3-1120-4533-91e4-05d0bdb4ce7a,rice,penguin,mummy,ri.,pe.
d2224964-24a2-4a38-9c04-ada8baebf026,neuhaus,list,mordsfreunde,n.,ls.
6f7b0d87-7e49-4679-b878-f4d56ebe6809,nba.,ruetten u. loening,jo jo,nba.,ruetten u. loening
314176c6-47bb-4feb-beb4-c775bc92db6b,niehaus,knaur,seidenweberin,niehaus,k.
7dcd94ce-5734-41cf-93c4-a4207e07bb7e,nin.,wiethase,e-hon,nin.,wiethase
3ecc1efa-f0bd-495e-aeaa-fad549f081ee,olsen,dt.,schaendung,ol.,dt.
266ff0e4-9fa0-455c-b612-4bd5fcb7a96a,orwell,penguin,nineteen,or.,pe.
d72396f1-39d0-4b54-b9c1-a278be335769,orths,bb.,tarnkappe,orths,bb.
e40c3af9-79b8-40e2-a0c3-fe21a8533548,puzo,knaur,vierte,p.,k.
56c4d66d-fbb3-427e-9495-88eb5fb73cc8,kz.,gräfe u unzer,kind,kz.,gu.
4492fa64-1110-4850-8a50-797d660870aa,peinkofer,buch und medien vertrieb,erben,pe.,rm.
df709380-5d09-4c3a-b726-0aed24f542d2,ra.,hoffman und campe,nein,ra.,hc.
df85e20e-ba9e-48bd-aa17-cc104e3506f8,rauen,rororo,seidenbaronin,rauen,r.
bb3d082b-985e-4845-9b53-a59422756c12,paretti,bertelsmann,zauberschiff,pi.,b.
d1c6ad5c-64f9-4c2d-a575-3247168f93ec,peters,heyne,leichnam,pt.,h.
45a8fc08-7e87-45eb-9b02-9d4caa9a3369,ptr.,sueddeutscher,magische,ptr.,sueddeutscher
6e9ef7eb-db1b-4738-9264-d7fef0bfd769,rickman,rororo,fuenfte,rickman,r.
6152bde1-d6db-4683-8c91-5047b9b2fd2b,"rijt, van de",goldmann,oje,"rijt, van de",g.
bd62c61a-5045-4fe4-9baa-bd815cb10eb9,rn.,goldmann,verjaehrt,rn.,g.
a7864cbf-7f27-435a-bef5-772f0e12a705,roberts,goldmann,shantaram,ro.,g.
9a4f46d4-3dda-4045-a5f5-73b722d1ad3a,roth,v.,plot,roth,v.
ab95422c-a149-44f8-975e-dbf0842b68a6,nc.,ravensburger,trip,nc.,rv.
0a62914d-9539-4b9a-ab3c-8ae57ac743a2,connelly,Unknown,witness,connelly,Unknown
077f6f21-4e98-4359-9f26-f8c29e8dbc37,nh.,ullstein,survival,nh.,u.
358f8889-7c42-4038-80c3-683f6d926d7a,pv.,bertelsmann,stalingrad,pv.,b.
4bea6fcc-9045-4891-856d-976dc6694453,pv.,bw.,moskau,pv.,bw.
93a892e8-b5b4-4287-adc3-4a7a4e298165,purdy,europ verlagsanstalt,amerika,purdy,ev.
f6983db4-052d-4f98-9c17-12a72a65c767,queen,ullstein,fuchs,queen,u.
a45aad26-7491-411c-9525-3857ea34f1b1,noelter,dl.,erfuellbare,noelter,dl.
3e4cde9e-883e-435d-824f-d5ecd5af8264,ob.,goldmann,becoming,ob.,g.
6df58f9f-f658-4393-a846-fe09895457e0,puzo,ullstein,omerta,p.,u.
5f03abcf-c287-4165-8b28-d057c4500ba2,payne,knaur,taoisten,payne,k.
eb161dd9-78bb-4e32-8857-e089f3f6b119,ploenges,bastei luebbe,brandmal,ploenges,bl.
042edef6-e36f-4314-8122-23e5777dd7c6,price,bertelsmann,feind,price,b.
d0fc7254-79c7-46ea-b5a7-8f57b1adae5c,pearson,goldmann,potemkin,ps.,g.
48de2dbe-db4f-471c-87d2-664e66e8a572,peters,knaur,stadt,pt.,k.
346b5c57-03d0-4f3f-b7ef-dc506c2ff6ee,robbins,su.,spellbinder,r.,su.
0d6fa5ad-e43a-4931-a9cf-14da9c34784a,roche,piper,schossgebete,rc.,p.
d4f27f54-4ec8-41ed-b31e-29e6eab00296,reh,o.,asphaltspringer,reh,o.
0fd66c31-ad32-4ca8-a20e-e36b8eb3f69b,richards,knaur,kind,richards,k.
81aa6419-46c5-4426-90db-0187d4ae63f9,mccarthy,lir,ireland,mccarthy,lir
cfd277f6-cc41-4ec8-850f-0bb0a08fb8ed,peters,heyne,namen,pt.,h.
2ce85eec-1dd8-441e-89dd-1a7985202797,peters,heyne,hasses,pt.,h.
b3298cfe-5039-462d-9691-29985ec8bf68,rd.,goldmann,spekulant,rd.,g.
14654d87-35bd-4264-94a0-e5dff9dff86d,niu,bastei luebbe,traenen,niu,bl.
0409ef51-8047-4f7f-878d-e46a81e72f24,ogger,knaur,nieten,o.,k.
31308096-ae88-45dd-8c46-cf32731f61b1,ov.,dl.,sportbootfuehrerschein,ov.,dl.
7459cde7-9886-416e-98c1-2db421a9a862,peinkofer,piper,sylfen,pe.,p.
fc0aa232-4f8e-4d46-afb5-fb0a727ac063,ph.,ullstein,henkerstochter,ph.,u.
9742faf6-102c-4c84-a6a1-fa27f6f1da63,pm.,podzun,wolchow,pm.,podzun
1d6ab2e3-0c65-418d-aec3-9acd8e901c62,pope,moewig,nelsons,pope,m.
723d6f43-535d-47fd-ace6-97e17842bcdc,preston,knaur,relikt,pr.,k.
6cd6a32a-c2e7-4bfe-9ba4-7e98f32bcecb,"neill, o'",lingen,alexia,"neill, o'",l.
9c38c98e-d503-4ebc-9a9e-c4d0e87fe4e1,rehrl,pattloch,diamantenkinder,rehrl,pattloch
0a6ebbc5-c9b5-4d5b-8493-cff8bba1d37c,rice,penguin,lasher,ri.,pe.
a7402b29-b636-4b77-9fcb-b03fb209a46b,richards,knaur,afrika,richards,k.
1ba4b4a4-6adc-4695-b688-ade7d7662a4e,kerchache,herder,epochen,kec.,he.
5d1478d8-76af-4555-9344-b386aaa7a1ca,rasputin,bertelsmann,matjora,rasputin,b.
339dc4e3-07ab-467b-b8ad-96aa198b4f2c,rohrbach,sr.,jakobsweg,rohrbach,sr.
18518ffa-e8c5-4472-8405-475cea565a5c,nv.,bertelsmann,koenigliche,nv.,b.
e8007c13-b549-4e04-8fee-2e62e1822eed,puzo,deutscher buecherbund,narren,p.,d.
12521ba1-8c14-45b8-ac51-ebc360bfe2b1,palacio,dt.,wunder,palacio,dt.
6de10359-b5e0-46bd-9ecc-1cf3f3e011f4,pelzer,buch und medien vertrieb,es,pelzer,rm.
5b0614e5-3c05-4c46-a312-a00cecb61a57,plack,fischer,luege,plack,f.
2f338efc-9a46-465d-a7e4-e1bc2160cd18,preston,knaur,ritual,pr.,k.
4e165c59-80c3-4ef0-9000-fd6e25cf857d,py.,ace books,missed,py.,ace books
dfa0978a-c7ca-4512-a28f-66d2d9700a82,perez-reverte,phoenix,king's,pz.,phoenix
5ade0656-ecd9-4429-8c02-15fcae574372,robbins,goldmann,hollywood,r.,g.
534f5d2f-f37f-4906-833d-cb8f50c2b563,rachmanowa,bastei luebbe,studenten,rachmanowa,bl.
b566e3a6-669b-408a-a264-5261cd63abb3,roche,ullstein,feuchtgebiete,rc.,u.
854ee432-c98b-4de6-9d93-bd7563240920,rinser,fischer,kriegsspielzeug,rinser,f.
f0d467ab-f17f-4587-9791-68dc6f24ef43,ne.,ullstein,wellenflug,ne.,u.
44716dc9-a52d-4f12-83ec-a03d4f656dfb,diwald,ullstein,deutschland,diwald,u.
b42e3015-bed1-490a-801e-9faad0742ccc,nic.,heyne,weiteren,nic.,h.
d4903d81-a2a3-44ea-bbea-128d45622dee,puzo,ullstein,familie,p.,u.
716f68cd-fbad-49cc-a3dd-be189923e6db,pf.,deutscher buecherbund,anna,pf.,d.
6d94f852-9575-4bb7-ad0f-0016b460a3b6,palmer,gerthmedien,darjeeling,pl.,gerthmedien
35f46999-57af-4ef8-ae38-f99f83c1d6f4,preston,buch und medien vertrieb,case,pr.,rm.
de7f82d1-08d4-4a59-90b5-77f2dc9e529f,prus,aufbau,pharao,prus,a.
e31da33f-91ce-4ca4-a643-f0615f4bcc73,peters,heyne,novize,pt.,h.
be6055e2-4036-4858-86b0-a8c640db2bd9,rathbone,piper,spiele,rathbone,p.
10a37b58-c176-43ab-a59b-1e40883e1d51,revkin,list,mendes,revkin,ls.
b7a4d3dc-cc61-43f7-9b72-23a1535acaf0,ribeiro,kiepenheuer & witsch,fuseta,ribeiro,kw.
a56f0996-f403-4311-b1fb-275de7185698,rossmann,luebbe,neunte,rossmann,lu.
114cd6a3-1817-44b1-8e18-b838a5455720,nb.,exotica,afrikanische,nb.,exotica
203cf455-9da8-48d9-b388-3051b5a983c3,neudeck,heyne,anamur,neudeck,h.
2ab9bca9-f213-404b-9023-dbd3aa540cea,"ormesson, d'",pr.,glanz,"ormesson, d'",pr.
508fdf54-d211-473b-8c17-a661aced08b8,roy,bb.,dinge,roy,bb.
c25d1033-5eca-4b83-ac62-4b533022005f,konsalik,hl.,kasachstan,k.,hl.
e39a4e03-5624-4b62-ba68-00631c9c8853,park,gmeiner,stilettoholic,park,gmeiner
e452760f-6374-4610-bec2-1a272eace12f,peters,econ,pharaonin,peters,e.
2ec509f0-532a-4f06-8a79-f6e92658b06d,rey,md.,grieche,rey,md.
7642d509-6127-4e87-a1c7-00d964b68f1a,roberts,blanvalet,naechte,ro.,bv.
7db19c80-351e-4174-946a-69d58cd4ad67,"rosa, de",droemer knaur,diener,"rosa, de",dk.
403913ea-383b-445d-8bc7-5a70c1d0d8af,rose,knaur,todesbraeute,rose,k.
37f69be2-b783-4fba-b685-abf840ce33ad,rossmann,luebbe,oktopus,rossmann,lu.
5a0c9085-b31f-4ef0-8988-a2a12f861642,platowa,bastei luebbe,taufbecken,platowa,bl.
52f927c7-34f0-4487-ad2c-bb8a9ca97845,preston,buch und medien vertrieb,codex,pr.,rm.
97c43b20-05b2-4a82-94d6-aa458c07c163,peters,dd.,inka,pt.,dd.
90f0e613-6bda-42e0-bd4d-006609f5f683,pts.,piper,tanz,pts.,p.
4c11a976-19da-4b52-9c7e-5913c469f82e,robbins,bertelsmann,traeume,r.,b.
8b7273c3-23ec-4208-b96c-5f70dd1bdac2,ramge,bastei luebbe,flicks,ramge,bl.
84efdca0-51b1-4b65-ad1e-a9760d64d5e0,rassinier,df.,wahrheit,rassinier,df.
5b353687-4419-4b12-b8b6-799988451e00,reid banks,goldmann,moses,reid banks,g.
6751c6cc-43db-4756-9189-1aa799a891c7,nj.,kiwi,machoman,nj.,ki.
b044e658-857a-4788-acbd-6108ed356e82,ny.,bastei luebbe,taeufers,ny.,bl.
78767263-b60b-489a-9674-a618054f4a73,orwell,penguin,nineteen,or.,pe.
ed9a1358-dbee-439c-a5de-9a2fe28f4f2e,reage,hb.,roissy,reage,hb.
71689013-facc-4e1f-9aa7-e0ecc95c75a1,rhue,om.,welle,rhue,om.
4a5a17c7-0435-459a-811c-a6582e63f057,robb,blanvalet,kaemmerer,robb,bv.
9b0a7a1e-ae77-4f2b-8688-0a0cdc5a4a75,roetzer,ullstein,labor,roetzer,u.
188ad1d8-f990-4bbc-9783-b508181b97dc,rose,arena,lab,rose,ar.
3901eece-3c16-4060-82af-d135ae924ec5,nemeth,europaeischer buchclub,faellt,nemeth,europaeischer buchclub
9ace2441-cf11-4da5-9c12-e11f1782f42b,od.,heyne,giri,od.,h.
768338ff-9bc3-49fa-afd0-a238a313b0b4,pause,blv,wandern,pause,blv
6704c8f8-0dae-4cda-b1ee-d935764e6a72,peiper,pinguin,haemmer,peiper,pinguin
5203a73e-26a7-4b30-82ea-4c1028884259,penn warren,bertelsmann,amantha,penn warren,b.
1045ed92-d68e-4edc-9954-2dde4e2458a6,palmer,droemer knaur,lilli,pl.,dk.
c1321bb8-b784-4768-a947-050596014616,popovic,bb.,birne,popovic,bb.
0d1cc40d-1953-48f6-a7e5-08351837c1b2,rb.,buch und medien vertrieb,isis,rb.,rm.
8b6af5bd-2325-4abf-81df-5d0428c5b717,roche,piper,schossgebete,rc.,p.
f6c195bf-1268-49d7-8705-1af1d15aee1e,devi,bertelsmann,banditen,devi,b.
1571729a-3055-456d-9bc2-c4aef29bd694,peinkofer,bastei luebbe,flagge,pe.,bl.
97a0b274-ec48-42e3-b72c-3202f2073143,peterson,bethany,awesome,po.,bethany
582fdb12-1e8c-454b-9836-5f53bc461907,poe,aufbau,giftige,poe,a.
0bb463ee-f8e4-4423-8a7a-21d4c5b51c9d,olivier,bertelsmann,legionaere,olivier,b.
448f228d-abc0-4f11-bb4f-69f1db6ea2ac,perez-reverte,list,schwarzen,pz.,ls.
b7eab9d5-6811-4480-9bec-fbc67091f9e9,robbins,go.,sehnsucht,r.,go.
cf2ad345-2c25-48ce-8f07-41c159dd3fcd,robbins,bertelsmann,seelenfaenger,r.,b.
c521dd37-5705-4f5e-9a70-1a30eb793b0e,rinpoche,owb.,tibetische,rinpoche,owb.
566e5cfc-59ba-4009-aa29-d30692902ac5,rogers,sand key company,hoax,rogers,sand key company
cc90596c-f026-4447-9e0a-8206eaf30246,nab.,rororo,lushins,nab.,r.
e7ab6504-c5fd-43d1-9cba-2395dd304ddd,nin,dt.,tagebuecher,nin,dt.
c4db46e5-2e4b-422b-8ed8-63049847855e,"olsen, l.-h.",bz.,allein,"olsen, l.-h.",bz.
c972feb1-8e44-4d07-8beb-0e33a84e88a9,osenger,cd.,adragars,osenger,cd.
718cd0c7-33b4-4a28-bf54-4e87c2cd15be,peinkofer,buch und medien vertrieb,thot,pe.,rm.
0819a9ab-caf7-40ff-842f-eb21669df9fd,koschina,Unknown,brennende,koschina,Unknown
b8418634-201f-44ef-b773-b81e7b9befc4,pearson,heyne,nachtjagd,ps.,h.
d4b0fac6-bc0e-4900-834a-4f9432160e86,schlingensief,btb,kann,schlingensief,btb
297c44af-b396-4943-9499-1fa5625b8703,peters,knaur,stadt,pt.,k.
8303afd8-7b97-4b73-8606-e4e49a8b7b55,peters,atb,klippenmord,pt.,atb
273aeb27-fdcf-4c83-af4d-f6be0801534b,puig,suhrkamp,tango,puig,s.
230952e9-bbf9-4549-9866-2f98ae5c2819,pn.,aufbau,tibet,pn.,a.
7267c217-85aa-47e8-bd40-87cccaa328d9,pp.,literatur kunst musikalien,weg,pp.,literatur kunst musikalien
02e8dcd4-d8d1-4bf1-a623-2c4b6d9b6437,preston,knaur,ocean,pr.,k.
97ee5ed6-ce5f-41b4-861b-7614a3a61855,rayner,bastei luebbe,hoehere,rayner,bl.
ca837fef-d545-4b15-9c14-86a75b15d7b1,rees,by.,piraten,rees,by.
d6f86341-67e2-4d53-a0b1-536474ae72da,rehn,weltbild,wundaerztin,rehn,w.
d709e601-aba5-4434-886b-18573d82b042,rice,goldmann,nachtmahr,ri.,g.
ea53a1cd-cf48-4bbd-b5ac-f9e65faf2f1e,robbins,bertelsmann,piranhas,r.,b.
df3f6a02-71ba-4b37-9f0d-619d0a691e37,robbins,forge,predators,r.,forge
4fca925c-4826-4d4b-8a59-9dc413693488,robbins,gruenwald,aufsteiger,r.,gruenwald
72c0b8a5-f869-444c-aca3-5d0d4d8c98f6,rance,cj.,sonnentochter,rance,cj.
8e33df48-3ed2-428b-9e38-94926837dfdb,simsion,fischer,traeumen,simsion,f.
0f10a008-6238-40f3-909d-328ddf479685,clark,Unknown,richtige,clark,Unknown
7d474540-f6d9-4c36-adf0-972c05b01777,petrik,piper,jenseits,petrik,p.
2e6f9cc1-88a2-4fb3-bc5a-2ce5284ff932,robbins,deutscher buecherbund,bosse,r.,d.
57bacb25-22e6-4fd8-8ccd-4d53904c0ced,newman,goldmann,quorum,newman,g.
3261016d-f0de-4015-8423-c377b3c43891,olvedi,knaur,traum,olvedi,k.
7acdc997-03ba-46ca-8d28-8e8adb45d585,puzo,naumann & goebel,arena,p.,n.
b6b2551e-675b-4926-a390-9aca91e73ce4,pausder,murmann,land,pausder,murmann
2498a5cd-7e87-406a-ac5b-16f92484804a,penny,nautilus,sexuelle,penny,nautilus
0c295c93-db98-4df5-adef-831a3fdec770,roesler,hb.,beste,roesler,hb.
5227e346-7059-4415-9a3a-dae6e033792a,rosser,moewig,woelfe,rosser,m.
d4dd64fc-4141-4f53-a6c0-073578635869,robbins,bertelsmann,clan,r.,b.
a0d47d60-cc99-4936-994b-920737dae91d,re.,econ,china,re.,e.
853b8240-b5a5-40b8-8933-fc4a189ed720,rei.,kd.,taiga,rei.,kd.
17ae511e-2dba-4d80-80f6-677168838b72,reilly,ullstein,tempel,reilly,u.
986226cc-591f-4825-9ef2-2313075d0799,reich-ranicki,dt.,leben,reich-ranicki,dt.
071a7870-ffa2-4d8b-9070-851bbae237ec,iwanowski,Unknown,geschichte,iw.,Unknown
213b6008-0dfe-4961-8b59-886ee1a1f00d,croenert,ullstein,ewige,croenert,u.
96b09246-b526-40a6-9e38-7d78fbfe42c8,preston,knaur,krater,pr.,k.
226188d8-eb6a-4dc4-b79a-ac4011dfa3ed,preston,knaur,canyon,pr.,k.
0f9cfbdd-5306-4af1-bbdd-6ae5caf0c146,peters,heyne,hasses,pt.,h.
0b10d1a3-5d3f-4385-a7a4-a810503336c7,schreiber,econ,chinesen,schreiber,e.
98039a9d-9cd8-4994-a68e-ec3a0b14e2f5,norden,bertelsmann,fliegender,norden,b.
2f3716d6-988c-4e7d-89b1-43cb70c1fb1e,ogger,droemer knaur,kassierer,o.,dk.
264629ab-5c92-41cc-a983-aee897e654d9,packer,fischer,abwicklung,packer,f.
1944aaaf-2fc1-4fde-ae8a-bfde70fa2b5b,pampus,ensslin,autobahn,pampus,ensslin
b976bdd9-3d46-4f06-a079-c4995c505eb4,pao.,cj.,eragon,pao.,cj.
bb11a1d2-df82-402c-a280-7b5d82af5717,patzelt,schoene plaik,manager,patzelt,schoene plaik
d922f1dc-4fc0-44ae-a7ed-3486411a68ee,pel.,mk.,dumm,pel.,mk.
72a34311-68fb-49fd-b4c3-8be9fbe22ee9,piggott,droemer knaur,vorgeschichte,piggott,dk.
e3be1403-256c-44b0-89f7-0ad22193fa88,robbins,bertelsmann,unersaettlichen,r.,b.
521fc3d0-ba6e-4b68-b8f1-40aaa9c59452,ra.,hoffman und campe,eunuchen,ra.,hc.
bc029199-d4c6-443a-864b-cd201dcfdd42,rice,goldmann,verdammten,ri.,g.
ae5b9672-0dd0-48f4-a451-31d7c3e52bfa,jaud,heyne,bricht,jd.,h.
e6d354c7-921c-42ed-ba1f-b2ee3cc60c58,rogge,rowohlt,starke,rogge,rw.
5948cccc-42cc-4e11-bcfd-ecca23f91f9b,pullman,heyne,teleskop,pu.,h.
707ff423-2cf0-4a89-a35d-59b471cfffa7,rausch,rororo,falsche,rausch,r.
cae0413a-9f77-4430-b459-5b54617f34cd,ni.,allegria,tao,ni.,allegria
6ab893c8-3a44-4e5b-ac42-1378b111c4cd,niemi,bb.,populaermusik,niemi,bb.
4bd0d3fa-631a-4963-b778-9d15a0b69656,nis.,haffmans,kinder,nis.,haffmans
a3ac321a-faac-46fa-9d97-57c67005311b,ogger,knaur,nieten,o.,k.
9f3b510d-97a8-46a8-aa83-501741ce0ccd,perarnau,ak.,guardiola,perarnau,ak.
c38e53f3-bebd-494f-a127-14144476b04d,pf.,deutscher buecherbund,anna,pf.,d.
bdbd49df-b073-49bf-97db-36575c25695f,pullman,heyne,magische,pu.,h.
8b5d382e-badd-48d8-b605-a12ac1ac4aef,riehl-heyse,kb.,jugendwahn,riehl-heyse,kb.
55202b15-8787-47a3-9025-5c526f580f6f,dobelli,Unknown,denkens,dobelli,Unknown
0e5edea8-c0ad-4fee-acd1-b7f5701d288b,reng,kiwi,englaender,reng,ki.
50fa291f-fb67-47de-a22b-6ff7b0a4b117,roehl,econ,amazonen,roehl,e.
c44d8e0a-d065-4bc5-9a3d-58bcb418c9f2,nasiri,random house,al-qaida,nasiri,rh.
5a424217-baf9-4083-b8d5-19f40cd6d259,eggenkaemper,beck,allianz,eggenkaemper,be.
6ac36696-5d45-40f4-93c2-1584d6071725,pir.,goldmann,yin,pir.,g.
5f4dff89-605b-4bbb-b143-5aa2c75466d7,potter,goldmann,wunschzettel,potter,g.
2a381f9f-9cbe-4a3f-a86a-afa18a6b9043,nelson,rororo,galgenlied,nelson,r.
3802389c-f678-43db-add3-b0a8e296665c,niel,bastei luebbe,spuren,niel,bl.
afc8c13b-4167-4057-ae43-21dc1dd6371c,niven,v.,amateurs,niven,v.
060c8e25-53d1-4159-9abc-3340aa812c26,ou.,marion von schroeder,gefangene,ou.,ms.
dba80808-64aa-4a21-b9af-a74d1781b954,puzo,knaur,vierte,p.,k.
df34cafc-482c-4066-9a09-ac0a948606fe,puzo,ullstein,letzte,p.,u.
4d78a79c-59ce-4f17-bbd1-4db6fba27e68,paget,goldmann,liebhaber,paget,g.
27762d9a-4e24-4c7b-b95a-0a6be7c8c79d,penski,mvg,heim,penski,mvg
eccdb552-7bb4-4cb7-97bc-e7e2b9ccae3e,pey.,bertelsmann,alexander,pey.,b.
d7a70cfb-7c54-47e1-8798-04a1f6679fa7,pf.,deutscher buecherbund,ballerina,pf.,d.
ebd171d2-21f6-4616-b024-d74f2334188f,paretti,heyne,paechter,pi.,h.
9ecf55d3-c766-4bd3-907c-d2aaa9e32c2c,pinaud,dl.,segelns,pinaud,dl.
58379dea-085c-42ea-bf06-5abf6a3ec30a,mina,ag.,goetter,mina,ag.
57754ea1-7da0-4df8-830a-b341cc7e7e16,preston,knaur,attic,pr.,k.
7c2ca370-eae7-4f40-ab75-35e5e4786ae4,prg.,knaur,philosophin,prg.,k.
2021c6ca-d0e7-4517-aa0e-eea82f6de608,preston,knaur,relikt,pr.,k.
f5de6f98-920c-4ce8-9de0-4a5dc4147b7a,readers digest,db.,auswahlbuecher,readers digest,db.
d2e474f3-2d57-40de-8a03-616e49a23c1e,redline,rl.,ich,redline,rl.
eedc7330-c946-46bf-8a97-b0088d4c320e,rei.,fk.,taiga,rei.,fk.
5f45a839-7980-454d-8b93-89e39c04f7a6,riley,goldmann,orchideenhaus,riley,g.
e4b4cdde-9e9e-47d1-bbcc-89873274a30b,roehrig,bastei luebbe,lamm,roehrig,bl.
9a8b4d1a-25f0-4a31-bb6b-ee401aeb60d9,rosendorfer,kiepenheuer & witsch,amazonen,rosendorfer,kw.
a0fee36e-d938-452d-aa86-6bb0725df906,reichs,kbv,knochenjagd,rs.,kbv
414dcec3-efd5-47f9-9ff0-dbb90f57f97c,steel,weltbild,erhoerte,s.,w.
c5e29b83-6554-4309-b2cf-ffb50d172568,smith,Unknown,wild,sm.,Unknown
f84d88ff-8f9e-4eae-afc8-c01f2da66c49,preston,droemer,formula,pr.,dr.
8845db76-06d6-4402-8471-6a7af144d92e,puls,fischer,lateinamerika,puls,f.
9c999f78-6efc-43e6-910b-6a5b60c30485,pv.,bertelsmann,gelber,pv.,b.
e282a10b-f5a0-4380-b081-87d4dc82376d,sagan,droemer knaur,kosmos,sagan,dk.
d28ce5ed-445f-4002-a845-eec3333326f2,benedict,soho,sand,benedict,soho
9200daba-d0e6-461c-9928-aec8c792fe50,scheibler,bo.,bergdoktor,scheibler,bo.
648da5d1-05fb-4d3b-ad08-c572b4b2f929,schmidt,rr.,doerfer,schmidt,rr.
27652570-d6ab-4583-b65d-b90461dc236b,schaetzing,kiepenheuer & witsch,limit,sh.,kw.
7fec9d09-eeef-4a38-85ef-2451461b70b7,schwanitz,goldmann,bildung,schwanitz,g.
cf204a5a-2ff3-4c0b-9cf8-101fd5b34805,leon,Unknown,doctored,le.,Unknown
a80d8bc8-9cba-4a86-a001-15af002b99ca,scholl-latour,pr.,arabiens,sl.,pr.
99667f7e-a9fb-4882-bf6d-1e8f5f757b02,smith,smith,gewalt,sm.,smith
3960ab76-132e-4d93-b4bf-16a88feae4e7,souljah,diana,winter,souljah,da.
b5361478-c3ea-47ea-bf1a-e60f20c1cf12,stanley gardner,ullstein,aktmodell,stanley gardner,u.
cf61dd4a-29f6-4d0c-af33-6570c44bdbaa,stern,knaur,apulien,ste.,k.
2dddd7a2-d66a-441f-a8be-a767b35a2a69,steel,bertelsmann,zufaelliges,s.,b.
7343b732-3c2d-47dc-a30d-3c81f3d6975a,sauer,goldmann,theophanu,sauer,g.
098fd4c7-1f2c-45d4-a8cd-5d834539d206,schache,heyne,geheimnis,schache,h.
c7ac6eb8-9f3a-48dc-8043-c41a27cdc291,schroeder,bl..,abenteuer,scr.,bl..
402b1e8a-f54d-442d-82ee-4f44394bef2c,sd.,heyne,jeans,sd.,h.
deec4508-c861-4b82-99de-f5b11fc9c12a,shane,goldmann,paranoia,shane,g.
eb7ce26d-9f32-4fec-ab70-1bbe74112626,serno,knaur,puppenkoenig,se.,k.
f799a9d7-4940-49ae-b6a7-5b660ca193ca,seagrave,rororo,aufgehenden,seagrave,r.
7b094efe-c9dd-437f-a0f1-7b71a8033bd2,schrader,ra.,elyas,schrader,ra.
95b75daa-9a7f-4137-81e5-fce21dda5888,schaetzing,fischer,tyrannei,sh.,f.
d742e527-9cdc-4134-9bf3-2cbdd65cc5be,schaetzing,kiepenheuer & witsch,limit,sh.,kw.
e1ed0e94-671e-442a-bfc7-3f8b56f9bd33,sheehy,knaur,lebensphasen,sheehy,k.
8df2141c-fc9b-4a86-8cdf-41f087d2d7a5,sky worell,go.,faszinierendes,sky worell,go.
066553a4-d8ac-40a0-8d1e-46a8589c6b18,scholl-latour,pr.,fluch,sl.,pr.
c835df86-a3a9-4a9c-bd7b-b564b72ef549,scholl-latour,bertelsmann,schlaglichter,sl.,b.
e89ab3fb-a800-4c5e-93e1-09a5f2b1a1ea,slm.,nt.,tierreich,slm.,nt.
f270c2e9-58c1-449a-a057-3cd666786e66,smith,macmilan,blue,sm.,macmilan
0f785bd4-24c6-4bb2-bb33-d3ce05246fdd,sot.,lingen,marco,sot.,l.
027dfda9-43ff-488d-b479-df0551381ff3,souter,blaukreuz,dealer,souter,blaukreuz
2176db07-ae6a-4724-8692-eadd90bf22ec,stachniak,i.,letzte,stachniak,i.
6d120261-a465-4f7d-902c-78f91e6d7af8,rhue,om.,welle,ru.,om.
2364b71b-1f1e-4f89-bada-3f834ae1be49,ryder,heyne,genessee,ryder,h.
b81a19bc-bbb2-4542-8114-003da3e7b4d8,mawatani,pestum,wo,mawatani,pestum
25d5dc41-3cb3-4803-a2bf-c54d1eb58773,schmalenbach,prestel,afrikanische,schmalenbach,prestel
edad38d7-e0c1-4144-af94-c744d2308749,schreiber,rororo,goten,schreiber,r.
edf7770f-b9e2-4529-8992-585d79b76a08,rulfo,suhrkamp,liano,rulfo,s.
142a7172-6d6c-45d1-b734-ab5f86465a3d,rowling,carlsen,feuerkelch,rw.,c.
599afe22-c250-4481-81f4-cb2dbb89ae8f,schimmang,dumont,randlage,schimmang,du.
9ef04b1f-5440-447a-9703-ceff65cb63ac,lorentz,Unknown,fuerstin,lo.,Unknown
f1b61b34-b1d7-4740-a30b-a76e69479346,steel,delacorte,jewels,s.,delacorte
69597f4a-8fec-41c2-8da1-927d75cc4d61,steel,knaur,schicksalstage,s.,k.
d08f738c-096c-43f2-8311-5e6d306bedbf,scarrow,ars edition,gladiator,scw.,ars edition
ffd9cccb-45a6-4699-b133-622bf20ec7fa,seth,heyne,partie,seth,h.
82cffc9b-d895-4004-a9fb-effc04b43e76,shv.,schweizer verlagshaus,verschlossenes,shv.,sv.
f480f64b-9f43-4812-a0aa-ca7f57f87cb1,sheldon,bertelsmann,glut,so.,b.
01359dbe-5c3d-48fb-8b32-993c5caea0bf,soe.,penguin,freiheit,soe.,pe.
2c73b139-3a57-4cfd-a142-caa55074412f,stanley,rd.,livingstone,stanley,rd.
44e218fa-68fd-4c8a-bcad-1bbc1ca54696,roth,reich,tuerkei,rt.,reich
26d39853-dc3c-4ae3-85b2-c793602306bf,rushdie,v.,children,rushdie,v.
d626529f-7704-4338-955b-a46da06f80d9,metz,kiepenheuer & witsch,abgefahren,metz,kw.
eb230e03-d5e2-4e92-9c56-6a5fd2540181,schneider,reclam,schlafes,sn.,reclam
886abfd1-04f4-40d9-a247-3df4ff94a30c,sheldon,goldmann,blutspur,so.,g.
5e7ae8a7-89b0-41e1-b3f6-c1e39e22b005,schubert,hayit,zypern,schubert,hayit
cc5cb195-50a4-43dd-b949-50bdc686cab9,schul,distel,geld,schul,distel
d0d05ce8-cfb2-452c-aff2-c1a28e343895,sedaris,back bay,naked,sedaris,back bay
4d74901b-caba-4ff7-9982-90f6112fc9e0,winterfeld,dt.,bali,winterfeld,dt.
752d5c67-0206-493a-8a6a-f890e47360b4,seder,stieglitz,vollmond,seder,stieglitz
c9590ec9-9f17-48b6-902e-5029e8f9a5ad,shpancer,bb.,psychologe,shpancer,bb.
db6b2f17-f2d7-441b-92c0-cfc32b9d5652,slm.,heyne,tieren,slm.,h.
b6cc9362-6dac-40bd-a4a9-e3c4f6b0f343,spiegel,herder,yunus,spiegel,he.
dbfe99a3-d1f4-41c4-922f-088a78748556,rhue,ravensburger,asphalt,ru.,rv.
6b55f54e-0c22-4075-b026-985b0b804a22,ruark,bertelsmann,arm,ruark,b.
09dc8186-26c0-4874-8b2f-559d32597d7e,rhue,buch und medien vertrieb,welle,ru.,rm.
fb75bc43-069a-4374-a037-574e30d1e56a,rucka,dt.,dschihad,rucka,dt.
3e486125-3aab-4fad-bd50-693eb814fcb5,steel,bertelsmann,juwelen,s.,b.
8cdfd31f-ee8d-44a3-89c3-88d61e55e13f,steel,buch und medien vertrieb,unrecht,s.,rm.
3f939b75-baad-48b3-b2ab-3b869b9464ff,steel,bt.,echoes,s.,bt.
86b99883-e2ac-4409-97cb-945905f9675d,steel,goldmann,traeume,s.,g.
dbc9cd4c-acf3-46ad-a1ae-972b7a6a773f,shaw,ngv,wohltaeter,sa.,ngv
424cf959-1e78-4fe9-a49e-87cae6b8eda9,scalzi,heyne,planet,scalzi,h.
f22da169-00e0-4055-9c46-49a2f4a1bac3,schaeffler,advent,urwaldnot,schaeffler,advent
db9132f3-4796-407e-8156-64b7370cbd47,schrottroff,wissenschaftliche buchgesellschaft darmstadt,exegese,schrottroff,wissenschaftliche buchgesellschaft darmstadt
36f795e1-cb7f-4cf7-9e6b-2d07fbd3dfe6,schwaegerl,rsn,gesundheit,schwaegerl,rsn
7582d6e1-87dc-445f-8dc3-8d0eabc39657,schacht,blanvalet,gebiert,sc.,bv.
558c0769-e906-4518-a0b1-09506c0cd6fe,schwarzer,kiepenheuer & witsch,unterschied,schwarzer,kw.
b8803749-dffb-46b5-a487-88bb5d2e5f37,serno,droemer,mission,se.,dr.
ca944b9f-6b9a-4bce-bd9e-4a0c18e1fffb,serno,knaur,medica,se.,k.
9b4163d3-17ed-429b-b61e-865301f8dd40,searls,norton&company,bord,searls,norton&company
c954c49f-f83c-4c64-8f1c-046acdb09864,"silva, de",knaur,sinhala,"silva, de",k.
de5d9b20-fe30-4618-baaf-8fd26760dc35,sinn,hestia,rom,sinn,hs.
9a362107-0836-407f-ad72-8e189a4540e3,rowling,carlsen,feuerkelch,rw.,c.
37b3073b-e6e8-4921-baef-dc665975cd36,reichholf,blv,unersetzbare,reichholf,blv
097d89d7-4118-4ba3-b714-7ec6244ad794,smith,goldmann,daemmerlicht,sm.,g.
7e2729cd-e942-4d33-9121-017bc6363d96,souljah,diana,kaelteste,souljah,da.
5faa86e5-3b01-45aa-8254-52264245183a,spang,knaur,frauenburg,spang,k.
3ec9bdde-f34a-4dfe-b71a-291957e092c1,sparnon,knaur,terzito,sparnon,k.
0860452a-10cd-45a0-b41c-a6813e430040,steel,buch und medien vertrieb,kuss,s.,rm.
51f16cd9-0e22-43b8-8a8c-ba4598f80782,steel,ci.,house,s.,ci.
20379078-4019-4c43-af86-2a796183215e,steel,bertelsmann,palomino,s.,b.
0e4b6b4f-48ce-4929-8ba5-df6e7db9e685,sahgal,knaur,memsahib,sahgal,k.
a41274c8-3194-4011-b6f9-5c3263b90367,schulz,karl thiemig,kerntechnischen,schulz,karl thiemig
15442534-2f7c-4657-8bd4-ff6144d415d1,scarrow,heyne,roms,scw.,h.
91eff554-e98c-4cdb-bc93-e5e1cf286839,sd.,knaur,menschenskinder,sd.,k.
a5f3ea85-4b35-43ab-b330-706b1577b94f,sebald,sueddeutsche zeitung,austerlitz,sebald,sz.
a07f840d-3548-45f1-b00c-4a586efd74a4,schaetzing,goldmann,lautlos,sh.,g.
7cdb05a2-46f0-43c6-8d2e-730b60cc8374,slesar,digg,siebte,slesar,digg
2aaf2a54-b807-4ccb-9265-6772661d6e65,stewart,dt.,centurio,sr.,dt.
3dd8f62b-ed34-46fc-b582-806b4ea21de6,meissner,europ bildungsgem.,war,msn.,eb.
f9f4855f-6bc0-45be-bc80-f2fd47586e54,spinney,carl hanser,1918,spinney,ha.
8881af47-c634-42ea-bbc5-62795dcc5aa2,steffens,penguin,ueberleben,steffens,pe.
9b2bc973-977b-4581-a05c-d2abbb04ff6d,russo,dumont,gottverdammten,russo,du.
652f1672-e1a7-43fa-9ff1-748f213a92a0,schilling,beck,1517,schilling,be.
3d25b6bc-37e1-4118-a7dd-6a267ab0ac64,schmidbauer,rowohlt,helfer,schmidbauer,rw.
5c00a318-8e3c-480e-96dd-26629b8967f8,serno,weltbild,puppenkoenig,se.,w.
1e9aa69f-9f5a-41a6-924d-adbdb61e2c8f,serno,knaur,wanderchirurg,se.,k.
e1fc6806-7091-4ab8-b20d-82804b76563f,schaetzing,goldmann,mordshunger,sh.,g.
18b2d7d3-c13e-40ae-b0da-fe952976009a,scholl-latour,bertelsmann,reisfeld,sl.,b.
fe71260b-f32e-4ae2-9014-9b91f6cd4b55,steel,pb.,zaehlt,s.,pb.
9d9c78ba-136a-4cd0-8663-e80a62a7f15b,steel,blanvalet,ranch,s.,bv.
acb212c4-4ced-4864-b3bc-00d70ffdf558,steel,heyne,traumhochzeit,s.,h.
81469ec2-0822-404a-abdf-cc5a80eb1266,steel,bertelsmann,liebe,s.,b.
f52e6e06-ed76-4b02-bc48-679dd6e60554,smith,blanvalet,mond,sm.,bv.
0e99bbc8-2f25-4835-bf8f-3f6e088ff00f,smith,bastei luebbe,orden,sm.,bl.
f9bea597-4c39-4224-8a67-1304f7cb9bd3,soyener,bastei luebbe,siegels,soyener,bl.
ec0cbef2-59fe-4a7b-8d39-9b7a9f931f8e,schloegel,carl hanser,imperien,schloegel,ha.
90439a8f-5b89-4d04-ac92-884b2ddcedcd,reichs,blanvalet,knochen,rs.,bv.
71955aec-1dc0-406f-8215-eb4166ac016b,rowling,by.,azkaban,rw.,by.
48d3ede7-eaa3-4afc-8b63-0edf63ffecfc,ryan,bertelsmann,feuer,ryan,b.
571f1431-ad3f-4cf0-9be4-a2b6d0f6cca0,sabatina,knaur,sterben,sabatina,k.
587020ea-8533-466f-8443-f831428abb6f,sauer,grafit,tollkirsche,sauer,grafit
29cb1e20-659f-46a5-a6c6-d4100de7f1e8,sanderson,rand,nordamerika,sanderson,rand
b0ebf786-138f-4dcf-8a58-c05749ea8005,schacht,blanvalet,silberne,sc.,bv.
b18f0f9b-6c30-4bd9-87db-10a860725a33,scharf,ullstein,sisis,scharf,u.
d0b400a8-35a5-4b1d-afb9-3edc759d6db9,schul,distel,geld,schul,distel
0ed7c1d5-33f0-499c-8d12-0ac955c754e5,serno,knaur,mission,se.,k.
b5f6c2d8-30a8-4d5b-96be-2a77f0440b65,seewald,europa,tokio,seewald,europa
eda105b2-b32d-4a4a-bbb2-427dc1b87dc7,scholl-latour,pr.,terror,sl.,pr.
3eb4d7fc-1d2b-4d02-bf49-8514ab636946,slm.,nt.,expeditionen,slm.,nt.
f157b4ea-c560-4445-8e7d-db46718bf322,smith,fischer,nubiers,sm.,f.
e02eb71e-c9bf-4538-aa49-7974e6017f8f,yan,uo.,kornfeld,ya.,uo.
93c28385-dbca-49cf-b8a7-314ebc4a6456,steel,blanvalet,erscheinung,s.,bv.
7ffc6033-cf9c-4c66-afd1-c4ab1ca6ee51,shaw,bertelsmann,sonnenfeuer,sa.,b.
57839683-4e32-4e8f-b2bc-a82553bf5f40,safier,rororo,aufgetaut,safier,r.
a204d9e0-5e3f-474e-9102-5c839b72ba47,scheibler,goldmann,fliessen,scheibler,g.
1fcd6e46-eeea-47ab-a8b5-ad329e44ee8f,schwab,ueberreuter,sagen,schwab,ub.
0040c29d-2e50-4d52-a294-09b0bea8dd5e,schroeder,arena,chroniken,scr.,ar.
7a51d60b-dd3b-43b6-9f30-190ce904ec1f,silverberg,bastei luebbe,majipoor,silverberg,bl.
0907f825-feb7-4f04-a60f-0cfb0016c8d5,simmel,knaur,kaviar,simmel,k.
a5d88d4a-9377-49ad-9bcd-efc480922990,scholl-latour,bertelsmann,fadenkreuz,sl.,b.
30863bca-0b69-4226-9d22-f3268e98f571,sr,heyne,erbe,sr,h.
05ad0e5c-dda7-4947-ba4d-44a584fd09be,sr,dt.,centurio,sr,dt.
d95bff71-0481-42a5-b13d-e50e5b3cce10,roth,kiepenheuer & witsch,strauss,rt.,kw.
e14b023a-b392-4c3a-825e-1513950f8bf2,ryman,fischer,dornen,ryman,f.
dea2b7e6-651b-4e5f-9aef-520f8926116a,steel,goldmann,horizonts,s.,g.
0e533d69-5f5f-4502-8987-c0a812f029cb,shaw,knaur,flammen,sa.,k.
277280f1-7025-4916-8252-4008e8b57d6e,sager,dt.,night,sager,dt.
c8465452-626a-4b33-b81d-fd7d4be2bcc5,hewitt,bertelsmann,nostradamus,hewitt,b.
fb225c40-b0cc-4610-b746-5e65a5653580,scharnagl,schulz,strauss,scharnagl,schulz
cbb76852-ac8e-42a5-aa3e-0a4b4f67a117,scholes,knaur,traumtaenzerin,scholes,k.
d806641d-deb5-4ab2-8aa7-99cb028e721c,scholz,weltbild,edelsteine,scholz,w.
1839a314-be17-4715-bdaa-2ec0131b7b5a,smith,blanvalet,horus,sm.,bv.
205fc66c-7547-4fe3-8585-6e8d2d6a1412,smith,goldmann,gluehender,sm.,g.
5ce2a248-a0a3-4c31-8f22-c2da2de73a06,sheldon,goldmann,glut,so.,g.
c823baca-1211-411c-8843-d1721065b444,sr,heyne,lawrence,sr,h.
d0ed9818-caa4-4de4-8204-596936c772ae,stannard,ap.,tunesien,stannard,ap.
2a2f36fe-32f4-4749-8f42-10b5b0810c2b,stern,bertelsmann,turm,ste.,b.
6a34f37f-43d4-4085-aa8c-a67aa63ec3c0,schorlau,kiepenheuer & witsch,fremde,schorlau,kw.
babb3089-fb9b-4be4-928f-43e4bbca7570,serno,knaur,puppenkoenig,se.,k.
ccdddb29-2a35-4c20-bb6c-b7e1a452b5a1,schaetzing,bestbook,teufel,sh.,bestbook
6cb83b9a-5f55-4685-8bbd-3897e641e551,shakib,weltbild,weinen,shakib,w.
50e04440-4011-40d1-83e5-c1ff3cd78260,simmons,marion von schroeder,diana,simmons,ms.
d47f5c63-62ab-4160-b098-45229ab1de8a,mou.,Unknown,prinzessin,mou.,Unknown
536b6caa-1129-4052-b327-be204a3d28b3,moccia,list,himmel,moccia,ls.
34f1e57b-ccae-4ef6-a273-9a323e88eccf,sadat,md.,gerechtigkeit,sadat,md.
a0545e7b-0650-4777-a28f-e6279c584afe,sadat,heyne,aegypten,sadat,h.
624e4621-0c62-4adb-b6ee-7a220dc17c5d,steel,weltbild,herzensbrecher,s.,w.
039f7ff4-6989-4599-a860-d48b447062e3,steel,bertelsmann,zufaelliges,s.,b.
c4c45e74-f72d-4a2f-ac79-a52c3872f0a2,selio,kiwi,desiree,selio,ki.
b41617d5-18c2-4f95-8610-2dfcb8cfe654,seth,heyne,partie,seth,h.
76e9c754-9337-4670-b828-3526e57b543a,seidel,bertelsmann,wunschkind,seidel,b.
94818354-3c3b-4a3a-a192-ea43da520db6,sienhiewicz,naumann & goebel,quo,sienhiewicz,n.
94d7279a-8180-44ed-a2a6-c37e1c7664ff,schneider,schöffling,podgoriza,sn.,schöffling
b7e9f2c2-2d9e-4e3d-a888-92306bd21157,sheldon,goldmann,gesicht,so.,g.
db221259-6ecb-4ae8-b529-c40504424f84,santiago,blanvalet,inseln,santiago,bv.
9dd0adb8-416c-4703-b1b1-6a57c1f8fdda,schenk,dl.,80000,schenk,dl.
8db3796b-53c1-41f8-9289-d745ee97dc0b,schmitzer,atelier,gletscher,schmitzer,atelier
8dd5bf67-427f-4e08-b3c2-bde3c5503d97,schuh-tschan,rr.,geräderte,schuh-tschan,rr.
afbb0b15-0106-4d62-b173-ba6fbd35e0d9,schroeder,arena,vermaechtnis,scr.,ar.
7de8ee6d-ae2a-4690-870a-010f2a261587,djura,heyne,schleier,dj.,h.
441f7c28-c5a1-4afc-838d-471691e13a41,sahgal,knaur,memsahib,sahgal,k.
f5b0ca9e-5aa9-4ed7-b38f-98231221daa6,salmei,an.,morgenland,salmei,an.
18f22deb-cfa8-49eb-b75a-aadf8c04caef,sarabande,weltbild,jaeger,sarabande,w.
a2b536b2-0eaa-4fb4-81f4-4f9b1559474b,rublack,fischer,magd,rublack,f.
c412207c-d579-4c45-adc5-7c96707a2893,ruscher,aufbau,moehrchen,ruscher,a.
7d49e1cc-15ff-489a-9345-d64749345be2,steel,bertelsmann,regenbogen,s.,b.
ab80d622-34a8-46a8-96af-2edd6d3ec8f7,seder,stieglitz,vollmond,seder,stieglitz
e9a2babf-e198-4ebe-b53c-1c774cfe2346,seibert,berg,zweitausender,seibert,berg
8f2e6607-979a-4b00-abdd-8d8147551c71,sindani,lambertus,paradies,sindani,lambertus
144c2d0f-cec7-4e96-900d-a032ed948680,soederholm,orrell fuessli,hellesta,soederholm,orrell fuessli
c9180680-147d-4717-8681-d3a0acf0ac4b,spoerl,dt.,feuerzangebowle,sp.,dt.
6f087c4b-aab2-46e2-bbeb-27b4a8091704,schaeffer,hestia,adolf,schaeffer,hs.
c28302aa-e158-4ee8-b392-cfd3e8d26645,wood,fischer,erinnerungen,wo.,f.
f37d1e97-a4ee-4976-8204-1c7c50e330a4,schmitz-draeger,schwarzkopf & schwarzkopf,perfekte,schmitz-draeger,schwarzkopf & schwarzkopf
d6aace7a-5bb8-4c1f-af29-3c3e458ee686,scholes,droemer,sturmfaengerin,scholes,dr.
5f3326ad-b402-492a-9e61-161374453af8,schwartz-nobel,bertelsmann,vertauscht,schwartz-nobel,b.
9a69eaee-6acb-460e-8e4c-d1ed376287a9,bach,bastei luebbe,reiche,bach,bl.
7699abf5-314d-4c00-86c5-5a8adc39277d,shaw,bastei luebbe,schlange,sa.,bl.
94f386c0-2610-46da-a745-2423b4a5ed5e,scalzi,heyne,kalifen,scalzi,h.
d05fdcf0-6abc-40f2-8fdb-8b11fa13de26,schaefer,boje,cowboys,schaefer,boje
c2542d2b-3bbc-409f-8b27-0d6a85062a81,starling,weltbild,messias,starling,w.
b91d0669-0c25-491c-8803-8db2f21465ca,steel,goldmann,sternenfeuer,s.,g.
ac712cc5-7aa3-4b77-a869-875d3d972548,steel,de.,end,s.,de.
764877da-cbc8-4dc2-90b3-a074871be4c1,steel,bertelsmann,petersburg,s.,b.
0b8f7f61-5866-4944-99be-eb3c06562c50,steel,ci.,ghost,s.,ci.
13657cb4-d2a1-4739-8d62-fc6ccf4402c1,schoenfeldt,mk.,tons,schoenfeldt,mk.
e8cba537-f40c-4bfd-8151-2dabf0793949,schmidt-bruemmer,vp.,suedstaaten,schmidt-bruemmer,vp.
095789bd-9870-44d5-9a74-4ae891fe5e0e,schulz,smpk,aegyptisches,schulz,smpk
f99a459c-d96a-4dd4-8d36-782c2e74dc8b,schimanek,badenia,suedsee,schimanek,badenia
0439ba54-ff65-46a7-89f9-04943911a23f,schmaltz,arena,kindermoench,schmaltz,ar.
9b2adc13-b76f-42bc-be10-6bade7105566,schmelzer,hohenheim,faehrte,schmelzer,hohenheim
473a3594-d4d2-4df1-acdf-83034080cfe6,stevenson,winkler,schatzinsel,st.,winkler
d0944579-72aa-461c-bf37-9432fb8823f7,roth,writers digest books,silent,rt.,writers digest books
9b292f8f-739d-48ea-9c41-18af6c7744ee,rufin,cl.,abessinier,rufin,cl.
5aaf779a-7b83-47d7-bf17-49742369e8ac,steel,bertelsmann,geschenk,s.,b.
6025bd02-5a02-45b8-a651-1ddc4836365f,serno,knaur,medica,se.,k.
25de2ed0-22de-4041-98db-2a502b0cd09c,seghers,lh.,siebte,seghers,lh.
8b59c4bf-c8c0-4ae8-94ad-f867e2ca2366,shv.,piper,piloten,shv.,p.
bd02ac0c-084f-4a39-b128-250d24545038,sijie,piper,wanderer,sijie,p.
f7f5177e-64ee-4620-a6b2-ee4e3500f730,sinn,ullstein,kasino,sinn,u.
312c04fb-5d72-4a22-93f9-fea859d8c60a,allilujewa,Unknown,freund,allilujewa,Unknown
895c42db-052c-4762-9be7-c4c7b8971d5f,smith,weltbild,horus,sm.,w.
7c47f879-f521-414d-90bd-14ef945d3164,schneider,saatkorn,heilkraft,sn.,saatkorn
1de8136a-fb71-4413-a4c6-d7865f27c5c1,sparks,heyne,leuchten,sparks,h.
a5c4a9ed-8bde-4bdf-b469-dfc541d84b36,schmeling,deutscher buecherbund,aus,schmeling,d.
e9ed8db7-4d63-4012-8779-27afa4141e5d,steel,ci.,harbour,s.,ci.
a01c0203-40ed-4673-960b-947b6eefa7c4,saint-exupery,ko.,rose,saint-exupery,ko.
33a1d476-82a5-4d9d-ab22-6292732b5fc5,sallis,bastei luebbe,gekuesst,sallis,bl.
ffa77a5c-34b8-4916-8256-9182f2fcb6a8,"smercek, v.",arena,gold,"smercek, v.",ar.
76df55ea-5c28-40e5-8939-b02e1f1cc1a4,sobolewski,ndv,bundestag,sobolewski,ndv
4ca2ec26-bf5c-4db7-aea4-227e2bed02da,soe.,ks.,freiheit,soe.,ks.
ee04b4bb-e4ef-46f3-b601-e8c65bbdd2cf,spi.,pf.,wunderwerk,spi.,pf.
88e673ad-3a74-44be-9796-42fff72268b6,schneider,oldenbourg,datenverarbeitung,schneider,oldenbourg
f7e1ddcd-ed5d-4c6f-833c-e849758ecb6a,scholes,knaur,regenkoenigin,scholes,k.
163d2f13-65f3-4e1e-8987-12fea75e913a,schroeder,hoffman und campe,entscheidungen,scr.,hc.
9adb55d5-4c81-41f1-b4e5-6fff50d77779,serno,buch und medien vertrieb,apothekenhaus,se.,rm.
f5ce2328-5c44-411a-83ef-523d17b1c548,shamsie,by.,verse,shamsie,by.
aeee75d3-2b37-4833-ac50-dee20346ae79,sieren,econ,nachbar,sieren,e.
6f34224b-521a-4c16-9ec0-a1e86941c16e,sj.,rororo,verschlossen,sj.,r.
100dbc4d-ae6f-406a-8119-187fb111731f,skimin,bertelsmann,chikara,skimin,b.
28905734-11d8-4c37-af40-19db0f572650,scholl-latour,deutsche verlagsanstalt,fluss,sl.,dv.
66df6e0d-c80f-4de8-bc16-127efac29105,smith,weltbild,horus,sm.,w.
d889c12e-bdfd-481c-a606-f602358bb18b,smith,goldmann,gluehender,sm.,g.
86c9bafb-fa62-44e0-8f43-5c46ed11a1f7,"connell, o",berkley,shell,"connell, o",berkley
a8c1dabb-64b5-4ab7-b446-3ac0b9386386,stern,rororo,fluegel,ste.,r.
ea87b0c4-36cd-4560-ae00-ed1e3379cc9b,roth,heyne,deutschland,rt.,h.
03ebb5d0-1a8c-4fb1-b7d6-d75e099020fe,schoett,sdv,boot,schoett,sdv
034728b5-506a-44e8-ba2f-6ee83fa1c7b0,sd.,knaur,radau,sd.,k.
1503e732-0d0e-4669-bf26-cc120b387507,sd.,heyne,zukunftsakte,sd.,h.
f4f40ecf-c061-4eff-b416-8ff88ee7a55e,serno,knaur,klagefrau,se.,k.
2ff50986-9f3a-4857-93c1-0a49acd8f187,sierra,blanvalet,templer,sierra,bv.
4c605f6d-90db-4591-a73f-4012c86a898a,schaetzing,weltbild,lautlos,sh.,w.
593701d2-690d-4d7d-9858-d121700c0ded,rowling,by.,potter,rw.,by.
1cf3e415-1172-4844-9159-aacd2a8a564f,steel,bertelsmann,geschenk,s.,b.
5b6bcc99-0609-46c4-ba4e-0f36d7256032,steel,buch und medien vertrieb,kuss,s.,rm.
4f939086-46e8-4bf8-9212-2ebb0eac9cd4,scheidacker,ra.,verliebte,scheidacker,ra.
22145771-66a9-4453-98c8-683abd0bef97,schlamm,mayr,glanz,schlamm,mayr
0dcbc62a-853d-4c12-9ea2-fb40094ed593,sj.,rororo,skoeldgatan,sj.,r.
71e42931-2a21-46ae-b0a6-f697536d9486,sandberg,penguin,erbe,sandberg,pe.
d0868408-5a5c-4b4d-b5db-46ff27310cc0,dumas,goldmann,musketiere,d.,g.
c69b8916-8ffe-4553-b0ab-6315ba021be4,steinbeck,bertelsmann,eden,steinbeck,b.
eed2eff5-0bfc-4baf-bbe5-3fb12d7c7d67,sailer,ps.,goetter,sailer,ps.
c698388e-d526-4b8b-9b00-0c0908d64c0a,sampedro,herder,etruskische,sampedro,he.
6e4451cb-46e5-4fd9-b524-f1f5534cd0db,saylor,blanvalet,cicero,saylor,bv.
0ab25a58-4111-4353-9174-5d67ec1de223,schaeuble,knaur,vertrag,schaeuble,k.
42995c8d-dbec-4d36-82eb-72e563ef0b4f,schoenau,c.h.be.,tibers,schoenau,c.h.be.
e605647f-f7f6-4742-827e-1c06a745bc2a,schultz,kz.,liebhaber,schultz,kz.
397b3c0b-7bec-4e67-92d4-936f3e25265a,schulte,kp.,kontrollverlust,schulte,kp.
418e21df-f0a4-4f35-a82d-e0e7ca91dc16,scofield,aufbau,verschwoerung,scofield,a.
db913922-8a53-4324-9e77-5bedb23fd744,schwerla,sonderpunkt,polizist,schwerla,sonderpunkt
58d35e71-0d19-4fbe-a0ab-d30e0358f964,schroeder,ct.,goldrauch,scr.,ct.
4930aef0-1ed8-4b1c-ba44-f5a2913fdaa7,serno,buch und medien vertrieb,campodios,se.,rm.
0bcdf54d-9720-4331-9081-15e83b439d21,sebald,volk,unbekanntes,sebald,volk
d3c56450-b754-4f03-9225-b4c6d070d226,sellers,cora,sternennaechte,sellers,cora
52f5880c-f57f-4163-a336-c3c71b269783,hexel,schürer,mitbestimmung,hexel,schürer
545c0fac-24e4-4f73-8323-780dd736bb4b,shea,goldmann,schamane,shea,g.
72477f7d-7dfe-41dd-bba2-4e3893c4cd7e,shv.,borough,big,shv.,borough
9fb90cb0-e219-4627-b580-c8811ca476e6,styron,knaur,feuer,styron,k.
d4fcbfe8-adb5-4f6a-9e28-b33160308503,summers,ullstein,wahrheit,summers,u.
8f5ac7b4-64d7-4adc-a752-c64b07651b32,szerb,henry goverts,antoinette,szerb,henry goverts
b98e1350-297f-4878-b477-dc453c1f2a06,tartt,goldmann,distelfink,tartt,g.
b9968805-aabe-45a1-9f6a-84a8d3ab4d77,thelen,bh.,buddhas,thelen,bh.
c9b5bf4e-5bfe-4d5f-a614-efa0f625cfb6,simon,heyne,reporterin,simon,h.
feeb02eb-767a-4865-8c37-7c9f24b5df02,smith,ct.,rueckkehr,sm.,ct.
ca1e7562-6b1d-4ab9-9aa9-5516ccd41e4c,soyka,al.,kinsky,soyka,al.
23480159-db9a-423a-99ea-e362f8bf4b1f,spark,rororo,mandelbaumtor,spark,r.
6af75cf5-2d58-4182-b0f8-75fa9b51e321,stevenson,moewig,pfeil,st.,m.
35eeec40-ebc3-4bd2-88d5-a28017323aaf,stb.,bechtermuenz,schattenland,stb.,bm.
c0517f93-5c05-464c-898b-c2d5d40ba0a5,steiner,lingen,lernen,stn.,l.
6af9225b-b805-4c55-978d-e07c6d053173,stp.,hp.,anathem,stp.,hp.
dfbad5af-23d6-4f27-9432-85e522c87cf2,hoerburger,Brandes & apseil,burkina,hoerburger,Brandes & apseil
c8204106-ecb6-452d-89cd-a47f08037469,vandenberg,heyne,pharaonin,v.,h.
57bae949-d3dd-4f8f-8414-36b5206727f0,verne,fischer,kurier,ve.,f.
b83e70be-c982-441b-823c-12fa90e3f85d,west,droemer knaur,gaukler,w.,dk.
c6c2e1f3-ddb6-4859-859b-8064f8ce2634,tk.,bertelsmann,kaiser,tk.,b.
98aec3b5-262e-4472-a9fc-adb1595ac955,turner,ueberreuter,jaeger,tn.,ub.
66c720f8-87f7-4d3d-a3d6-af07143232b6,unbekannt,un.,sardinien,u.,un.
080731cc-d811-4713-a18f-71e38477b4de,stone,rororo,liebe,sto.,r.
1c1af93f-d7df-42a5-8bdc-9d8f01469e93,stoker,bertelsmann,dracula,stoker,b.
f7cb6d59-dff0-4a93-b762-a78951e4a072,strayed,goldmann,trip,strayed,g.
0f073878-c6cb-476f-a63f-b29c3d0f5c95,suyin,goldmann,berge,sy.,g.
bd33ab8b-5a51-4381-b884-b94312716af5,suyin,bertelsmann,erwacht,sy.,b.
4321dd52-1ce2-450a-bc3b-725038610f8f,thieck,lm.,sandwolken,thieck,lm.
2288d061-cc9f-41c9-9562-69d649326316,wallace,droemer knaur,sieben,wallace,dk.
a8bea96e-8def-4b20-9c7e-349f392c6ea3,winsor,ek.,amber,winsor,ek.
263abb88-53fa-49e2-a9d9-4ae9ea7cc2fe,tan,goldmann,feuergottes,t.,g.
31e95150-7417-41b3-9c12-557e730e5b7b,pre.,goldmann,liebe,pre.,g.
c3c72ca0-a172-4828-89f8-8c94afe34939,trutnau,eugen ulmer,schlangen,trutnau,eugen ulmer
c2f53606-328e-4a63-a695-88131fbfd755,turani,econ,italienische,turani,e.
2c9e83fe-876c-45f1-a3f2-8a08bea25426,unbekannt,tandem,erlebnisparks,u.,tandem
7de9c32a-b6cb-41cd-9345-bca9c69dbb17,unbekannt,bastei luebbe,u.,u.,bl.
9ab75666-6dee-46d8-8877-e4744fb4100a,varma,ab.,indian,varma,ab.
cf36619d-2f1e-4bf4-b562-b3646264bbe5,verne,bertelsmann,mond,ve.,b.
d64cab56-709e-4cb6-b26a-26709ea7e876,verne,fischer,ferien,ve.,f.
76c4ea42-de9c-4551-807e-007fd5920897,venske,piper,regierungslager,venske,p.
399d2356-4dac-4c49-98d2-1c7dbce126ea,"vries, de",dt.,kardinalsmotette,"vries, de",dt.
54cb9592-a95a-4931-baa8-b9a2485b2b52,west,herder,schuhen,w.,he.
4f2845dc-ee16-495b-8f33-50a1d469aea6,wickert,hoffman und campe,wuestenkoenigin,wi.,hc.
624f62a2-f8f2-43fc-bd16-d6bb873b4e2a,williams,rowohlt,feel,williams,rw.
c7591eaa-02ad-41cc-a188-2ab3b86841bb,winnemuth,ks.,grosse,winnemuth,ks.
2a26d5e5-f1ec-465d-acbc-cef9731a46de,stingl,ullstein,taifun,stingl,u.
c69ac61a-493d-46d9-9f7f-1b618300edc7,susann,sueddeutsche zeitung,puppen,susann,sz.
dd1b39ff-a7ef-4be8-973b-8a2b3ffea037,"vendel, van de",carlsen,bluegrass,"vendel, van de",c.
f7567231-a066-48d2-8610-5ccb319f83e7,vine,diogenes,salomons,vine,dg.
c61a53b0-3499-4c36-a781-71f2f5acb4ff,vazquez-figueroa,goldmann,tuareg,vf.,g.
ed5d50c9-50dd-41f8-ad8b-cb59ab2fae88,solschenizyn,rororo,krebsstation,sz.,r.
182ce21b-80b8-422b-a1c2-c284242e0ff6,td.,bertelsmann,inside,td.,b.
9239135b-8cd8-4834-8c9d-ab2f473fea87,thal,gerstenberg,puppenspieler,thal,gerstenberg
fe7435af-c227-46a6-888e-01a0de8aa56c,tolkien,buch und medien vertrieb,ringe,tl.,rm.
bf839bd2-a74d-46bb-ab3f-6157a879375d,thomas,bastei luebbe,murano,to.,bl.
107f64ed-ef99-44eb-8f42-3043dc04e7f0,turow,droemer,geld,tu.,dr.
667113f3-67f9-4732-a0df-35f4d0f24710,unbekannt,un.,sardinien,u.,un.
311a8018-a886-486d-a4c8-10adcf9240a5,verne,fischer,ballon,ve.,f.
ecf84c7f-ac6e-47b3-ab50-39801e46dfb7,verne,fischer,20000,ve.,f.
ae063fd9-bde9-49e0-95d6-23edc0b4b046,wagamese,schneekluth,trommel,wagamese,sk.
5fb223c1-3ac2-4794-b963-c16411ff4d90,walb,aufbau,alte,walb,a.
d8038757-4e81-455d-bda5-eca1d25dc9d1,wandl,ai.,erfolgreich,wandl,ai.
c42adc29-f58c-4161-9574-cf40c198e0b3,weisberger,goldmann,rache,wb.,g.
ed08dd17-4b49-4aeb-a9b6-930233ad885d,wickert,Unknown,paris,wi.,Unknown
b4c30a67-1532-41e6-9fb4-04446aedd8a4,prs.,beltz & gelberg,malka,prs.,bg.
1447eaa6-0783-4670-b6cc-a5c14fdb2337,wehrle,econ,irrenhaus,wehrle,e.
43dfafc8-ba01-4b8e-909e-3900d626326d,thunberg,fischer,szenen,thunberg,f.
c55a7dad-7569-44dd-bc0c-ad7040e0c823,torwesten,bz.,ramkrishna,torwesten,bz.
d71a13e7-c636-404b-a4bb-b72438f0e6e5,stirling,buch und medien vertrieb,schatten,stirling,rm.
b5fec40f-bb9d-46d1-95ff-6de6e90c36ee,strieber,blanvalet,day,strieber,bv.
5b9b6680-f7d3-4614-87be-36dcea019ed7,suess,piper,verwirrt,suess,p.
654d7967-6f9c-4588-b5dc-b95b470b9a3c,susann,lingen,einmal,susann,l.
976154f1-a3c9-4071-8cb1-6c5d8f0f5d95,sutton,playboy,voyeur,sutton,playboy
a79698c3-911c-4b11-b22a-51932e37eee7,tarr krueger,herder,leben,tarr krueger,he.
de2e6f17-d37d-43f9-a9bb-06edfc52247b,tenberken,weltbild,tibet,tenberken,w.
44613b92-e039-41b5-b0e3-da9cfe0aba41,thijssen,buch und medien vertrieb,cleopatra,thijssen,rm.
a487d2f3-1a05-470a-aa44-17c0cd22ff33,eller,Unknown,risikomanagement,eller,Unknown
6d0b6537-5f8d-4f57-91fb-e8b169a4b64c,tremayne,lingen,skriptorium,tr.,l.
b3af67e5-6c23-46fb-add1-aa5ec2d984c0,trevanian,knaur,shibumi,trevanian,k.
4ab639c7-017f-4b0c-92f7-de80964efb07,tschinag,Al Verlag,altai,tschinag,Al Verlag
7ce4b664-84cd-414f-bf0d-667329423979,scholl-latour,bertelsmann,standhaften,sl.,b.
ddcd97a7-bce9-46f6-8ad3-196fff516066,verne,fischer,kinder,ve.,f.
19325e73-9c5a-4864-ac42-3b51b5f5c36f,west,bertelsmann,harlekin,w.,b.
5f79ffba-c474-436b-a912-b0e5e7e1326b,steinhauer,heyne,tourist,steinhauer,h.
32ffe724-d323-4317-bbaa-0002b3ee7041,strotmann,fischer,sonst,strotmann,f.
bf87efdd-9b5b-48bb-ad40-f02fc5d50745,swaan,dumont,kathedralen,swaan,du.
7c544d59-1966-42be-8c25-e775a30d6dc7,suyin,goldmann,berge,sy.,g.
db033b0e-b4c4-47c2-a2a6-f8c5586c131c,tillmanns,heyne,daimonicon,tillmanns,h.
80871925-d72e-4ee7-b2c6-34c567fbeb30,tine,sg.,bodyguard,tine,sg.
00605101-096b-449e-b49f-a964709614c7,wallis,heyne,vogelmaedchen,wallis,h.
db4f950b-fbe7-4590-b6cb-9f566309e196,wallner,bb.,gezeiten,wallner,bb.
86d26957-936d-49cc-a8bf-6d259eba8f16,wellems,faksimile,luege,wellems,faksimile
4407567c-a9e9-413e-b5cd-f7170c37b4d6,thomas,fs.,himmels,to.,fs.
4b30a220-3c28-46a1-96df-c6e0f8b64374,thomas,knaur,firma,to.,k.
46cd54e1-7b67-45c6-9a0c-db9174e37889,trojanow,dt.,weltensammler,trojanow,dt.
20cf3895-97fa-4c33-95f9-86c8696028d8,tan,goldmann,toechter,t.,g.
e9084633-c954-444e-b5b6-80cb57702233,leon,ab.,suffer,le.,ab.
c015e0db-d523-4cc2-b7a1-eef3da1ce30e,stuart long,weltbild,gründervaeter,stuart long,w.
d510ece5-fa39-4dce-8b30-01bb178e7b5d,ulfkotte,kp.,asyl,ulfkotte,kp.
50fe01fd-0237-4551-9539-03b22795d81d,uris,lingen,wecken,ur.,l.
3c3f0853-f36f-4310-9be2-632809ea3f13,vandenberg,luebbe,evangelium,v.,lu.
5bce57ac-9c7e-40d0-b64e-90fdc758f0be,verne,fischer,keratan,ve.,f.
26173342-f051-4a9c-a755-86834328f7d8,verne,fischer,ballon,ve.,f.
7dd66d7b-2b99-4d60-8d9f-e8ac581df7cd,viering,ko.,elefanten,viering,ko.
5f7fbafe-2217-408e-bdc1-6714e4dd031e,vo.,knaur,wind,vo.,k.
1e7c6d58-bb98-460c-8c1c-9eeb26c18725,wallraff,rororo,oben,wa.,r.
112c7f52-178c-4e2f-b61e-a4154f8bf6e3,watson,econ&List,ehrenwerte,watson,econ&List
a9120459-dffc-413b-90a8-e79d4181dfae,weldon,dt.,teufelin,weldon,dt.
738b3788-228d-4efd-87de-9bb286d985b2,welter,bastei luebbe,maenner,welter,bl.
627f002a-ecda-4e91-92c9-27b2cd4d9e0d,wickert,heyne,frankreich,wi.,h.
3f8cd563-ad94-4498-8b35-520fcab3a205,willingham,bertelsmann,gestrandeten,willingham,b.
954d0792-4cdb-4491-a63b-b36d9ed11c0f,strobel,gerth,jesus,strobel,gerth
2918f06a-c822-4970-94f1-0444557985df,kaye,fischer,insel,ky.,f.
b3110e5b-2c36-4432-802a-e0940d1466ff,thorn,weltbild,teebaum,thorn,w.
b64884ee-31d9-4246-b1b3-0f08bb27deec,timm,dt.,morenga,timm,dt.
c5fa839b-f449-455a-ae3b-fd9d0ae19985,turner,weltbild,herzland,tn.,w.
b6e5db09-fa46-401a-9774-77bca3c1797d,Ufferfilge,tropen,kippa,Ufferfilge,tropen
75d71bd0-87c7-44b4-9e64-a845ebccc485,unbekannt,compact reisefuehrer,china,u.,compact reisefuehrer
5116858a-2f3a-4827-bd83-f292dcfffdbd,west,ds.,rote,w.,ds.
c05ceafb-298d-4c4e-b087-2943249df8c0,west,goldmann,meisterwerk,w.,g.
2dabed4c-bc56-419e-a7df-5d5cc6664363,west,ullstein,kundu,w.,u.
7c43483d-c706-4504-aaf6-dc6489c2fe1d,we.,bastei luebbe,maori,we.,bl.
7111a00c-ca70-49d5-bcb2-0ff184bf403c,weiss,py.,jordanien,weiss,py.
6d3808c9-54b9-478c-ae9c-d102af3f8b4e,stenger,cp.,schaf,stenger,cp.
5c60d285-47e6-4256-8e0c-d02a63afe7e4,strayed,goldmann,wild,strayed,g.
f1d85c75-7219-41e7-8881-b00ff6427791,thomas,knaur,firma,to.,k.
d1e124f1-f558-4b43-9c93-59b72c0e126d,toman,stuttgarter hausbuecherei,juan,toman,stuttgarter hausbuecherei
19d26a12-7f81-4b1c-aa5e-7b976a67c48a,tomiak,knaur,drachenwind,tomiak,k.
21cf15d9-b5a9-4afc-8929-c7c3a41020eb,turow,goldmann,gierigen,tu.,g.
620f05c7-fa6b-4a4f-b68d-d317c6e3b4dc,temple,buechergilde gutenberg,wahrheit,temple,bu.
910ab8af-c2a9-4b1d-a0bb-a0c8f5997840,thorwald,deutscher buecherbund,gnadenlose,th.,d.
003d004a-c4af-46d3-804c-8b005f513f4b,tremayne,aufbau,tote,tr.,a.
a8730599-d2dc-4187-bb85-f5d948ea05ac,tur.,bb.,feuertanz,tur.,bb.
d891eecb-8b38-4172-a309-e597c3a2fde0,unbekannt,heyne,harold,u.,h.
25023331-4f05-4e17-9ff6-8273d34edb85,uris,heyne,trinity,ur.,h.
67757f8f-40f9-48c0-bf2c-a069a6d9900d,verne,fischer,sonnensystem,ve.,f.
6f76aed1-7960-445e-a337-acb5d97c8272,verne,fischer,erde,ve.,f.
a311649b-5a9e-4fc7-ac41-cac594defc48,west,eg.,rote,w.,eg.
1766546b-fe8d-4461-8590-a729dc72200e,wallraff,bb.,gezeiten,wa.,bb.
479be8b4-e918-4530-b1f6-897fb426b652,weik,ei.,crash,weik,ei.
9cd8b084-bb9f-4aa4-a467-a92ffb53af6a,weiler,ullstein,maria,weiler,u.
d491cad8-028b-472f-a5b5-0ea6b801033f,wiechert,ke.,jeromin,wiechert,ke.
a2cb351f-4029-4bde-99e7-82dae926f415,wilkinson,bastei luebbe,rom,wilkinson,bl.
bcab83b9-a957-4d34-b504-849e847616a0,williamson,fischer,westwaerts,williamson,f.
3987902d-8b32-49ad-b6f0-d2fc9a8132c6,steinhoefel,carlsen,mitte,steinhoefel,c.
c8b849e5-3944-4625-ab18-ebe6aa31715e,unbekannt,cp.,besten,u.,cp.
e05d6404-222f-4853-ba96-7334f3ca545d,stroud,cj.,batimaeus,stroud,cj.
88e2a4b7-2acd-41f1-b654-0f1ee4ae4b76,suc.,urachhaus,dreihundert,suc.,urachhaus
3480fa30-3b1e-48de-9bcc-7b6c029bb119,surminski,rororo,grunowen,surminski,r.
4e7e5834-28c5-4eec-a961-0fd15d93be3a,stone,rororo,pfade,sto.,r.
07a544e5-e82a-4977-b929-5872dfa8a0e7,vandenberg,buch und medien vertrieb,golgatha,v.,rm.
52f9c9ee-e86d-4f27-b386-fb3d3a7369f5,verne,fischer,propellerinsel,ve.,f.
c45501cf-7258-4f41-85d6-a3d5706b8850,"vegesack, von",eugen salzer,vorfahren,"vegesack, von",eugen salzer
540bb815-335c-4bb5-9b4d-14146887326c,vazquez-figueroa,goldmann,tuareg,vf.,g.
3316732c-295d-4216-9471-28aebd56caea,wallraff,kiepenheuer & witsch,unten,wa.,kw.
0108bc42-f9e2-4b93-8ab8-bf2c063aab60,ta.,goldmann,niemand,ta.,g.
1ce8a501-4a17-453b-ade8-488e8e392d6d,tolkien,unwin,towers,tl.,unwin
753b9406-ddf5-4bb8-b4af-455e5e2713de,tolkien,kc.,gefaehrten,tl.,kc.
4459b03e-5263-43fe-bbb0-d67e703b94be,uris,knaur,haddsch,ur.,k.
c9df6569-7fd6-415a-b805-aa492f87ca9f,vandenberg,bastei luebbe,komplott,v.,bl.
971cfc30-7fa8-4ad1-b5c3-9d2970b1ad5d,west,bertelsmann,wolf,w.,b.
fc800202-9d94-4a1e-9a1c-c601d4aee694,knoerzer,LN,golf,knoerzer,LN
bedc1248-2613-496f-8eae-4a439e360b03,tesche,henschel,grosse,tesche,henschel
3118f3c3-74b4-4f4b-b1ca-68272de9ad0d,thuermer,heyne,klinsmann,thuermer,h.
037b1e73-5932-454e-8f11-7e32d7853938,tp.,econ,spiegelmacher,tp.,e.
e27fd410-d47a-4159-8dfd-2ea02368ea59,werfel,fischer,neapel,werfel,f.
f89ddb53-bb56-48e8-a01f-3c3f62d7485b,sueskindtorm,ullstein,kaltduscher,su.,u.
5aa3c84b-b90a-47fb-a692-bad3c9552196,tan,goldmann,verborgenen,t.,g.
607d18a7-320b-40cb-a66f-75db2eb063b6,vazquez-figueroa,goldmann,yubani,vf.,g.
8e265657-ae2d-42c7-a960-02fd0c671ae4,vazquez-figueroa,bertelsmann,oceano,vf.,b.
0acd9611-8f94-4984-81ae-a0f255f38081,west,droemer knaur,gaukler,w.,dk.
85ccdfc0-4954-4283-9285-8f015eba0423,wallraff,kiepenheuer & witsch,bild,wa.,kw.
8b088688-f844-48eb-87f8-3afe7e6ef53a,we.,weltbild,moa,we.,w.
f20c9f59-d286-495d-9f7b-0e5eae353781,weiss,dumont,venedig,weiss,du.
961a5800-c669-4345-b4c2-022ac880c563,unbekannt,buch und medien vertrieb,schaetze,u.,rm.
9149062f-8b84-4f39-a8e1-4c29de702a28,unbekannt,dumont,thailand,u.,du.
1b3c1663-18dd-46d3-b0e9-a73c31b797b1,vandenberg,bertelsmann,tal,v.,b.
139fcbe5-8502-4a19-81dd-ee7604b24e72,Speidel,ullstein,esel,Speidel,u.
939ab606-c1f9-4689-aa98-55aa3e99a4f0,tesche,henschel,bond,tesche,henschel
8ba49518-09e8-4230-a2a3-b593c3473163,thoma,piper,muenchner,thoma,p.
53a32121-504c-461a-b849-0930f4fd98fd,turner,blt,suedens,tn.,blt
1ec8cbe1-c7e2-4753-9188-33fad8155e33,wiest,piper,101,wiest,p.
863782f4-0d19-4852-a8db-04c18c282a86,winsloe,bertelsmann,uniform,winsloe,b.
392f64eb-a0aa-47e6-8bb0-5803fbf7de0c,stone,weltbild,afrika,sto.,w.
005a76ab-9300-4fd0-aa1a-7ed23f51942d,stp.,av.,cryptonomicon,stp.,av.
ea698847-56c0-445d-b05b-9644ff05b65e,sutton,deutsch buchgemeinschaft,voyeur,sutton,dbg.
422970a1-55ca-4046-8207-04fdaad3049c,tepperwein,mvg,krise,tepperwein,mvg
2dbd5834-a84a-4a52-9bd0-7fc1457ed89b,vandenberg,blanvalet,komplott,v.,bv.
faa9d657-0455-4b8c-a628-4485e134961b,veit,frederking & thaler,paradies,veit,frederking & thaler
5501a8aa-5c23-44a8-a6b2-b272b26c6728,tuck,i.,diktators,tuck,i.
b2eecb5d-a43a-4025-9f4f-7076be7b8fb9,uris,heyne,berge,ur.,h.
2cee36b9-5eae-416a-8a21-cbd31076ca48,vandenberg,heyne,gladiator,v.,h.
f30f4752-86cf-4a86-a880-5531beec7ca6,vandenberg,bastei luebbe,spiegelmacher,v.,bl.
b430e319-776c-403f-92b5-7a1e0bedca4f,laschun,dtv,belagerung,laschun,dtv
0939f987-afb3-4f7a-85e0-8e23cf11aa69,tietz,ullstein,rattentanz,tietz,u.
54e8ccd4-906b-4f39-a795-794874e4d493,tz.,knaur,karussell,tz.,k.
12dd8eac-8bbc-44a7-9821-86a945dc4d83,"u,",knaur,grossen,"u,",k.
9d3134a4-ad1a-4c84-a92c-eb76b5e02b0c,weber,wa.,ticket,weber,wa.
548416f8-da16-499c-acc1-4e009ba2a314,wickert,heyne,bewaehrung,wi.,h.
86ddd826-4ab4-4b0a-86d1-43cefa4e8cfb,wickert,heyne,bewaehrung,wi.,h.
6bc5cc8c-b2f1-49f9-9bc5-20b8aab8d8be,steinfest,piper,batmans,steinfest,p.
d58b436e-ea3c-4e2f-8b73-87af76855010,stockheim,ra.,empoerer,stockheim,ra.
42ee0757-0700-4926-90a2-e857dd73793d,wickert,hoffman und campe,ehrliche,wi.,hc.
2e2614f2-1534-478c-b2ae-0586e57fde8c,schweikert,blanvalet,drachenkrone,sw.,bv.
9edc2dcc-50c7-4367-ba4b-7b1c075eea08,solschenizyn,neue schweizer bibliothek,gulag,sz.,neue schweizer bibliothek
22562461-4323-48e6-8505-b033d822433c,unbekannt,dumont,thailand,u.,du.
d1c5f6a7-20b3-4b03-a1a8-94eb98132435,verne,fischer,kinder,ve.,f.
e60925d5-959e-4766-b482-e5a8dd66ec0e,wambaugh,heyne,zwiebelfeld,wambaugh,h.
647d763c-95a8-409d-8024-4c266e1f32e5,wickert,heyne,schuf,wi.,h.
f4a3bfb4-7a2f-4867-bb82-1a15312e4352,berthelius,heyne,wohl,berthelius,h.
5eb14008-c515-4c6e-8959-7c7d219a7afd,tacconi,luebbe,sonnenjungfrau,tacconi,lu.
c7960a18-d57a-4f03-8395-240a85254512,savage,dbb,erde,sv.,dbb
27d75c05-00bb-4166-ad3c-d40d96657300,west,ullstein,konkubine,w.,u.
58e24954-de1d-4899-bc89-83f83f3b2040,tong,rowohlt,opiumfamilie,tong,rw.
e5fa7d88-8afc-46dd-8122-d8d58d6909f7,trainito,jahr,tauchplaetze,trainito,jahr
7dd270ec-922c-4556-857e-93719675e8a4,ts.,bl,karenina,ts.,bl
b7004a97-47db-4028-9012-40ce4feb5310,unbekannt,intern. book sales establishment balzers,lexikon,u.,intern. book sales establishment balzers
859065eb-39e7-4ac0-b0bd-f4bad838b504,vandenberg,heyne,pharaonin,v.,h.
e263589b-aa03-41c2-996c-f3863ff966a7,verne,fischer,20000,ve.,f.
daecce1b-1c58-4e65-a0f7-ac5e51e1e307,"wertheimer, von",moewig,schweden,"wertheimer, von",m.
f488aecc-dba1-439c-bbaa-14555ee384d6,burke,Unknown,vergessen,bk.,Unknown
cbc83ec7-1bb6-475e-a9ee-ef15306e0cb6,walden,deutsch buchgemeinschaft,traumdeutung,walden,dbg.
74632052-682a-43d2-896d-1765f581908f,wanninger,kbv,schwabenfilz,wanninger,kbv
b07e3044-4bde-4f3a-ac6a-6bc8cec6e84b,weiss,dumont,venedig,weiss,du.
3cf7b841-846e-42d8-b094-a975fe1a9313,weiss,dumont,venedig,weiss,du.
e68502fb-639e-4ef5-a95c-856c3a255b3f,schmidt salomon,piper,grenzen,schmidt salomon,p.
931959c2-f0f6-4259-8f52-ae123a09e647,twilfer,schwarzkopf & schwarzkopf,schantall,twilfer,ss.
05b4f5a9-e6bd-4a5b-bf91-0223ed582a8c,unbekannt,py.,china,u.,py.
584868c6-43f7-4290-872b-f4624952575c,wolf,derdeutscheautorenverlag,shivas,wf.,derdeutscheautorenverlag
cb61fb8e-e939-4d13-bd31-9f092394a780,white,advent,jesus,wh.,advent
0537dc8d-1495-42ac-9e51-9f2eaf030e6b,steiner,lingen,lernen,stn.,l.
c6d2c070-4db4-41f9-8809-dd2202f28586,steiner,lingen,lernen,stn.,l.
c65658dd-b9f5-4b0b-9550-d22fc66bcd27,steinfeld,dt.,sprachverfuehrer,steinfeld,dt.
4310edff-d810-432b-8cc7-232d0c01ae98,savage,bastei luebbe,herrscherin,sv.,bl.
79f987fe-dd9b-4e62-a8de-50d762d3db54,tan,goldmann,sinne,t.,g.
a9c92df8-0c21-4d8a-863f-249cf103ae32,tapscott,plassen,blockchain,tapscott,plassen
d7b890e8-d067-4aba-b0a7-ef5aac2a0fd9,wood,fischer,himmelsfeuer,wo.,f.
be562ead-45a3-4578-92f4-fca223636bcf,ta.,heyne,gerechtigkeit,ta.,h.
6d985c1c-f268-4ff5-aa80-622e34833beb,tremayne,lingen,skriptorium,tr.,l.
9ceb1746-9476-416e-afd0-c36cecff3390,tremayne,knaur,stiefkind,tr.,k.
175a0c3c-70a5-464d-a809-de32bcde5021,tremayne,lingen,klosterbrunnen,tr.,l.
7eb70a0a-9968-4955-b93c-fd9114328076,dunkel,knaur,fahrrad,dunkel,k.
25477c07-45ac-4c12-bb2f-4a927d5dc1bd,verne,fischer,eissphinx,ve.,f.
024c04e9-45ae-4c1b-88b2-f31c525a0424,vazquez-figueroa,blanvalet,maradentro,vf.,bv.
61a362d4-5369-4328-a8e1-b74781383755,vlitzkaja,buechergilde gutenberg,siebenten,vlitzkaja,bu.
38d13476-d0f5-48b4-bdf7-3e8c6ba6d3b9,white,quelle-buecherfreunde,rauhes,wh.,quelle-buecherfreunde
b38e5941-8cad-45f9-8d37-600221c1f53c,willi,rororo,haelt,willi,r.
b3e15a0c-9edd-4554-9305-160a59ca2aad,steward,penguin,rod,steward,pe.
03b908ce-7bfb-49fa-896d-d46360078dc8,strieber,bertelsmann,war,strieber,b.
e203811e-27d3-4c8d-82d7-6bd03b550870,suarez,sg.,daemon,suarez,sg.
362d0599-6df2-41fd-9c03-14096e014033,tan,goldmann,tuschezeichen,t.,g.
4af9195b-0d52-4e8a-86fe-3def7449d35d,tarawneh,jordan distribution,jordanien,tarawneh,jordan distribution
54c287ec-037c-4207-8de6-fd40941966bb,thorwald,knaur,monteverdi,th.,k.
be3b1f9a-32b1-49da-89d1-f8e7e28e320d,west,bertelsmann,harlekin,w.,b.
cdb82154-7071-4d2d-9bcd-dda2b2b4ab05,west,knaur,cassidy,w.,k.
1bc5474d-a6bd-4a86-8a27-0f75c497cb20,swanson,blanvalet,gerechte,swanson,bv.
52dde81c-558f-4049-be7f-126fb31ccde0,tin,sr.,perestroika,tin,sr.
dd1ef905-29fc-4acf-b26d-e2291dcf16fc,tk.,bertelsmann,berge,tk.,b.
04cec0a0-ddd4-4880-86c0-831cdac4bfa5,west,droemer knaur,welt,w.,dk.
6dc9fb36-3bad-45a0-8d8a-33e2a6d40e02,wallraff,kiepenheuer & witsch,unerwuenschte,wa.,kw.
838261c5-421c-4021-8714-2125576a9c8e,wehrle,mk.,schwanger,wehrle,mk.
c07ce65e-e832-4755-a1da-44c021c0a86d,weiss,travel house media,venedig,weiss,travel house media
8f3d02c6-90ca-4022-ade3-eb4f6eaca250,weldon,dt.,spa,weldon,dt.
432fab87-33ff-4236-95a3-c4448ff9bdd2,werner,chl.,suedafrika,werner,chl.
84cc629d-c4c6-4f39-afe6-a3ab285571f3,stine,lw.,silberne,stine,lw.
631b9fb8-ecf4-4acc-a336-51495fab9507,tremayne,lingen,pilgerschiff,tr.,l.
b858c681-5daa-45fd-8104-7f01b0c80706,turow,bertelsmann,helfe,tu.,b.
cb62b4d0-fd3f-4dee-b8f4-57b3ce95df10,uris,heyne,berge,ur.,h.
6f32311e-1bf8-4caf-959a-a89315f28508,va.,aufbau,schraenken,va.,a.
ee04dc9d-4a39-4f65-8354-2945e5a58670,verne,fischer,insel,ve.,f.
2326fd85-bcee-441f-aaaa-69b5040dbb1d,vazquez-figueroa,bertelsmann,ebano,vf.,b.
c80f0c48-9503-4e98-b94c-b781d24b6d0b,vl.,suhrkamp,palomino,vl.,s.
7c35eb79-7c0a-4b90-8801-8f5ed8aac11f,sutcliffe,cj.,falsche,sutcliffe,cj.
31f12047-988b-4845-aece-b8c2e8926fac,suyin,deutscher buecherbund,berge,suyin,d.
bc60ffcd-d546-4bd0-b217-e95705d61a97,tolkien,dt.,hobbit,tl.,dt.
61877510-1d29-4584-87c2-139b7cbc3d7a,traven,bw.,totenschiff,traven,bw.
671967c4-33d3-4e93-bf5e-f7961b2c32b2,unsworth,heyne,sklavenschiff,unsworth,h.
a45e685e-ec12-4acf-97f2-8a0ffb21f274,uris,buchgemeinschaft donauland,berlin,ur.,bd.
4c6ac63c-7b3a-4041-99de-aebae8728b52,va.,lingen,diva,va.,l.
53e9c397-da25-47d5-9047-6dece6a3cc88,varesi,aufbau,bartholy,varesi,a.
d0093ca1-cf56-4374-adab-b636a8a97749,verne,fischer,mittelpunkt,ve.,f.
47024174-902e-4d8d-8908-b6805db9db5e,vermes,ei.,er,vermes,ei.
0ce4cc00-6c26-4c08-b584-2535e64d9a04,west,knaur,ueberall,w.,k.
913583cb-49fc-450c-894c-e79f07400464,wagner,vp.,ost-kanada,wagner,vp.
505be568-fb69-4df7-b931-b62272b9d50e,wallace,go.,hur,wc.,go.
2378f978-dfc0-4185-94c0-01bd42bdd83a,weimer-langer,ellert u richter,bretagne,weimer-langer,ellert u richter
89c50ad3-2f73-4eea-a896-f63e4c6f3020,wekwerth,wildes blut,hebamme,wekwerth,wildes blut
8eb5652e-9e22-468e-bbef-1eda4d6fa57b,welch,ullstein,zaehlt,welch,u.
73f28fd6-8e5a-4f7f-9a3f-c5f507730977,brandi,dbg,karl,brandi,dbg
ea18c670-f941-4a7c-978c-21edbd16858c,swann,goldmann,glennkill,swa.,g.
31c48ba2-4088-4aa8-a56d-ec1af995b0ac,solschenizyn,fischer,hoelle,sz.,f.
e7703eaf-74d5-4f49-8438-b33dfb7ac4e4,wille,rororo,new,wille,r.
23fc1d01-6fc5-4e86-9bb7-1dbb1cf69f0b,williams,dt.,augustus,williams,dt.
ea0a5747-d262-47dd-bf42-67431f21987b,winslow,droemer,kartell,winslow,dr.
4df1d6b3-7305-4ebc-b94c-76a0cd8840aa,walter,buch und medien vertrieb,sommerwind,walter,rm.
dd1b4d0e-31be-4bcf-b6c1-660b75182328,wd.,wunderlich,verzauberte,wd.,wu.
59db76b8-54e3-4e31-b0d7-f41ba0083dd7,tolkien,kc.,gefaehrten,tl.,kc.
0358e58d-f63d-4c7b-94e4-637fe28f761a,thomas,heyne,habicht,to.,h.
debfbf87-34ec-46ee-897c-2893f5051551,tremayne,knaur,stiefkind,tr.,k.
b1f7ef5c-3bb4-4b6b-8412-8f3c7fb4da2e,turow,goldmann,gierigen,tu.,g.
0e2a8534-720f-4553-a2f0-7ff1cc4646f5,urquhat,knaur,papstes,urquhat,k.
e5750037-8c48-4478-a1bc-68b0280ee943,va.,aufbau,diva,va.,a.
33ae7e12-f0fc-4500-a358-5c616d14792b,verne,fischer,jagd,ve.,f.
023b1a0f-7c10-49b7-9e02-615e6f5fc8f2,wallraff,kiepenheuer & witsch,esser,wa.,kw.
c3d4b371-5425-4e9c-9e44-c8c27a8f6f99,lorentz,knaur,feuerbraut,lo.,k.
07f209f1-3d10-4a84-aee2-0348b0d582fa,x.,dt.,seide,x.,dt.
4db30129-500a-476e-962d-6e948f17a372,"y,",paul neff,western,"y,",paul neff
7e46abe2-a1fc-4a95-80f9-26dcdced4962,webster,serges medien,delphins,webster,serges medien
40e8b89a-ed67-4be1-b55a-e86b395a7237,weigand,heyne,vermaechtnis,weigand,h.
6cbaa50b-dbf5-4e72-8b9c-fd231aa147eb,white,buechergilde gutenberg,lendenschurz,wh.,bu.
9d7c4a76-0c5a-4098-9e39-4fca75559a92,waltari,bastei luebbe,turms,wl.,bl.
75ad3c32-1e0d-43c1-90f7-65f24bb88036,wood,fischer,fluch,wo.,f.
16158a49-7473-42d0-9d92-ac7fd45f758c,wood,buch und medien vertrieb,flammen,wo.,rm.
7d702ffd-a716-40f4-9a34-819cded15394,bender,ullstein,lecker,bender,u.
57d497d2-e65a-4625-8d7a-c24dd30d1a5d,richter,fischer,kunstgeschichte,richter,f.
c5d32f4a-f508-4e3c-8e2b-b751a78e940f,yl.,knaur,gottes,yl.,k.
b8332823-c2cc-40da-826a-432b7d9fcf63,zeman,bertelsmann,pinocchio,zeman,b.
65f072e7-a00e-4513-bf29-32607cb16af7,zindell,heyne,neverness,zindell,h.
0dad4b2a-46fe-4fcb-9780-b4f8922d7af6,steel,de.,second,s.,de.
d5e8f95a-1d0b-480d-80b7-7ef325da7e4f,bowman,knaur,spionin,bom.,k.
01fb19ba-abf7-48e0-b781-59e61840fc66,danella,heyne,frauen,danella,h.
1d1d7599-ed44-4ba6-a742-3591ec96365f,rabanne,herbig,ende,rabanne,herbig
df691c5c-f2e2-49a7-9d77-575cd3cc0b89,soyener,gustav luebbe,meister,soyener,gustav luebbe
c18fb4a8-bf0a-4b95-bae7-d6cfb397f180,smith,bastei luebbe,roter,smith,bl.
a095c53d-4b74-4a71-a04b-3c009ec81306,hohenester,graev,internat,hohenester,graev
5bcf58ea-2a33-4e27-8293-092c7d20feed,doyle,fischer,frau,doyle,f.
93f6b0c9-8add-48a4-8391-ee49acf07a80,brendt,conbook,boarderlines,brendt,conbook
946b9037-1374-49af-a63c-4acfc850ab9b,ernestam,btb,verborgene,ernestam,btb
0687e179-4e84-4c46-a888-bd96c080a6d4,elger,haufe,neuroleadership,elger,haufe
d88a3e9c-a85f-4dac-9eca-c73aaedb1d58,scheibler,bertelsmann,fliessen,scheibler,b.
a474e67b-a055-4d33-9cd5-e5aec6baa7ae,Boge-Erli,omnibus,satans,Boge-Erli,omnibus
1ce371ec-1127-4d07-97bc-b68e5906c77f,lorentz,knaur,dezembersturm,lorentz,k.
676fe86a-805d-4d72-bca9-6c570d3c9a8f,charpentier,hoch,fahrt,charpentier,hoch
eaa0fced-1d1f-4c75-a320-d6071ab6c066,seal,RM,herz,seal,RM
0609991c-ed7f-4741-8884-108421022099,vospernik,k&s,china,vospernik,k&s
896a39cd-08ef-461d-be31-d16fbf397897,wouk,hoffman und campe,weltsturm,wu.,hc.
2ed6ee50-989d-4f76-b0ff-0fc00ed6b45d,yan,i.,sandelholzstrafe,ya.,i.
a9368edc-79ae-466c-8fd9-d0ce32fc2c89,ebert,buch und medien vertrieb,blut,eb.,rm.
e7a29439-4a2e-4341-988c-39166d1fea83,weigand,heyne,friesenhexe,wn.,h.
3b23d719-460c-4fcb-b746-e6a8deab2990,wood,fischer,sieben,wo.,f.
670f5717-1f36-4168-bfa6-d9ffb40b9468,wouk,dbg,caine,wu.,dbg
8333de55-6047-485a-a39f-e67cd33dffa2,koch,franz vahlen,globalisierung,koch,franz vahlen
aae444a8-99d8-43a6-9f81-fedf627d1741,senor,twelve,start-up,senor,twelve
8b43e03b-9628-4729-b7d1-49376864e1c0,ludlum,Unknown,lazarus,lu.,Unknown
8446ce9a-5a81-435f-8fa9-a61bdfec7361,morgan,hallmark crown,beauty,morgan,hallmark crown
9a94849f-a1af-492b-851e-b0ad7ca9ea9a,ganghofer,bertelsmann,dorfapostel,ganghofer,b.
2abcd773-91c3-461d-bb05-a2923b7fe25b,wood,fischer,traumzeit,wo.,f.
8c0eb47e-1e06-44a5-b8c6-ce1d0e35cc47,wood,bertelsmann,schriftrollen,wo.,b.
8cc04ca1-6555-4aba-aea8-66a7b9800b65,wolfe,knaur,fegefeuer,wolfe,k.
d7ac08f2-2b74-4706-b24c-dcf60fa2cf8c,wolf,goldmann,licht,wolf,g.
17a22975-bbd5-4c45-9b8d-212fc5957b29,antier,herder,flucht,antier,herder
8b38e79c-1296-4ca8-a14c-d2a11ae5453b,pullman,delrey,spyglass,pullman,delrey
d1c26de3-25c7-44ff-b9ea-b366c5c91081,duebell,blanvalet,medici,db.,bv.
d3601a5f-1e28-4323-8ce5-9885425d5bd6,bohne,literareon,alaska,bohne,literareon
58c768d7-be6e-440f-b9d2-b4952c6f14e8,matthiesen,knaur,VX,matthiesen,k.
7aa6f1d4-d2e8-4b13-b3f3-2fe5e3a8ca3a,hansen,penguin,altes,hansen,penguin
2d42b94f-d52a-44c9-8010-699962a58207,ludlum,Unknown,holcraft,lu.,Unknown
d2027b01-d694-484a-9cf8-69cc17884b56,heilmann,kindler,angst,heilmann,kindler
0af7cb6d-ebd4-455d-bb1d-0c9467f8a29d,waltari,bastei luebbe,minutus,wl.,bl.
309bfdf4-a82c-487f-adf0-b164b5331412,palin,bbc,pole,palin,bbc
b246cb99-8253-4d82-98f0-cb96337cc186,halstead,neuer tesloff,welt,halstead,neuer tesloff
330003d6-4b8e-4670-8f85-c7dcf5bd359e,revkin,list,chico,revkin,list
6e7f5d8b-4a68-40a5-b91b-1e1154738078,summ,falken,trennkost,summ,falken
fe611b2f-a2d6-40c6-8acf-aca54a064779,horton,rodale,bring,horton,rodale
faeca5c2-6a8d-469f-9b11-ef0988e88dfb,hawass,wissenschaftl. buch darms,tutanchamuns,hawass,wissenschaftl. buch darms
0bd6046b-e3f3-4f27-b303-508cb94cf397,sacks,rororo,awakenings,sacks,r.
7287bce6-19f8-46ca-bb36-7a2f3a4c23e9,whitemore,goldmann,schatten,whitemore,g.
b29bbb25-ee37-4168-b21e-404552854bc1,"kleist, von",Unknown,kohlhaas,"kleist, von",Unknown
1c47c291-baf3-4b4a-9414-0ed7dd876982,hahnemann,komet,transsibirische,hahnemann,komet
0111bc73-4488-479e-b29b-780855c7db62,stripp,knaur,rote,stripp,k.
1be859d1-d821-494a-b71c-1b0af465c8da,zimmer,hanser,streit,zimmer,hanser
3a421d28-991a-48bc-a340-67199ab15c44,wunsch,koesel,verwoehnungsfalle,wunsch,koesel
a7cb0518-4d84-470b-95d9-2e76da90d4d3,wille,rororo,new,wille,r.
8c7210e0-b979-401b-ad9b-41521aea54bb,wood,fischer,paradies,wo.,f.
b4da35ef-46ab-4060-baf0-92cdcf0129b5,wouk,knaur,krieg,wu.,k.
bcdebb10-0f58-4002-942a-db29a0d4a24c,yoon-nam,goldmann,berg,yoon-nam,g.
85387c70-334d-49d8-9cd7-52cef15f5238,young,fischer,jobs,yo.,f.
aeffbf7d-e0ab-4f7e-8143-26fd83b20673,winterhoff-spurk,klett-cotta,babylon,winterhoff-spurk,klett-cotta
2a3bd76b-b5c5-45c9-b1ba-aba977e669ad,springer,edition a,klick,springer,edition a
26c9a0a5-fe0c-4dcf-bf00-0e6fc588b594,tuiavii,heyne,papalagi,tuiavii,h.
32ddc67f-822e-42db-96c7-f0e40fb19681,klingele,Unknown,kamele,klingele,Unknown
46074387-00ff-4d9a-b6ce-ced2b7d2829b,unbekannt,fischer,u.,u.,f.
862bda6b-346a-48af-8631-076f41450aa7,sterling,time life,amazonas,sterling,time life
03eabaa5-4c0f-4a0c-97c4-ae4bc49d2930,gordon-davis,bertelsmann,beute,gordon-davis,b.
44db0e0a-ecbe-4f28-a80c-39af3237b241,herbst,reise know how,cuba,herbst,reise know how
7a41fc25-9059-4c6d-a15e-e75a4108cff3,burchill,rororo,scheide,burchill,r.
e75702d0-1047-40e1-af64-020dae0d84de,bagley,hoffman und campe,transport,bg.,hc.
a32bfaaf-7951-4628-a1ba-99b1be49b0ae,murphy,heyne,together,murphy,h.
15d3c282-36c7-4ead-9892-5c8be39a9c8e,kanon,karl blessing,stadt,kanon,karl blessing
57b2feb4-2876-437e-ad88-236eb43b0256,russel,mitp,hacker,russel,mitp
c4f74e3e-9fdd-4860-919c-0e4a3f01744f,walters,bertelsmann,schandmaske,wt.,b.
dc885239-aab4-4b17-b79e-4835cc748ff3,uschmann,fischer,wandelgermanen,uschmann,f.
8811119a-bbe9-4131-95aa-fd19892e45d5,wood,fischer,rote,wo.,f.
e3c43f21-150f-46e2-b0bb-b1dda6500b92,wood,fischer,schicksals,wo.,f.
767b7237-69ec-4878-a035-0389bba2459b,wog.,econ,kundus,wog.,e.
c9b28aab-6f1c-483c-86d2-f134107506f3,wustmann,ensslin & laiblin,candida,wustmann,ensslin & laiblin
b7df3a6e-344f-4977-8633-acb645689acd,young,ullstein,huette,yo.,u.
cdb22cef-26a1-4111-a433-df57dccfdee0,murakami,suhrkamp,schafsjagd,m.,suhrkamp
2d1d760f-8b1a-433c-8ab6-2a46f8dfd4e7,marciano,goldmann,himmel,marciano,g.
66d63f02-fde4-40d8-bf48-fec41cb5285f,"ziegesar, v.",cbt,gossip,"ziegesar, v.",cbt
387a3ff4-9e45-4699-be5e-9a8b23f20391,tellington-jones,frankh-kosmos,umgang,tellington-jones,frankh-kosmos
ab373099-7a20-4d57-9b82-4f4f03d758f3,harris,knaur,letzter,harris,k.
c3837404-0cc2-4f3e-9b1c-104ca50dc0ec,scholl-latour,ullstein,kampf,sl.,u.
b819a201-da2b-48aa-b033-301512b54855,steel,blanvalet,vaeter,s.,bv.
acef3c5d-412b-4a0a-b41d-087011727568,laffeaty,bertelsmann,weites,laffeaty,b.
4d315249-09df-494b-8d8e-d02c68724090,massey,piper,bittere,massey,p.
b3ed7861-6655-437d-a386-627868746a7d,mehnert,deutsche verlags anst.,sowjetmensch,mehnert,deutsche verlags anst.
03419974-abd9-45a5-bcbe-a9e188d3421b,linderholm,bertelsmann,biber,linderholm,b.
5e3634fa-092c-4c65-b82a-6c835b95d60a,waltari,blanvalet,turms,wl.,bv.
857f525e-40f8-45ac-bb00-d5d9b5b2b7ff,steinhoff,Unknown,weltkrieg,steinhoff,Unknown
db310cdf-78d6-480a-90a0-8920c0be9b77,matthiesen,carl habel,brandspuren,matthiesen,carl habel
609bde46-a4b8-4267-b160-99c108269f8b,king,heyne,welt,ki.,h.
3b39684b-f42e-4ab4-a131-26f3fd0cae27,unbekannt,kestner,1920,u.,kestner
a30fa533-8f6f-4f56-9379-2fb4cb11a8c1,wood,weltbild,lockruf,wo.,w.
bf4a5234-48de-43cd-9e12-a0120ce3623d,wouk,hoffman und campe,caine,wu.,hc.
c61b8d08-9898-41b3-8029-a441d9399439,yogananda,owb.,yogi,yogananda,owb.
1b1c7734-500b-4d13-8e7b-2801617e4750,zimmer-bradley,bertelsmann,troia,z.,b.
dd6f0629-413a-40b4-8b42-439ad4d02d4a,zoepfl,rosenheimer,seele,zoepfl,rs.
ee572037-c69f-45ac-9bb9-7f20964f7d28,zillo,mk.,zilgrei,zillo,mk.
db48956f-0eae-4abf-9a39-7ac164ece178,ww.,dvg.,bush,ww.,dvg.
72ba0e86-58a8-479a-8f88-b30e26286a6f,x.,dt.,rote,x.,dt.
cf2a0ca2-1627-4646-852e-9d9e01d81137,matthews,rororo,natuerlich,matthews,r.
12c379dc-179a-4678-8113-b1d740576c53,yanagihara,carl hanser,wenig,yanagihara,ha.
978bbb0f-2c80-42ac-bcec-7b6e282bdf2b,mehnert,deutsche verlags anst.,deutsche,mehnert,deutsche verlags anst.
abbc9d81-7143-4206-b2a7-e0d4f7f4afa5,philbrick,heyne,herzen1,philbrick,h.
048ccff2-210a-4519-8fc6-b8946f76704b,king,pocket,after,ki.,pocket
7b534b77-3764-444c-b309-ed481c57706b,hammesfahr,rororo,suenderin,hammesfahr,r.
4952b878-4eea-42e7-8290-c46a2fe15303,caliskan,mabuse,violence,caliskan,mabuse
8c4d7e5e-1cc1-4b2f-b62b-ae5ba84e6413,wood,fischer,himmelsfeuer,wo.,f.
108c8acb-0e7b-4147-928e-f4605c51e7fd,kohout,Unknown,begraben,kohout,Unknown
aaff8d91-4a8a-4498-b8bb-7e750868eb32,weber johnson,time life,niederkalifornien,weber johnson,time life
114ccd2a-8dc4-4e10-9fb8-55cc068b695c,boell,dtv,ehre,boell,dtv
43ad9fb8-0e94-466f-985d-eb4fc45c4ad0,diettrich,parkland,irland,diettrich,parkland
b8c4262c-aabc-4da5-87fa-182fdca90306,feyl,heyne,profanen,feyl,h.
28ea527a-62b8-4079-b3b9-da49374ddd91,rushdie,kindler,mauren,rushdie,kindler
4338f3ad-4a33-4b57-8e2f-82f0b59ee027,akers,heyne,antares,akers,h.
f17b4e41-a046-4d94-a171-d7bc33c42e16,bambaren,piper,traeumende,bambaren,p.
26d5d0bc-a78c-47ff-8806-5ce681f37b40,alaiyan,weltbild,vertreibung,alaiyan,w.
8d39292d-acf8-4b70-be88-fa3487dc8739,carpiceci,bonechi,pompeji,carpiceci,bonechi
ca11963f-287a-41c7-9223-6d1e44093dcb,holeman,RM,mondamulett,holeman,RM
11a1c82e-b564-478e-9b2e-bec91fe7453b,loehr,Unknown,schachautomat,loehr,Unknown
090fdf15-f47d-4733-bc21-1211ed96b5de,hennig,ul,wegen,hennig,ul
a1ced57d-b6bb-4cd9-a49d-01c7dc49596c,steinberg,time life,gegenoffensive,steinberg,time life
811593b2-0064-40d3-9152-30cc8ea080b1,barril,france loisirs,missions,barril,france loisirs
c56a032d-e3a2-46e4-a54a-6ee2317bffb0,bergmann,nelles,vietnam,bergmann,nelles
f5caabc6-6779-4c3e-9e55-3cfe0a8bdb16,cutler,bastei luebbe,regeln,cutler,bl.
788aa328-d336-4b11-b2a1-c5ede3efb6dc,crichton,karl blessing,beute,c.,karl blessing
5d35aed7-307d-4c46-8b07-ff4ada1d80a1,pfüger,walter,gewalt,pfüger,walter
3890f5de-8892-47ad-92da-0ca18776c1ad,wlodarek,kg.,geh,wlodarek,kg.
3d2e852a-9b2f-4032-bdff-d11b3f354be0,haehner,gmeiner,spielball,haehner,gmeiner
c0a25327-bff9-4ab4-9fad-851b140a2202,"callaghan, o'",poolbeg,keeper,"callaghan, o'",poolbeg
e4a28523-a957-43f7-be7c-fb7c39c0110a,wlodarek,wk.,uebersieht,wlodarek,wk.
59f650d0-9f8f-4b82-b587-2a9b5363a315,wood,bertelsmann,daemonen,wo.,b.
49554060-d1ed-4372-8da6-4680bcf5e865,woolrich,heyne,nacht,woolrich,h.
cbf3bfaa-2746-4eca-86b1-ad1f4dbb4f86,hughes,ch beck,erfindung,hughes,ch beck
53908019-83dc-4727-be84-134cefc1898c,zimmer-bradley,wk.,albion,z.,wk.
1875e625-caa2-487b-93f5-003294a2c74a,ziemann,md.,explosion,ziemann,md.
54dc0772-e88a-4905-b8e6-067a0dfa108d,lewycka,dtv,traktors,lewycka,dtv
9951e332-6ce2-46f3-9426-0ab7ed119015,adrian,diederichs,schule,adrian,diederichs
c8b96474-9c54-4064-a84d-45735e46ec1f,biolek,tretori,rezepte,biolek,tretori
7d21a532-66ad-4bc8-8da7-151b45c20b36,moser,time life,dschungel,moser,time life
453606a7-ef48-471e-af5a-8afc8d19b457,mosse,knaur,verlorene,mosse,k.
2a0f5d49-2925-41a0-af4b-a3f0604a9620,berlitz,paul zsolnay,bermuda,berlitz,paul zsolnay
148efaf0-3e9f-4067-b373-81e7cc28138d,lofting,Unknown,dolittle,lofting,Unknown
381f2a9e-2054-4714-9045-3072078e43c5,archer,heyne,winter,a.,h.
c36e9cb6-7a98-43f4-8702-b8f726a5f161,gruschwitz,nelles,kanarische,gruschwitz,nelles
89cbfc2b-bf95-46da-99bf-35848ae121c3,wood,fischer,gesang,wo.,f.
102acb9c-1df4-4bfc-9be3-92bf429056e8,mcgrath,mainstream,inchicore,mcgrath,mainstream
21318ed2-6061-4512-bda6-9af740b76d9e,murakami,btb,laufen,m.,btb
53e5efb3-0418-4021-8217-84a65312fa4a,mccune,goldmann,jao,mccune,g.
232d9917-4e50-4e09-b82c-b540eec72b38,anonym,dtv,alice,anonym,dtv
b652e00d-3c6f-4d23-b0c9-04d91c045b1f,wood,fischer,kristall,wo.,f.
40b55e95-240e-4b5d-9198-4cc615725018,wyden,heyne,iacocca,wyden,h.
8be7479f-3c02-44b1-823a-1a7a6c34f8fc,young,heyne,rommel,young,h.
00ccf3ee-2bc4-48ad-b24f-93eaf4a761f7,zimmer-bradley,gustav luebbe,frauen,z.,gl.
200a0bc5-7f25-4463-8dc1-9e7f076188a9,adams,dumont,santorin,adams,dumont
66585331-3925-4efe-91bc-38e6e253b4c9,king,Unknown,colorado,ki.,Unknown
d0a7bcef-06b6-4235-8ff9-ceedd4c6ca3a,kaufmann,st gabriel,roter,kaufmann,st gabriel
711e0fe1-c7a2-4518-90b4-7ecb1fb97d91,kraemer,ansata,therapien,kraemer,ansata
edf3472f-f8b4-4e4c-84ed-421f5075b76a,osborne,vintage,bangkok,osborne,vintage
44543d32-8f5d-431b-9c91-60b4fdfbdba8,lothrop,kaesel,stillbuch,lothrop,kaesel
1d106b5e-0fae-4264-991e-3272b9ff9248,wood,fischer,sonne,wo.,f.
8bb03f9a-e345-42ce-bc69-125f5616c7fb,barak,ullstein,herz,barak,u.
f0a0bca2-a037-4659-ad2f-9fa8272a1440,nau-klapwijk,kastell,tango,nau-klapwijk,kastell
1770679b-b0ec-4b27-a8fa-e21a90553a66,sack,piper,gebrauchsanweisung,sack,p.
7dcade87-000e-464e-8197-83ce2f0116e9,booz,national geographic,last,booz,national geographic
829320a8-fa26-482e-b7c8-fa16f6821ac0,carwandine,naturbuch,delphine,carwandine,naturbuch
78137dfc-a00c-4ff2-bb02-baeb804f5f10,king,Unknown,es,ki.,Unknown
5bda71dc-86e0-4111-b0cf-448b861639f1,deveraux,pocket,wild,deveraux,pocket
ca1d1254-a921-4da7-b74d-def4e4ab0b23,birbaumer,ullstein,gehirn,birbaumer,u.
8da24ddc-c02f-4bb4-989a-7aa031f48491,khoury,rororo,scriptum,khoury,r.
3808c1e9-b75e-4aaf-b153-ab2bfa1c11e1,walters,goldmann,echo,wt.,g.
86bf0faf-8a4b-4f44-9763-de570362a432,unbekannt,ullstein,u.,u.,u.
f7793849-9ab9-4070-8ef3-92aa33af535c,brand,hodder,booky,brand,hodder
1ca82dbb-c735-414b-9f7c-296fe77a28ae,mayr,bastei luebbe,steht,mayr,bl.
f2f12bba-52ea-4138-b9dc-d15f3ea27f89,winterfeld,dt.,bali,winterfeld,dt.
baf0e1d8-ea1c-4c97-b424-e4032549a896,winterfeld,bertelsmann,caius,winterfeld,b.
c7fc7096-47f1-40d7-88ee-4a13ef43be59,winterhoff,gt.,tyrannen,winterhoff,gt.
fa7ea97f-ba36-4117-bd62-06918331937f,wood,buch und medien vertrieb,flammen,wo.,rm.
c9ce1901-1032-4489-a53a-8c6dbe5ac123,wolf,bertelsmann,kassandra,wolf,b.
765d697a-4af1-4d46-b91c-4f1fbef5eae7,fleming,signet,spy,fleming,signet
55456272-f6f3-4956-b61f-91cd4f427c67,bombeck,bastei luebbe,stell,bombeck,bl.
136d23d6-8292-4428-a48e-b7fe25ff2d56,wr.,ullstein,kokosnuesse,wr.,u.
b56386de-fbb1-4707-9042-fd830d695f77,graf,markt u technik,murphys,graf,markt u technik
21f92f75-80e2-4f1c-b178-f20756c7039e,petersen,buch u zeit,groenland,petersen,buch u zeit
ec1c0ad0-02b8-4797-85c9-a63ff0473503,dossenbach,gloria,peru,dossenbach,gloria
7c51576c-488e-48e8-abdf-75ad72255137,meadows,avedition,modelabel,meadows,avedition
264f21c5-3986-4027-917e-ad86d373206e,wulff-braeutigam,droemer,bhagwan,wulff-braeutigam,dr.
3202a5d6-58a1-4d7a-899e-20a5bde5cbb1,young,ullstein,deep,yo.,u.
6c095a3a-7f8e-40af-8082-09f0ed1292c3,zimmer-bradley,moewig,schwesternschaft,z.,m.
27187443-e1f5-4db0-90b2-f8c707e97470,wood,fischer,kristall,wo.,f.
26d0dcfe-7ba4-468a-94a9-dad5c1fba040,choi,aufbau,reue,choi,a.
81aad66b-c7a2-4763-a66d-3ae0ef6c6b4b,hanika,btb,treffen,hanika,btb
2fdebc91-6bda-46f7-ade7-87c37995a1c9,kinkel,Unknown,loewin,kk.,Unknown
8165eb8d-51de-4f21-aa8d-4eb54a9878ab,hohlbein,ueberreuter,elfentanz,ho.,ueberreuter
f7a81b15-7483-41a5-a6a1-987074533866,wood,fischer,schicksalsgabe,wood,f.
dbfeb8cb-a07c-4225-a31b-6d8f9f637c99,knecht,smarticular.net,natron,knecht,smarticular.net
cccca9da-aa18-456c-a420-555852a482ca,waltari,europ bildungsgem.,sinuhe,wl.,eb.
ecc59cb9-7af1-4627-baeb-62adb90a7619,mues,fischer,phantasie,mues,f.
5ce6803d-2751-4dc0-9af0-eeb0024432e0,davis,goldmann,philadelphia,davis,g.
630400bc-8ed2-4a14-a72d-752cb18e28f8,"y,",dbg,verde,"y,",dbg
00bf20d2-2715-4fca-ac4d-c9bba8b5cd83,wood,kg.,schicksalsgabe,wo.,kg.
139045c9-2bb7-4a1b-a155-4c8b14272a18,hohlbein,Unknown,dunkel,ho.,Unknown
e5627e63-80dc-4985-aa1d-aa3a3590b91c,hamann,das beste,mozart,hamann,das beste
896f8e4f-416b-4464-b294-c7b04feb9c3b,will,friedrich reinhardt,banker,will,friedrich reinhardt
fa299c7b-374a-480b-aefb-e45b4c9a0b4c,hiebeler,rosenheimer,alpen,hiebeler,rosenheimer
2cdee668-d35b-4f06-bd5f-63e7bb00e9b5,korschunow,Unknown,sebastian,kw.,Unknown
65ba15b4-a78b-4d94-a503-b9ddc2b55e0f,mccarthy,btb,clique,mccarthy,btb
3215dd8c-9e6a-4fd0-a38c-04a47340a38d,abbey,time life,kaktusland,abbey,time life
0944cc9f-20e0-46f2-834a-a050632775ac,ruscher,aufbau,fuck,ruscher,a.
89680c3a-2082-4ebb-962c-2f44d3d9327a,schlueter,dtv,fernsehgeisel,schlueter,dtv
544a12f0-0c69-440f-b95d-b88549883773,surminski,hoffman und campe,fremdes,surminski,hc.
3b65c287-8246-483d-98c3-904ccbbf49d2,baumgaertner,aufbau,loewen,baumgaertner,a.
48a3ea65-7679-4b9d-878c-46a5830563ff,wood,fischer,perlenmaedchen,wo.,f.
08786eb7-2d86-40ed-9e30-5b0190a6a6c4,zm.,fischer,polo,zm.,f.
346b5489-7ae7-4934-ab14-68d5eaccfef1,yoshida,random house,parade,yoshida,rh.
528e4b8e-122b-40dd-b52c-8c19e1bbbbb9,steel,bantam,second,s.,bantam
98b84e66-981a-429c-94dc-0ec54541d3e4,pyper,list,nachhilfestunde,pyper,list
cd0d7e13-ccae-409e-bf5f-d4e09f2c4a4e,reay-smith,robert hale,living,reay-smith,robert hale
5ac4887f-d5f2-4d37-9c92-fd23f071683b,wood,bertelsmann,bitteres,wo.,b.
69161bca-684c-4717-aa23-f33a47bfabdc,steel,goldmann,geschenk,s.,g.
470c9a2e-91c2-4678-b2aa-e334f24899df,wood,st martins,blessing,wood,st martins
50915b05-6bac-4c6f-bd3b-f8d8ceceeadd,downham,goldmann,bevor,downham,g.
99848b1d-58fa-4aa9-aa99-73332e7486a5,palm,fischer,toechter,palm,f.
e8cc427f-219c-4f2d-9722-b34eec3a7b79,glattauer,goldmann,sieben,glattauer,g.
dd6a027e-354f-40f1-89d2-2740e482545d,bieler,deutscher buecherbund,baer,bieler,d.
0d7a8b0f-24c5-4b08-b93e-2317fee1985b,peace,liebeskind,tokio,peace,liebeskind
c88146eb-f5c6-4607-833e-5cabadfc4eff,bednarz,hoffman und campe,fernes,bednarz,hc.
c5411578-a10c-456f-8924-1f7505793550,rogge,rororo,eltern,rogge,r.
d5fad560-3340-4bc4-ab28-97ecc5893637,riis,dell,jerusalem,riis,dell
bb62af81-8c31-4512-b60e-c7c569cbb096,wood,fischer,erinnerungen,wo.,f.
59eacfbe-454a-4e38-9bf7-51d3b1716bc5,wood,kg.,gesang,wo.,kg.
9a83eb82-7588-4b61-89bd-6b3a9d0a865e,woods,goldmann,ruht,woods,g.
bcdcbd9a-79b5-40f5-b567-5c0c24c84647,wolff,butterbrot,arm,wolff,butterbrot
f9654f9f-01c5-4d36-adb4-2c2d1301ed78,wz.,knaur,verbloedete,wz.,k.
34b88540-4072-45cb-93e2-6bec4fa12f6f,x.,dt.,heldin,x.,dt.
e33c8f46-a171-4fda-9e39-ff42f9bc2de0,yl.,droemer knaur,gottes,yl.,dk.
8dcd8e4e-7a40-4da8-945e-e0fe56b16d14,wolfe,knaur,fegefeuer,wolfe,k.
5c3b6a0a-149f-4eab-b74a-5eb8b9296ab1,simsion,fischer,rosie,simsion,f.
2a117cea-6408-4f9d-b77d-c05286082cf7,child,knaur,patent,child,k.
28d62ce8-c0d3-4e1b-8fda-c2864880ff2a,mccune,blanvalet,neferiti,mccune,bv.
62d1c888-15d3-4432-8692-b5846c4413b3,herman,fischer,liebe,herman,f.
017306ac-ddd4-4170-b52e-120025ee7a9e,willmann,ul,finstere,willmann,ul
358d639f-c42a-4f42-afbf-866908f8fcd2,ws.,knaur,blood,ws.,k.
208754ae-0543-48d9-8733-36e9613fdca1,pitt,time life,schlacht,pitt,time life
6af08dc1-f48e-433e-9a9f-b161abe7af83,noble,lonely planet,mexiko,noble,lonely planet
51bc8bde-58bc-4f2b-afa1-e0fed03ea789,yerby,ck.,fuechsin,y.,ck.
888639b5-dae6-4651-b987-f343a482552e,vandenberg,bastei luebbe,skarabaeus,v.,bl.
2132102e-75b8-4d57-8fa5-f94cb704057a,prechtl,paul list,titanic,prechtl,paul list
c4aaac1e-fee3-4a98-9ab2-18471cf2bec5,chu,tor,wiedergeburten,chu,tor
9ec91880-1058-4306-9550-2a3cac360cbb,hohlbein,heyne,azrael,ho.,h.
426197ea-7f7c-4241-b374-b632a1d4630e,ze.,hb.,rot,ze.,hb.
f4d1fc7e-51f2-4f57-b46b-8c9453f3aa65,arkina,bertelsmann,kaiserin,arkina,b.
eb568ec0-aed4-4c02-94db-0153f14e5a77,garwood,ullstein,gnade,garwood,u.
aa3ed931-c13a-4312-9721-1b3edb901a05,wood,fischer,spur,wo.,f.
16374bf7-4189-46d0-a640-722b9c9abf73,wood,fischer,erinnerungen,wo.,f.
339d14fa-48f9-418b-9d3e-72e807aa7014,wood,kg.,gesang,wo.,kg.
7a7c7f5a-2c22-4ffb-9575-f36b0a0db468,wood,fischer,schicksals,wo.,f.
5141eb89-a946-4ad8-b343-e9ce9e65449e,zimmer-bradley,bastei luebbe,atlantis,z.,bl.
9ad18e74-38b6-4cfb-9327-51458e8c00a2,zencey,berkley,panama,zencey,berkley
d3b10007-9600-4c6b-a8a4-28f81ed971c4,zi.,ps.,tutanchamun,zi.,ps.
63e9d6ea-6d10-4297-902c-c251ffac7036,hulme,fischer,tagmond,hulme,f.
0bcc79b0-d246-4ad0-932f-d9ecb1ca1e43,woelk,ch beck,sommer,woelk,ch beck
445c0fde-2d5f-4e13-9ac2-b684c0f534da,wrba,sueddeutscher,australien,wrba,sueddeutscher
0a20adf2-4206-46ce-82f0-40c87c3250cd,perowne,herder,reisen,perowne,herder
5d9b965d-cefb-49d2-a733-bf1bfd20a118,mackay,time life,neuguinea,mackay,time life
05c822c9-4cf4-438a-82af-c2dabefe0906,minelli,national geographic,ueberlebenskuenstler,minelli,national geographic
e8faf16f-72d2-4cd3-ad2e-fded7e8df75b,keyes,heyne,sushi,keyes,h.
21fbabf0-b3d8-436e-a02a-7c43d38c1613,grant,gondrom,caesaren,grant,gondrom
e22fc24d-47ff-40ee-8c8e-31dcb3b402ba,vincent peale,bertelsmann,positiven,vincent peale,b.
a96b09d3-41f9-41fd-b359-bdb85fefda9c,zf.,buch und medien vertrieb,schatten,zf.,rm.
0b5f5f64-c218-4312-a145-d54a5f2f96e6,packer,schneekluth,leopardin,packer,schneekluth
abc2c93c-a026-4986-8a8a-1f20080808e5,chen,reise know how,kulturschock,chen,reise know how
bcd4353a-56ae-47cf-a6b6-9ef3bb9eedaa,cruz smith,heyne,ritual,cruz smith,h.
cea94be5-2e5e-4632-a930-5d976c7ca170,konsalik,heyne,zerstoerter,k.,h.
da138c33-ad86-432e-a055-7978e0fe96a7,koelbl,conny coell,kraeuterfibel,koelbl,conny coell
202f9db4-454f-4c07-a4ee-f0c210afe797,dann,bastei luebbe,kathedrale,dann,bl.
8bd62de4-a8e1-47b6-928a-113f86f2a259,pressler,gulliver,bitterschokolade,pressler,gulliver
98c0e93b-2619-4981-b23f-46b715772c05,krt.,Unknown,koepfchen,krt.,Unknown
9c3dda74-301b-497f-a670-9a99081945f7,mayer-schoenberger,redline,big,mayer-schoenberger,redline
4b5d735b-11af-4875-b986-ce2283fdb86e,bunch,goldmann,fernen,bunch,g.
0f8adbc4-c6e4-44a3-b9d5-f5869a56c66e,sobisch,reise know how,havanna,sobisch,reise know how
1e675c41-6ed7-488c-97bd-081315a2a007,laureen,bastei luebbe,tauranga,laureen,bl.
97c46f20-9d4f-4f68-9ad5-654c76cbac2b,pancol,goldmann,mann,pancol,g.
19d017d8-ad75-430d-b8ce-4502fd54295c,hohlbein,ueberreuter,drachenfeuer,ho.,ueberreuter
9b50ccef-1d81-46af-9f1b-a1b38651607a,ze.,hb.,revolution,ze.,hb.
8d320d67-1fed-49ce-80be-eeab9852b2fc,steel,heyne,kuss,s.,h.
5dd5dcf9-e129-42f2-bf46-fa09505101de,singer,bastei luebbe,geliebt,singer,bl.
66f97fcf-7c86-4174-a748-ff64676d7439,santini,plurigraf,pompeji,santini,plurigraf
01848e2d-b16e-4290-95b9-5eff10f75631,culross,heyne,kairo,culross,h.
69a7dc83-a7e1-472e-a878-740f50fce7b8,botting,time life,unbekannte,botting,time life
adb700f7-7420-489e-9b7b-dd9408eeea5b,hughes,knaur,nichts,hughes,k.
3a4503b9-040b-4ffe-b565-1679b8d9121f,sheehy,fischer,mitte,sheehy,f.
d4a72af0-e19e-4a5c-95ab-4c325ceb310e,elten,hoffmann u campe,easy,elten,hoffmann u campe
81052b7f-7fff-4c35-8392-f17b748aafcb,arthus-bertrand,knesebeck,erde,arthus-bertrand,knesebeck
2bee1683-4b5d-4fb9-8b05-90dad8602551,hayer,goldmann,sekte,hayer,g.
a0a2f4b5-1202-4b0c-8f60-b7845e8315e4,zoller,vibono,schatz,zoller,vibono
ac3458eb-bd7c-4f91-8858-592dbd900acf,taylor,weltbild,moench,taylor,w.
fdf564d5-84db-4ede-962e-79aa244f656a,hellmann,bastei luebbe,frauen,hellmann,bl.
7eb221b8-082d-40c6-a78d-947721c0dca0,ohlsen,lonely planet,stockholm,ohlsen,lonely planet
80366d4b-e58e-4dc5-abe2-e89c81078fb9,koontz,ullstein,brandzeichen,koontz,u.
0d9713fe-8ec1-498c-bd67-641325c67755,hofmann,Unknown,pan tau,hm.,Unknown
d5eabb6f-e3b6-4540-90e1-07e28bef2a7a,brosnahan,lonely planet,turkey,brosnahan,lonely planet
cb333dab-3eda-4a55-b790-f404ce670fce,hartmann,rororo,frauen,hartmann,r.
f465e12b-9098-4f94-8dc3-f6b4b554072a,lama,fischer,glueck,lama,f.
994a89bd-c2c2-4caf-aa5f-478cbaacad1e,wood,bertelsmann,bitteres,wo.,b.
f62a6326-bcf9-4165-b0cf-d1b214e2b69b,wood,fischer,kristall,wo.,f.
4e8c233d-cbdf-4709-9cfa-c7d078942f90,yalom,bb.,henker,yalom,bb.
7078dd02-44c7-4aad-9ec4-782f1b771285,young,heyne,rommel,yo.,h.
c0b4dc04-66fb-41f8-b06f-c979a927e4ff,meisner,bertelsmann,stern,meisner,b.
a36727a3-86ef-47ad-9e1e-af4e09a0cc61,benoist-mechin,heyne,kleopatra,benoist-mechin,h.
de4da572-7aa9-4156-aa8e-b32204386ff6,gallmann,weltbild,nacht,gallmann,w.
a69910c1-a18f-4c81-b4fe-5c7b4adf69a1,kaye,Unknown,palast,ky.,Unknown
d3348669-ec58-48d3-8ffc-839d91372d94,jannausch,ava,mustergatte,jannausch,ava
93f3fe9e-244b-4dc3-8def-092c4d1e3f3c,greene,knaur,rueckkehr,greene,k.
b9130930-28a3-4306-a554-372c1fda9774,vandenberg,scherz,nofretete,v.,scherz
af69d03d-972b-4bcb-ae19-daa9e1433805,zimmer bradley,heyne,tigerclan,zimmer bradley,h.
a9eaef01-6d3a-4fee-b006-4d146c55ee58,sartori,atlantis,tango,sartori,atlantis
b3109994-76c0-429d-b518-f03f2cadad24,peters,goldmann,zwei,peters,g.
a1dcffe4-ede5-4a19-9245-acdcb8b2e394,doppler,campus,unternehmenswandel,doppler,campus
1cf3e4a6-e630-4520-9222-59987ff81a06,franck,fischer,liebediener,franck,f.
883707ab-7528-4ae2-8f3d-3a47058561aa,crichton,goldmann,gold,c.,g.
dc3ce81a-dcf0-4b76-8ce9-7b22b611cbdc,conrad,Unknown,abenteuer,cod.,Unknown
7cea2cdd-9ae6-491a-b206-64b85a69f8f1,archer,Unknown,kain,a.,Unknown
42600a78-7170-4e9c-90f3-5c68a264f75e,leimbach,rororo,goetter,leimbach,r.
598021de-9a9a-48b1-97f8-c1ec1c986418,zechmeister,gloria,sternstunden,zechmeister,gloria
65b4d33f-3573-4f80-be3a-6ae1e496fb22,greshake,badenia,wueste,greshake,badenia
a49b5141-0e7f-41df-bee9-f5cbb15d03c9,wz.,knaur,verbloedete,wz.,k.
92425667-bb99-4917-80e4-8f2503e3de1e,yerby,Kochs,storyville,y.,Kochs
3e65717d-825e-4c6d-8815-337f3e695882,yz.,kjb,malala,yz.,kjb
53b5294b-66c0-420d-a06e-968a79b9e973,yz.,knaur,malala,yz.,k.
b68f3cd7-47d8-4ed9-96cf-86f588b2be58,zimmer-bradley,bastei luebbe,haus,z.,bl.
31118abe-4bfa-4f16-aa24-797d1ba185d6,heck,dumont,mexiko,heck,dumont
700c5406-2663-42f8-8f5d-1ed4691e2837,lang,pro terra,wilden,lang,pro terra
d58d262b-976a-4137-97b1-9c11bb7a5284,vance,virgin,musk,vance,virgin
e9688e46-faa9-4d9e-823b-6841f1d60952,beck,edition braus,humanism,beck,edition braus
7f864975-5756-4726-9126-788a1412c885,lahnstein,Unknown,spuren,lahnstein,Unknown
c8090637-fc51-45a7-9b25-d8017a587b41,stern,herbig,rettet,stern,herbig
ac2d9ee0-37fa-4206-8f13-6b44ec24f365,griehl,WWF,meisterwerke,griehl,WWF
268e7631-4d8a-4f98-83d3-e02b6a8538a2,laner,athesia,sagenhafte,laner,athesia
2dfe3f91-cdda-4f6b-999b-37b650c4d68b,buisman,walter,spanien,buisman,walter
31d5a5ef-53d9-4fd4-a8d1-7ad2bd00d4a7,follett,pan,hammer,f.,pan
94a59eaf-3bb0-4370-82cd-ecf4b2816935,moser,time life,china,moser,time life
c726ec52-cfea-4870-8513-b5fc7617918b,zich,time life,aufgehende,zich,time life
145ddc9c-8d05-433f-81b3-669f2e58b385,ebmeyer,kiepenheuer & witsch,achter,ebmeyer,kw.
eba65a89-e940-4575-b197-ef0a1ad7d31d,koester-loesche,droemer,pestheilerin,koester-loesche,droemer
29adda81-5c93-44a8-ba73-61de8c1b2c99,murphy,heyne,loewenkoenigs,murphy,h.
369a1371-4ea7-4812-98af-f4f0a1e6403d,lewin,Unknown,loewinnen,lewin,Unknown
9b6b532a-a76a-40fd-acad-dcf8f3b21c19,buddenkotte,dtv,hatte,buddenkotte,dtv
285650d0-6ff7-45f6-946e-39b018b907ce,lincoln,bastei luebbe,gral,lincoln,bl.
20efbbc1-9180-4ae1-a108-627e3ecaf46a,steel,corgi,heartbeat,s.,corgi
00acaea3-0a28-481d-b693-7a3c4d4cd8ca,davis,goldmann,weizenwampe,davis,g.
2554ab9a-171c-43a6-a0b9-ce4b95eef22b,heiland,ullstein,freundinnen,heiland,u.
4f3e74bc-0fad-47aa-ac72-2200f07564c5,king,heyne,monstrum,ki.,h.
03a9baf5-3fcd-4cec-81d4-b6b9d59e83a2,archer,Unknown,stunde,a.,Unknown
b66a81b4-290b-4ce3-95cd-a0ff45d60b8f,bauer,dtv,ismael,bauer,dtv
39fe7ba5-606f-40fa-8bc3-1c1a1a0acef1,kalpaka,vsa,griechenland,kalpaka,vsa
0d6e9db2-23ec-4b33-a6bb-4a56aa365c7a,ambrose,Unknown,8,ambrose,Unknown
25dfe62f-d111-4350-b430-448672cd14cb,highsmith,bastei luebbe,schluessel,highsmith,bl.
a7c0602f-4f98-43f2-a463-c5f09d12ff63,konsalik,carl habel,toedliches,k.,carl habel
d923d2d1-e983-4c2e-b079-5860fbd65df0,loewenberg,ullstein,strasse,loewenberg,u.
d07df306-dcc8-47a4-869c-13302e5eef42,strunk,rororo,fleisch,strunk,r.
118a0ad6-58a6-4034-99a8-0fbf985244cd,verne,neues leben,hatteras,verne,neues leben
78007928-509a-44e5-8b69-75425109fd5d,baumann,dtv,columbus,baumann,dtv
a74dbc3b-7526-4bc2-a90d-aadaec46f6da,bergius,heyne,lampion,be.,h.
ef77ccf6-1e3c-4ab6-9da6-014ca483700c,mohr,bastei luebbe,calais,mohr,bl.
4a7cb0a1-0af9-441c-9ef5-8eabf98a25f6,holthaus,harpercollins,erde,holthaus,harpercollins
e14197a8-e64f-4b3a-9c7e-512c28aea268,drayer,mare album,ukambala,drayer,mare album
81b92ea3-4bdc-4410-bcdc-cf9ba0384d14,shaw,bastei luebbe,salz,shaw,bl.
0a0d2cfe-c280-481b-bade-4058a39c6e94,hawkins,black swan,girl,hawkins,black swan
9b45c8b8-f0df-4de0-a6b1-7a7a8d785a55,wyss,ueberreuter,schweizer,wyss,ueberreuter
7201d693-a739-4f6b-8fbe-ecdf934ee58e,wiedeking,piper,anders,wiedeking,p.
2ca950bc-d100-4a36-b5d3-42fb17f670be,seidl,universitas,rote,seidl,universitas
ca0feb0a-8e72-403e-adcb-9a9381f0eb22,kahawatte,bastei luebbe,blind,kahawatte,bl.
e6f0a043-1e6a-4323-9edf-910e9f5e780d,katmore,Unknown,teamwechsel,katmore,Unknown
f5c763e3-94c7-4c46-80d5-7e64ed37f326,williams,Unknown,palazzo,williams,Unknown
538991a7-ec9e-4c14-9d19-7377607d5c48,mueller,boersen,defensiv,mueller,boersen
40c00e11-80ac-4e1f-b43e-70f2033f22b5,powers,fischer,klang,powers,f.
1f7801dc-7353-4560-b593-3219f8c37273,garcia marquez,goldmann,general,garcia marquez,g.
4596f423-af7c-4e9b-b976-9c521b888d8c,carothers,johannes fix,kraft,carothers,johannes fix
fba9ba4c-d976-4576-838e-3b3a8a63c238,lorentz,Unknown,kastellatin,lo.,Unknown
04b17a9e-dbb2-428a-b183-b3cbc04f87cd,blixen,rororo,phantastische,blixen,r.
0267aa7b-a5ac-4043-9dfe-661db340645b,kazantzakis,dianus-trikont,buddha,kazantzakis,dianus-trikont
02e7bba9-07d9-498f-8d68-09ebf63346f7,henderson,quercus,ten,henderson,quercus
d50c3bb2-2eaa-4600-a382-1de0ecfd8df2,brown,Unknown,sakrileg,b.,Unknown
73bc5b6e-1d04-46a6-b1e9-24d7c3242c73,case,bastei luebbe,schatten,case,bl.
8fd78ec0-0875-45ec-b2fb-9fa808715301,goldsmith,Unknown,teufelinnen,gm.,Unknown
e9bf2442-d369-4161-ac85-93085c418af8,adorf,bertelsmann,maeusetoeter,adorf,b.
8f9ee0b0-0b50-4a4d-b9b7-c2b5088c3324,berger,westend,kick,berger,westend
4bb70ee2-b26a-4678-850c-e8e5e4dcd513,frieser,dtv,oskar,frieser,dtv
250ae9e6-df6c-472c-9b32-8e73006a53a3,musso,xo,central,musso,xo
87700024-6189-4f64-ad4c-a58713b8daa3,lorentz,Unknown,sturms,lo.,Unknown
c93f4eb7-bf63-4cf0-afb9-c25211ad77b8,crichton,goldmann,endstation,c.,g.
36a7d0f5-089b-4324-b7f4-c00cb0877799,allende,suhrkamp,zorro,allende,s.
e814c973-1c87-4448-8f0f-b8435d939142,gerritsen,blanvalet,todsuende,gerritsen,bv.
c7d125d2-7608-4a4b-9062-767031622183,echenique,suhrkamp,welt,echenique,s.
73bd36dc-b005-48a8-af4d-37b48acfeb67,diemberger,paul neff,gipfel,diemberger,paul neff
fe401771-1cdc-4081-94de-4cb6c6ef77b0,anderson,rororo,wahrheit,anderson,r.
0750a982-6fee-4962-8b57-ba9c0872843d,roehl,r,kopplung,roehl,r
56d6ab90-8002-4f52-a476-63e5a74edf6c,macbride allen,heyne,star,macbride allen,h.
7eb14949-8d70-4223-bcfb-0804a5322cb0,smith,rororo,unersaettlichen,smith,r.
9dd7e7be-0fd8-4c62-bfab-452ee731dd7a,peters,jens peters publikationen,philippinen,peters,jens peters publikationen
f0f47658-24ee-4f07-b532-cd8e9a57c1d1,sandberg,penguin,verrat,sandberg,penguin
12f65d68-57a4-466d-b444-2fd54aa5ae30,truksnis,anothertravelguide.com,jurmala,truksnis,anothertravelguide.com
33c79cdf-70f6-4e89-944e-272264cf7d2f,west,arrow,masterclass,w.,arrow
a79ea799-543f-4afb-b6ed-6b3853794940,wimmer,dtv,rechnen,wimmer,dtv
87cf6988-38c0-4618-8fb9-51d6ace512d5,Bartschat,edition meyster,nacht,Bartschat,edition meyster
c5eb7780-a9b9-490b-9b90-d7b80cd8988c,disney,disney,grosse,disney,disney
cf31be0e-6b99-44ac-a349-76416abe2c31,kalisa,droemer,sungs,kalisa,droemer
8c98d659-0a41-4b41-890e-6ca575ab514a,prejean,goldmann,dead,prejean,g.
996341b7-7dbb-4aa2-b05e-f99ebc3449a4,zimmer bradley,heyne,geheimnisvollen,zimmer bradley,h.
7de0002a-15dc-4451-961f-1ef2d973c8a5,garcia marquez,dtv,boese,garcia marquez,dtv
181939bc-af79-4b8f-a4f6-b2f38a28ee14,leip,Unknown,große,leip,Unknown
bb724439-7ff0-49c9-8065-d233a52ab63e,amin,heyne,modelmacher,amin,h.
6c9fe2e4-985e-4ea6-a290-20a2e37c8c0c,jacq,weltbild,nofretete's,j.,w.
ec90f5de-2f01-46af-92ed-d4535bbd01e2,wetscher,nestle,monate,wetscher,nestle
1abf3a4f-a82d-44ea-b295-331669b867ac,herrligkoffer,ullstein,nanga,herrligkoffer,u.
b275fd00-0f81-4bd6-adaa-ddf050b2291b,meyer,gustav luebbe,herrin,meyer,gustav luebbe
5024f554-2817-471c-b566-aff9d532af27,kol.,Unknown,rueckkehr,kol.,Unknown
10a1f4ed-3c28-43ac-9dad-354ebc296814,asgodom,econ,eigenlob,asgodom,econ
9dbca5b8-e61f-48cc-9c01-0740079df9a1,sohre,hoch,besten,sohre,hoch
57c1aa02-fa1f-4efe-83da-d9925a4fe82d,"dyken, van",knaur,games,"dyken, van",k.
e44ed802-a9e2-4d80-b753-36a9e9ff6c64,grisham,Unknown,kammer,g.,Unknown
8f2ee9c0-03fa-4fb5-8b65-dc92adc44717,rath,wunderlich,will,rath,wunderlich
ab02d767-f14c-42cd-bf26-ea3b3eccb77e,guterson,btb,oestlich,guterson,btb
56e985cd-4390-4f0f-9e6c-4f2b1521d12a,yoshikawa,knaur,musashi,yoshikawa,k.
47c10af6-81bf-4dc0-a7d8-fdbbfa4ff3aa,gebhardt,moby dick,radfuehrer,gebhardt,moby dick
4810589a-7a3a-4569-be94-051edad5c66d,dehio,deut. akademie wissensch,kunstdenkmaeler,dehio,deut. akademie wissensch
77cf1173-0d1e-4b54-8c14-c692e378989c,merkle riley,bastei luebbe,stimme,mr.,bl.
23c3919a-b21d-4188-aefe-9049bddd4081,matabane,haffmans,madiba,matabane,haffmans
d06368fe-dc6e-4c94-8641-f676ef22e2f0,hohlbein,vgs,paulus,ho.,vgs
f95f4ca2-be0a-4c2f-9038-46bbc3a7bfd6,"gallo, del",vgs,fantaghiro,"gallo, del",vgs
8deb3e8d-34a5-4a72-b3fc-8de897014600,gercke,heyne,feuerwind,gercke,h.
1546a2af-2b9b-4b31-9561-d7d56a4d3275,troost,knaur,verlockungen,troost,k.
f11bc6f7-d590-4232-a51a-c78238caf632,hawel,vsa,work,hawel,vsa
d372d43e-c557-4bad-a88e-6d3f702df4d9,lhote,arena,ahnen,lhote,arena
57fdb2ce-612b-4eff-9139-708744d46159,duve,goldmann,anstaendig,duve,g.
3aa255fd-0c09-4ac5-baf5-25ca1506b4a1,eschbach,bastei luebbe,letzte,e.,bl.
485170e0-3570-4f1c-9eaa-79b9b32db7c0,james,knaur,leeren,james,k.
937feb44-bf5e-435c-9a11-a3b5bd3f0d9c,fried,heyne,gluecksspieler,fried,h.
bca6446a-5711-436b-ac4c-7af5cc49ee80,seidl,goldmann,schoen,seidl,g.
b7425b9c-ec23-4126-a764-89e30f5074dd,adamson,bertelsmann,ferne,adamson,b.
bc150fb4-e3dc-448a-92a9-953ccad3997d,hohlbein,knaur,flut,ho.,k.
b5654b7d-5103-4e8e-887c-4290576b4064,falcones,random house,pfeiler,falcones,random house
d3e8b07d-f839-4494-9f9d-16f2dceff95a,kluun,fischer,mitten,kluun,f.
4a42bbe4-789f-497f-b7db-3b0ddd3ad79c,leitner,Unknown,lernen,leitner,Unknown
4a33a73b-ae0f-4679-b863-60b1cb115b1f,ekert-rotholz,rororo,pilger,ekert-rotholz,r.
4e2e059e-a82f-4d0c-b9cb-b4ecdcf5381f,king,heyne,anschlag,ki.,h.
908687a0-7724-4282-955d-7752c067f45f,george,blanvalet,vergiss,ge.,bv.
8e875dfe-520b-49b0-a50a-9156cbd87482,lehane,ullstein,shutter,lehane,u.
1eb2ab82-f2cc-48a6-a2af-1487d59895b5,rothkamm,piper,flucht,rothkamm,p.
2a4b20f2-7020-4434-abc2-e4554329c848,gorki,globus,fremden,gorki,globus
d5e75274-c647-4ad7-b32e-ffb656688655,koester-loesche,RM,hakima,koester-loesche,RM
7ad65aaa-3ec9-4417-a626-5be30cda1673,jaeger,rororo,fettloeserin,jaeger,r.
dfe9c14a-d0ef-4458-98a5-1bb1df700251,obermeier,rororo,kaiser,obermeier,r.
4170e2f7-62b7-47a6-8aaf-f4f8e81c7c20,menasse,suhrkamp,hauptstadt,menasse,s.
5460bfa7-cdc4-4e5a-82eb-9023d44ae8d0,lorentz,Unknown,flammen,lo.,Unknown
a4a4ff6c-83cc-4e75-be57-573069d5ba32,siebold,aufbau,takeda,siebold,a.
a7a5f276-f208-4825-bbfb-f71c8dd01580,"wegen, v.",knaur,mutter,"wegen, v.",k.
920af0f9-6965-4056-95fb-488216f17713,smith,blanvalet,mond,smith,bv.
c5e95a36-dc34-4f18-8eed-f40bc6ce834a,bm.,Unknown,lande,bm.,Unknown
60d8872e-4945-47a8-ba46-50fc6a30bbfa,heyne,loewe,imandra,heyne,loewe
0f6943b2-1ebe-4487-9072-c6a3b16226e6,clark,Unknown,vorhang,clark,Unknown
8ce93e11-7aad-417a-8cd5-746562fd47e9,"post, van der",diogenes,verlorene,"post, van der",diogenes
9ab31322-0d5e-4ed9-b4bc-bc10c3cff9ec,tully,vgs,jesus,tully,vgs
a382da5b-d268-4281-bfd7-9a4eba490988,sandberg,ullstein,lean,sandberg,u.
c440864e-1436-4a13-95f3-18740fabc832,birker,amnesty,jahresbericht,birker,amnesty
c322ffd3-880b-48df-945c-deb8377e374a,mackler,carlsen,veganerin,mackler,carlsen
b9cd2e66-1acf-416d-8926-c5dfb250ad1b,dittert,heyne,palmen,dittert,h.
662549ba-931a-47bb-bf16-9da44ec2a73b,beattie,heyne,kraft,beattie,h.
e09da971-a987-43cf-8bd9-294072cb09e0,yi,dt.,kaiser,yi,dt.
d100fe05-9efd-48c0-a33d-8cb3e67c8707,souad,blanvalet,lebendigem,souad,bv.
702ba28e-eb3a-4949-99d0-4aeedd711bd3,benesch,lexikothek,archaelogie,benesch,lexikothek
e646fc67-2958-4c66-bfb5-4c2ae3c40087,mulisch,rororo,attentat,mulisch,r.
f35f73cd-2219-46a7-8d3d-686515e56b3b,hartwig,pattloch,scientology,hartwig,pattloch
b152130e-dea9-477a-b132-127927e33acc,redfield,heyne,prophezeiungen,redfield,h.
4cf50b9b-1865-46eb-8a21-71685fb6a89a,schneider,goldmann,natuerlich,schneider,g.
a90e6ab5-af3c-4c1e-acda-82255733e98c,watson,fischer,darf,watson,f.
b200e4f6-8344-4038-adec-f38d416bad12,king,Unknown,kuscheltiere,ki.,Unknown
5fc35446-99bc-4ec3-a1d4-69fe06068fea,ibbotson,dtv,maia,ibbotson,dtv
975a2098-97b2-4739-b96a-3ba380e6dd06,obermeier,rororo,torquemada,obermeier,r.
0722e9b6-54d2-4e20-a14f-096dc39604d0,perez,pantheon,kokainmeere,perez,pantheon
b305b0bd-9a8f-4590-ae57-286ccdd21f91,"dyken, van",knaur,games,"dyken, van",k.
50095dd9-5f9d-488c-ba0c-3938c3e328ad,shalev,berlin,liebesleben,shalev,berlin
720a4910-e5f2-4cf8-bf7c-b60dac25a34d,nix,bastei luebbe,sabriel,nix,bl.
eb823147-bf33-40cd-a57b-2e97c8a205be,breinholst,gustav luebbe,kunst,breinholst,gustav luebbe
156ac0e6-984a-42d4-b180-02cf2f271405,feth,cbt,schattengaenger,feth,cbt
17f5ba9e-8900-49de-8186-c1904c3884c0,conan doyle,ullstein,versteinerte,cd.,u.
1ff441a1-7736-426a-9aee-4030ea41ace3,capus,dtv,leon,capus,dtv
433fc591-c62f-4297-b1b1-c49e3b4ecdcf,conde,kiepenheuer & witsch,segu,conde,kw.
f89a8075-3d2b-477c-861b-d95700e3bf3f,winslow,suhrkamp,pacific,winslow,s.
cc7aac60-4a36-4bd0-a12d-0c6378def92f,"reybrouck, van","s,",kongo,"reybrouck, van","s,"
b437a092-ddcb-41aa-86e5-2afbbde9330c,chapman,headline,lean,chapman,headline
7fd04ed9-f4f0-4245-bf03-ec4f8c25c46c,terzani,knaur,runde,terzani,k.
d85f1885-2f80-43a1-a8a0-c7537744f482,hughes,pan,fatal,hughes,pan
e0f15a81-c9fd-43d3-b508-eb04d589dc58,shalev,berliner taschenbuch,mann,shalev,berliner taschenbuch
0462237e-f3a3-4094-961c-56abf13ae259,grisham,dell,ford,g.,dell
ec06479c-5c42-4e16-8d40-053cd9abcc6d,garcia marquez,rororo,stern,garcia marquez,r.
0a57a40a-8449-491e-8b58-a8f247004366,bahro,europ. verlagsanstalt,alternative,bahro,europ. verlagsanstalt
430a5341-6e5a-4637-b3e9-5bc1aa2060dd,bn.,Unknown,jaws,bn.,Unknown
dd17896c-ba44-4e22-8ec4-d6ba47759c27,bosse,Unknown,pruefung,bos.,Unknown
55cddff2-b574-42cc-93fc-20e84945cdbb,ullmann,knaur,luegnerin,ullmann,k.
76e4843f-09ec-424d-a601-b26b5ac62afb,kleinfield,bastei luebbe,amerikanischer,kleinfield,bl.
70c5bd5b-70d9-4423-ab4c-667b27e1c542,alia,econ,morgen,alia,econ
61076fc8-8dfc-478d-ab01-326d504b0131,archer,Unknown,macht,a.,Unknown
72a4876a-4835-4853-9edf-0537449d034b,vandenberg,weltbild,pharaonin,v.,w.
c5c54ad3-07a2-4221-b24c-078cf01472a9,fredriksson,RM,geliebte,fredriksson,RM
847fcd8d-ebaa-469a-b725-35f48364243d,tsokos,knaur,zerbrochen,tsokos,k.
2180d217-ebb5-4694-a587-8a72507affff,kneifel,goldmann,letzte,kneifel,g.
5df6b381-27b8-4fc6-96ab-c7292a7f024c,burke,heyne,karussell,bk.,h.
c94201e2-c52a-4c3f-a2e9-b285be7323b1,bulwer-lytton,lw.,alf,but.,lw.
8ed9f629-0702-4633-bd4a-d182e9693229,anderson,Unknown,stretching,ad.,Unknown
7fecfae8-ee42-464a-ab57-f9f759d77ccd,weller,loewes,augenblick,weller,loewes
3189b101-9009-4e13-8496-d914e1bfffc1,evans,carl hanser,web,ev.,ha.
73eb2d87-bf4c-4e01-a868-72fe4ee110ee,urban,frankfurter allgemeine,david,urban,frankfurter allgemeine
d540fe37-75ff-4d10-a835-83783a292813,urban,frankfurter allgemeine,david,urban,frankfurter allgemeine
2110c899-fb1b-4773-bff4-9916590fe8d0,urban,frankfurter allgemeine,david,urban,frankfurter allgemeine
07a9d127-1cd2-44da-9ade-190bbba27ff4,konzelmann,hoffman und campe,golf,konzelmann,hc.
27532b3c-2252-47fb-b1df-02ef3f719b4b,min,goldmann,azalee,min,g.
9da3dfc9-f407-4c18-8507-9f6213a02c2c,babendererde,arena,lakota,babendererde,arena
a2a0fe37-1b31-4a34-b21b-a8f5db7a172c,buehne,clv,ruhe,buehne,clv
29598680-6643-4629-909f-bdffccfd2171,buschkowsky,Unknown,neukoelln,buschkowsky,Unknown
3867ba8c-dde1-4ffd-92ad-94a55372888d,clason,Unknown,reichste,clason,Unknown
7951b8e1-0993-4882-a085-280c7f085063,marie david,unions,grabraeubern,marie david,unions
4b185115-3ec8-41df-839b-e5f99038c778,garfield,faber and faber,mini,garfield,faber and faber
507842f8-804b-49e3-95f2-9891729fa490,brissaud,manfred pawlak,canaris,brissaud,manfred pawlak
e56a8ef1-4025-4848-80d1-42de9fbc4c06,chaudhary,weltbild,sklavenkind,chaudhary,w.
0c6ccbf8-8e59-4df4-a802-3c23b9c1feb9,sten,kiepenheuer & witsch,tod,sten,kw.
d588111f-ff05-475e-9084-24e7c2225b9d,"farrell,ö'",goldmann,seit,"farrell,ö'",g.
d5130ae3-042f-4382-8f96-b2bedf72f253,picoult,piper,herz,picoult,p.
7796d794-6e97-4b0d-afb6-3c54fa94ad5a,teeuwisse,heyne,fake,teeuwisse,h.
bc01c6b0-9cf6-4018-8a3b-e6521406d6bc,iacocca,econ,amerikanische,iacocca,econ
19ba99ec-7915-4e38-a44c-ef4f61de27f1,kruess,Unknown,urgrossvater,kruess,Unknown
1b67dda9-d034-4e40-a5e2-5dfe6c7340a2,einwanger,octopus,goldwascher,einwanger,octopus
3f1534f6-e09b-4011-9210-2deed161388a,hendrix,renate goetz,ohne,hendrix,renate goetz
e4bae100-5d1d-4641-ab6a-6268465537ba,meyer,aufbau,fever,meyer,aufbau
b52d204c-920b-4169-abbd-f54d804b498a,maurer,weltbild,tod,maurer,w.
90d44149-04d8-43a4-90a9-1ad20391651d,limmer,periplaneta,reste,limmer,periplaneta
85daf0f8-30cb-4b4e-81a0-27640f47f502,hildebrandt,diederichs,halt,hildebrandt,diederichs
77c54922-4911-49d3-aa5b-ce7d49e1495c,proeve,malik,orientalische,proeve,malik
e5063766-f852-4ee5-8fa7-9d4bf4852669,peters,knaur,vibrations,peters,k.
6c6e1066-061b-40bd-a495-9c73e58769d4,schier,weltbild,tod,schier,w.
d2a1292c-324a-40a4-8669-0210c6e49b97,link,Unknown,marmalon,l.,Unknown
cafc30db-fbec-4b4c-899a-0a61de1d258f,serno,RM,wanderchirurg,serno,RM
9ad71cc9-8833-43df-9ec3-a87b62bbe78f,silver,ueberreuter,erde,silver,ueberreuter
3eea5146-1f65-4849-b07b-f2ebe0bf9e8c,wood,fischer,kristall,wo.,f.
c1b26d97-1cf8-4016-b5a6-b198d7d850e4,matthiesen,heyne,brandspuren,matthiesen,h.
a14b3da0-24da-4db7-841b-beda08f5f2a7,kuttner,fischer,wachstumsschmerz,kuttner,f.
b52862ad-ad4d-4d6f-9115-2e02c967e4d9,tracy,berrett koehler,eat,tracy,berrett koehler
da42e151-9695-4cc5-aac2-99e557205d6d,levy,knaur,sieben,levy,k.
7dee09f7-8ccc-47e4-9543-89ffeecd2fc6,chinglie,Unknown,saenfte,chinglie,Unknown
34ffed52-bef2-456c-9576-d3ee38dbbc35,remarque,lingen,kameraden,remarque,lingen
fcc02ba6-5921-4b69-88e9-ae0184e06096,giffin,rororo,trotzdem,giffin,r.
1a16265b-1284-4718-a9fd-f7e11eff2eac,larsson,Unknown,vergebung,la.,Unknown
f40c4ecb-c968-4442-937c-eb2aa2bee96a,kehlmann,rororo,vermessung,kehlmann,r.
3863c9b1-5ff4-4cbc-8d5d-c05733ec9a83,wilding,blanvalet,pfad,wilding,bv.
607ca103-dae2-47a5-8ad1-e1cd49f19ae3,lorentz,knaur,kastellatin,lo.,k.
a8d83046-31b3-4689-b89a-58585ab911c3,herbert,heyne,wuestenplanet,herbert,h.
31ca6545-3e81-4231-be60-971facd09e46,paul young,allegria,huette,paul young,allegria
927f620a-a532-4506-b849-f544384021fe,hachfeld-tapukai,bastei luebbe,liebe,hachfeld-tapukai,bl.
03c44152-183b-4b07-a058-d44b29dc6738,moor,rororo,wir,moor,r.
11ef4896-8163-4f61-ac17-f9c023a9d300,zaimogul,fischer,leila,zaimogul,f.
33db72e5-bb1b-444a-9d9d-2e0445b8929f,kuechler,bucher,china,kuechler,bucher
07477a01-6a05-4ef8-84e6-a80f411e3deb,maria de jesus,lamuv,tagebuch,maria de jesus,lamuv
612c8b10-f2ef-47e4-9ff2-a6c8677dd376,klein,rasch u. roehring,koenig,klein,rasch u. roehring
9c84af39-528a-44e1-b2f3-1140a7f73595,williams,time-life,nordwestkueste,williams,time-life
8dfeb200-a7bb-4fbc-bce7-4204a2f4d1d2,mackay,time-life,neuguinea,mackay,time-life
13bf5795-5c57-4b71-a446-96462be98ac5,swift,time-life,sahara,swift,time-life
3184b5bc-ea99-4b6e-8030-521f90b06006,tanner,time-life,wildnisse,tanner,time-life
454f109f-8cc3-4c5a-b809-7dfd359e9fb4,el-nawawi,haus der kunst,nofret,el-nawawi,haus der kunst
3dfc336e-ac85-4f77-9842-0d84fe4c0527,dumler,fink,rundwanderungen,dumler,fink
ab6e1798-912f-41e2-a531-3845c9a8f5f4,"cesco, de",aare,blumen,"cesco, de",aare
de124d87-c4a5-4d27-8db0-a2be306cf594,boeckl,weltbild,geliebte,boeckl,w.
c591fed4-85b1-4a54-ae70-24a3e423ad5c,lamb,Unknown,musik,lamb,Unknown
bb9bf689-a2e1-459e-90dc-7c63e0eadc3f,loose,stefan loose,suedostasien,loose,stefan loose
1f239641-51f4-497d-8187-02162458d141,faschinger,dtv,stadt,faschinger,dtv
f8789d0b-9904-4ca2-9cf9-d2f9d0f6562c,fromm,buechergilde gutenberg,kunst,fromm,buechergilde gutenberg
40a74ab7-a652-45c1-af9e-68c68a21d8eb,clow,hugendubel,chiron,clow,hugendubel
8ba847d4-6fda-442f-8c1b-cbe590ed2d8a,albert,Unknown,schwarze,albert,Unknown
de67b120-b5b9-4aea-a6f8-21d7532066f6,fuss,bertelsmann,geisterball,fuss,b.
c3da4121-4884-4d13-959a-c8364452348a,buck,ullstein,faenden,bc.,u.
ba31b872-d4d6-4cad-9497-7645aa49eeab,cohn,cbt,nick,cohn,cbt
94b2373e-46da-4532-bb2e-1445cb902db6,hinton,dtv,outsider,hinton,dtv
6a530066-5a14-4dde-984c-f7bb1ff5dacf,messner,piper,freiheit,messner,p.
ee3e6897-0634-4480-b8c2-7e3c42ebb3f3,colman,knaur,leben,colman,k.
74e3e355-ace0-4f2f-8f9f-e44151104146,hoffmann,ullstein,ally,hoffmann,u.
78eb5c8f-d1c8-4f28-b7b1-44c1235c6f4c,poehm,mvg,vergessen,poehm,mvg
d7d49218-4914-4c07-83a3-d24166a6f317,rau,baumhaus,down,rau,baumhaus
f29e1e14-7691-466a-9356-e08bb15adcb5,janz,mtb,strandrosensommer,janz,mtb
e62eb70a-fadc-4b0c-87f9-24ee9a0db1c6,king,signet,misery,ki.,signet
0a14a27b-a01d-4ce3-a0e8-bdec5aeb4d2f,dubois,luebbe,trueffelgold,dubois,luebbe
c78c441c-9150-4398-ac6f-2437ba33ef1d,linke,ullstein,weiberwirtschaft,linke,u.
9eaf01ad-ce4c-45fc-92b9-ec1ffa9e6a4b,murphy,ariston,macht,murphy,ariston
c4a3b0b8-61c6-480d-a323-f7804f8b06b9,chase,bertelsmann,aufschrei,chase,b.
8a4b9a53-e2fc-4cc0-8fcc-8d37c37786cd,slywotzky,headline,demand,slywotzky,headline
bee9f843-eac7-484c-8b3b-70467eae70a6,clarin,albrecht knaus,durchgeblaettert,clarin,albrecht knaus
4ad10802-29c0-4ba2-b98d-b37aa8ed0c85,jonasson,carls,analphabetin,jonasson,carls
8ce44195-f18f-4ff6-914a-532088583ea9,baughman,harper & brothers,secret,baughman,harper & brothers
bf62836b-0669-4bf7-aca0-4889e006f4b1,gammelgaard,econ u list,letzte,gammelgaard,econ u list
5db68bbe-d4c0-4e3e-8838-30c50ee34e28,bok,weltbild,flucht,bok,w.
2664de96-37f8-43ad-b966-bd447badc57c,erdmann,deutscher buecherb,magische,erdmann,deutscher buecherb
6caa0d8e-660d-4132-86fa-06a85256bed3,podschun,addison wesley,assembler,podschun,addison wesley
d9322539-3d66-41b8-b651-d622d14a5147,messner,fischer,sinnbilder,messner,f.
1c150967-1880-4427-bbe0-828069c6c069,schulz,reise knowhow,valencia,schulz,reise knowhow
3f79a88f-9d27-4737-b883-a47eda2fb3e2,back,adac,gardasee,back,adac
16db590b-44c0-4048-991f-f2982e7b5f5f,haffner,kindler,bismarck,haffner,kindler
370ae0c8-18b1-49ac-8804-d1b68d75a0d8,harvey,goldmann,absolut,harvey,g.
68e1bea1-75a4-46b2-a4a9-f945b7168091,castro,Unknown,schelme,castro,Unknown
eadc98e3-2acb-40dc-9487-9c96ef2692bd,hardie,headline,house,hardie,headline
2e7ac3a6-32b7-4b4c-9bb2-94ad1ef9d514,beer,li.,rote,beer,li.
ecf2e0dc-1ff1-40b3-bc9d-ed9fe62b4572,"blasi, de",piper,tausend,"blasi, de",p.
d9795959-892c-43bb-bde2-b700d54680a9,anand,goldmann,tantra,anand,g.
3258a90e-c6d2-4ec7-ae0e-6b9b6e2d2db8,fischer,piper,frauen-wg,fischer,p.
8474f1e3-8769-4507-b618-52c7c89471d9,"pappas, del",blanvalet,kuss,"pappas, del",bv.
f58d96e9-d012-4a4c-a90c-f1fc9b06f6b7,king,Unknown,schwarz,ki.,Unknown
1fda63fd-3f97-4d94-b445-231cb6201c6a,limmer,.,saucool,limmer,.
b5e4509e-6987-4f53-aeb0-204ff96543e4,norfolk,goldmann,lempriere's,norfolk,g.
6a6725de-fd47-439a-946c-1c969c881cec,ball,Unknown,malta,ball,Unknown
682a1ad0-1479-458e-8298-7a2a1f6a8aa9,king,bastei luebbe,nachtschicht,ki.,bl.
baab46ff-2903-4430-bac0-cc7ac65fe53c,breuers,bastei luebbe,sterben,breuers,bl.
d0aed265-7894-4009-bec3-262358258641,niebler,reverie,worth,niebler,reverie
f956d7b2-12d8-4558-aab7-0aeff9327717,"bredow, v.",goldmann,keile,"bredow, v.",g.
ec618cee-0ee9-4598-abd2-735bce6f4cf4,greenfield,lonely planet,new,greenfield,lonely planet
48a37145-565e-440c-b914-34de99d13e55,ostrowski,rororo,onkel,ostrowski,r.
e08d1ca6-bca8-4727-835d-9d0d7047c294,holden,john wiley u. sons,power,holden,john wiley u. sons
f1156a0d-a616-4aa4-a1a0-ae161914dd12,puzo,ullstein,omerta,p.,u.
f2e93d29-61c3-4ad4-9711-a8842f1e80ea,thiele,Unknown,definitionen,thiele,Unknown
30d7496a-fb11-4826-9de4-84740b92282e,"kuerthy, von",rororo,mondscheintarif,"kuerthy, von",r.
769dccc8-874d-4e82-b643-b3846bf9d90a,schwarz,bastei luebbe,schmetterlingskinder,schwarz,bl.
8f5e26f4-58d3-48f3-8e74-e242a0903e6a,michener,knaur,bruecken,michener,k.
81ae436b-836e-4562-8db3-a347b0f264d7,london,Unknown,seewolf,ln.,Unknown
7760418c-7bf6-44d1-b385-fd87f9b0cea3,irvine,collins,scotland,irvine,collins
4654e1aa-da27-4f1b-bd0a-fb6722118eff,michener,bastei luebbe,klondike,michener,bl.
56ee7995-91d0-402f-a81e-c84541cd1a41,johnson,ravensburger,krieg,johnson,ravensburger
91063a55-c35b-4f95-b1ad-c26a7739e040,maurer,weltbild,felsenfest,maurer,w.
99710644-bf19-423d-943f-e103fa3d6f58,tapie,bastei luebbe,gewinnen,tapie,bl.
f143b761-55fa-4524-838b-f082cf6a39bd,bly.,aufbau,pompeji,bly.,a.
aa754541-09f0-49c1-8241-f0796007d1af,koontz,heyne,geblendete,koontz,h.
bdb05310-b007-4a89-a014-b021965263b3,stammel,rororo,whiskey,stammel,r.
66ef11d7-6741-4da2-90e3-0a60f0820c1b,schwarz,bertelsmann,heilmethoden,schwarz,b.
a1bd8a95-873d-43ff-9245-73ca3e15e632,loeff-basenau,buechergilde gutenberg,pioniere,loeff-basenau,buechergilde gutenberg
9c010459-0b05-4af6-9b0e-484feb9bc208,maiwald,dtv,knochenraub,maiwald,dtv
dc2b3cd5-b862-4888-ab07-90c409c21e5b,welskopf-henrich,otto maier,weg,welskopf-henrich,otto maier
dbee31c7-0567-473e-a9da-67ae9a46f6c8,konsalik,bertelsmann,herz,k.,b.
b17422e1-d0e9-4072-9e68-c8abf22d2420,fensterheim,mosaik,tun,fensterheim,mosaik
567470d0-0ec1-42c3-a25e-484f4856c7c4,allende,Unknown,geisterhaus,al.,Unknown
4e5d5ff0-66f3-4a52-a9ca-a3a6942b28a2,knopp,Unknown,gehilfen,kn.,Unknown
dffeab12-0ecd-4439-bc16-66e3c6e55ad8,vasas-brown,bastei luebbe,blutmal,vasas-brown,bl.
67d200ef-6c98-4e22-bc2f-7d2a93f57c79,brauen,heyne,eisenvogel,brauen,h.
9c395080-4607-4d87-a06d-e39df8f66173,maclaine,ullstein,tanze,maclaine,u.
db6a624f-bf8e-4449-8515-281a378e7d1b,michener,knaur,verheissene,michener,k.
f0d3d755-faa0-4c24-94ac-a1d47ee9d58b,cartier,heyne,peter,cartier,h.
7ff1549f-f47d-49e3-8f9c-fb91e9a07f04,somtow,goldmann,wolfsruf,somtow,g.
613be7f0-b37b-41fd-9472-9e9708ffff3c,neuhaus,list,tiefe,neuhaus,list
951b9c1b-86c9-4e51-b9b4-4ff5274214db,buck,eg.,mandala,bc.,eg.
2953d7f3-0da1-4ab4-9ecd-8612e19a2ccd,blome,hermann bauer,bach,blome,hermann bauer
8782389f-47cf-41e6-b560-fcaec8680fe0,"aubin de teran, st.",suhrkamp,italien,"aubin de teran, st.",s.
99ad09e1-6ec4-48dd-a611-668538b8b5e0,link,Unknown,letzte,l.,Unknown
3972763e-6dd5-41b4-a4fc-5d032f0cef2d,stoewing,knaur,bloeder,stoewing,k.
9bc4fd95-396d-45e0-b7a3-839065dc65ae,mohr,lingen,soldatensender,mohr,lingen
874a6eb9-2724-47dc-95b2-3dde3fcc0e67,paretti,bertelsmann,suedsee,paretti,b.
01688871-946d-4a60-a932-7717b3cbdd54,strout,btb,blick,strout,btb
88e062f5-5400-488b-84f6-38edd8b2d56c,conde,list,berg,conde,list
751ffa54-50fb-49e5-8d4d-fa04aeec4727,siege,beltz u gelberg,fluss,siege,beltz u gelberg
f89ca83f-1681-4fce-a1f1-e091db319a9d,deml,medianet,gruenes,deml,medianet
550a8051-ff8c-4003-9cc8-7f0b4d5bf6f8,caldwell,bertelsmann,ferrier,caldwell,b.
95b7d4c1-3b14-4e71-93b8-9a44327354aa,strout,btb,an,strout,btb
c54f7a86-421b-4d4d-963a-e8ad5afe534f,markel,econ,weg,markel,econ
9d2a3861-716e-441e-973d-6cc0030e6788,reski,knaur,kamen,reski,k.
1185f68d-c679-447d-9839-5a9f7e799548,unbekannt,ullstein,u.,u.,u.
67d8da3d-8e65-4e75-96fe-88cbe6728576,wickert,heyne,deutschland,wickert,h.
44109893-2f20-4531-be77-596aa4caeb6c,schuhbeck,heyne,liebesmenues,schuhbeck,h.
687cbdc0-2526-4c7f-ba76-ade374388bec,stewart,grantham house,new,stewart,grantham house
1849e120-cfe4-4e6d-b049-98c7dc7be83d,andrews,Unknown,engel,an.,Unknown
a24bda83-ad45-41c3-8562-09eb08ba9bfc,toepperwien,rotbuch,braunschweig,toepperwien,rotbuch
4436ae3c-e706-4195-b2bd-cee1b18e93f4,brown,bastei luebbe,origin,b.,bl.
57fa5151-6b14-4f57-b191-6c56b3162a7c,kammerer,heyne,wolf,kammerer,h.
9902417c-9c61-41ca-8c6d-cfd0d776a3b7,"maurier, du",heyne,karriere,"maurier, du",h.
05d2f2da-6447-4699-869f-aa690a0f89a8,gaede,GEO,archaeologie,gaede,GEO
14a0037d-02c5-4dd9-9241-fb1042b64c9c,gaede,GEO,archaeologie,gaede,GEO
4a3763ce-b616-4825-a1a6-5e66b349f0c7,girard,emil vollmer,ewigen,girard,emil vollmer
c7e69fc7-f4a6-4f46-9855-5af165263f83,sanchez-canton,galerie somogy,prado,sanchez-canton,galerie somogy
4917e90c-b16d-4739-b388-04cf7653a099,sevell,cbt,black,sevell,cbt
ae67ab7f-13a0-4c14-8583-9fb498e1f10a,capus,btb,patriarchen,capus,btb
663f527f-af10-4e1b-95c1-9964eb6692c1,unbekannt,polyglott,israel,u.,polyglott
27d3a372-2135-4897-ba72-93cad7c77e3c,stevens,goldmann,immer,stevens,g.
15cc2f16-eecb-46c2-8bed-f38c378fea63,konsalik,heyne,frauenbataillon,k.,h.
cc1fdc31-5261-4b8f-8799-3807b1788438,vilar,econ,betoerende,vilar,econ
cc0cb094-3c41-4af0-8f2b-b7c86227a65f,link,Unknown,taeuschung,l.,Unknown
ee67ee2c-9d4a-4152-a8e2-e4f87a30b32c,mueller,Unknown,maschinelles,mu.,Unknown
250a63df-d25a-40bf-b392-b9d4cdd0ec3b,konsalik,goldmann,wer,k.,g.
08e3c34e-a80d-49e2-8a14-b9940b358ed7,heyerdahl,bertelsmann,fatu,heyerdahl,b.
6a006957-e11f-4bd6-a9fc-8db954aef882,michelmore,albert mueller,sexualitaet,michelmore,albert mueller
5981393b-6b31-4121-8c16-6a650ee6d109,henisch,deuticke,verirrte,henisch,deuticke
e54200d3-209d-43d8-81c3-de13cc36af47,blunt,knaur,blutiges,blunt,k.
99087acc-4865-4c77-9ec7-55b96fd3d460,dazieri,piper,finsternis,dazieri,p.
74e640c7-9950-4cca-930b-29cd143915e9,baedeker,baedeker,andalusien,baedeker,baedeker
b2d662c2-711b-48e8-ae9e-0bd84e767951,baker,Unknown,gladiatoren,baker,Unknown
83663ac5-fd26-45dc-bd85-1fe99a10e25b,desai,btb,ueberlebende,desai,btb
9d9c5483-540f-491e-8acd-a543e7adbc3d,weggel,beck,china,weggel,beck
2156b0c4-3a86-4a65-877e-9ff52744730e,mueller,Unknown,einfuehrung,mu.,Unknown
0810b13c-0028-43df-8a45-a27a6a20bce9,spencer,moewig,lennon,spencer,moewig
bbc252cc-8af9-4501-9f97-0684917793bf,allende,bertelsmann,unendliche,al.,b.
831bf790-af58-4522-b4c8-cbbb40f5efca,goeudevert,rororo,vogel,goeudevert,r.
6f8cd20d-df90-4923-8644-8b0a5191dd89,byham,mi,magische,byham,mi
261d0d52-4635-4b8a-9733-c1a4f6bfdd7a,bruhns,ullstein,vaters,bruhns,u.
3db60530-cc41-4675-b80e-f5b7424421e9,battuta,heyne,reisen,battuta,h.
d76ef97c-3c97-409d-afde-08189d76fa4c,schwitzer,edition tau,heilen,schwitzer,edition tau
d220cc92-5167-49c5-93ed-3c61521ab43a,reid,scherz,hand,reid,scherz
e6099126-2616-4cc1-9c30-50e266f7650a,boldrini,otto maier,etruskische,boldrini,otto maier
26b3e76c-26e4-4c4e-a950-19b7c638affe,ltz.,Unknown,amerikanerin,ltz.,Unknown
6d96dd5d-15be-4a70-b2be-64e8e023bfff,shostak,rororo,nisa,shostak,r.
6f53ad53-2e67-4862-8440-042a3ee34a3b,roeser,herder,himmel,roeser,herder
70c490b2-a43f-4e55-9da7-91578ab609a7,schweder,ueberreuter,mutterliebe,schweder,ueberreuter
270b48fb-5d5c-45df-9859-e3a4c0eeab06,spannbauer,kopp,finanzcrash,spannbauer,kopp
337b683a-5906-48cc-9da2-bca2e02b3107,ebert,knaur,schwert,ebert,k.
32f0255c-b983-4c52-b11a-71f7cbb67631,grillparzer,heyne,carb,grillparzer,h.
a27d79db-071c-4fd6-b944-09bb8a1a827c,stecher,egoth,ausdauernd,stecher,egoth
29fc8ac1-b181-4043-8540-c65e1d41a038,righini,heyne,florentinerin,righini,h.
4af3dce7-aad0-40bf-b066-65117d8c8ede,kissinger,goldmann,memoiren,kissinger,g.
76f6b147-476b-499f-ab68-d7f9ae070949,krt.,Unknown,besser,krt.,Unknown
a6c13217-294c-49da-9116-760f0dba88d7,kahls,schwarzkopf u schwarzkopf,111,kahls,schwarzkopf u schwarzkopf
82536c43-b375-4992-8b0a-6a71b9af2808,reisfeld,bastei luebbe,prinz,reisfeld,bl.
5d8dbd49-6f45-4906-a2e3-cc5e6b1cba03,sasson,weltbild,ich,sasson,w.
f1225d74-a82b-478c-a581-6f6f45f8a340,mross,econ,boerse,mross,econ
748b004c-390f-4a69-935e-76fe10a803d4,fox,beck,gott,fox,beck
981c3fe4-f7c2-42c3-ac69-76798c92feb5,barr,heuristechpress,handbook,barr,heuristechpress
f59ff534-de01-4c13-a9e6-1a9f0feffca3,zweig,RM,nirgendwo,zweig,RM
8ff6681b-f56c-46c4-8f3c-a8142bd7336f,konsalik,manfred pawlak,rollbahn,k.,manfred pawlak
b917710d-87a3-46e4-959e-81f95600bc8c,steingart,piper,weltkrieg,steingart,piper
3cb7ed96-4108-4ae3-a759-087d57790751,kroehn,Unknown,chronistin,kroehn,Unknown
bbf96708-e49d-48a6-af18-c6b70cd2519c,jajkes,bertelsmann,licht,jajkes,b.
58ef8660-912b-4b56-acea-90ba7e724419,schroeder,cbt,tal,schroeder,cbt
b990281c-f533-47f7-8a8c-f2bd4302526a,adrian,de.,midnight,adrian,de.
212baff1-3178-42a0-9c27-edd8936a12e6,archer,Unknown,fortune,a.,Unknown
3028df62-f8ef-4624-b05d-cfd763ca4961,ruede-wissmann,gondrom,satanische,ruede-wissmann,gondrom
2a395c59-04f4-4dc9-a2be-329540747a03,benioff,heyne,alles,benioff,h.
3ff368b4-80c6-4a28-b70a-56fb8e90056a,futscher,deuticke,soledad,futscher,deuticke
7f38341d-dd90-458d-8473-11799b9a6acf,temple,piper,land,temple,piper
4a9f3dfe-bdaf-4db2-866e-6c251e8de1ac,ummen,IVD und Immonet,immobilien,ummen,IVD und Immonet
d57d41c2-d96f-4844-98df-33aa86be2f26,westphal,heyne,scream,westphal,h.
4c2fb376-ff69-4051-ac80-8083585ba6ef,link,Unknown,suende,l.,Unknown
40e58a6a-14e4-40a3-a74b-7c5fd09558dd,kitzinger,koesel,schwangerschaft,kitzinger,koesel
9420d7a8-e8df-4de5-8798-742f6d86e702,flatow,deutscher buecherbund,heirate,flatow,deutscher buecherbund
29aa0e35-9607-489d-97de-cc9b3263ca1c,prasske,blanvalet,kuesse,prasske,bv.
8f630151-9db7-4525-9bcf-79b5710fee5f,sagan,penguin,bonjour,sagan,penguin
e9755385-2c85-4237-9dfe-94b41a295459,andersen,heyne,neuland,andersen,h.
44c04b4b-eea8-4352-94c0-aaef1630a756,adler,Unknown,rosenkrieg,ae.,Unknown
8aa10fbb-537a-47a8-a33f-bb61541baa7b,"haar, ter",dtv,behalt,"haar, ter",dtv
905940ee-f38b-49eb-a69f-c129b1a82117,dessen,dtv,cool,dessen,dtv
a778fc25-e8d1-47a7-a0f2-bede24869b1a,zeh,luchterhand,neujahr,zeh,luchterhand
f130ff5a-96f5-4cbe-9f66-69c37e7f6e5d,hennings,evang. luth. mission,nichts,hennings,evang. luth. mission
f01a5359-bafd-41db-8fb8-6b41b5fcc0cc,lenz,Unknown,soldaten,lenz,Unknown
bd0c817f-ade0-4e6d-a270-69832cd07cb4,michener,knaur,texas,michener,k.
cb591615-c9bd-4126-8196-144a1db23842,welsh,dtv,ecstasy,welsh,dtv
727e503b-2fe7-431e-839a-564d708d19ec,sidhoum,serenivate,adhd,sidhoum,serenivate
b2ff6306-a032-4245-b4b5-0aadeeb2c1a1,konsalik,goldmann,toedliche,k.,g.
63980313-7133-4305-807f-ff49e932e30d,konsalik,bertelsmann,tal,k.,b.
568951da-f030-4a8b-a77d-89c58c3d3144,hacke,antje kunstmann,neue,hacke,antje kunstmann
4a1d380d-317a-4839-96c3-5f7dcae3b2dd,schaper,dtv,geschichte,schaper,dtv
5a33fabb-da3b-4b73-ac42-abd22e44cb01,konsalik,heyne,strasse,k.,h.
44a46d42-6dac-43b6-8e77-bcc4c7828301,konsalik,heyne,letzte,k.,h.
8f9d29db-ac4c-4367-bd17-78f11f4937a5,lie,Unknown,familie,lie,Unknown
4828dd13-80d8-4c64-97ec-fe42ce2a7119,lott,Unknown,freund,lott,Unknown
27323453-7c03-436c-b89c-99ddb9c9a477,archer,ullstein,abels,a.,u.
02cef8f5-1680-439e-801e-6c5a0fb6e043,archer,Unknown,equals,a.,Unknown
67ae1062-2935-4078-aff8-420e36bb1150,schmidt-polex,heyne,patron,schmidt-polex,h.
613bd8b7-d042-4645-bf5d-dd3351ee6917,vuckovacki,fischer,indien,vuckovacki,f.
3d442c81-52ef-4d1d-bccb-25b289030c13,hohlbein,ueberreuter,siegel,ho.,ueberreuter
7856f52f-364a-4b55-8956-b4c5a7d8c833,tulavii,heyne,papalagi,tulavii,h.
e1587768-d105-4802-bbde-a4c33555f094,haefs,heyne,alexander,haefs,h.
15fc309e-e024-4876-91b6-eb6dbe2b3a19,pressburger,heyne,bridge,pressburger,h.
87d39938-4ca3-4526-b967-32265d139da1,rigby,corgi,goal,rigby,corgi
d605b081-2df9-4ba0-8192-afd05aeee34f,wallnoefer,lingen,lebe,wallnoefer,lingen
74a58b3d-62d4-472a-9a99-8c1975721173,archer,Unknown,fourth,a.,Unknown
d4da384c-cdb6-422a-a442-1b5cd6aa9cb8,wu,RM,feder,wu,RM
4e3f7c78-81fc-4ed5-972b-dbfa3bae54a1,brown,bastei luebbe,sakrileg,b.,bl.
2bbffe7d-bf04-4c74-9b59-eeb6497ff9b1,lenz,insel,wanderer,lenz,insel
32a37bf1-1419-4163-82b1-ed4f07bc06c7,konsalik,heyne,heimaturlaub,k.,h.
b64660f2-2f3c-4cf2-a69c-86f7ffa2c9a6,helbig,cpi,aufbruch,helbig,cpi
290ba447-fb52-4804-89db-0f0af15b16c1,borst,ullstein,lebensformen,borst,u.
a83eaf56-f7de-45b3-b3c3-9e914705fe44,owen,evergreen,40,owen,evergreen
0f88db58-6097-471d-ac08-e76c680807c2,nordhoff,weltbild,meuterei,nordhoff,w.
4e6033a9-2183-4976-85e0-d2e311fd8abd,nyary,bastei luebbe,vinland,nyary,bl.
c2704386-3f5c-43d6-8600-3e93cefc55b7,menzel-tettenborn,roland goeoeck,geheimnisse,menzel-tettenborn,roland goeoeck
ec81ce88-ac4f-4670-a647-0950aa2d1922,kneifel,schneekluth,hatscheput,kneifel,schneekluth
7aef1623-bae5-461c-954b-4f321a088ac2,auel,auel,clan,auel,auel
7858572a-65e3-4852-b5c1-17f8aa5f5e75,schwarzer,kiepenheuer u witsch,doenhoff,schwarzer,kiepenheuer u witsch
11cbd943-80d2-4ed8-b75f-bca57990b84a,savage,loewe,ruf,savage,loewe
14a05a6e-3e2b-412f-b1e2-836099aba1eb,knauss,deutsche see,family,knauss,deutsche see
275a6ac1-ebd8-458b-b6e9-457c1bba5f7f,haaf,bertelsmann,rettet,haaf,b.
479a34b7-4c76-4009-8eb9-bde783142ae8,unbekannt,unipart media,nutella,u.,unipart media
54a33b36-4180-447e-bfdb-43d31df574d4,mackrell,insel,unvollendete,mackrell,insel
c572948c-7a8e-43c2-b299-fe1c724fd196,pohlmann,graefe u unzer,krawatten,pohlmann,graefe u unzer
d992fb1b-1cce-499a-812f-09974794d87d,fink,piper,85,fink,piper
2db1af28-aa5e-4e5d-a707-7974617d75d4,mantak,ansata,tao,mantak,ansata
51779dc7-0b67-435e-960e-98b2d448c2db,ebert,knaur,schwert,ebert,k.
a427d270-8b08-4833-96c8-0a920c9c0366,moccia,ullstein,drei,moccia,ullstein
e0cca4d0-dc11-4b89-8d7c-4c2d6072ae59,gumin,piper,mensch,gumin,piper
13ec3416-e662-44ae-b9b0-f4a8e51836a7,striano,piper,portugiesin,striano,piper
abcd69ca-2da6-4ec8-aaef-267b44ae5807,wolick,engelbert,sue,wolick,engelbert
0b7412cb-5354-4f9e-ad74-38cee00d2a8c,stein,herbig,grosse,stein,herbig
2c50aa09-abbe-4cf5-897c-06e26e8dc27f,ukena,blanvalet,eismann,ukena,bv.
c17e5b14-cba9-446f-b30f-b09b9b7923fd,mason,goldmann,schatten,mason,g.
272b9a9d-8a1a-4480-be02-82d167a12614,king,Unknown,desperation,ki.,Unknown
d914c579-9673-4134-9d03-aac3021b58bc,ems,ploetz u. betzholz,andere,ems,ploetz u. betzholz
3c838d19-f855-4c76-a66d-d45c96db1879,Atkinson,droemer,vierte,ak.,dr.
28a6dd5f-28b8-4ded-ad18-df2abcf70149,friedl,knaur,frauen,friedl,k.
e2d8c8bd-22f3-4481-a9af-4556c5aede56,luhn,ueberreuter,angst,luhn,ueberreuter
92f65b4e-a499-4d00-85d3-62359b475b3e,holt,bechtermuenz,feindin,holt,bechtermuenz
e9f9d68d-91c3-4e30-bb1b-5194f8c9c43a,caplan,advaita media,brauchst,caplan,advaita media
6a09ebff-3b27-4490-a20a-fd0ebc930d7e,schmid,insel,liebe,schmid,insel
cbd255a3-01c4-4e5f-8d8c-fc63d90e9c67,zebothsen,wolfgang krueger,ararat,zebothsen,wolfgang krueger
700e5b11-29de-43c6-85ee-e870ef2896ff,walters,Unknown,schlangenlinien,wt.,Unknown
6510a27d-0252-4d85-b1f2-d4b114911f25,strittmatter,aufbau,laden,strittmatter,aufbau
2f825fa4-52dd-4fee-acba-6d1590e69b29,kinkel,Unknown,venuswurf,kk.,Unknown
a09adf6d-8ae6-4ca4-90dc-a09846ba537a,suu kyi,bastei luebbe,weg,suu kyi,bl.
411dcc09-a7b1-45c9-ac17-87fb4e91fa6b,overholt,droemer knaur,gigant,overholt,droemer knaur
7c9a6be2-d71c-4ba9-91e1-a3e917f5ced1,uris,Unknown,exodus,ur.,Unknown
671cf1ac-f0e3-466f-b438-bb6388e7421b,stone,Unknown,michelangelo,sto.,Unknown
4a97b6aa-c9df-42fd-867b-c97038d6e275,thorwald,Unknown,kliff,th.,Unknown
73ebc6bf-d411-495d-8b05-c95ae28b577c,unbekannt,Unknown,suedens,u.,Unknown
304917f8-08b6-460d-80c2-aaece64a98cb,vandenberg,Unknown,pharao,v.,Unknown
35ca3978-84e2-4b5b-86b1-f8cea88d2e7d,zf.,Unknown,gefangene,zf.,Unknown
c90ad4f5-665d-46f4-86e0-788d3464ab64,zi.,Unknown,titanic,zi.,Unknown
807bcfd0-4088-45a9-82d7-f90f55431106,yh.,Unknown,saddams,yh.,Unknown
c73783b7-5d93-440e-b0ce-a58cadd85dab,wroblewski,Unknown,geschichte,wroblewski,Unknown
ea364ee4-2a9b-41a1-9a3f-ab91f61c4d15,baldacci,Unknown,versprechen,ba.,Unknown
3b55a184-cc9f-43e1-892a-e2c6ca57c739,altrichter,Unknown,terrors,altrichter,Unknown
ba22df0d-fa7e-45ae-b8b8-bdb580705351,zwerenz,Unknown,menschen,zwerenz,Unknown
99c529e0-1f98-4fd6-8398-7f03c14a54ae,dobyns,Unknown,daemon,dy.,Unknown
43586bac-8a6e-4286-b94a-4ca6254ff9bc,sa,Unknown,go-spielerin,sa,Unknown
720f5826-8f52-4f7e-af7d-fb326d9cccf9,grisham,Unknown,firma,g.,Unknown
428a51af-7d23-406f-aba4-2634c790be23,crichton,Unknown,jurassic,c.,Unknown
6b8caa52-67bb-49a3-a40d-3f215519f36e,grisham,Unknown,liste,g.,Unknown
57d8c531-7c3e-4462-bcab-c5e47d2e0002,coppel,Unknown,catweazle,cp.,Unknown
f5e60ede-f4f8-4301-be02-4c803905cc69,duerrenmatt,Unknown,physiker,dm.,Unknown
b575602e-33f8-40fb-92e5-9e2ae49a8494,dikoetter,Unknown,verlorenen,dikoetter,Unknown
0fcb64c4-aa6c-4828-ad10-0797b53be81d,grisham,Unknown,akte,g.,Unknown
ca1f2ab6-5e0d-42cf-9aed-689f6123970b,allgeier,Unknown,prophezeiungen,ag.,Unknown
194c691f-ac0c-4759-8d56-0b963d13bae1,hoera,Unknown,gedisst,hoera,Unknown
c7d36b89-a18d-404b-be9d-e32992854000,archer,Unknown,flies,a.,Unknown
b5577cf8-d20f-47a5-acc9-d866e5992482,conrad,Unknown,baskerville,cod.,Unknown
c362c214-9ff4-480d-9135-bdf77966c264,brooker,Unknown,viagra-tagebuecher,brooker,Unknown
dfddb378-0969-4e96-be4e-63bd6277fbfc,baldacci,Unknown,deliver,ba.,Unknown
99e09780-3938-4495-b5ac-b555dacee43b,auel,Unknown,pferde,auel,Unknown
2d4daddd-d19b-49f4-8300-122a77a2d06b,baldacci,Unknown,schlag,ba.,Unknown
4a84c019-ccbb-4c0e-87fc-cf820b6da7ea,archer,Unknown,arrows,a.,Unknown
254ada91-ff82-40e7-a189-6f35f0bef713,ahrens,Unknown,smart,ahrens,Unknown
e94b64fc-1b47-468d-864c-6c11a36fd3f4,archer,Unknown,kains,a.,Unknown
a4485498-23c3-42be-ab35-78b0722ebd26,appignanesi,Unknown,winters,appignanesi,Unknown
2bcabfad-317a-4868-830d-d0f04e05fd87,brown,Unknown,illuminati,b.,Unknown
f7f332ae-a85b-46d1-9250-4a8f2ef9a3a4,archer,Unknown,twist,a.,Unknown
a9940cc3-a8fd-40b8-879a-17ab67f2fadf,andrews,Unknown,dornen,an.,Unknown
50b682b6-5326-4bf4-8550-a312319b08ae,pem.,Unknown,braucht,pem.,Unknown
b1b185dd-2457-420c-9092-d0afaf3e2b4d,archer,Unknown,chinesische,a.,Unknown
b234a891-e29c-4515-ae1d-2084724cd6e2,auel,Unknown,mammutjaeger,auel,Unknown
7184c939-a241-4c1a-aeeb-266043dd537a,aurel,Unknown,grimaldi,aurel,Unknown
0b6b2950-80da-44a7-89ba-54950b85183a,brown,Unknown,zeugin,b.,Unknown
5bfcf5ae-0ef7-4b9c-b4dc-6bb7db30bb2b,arnold,Unknown,management,ao.,Unknown
dc811bc5-a64e-4073-a8b2-c8895490c35a,bach,Unknown,freibeuter,bach,Unknown
a904c220-4ae8-4c87-8314-7ecea9debec2,ahrnstedt,Unknown,unbeugsame,ahrnstedt,Unknown
e371ed5d-20ff-4638-bd5f-36aae7076dd4,allende,Unknown,paula,al.,Unknown
fcca19be-4b82-488b-9408-16a14d0ef30c,archer,Unknown,matter,a.,Unknown
4cf45f70-b01d-40ea-ba85-878183eb1c6b,archer,Unknown,schatten,a.,Unknown
1e3d583f-8a66-4c54-bdee-c3fcb466216d,archer,Unknown,penny,a.,Unknown
213a441b-3135-4757-9f56-b0f7a032f27d,grisham,Unknown,schuld,g.,Unknown
d825db7a-3743-460a-80fe-0108e5dab36d,garfield,Unknown,sieht,garfield,Unknown
593d4057-5d19-4046-8e96-eafe84d6f823,crichton,Unknown,rising,c.,Unknown
431ece04-bed0-43fd-96b4-7a7a90487f02,bertolli,Unknown,kuerbisfloete,bertolli,Unknown
5abfab25-318e-46e9-a6c5-be9db0310d15,crichton,Unknown,disclosure,c.,Unknown
290cccd6-f8c3-4c5d-90f1-2b31e9e3e35f,bmb.,Unknown,strand,bmb.,Unknown
846b63a7-4519-4777-b6f2-f7eaf6d1db9a,serno,Unknown,hexenkammer,se.,Unknown
d9381c6d-8721-4f40-819b-83e30fd8512b,brecht,Unknown,galilei,br.,Unknown
496a644e-e0c8-4444-b5a2-f5fcaf08de81,brooks,Unknown,lucas,brooks,Unknown
4b72d278-64b3-437c-92d1-1a8f6699233e,cevikkollu,Unknown,moslem-tuev,cevikkollu,Unknown
e2884300-cb3d-41df-8b1c-35d0198345bd,breslin,Unknown,medici-siegel,breslin,Unknown
b782fe19-4228-42b0-8e3b-3c6781dfefc7,crichton,Unknown,dinopark,c.,Unknown
4cdea601-954c-471c-8327-f06072bda821,case,Unknown,schatten,case,Unknown
b6a37300-1609-4540-9d9d-207f81adc1d9,beesley,Unknown,titanic,beesley,Unknown
88567bac-c4bc-4283-b2ee-eed2dcac8840,sanchez pardos,Unknown,sieben,sanchez pardos,Unknown
805b5934-1bfd-46bc-a876-9e21ad0f8bf7,caldwell,Unknown,ewigkeit,ca.,Unknown
0d135e68-f537-4f93-930a-dc5d5f2a2c35,bennett,Unknown,uncommon,bennett,Unknown
9ac36230-42e3-41d2-b405-6dd216c70efe,blyton,Unknown,freunde alten,bl.,Unknown
e0aa7b98-0b2c-4d00-a049-aabe2b5de542,bre,Unknown,gruenen,bre,Unknown
29412c65-59c5-4473-a9e7-b8d0861d3795,briggs,Unknown,kinderleicht,briggs,Unknown
ff72d2e2-f451-4da8-9feb-ddab5cb6f108,calmann,Unknown,avignon,calmann,Unknown
9c226162-a4bb-4316-adaf-8b9081e4d3c5,andersen,blanvalet,denken,andersen,bv.
9c76d37b-d7ef-42f9-80db-de7ec96761ba,csampai,Unknown,kiesbett,csampai,Unknown
fd3d9b23-c334-435a-8f73-f7401a3057de,cussler,Unknown,shockwave,cu.,Unknown
d7e9dd66-3700-4fd9-bc8b-45d8a1376d7b,cussler,Unknown,titanic,cu.,Unknown
5f5523b4-df80-4e6b-ac52-49e0e8dde96b,buzan,Unknown,vergessen,buz.,Unknown
44eb8bae-9843-45fc-8090-a5b72f74120c,ceram,Unknown,gelehrte,cer.,Unknown
3be982a8-4081-453b-997a-f7ad141a9354,chang,Unknown,schwaene,chg.,Unknown
bf7a0f74-9210-4769-a313-95f196299369,cordes,Unknown,umarmung,cs.,Unknown
5f7e1012-8366-456c-8257-c9d54c939ea3,cussler,Unknown,black,cu.,Unknown
8ce487f5-dbf3-4901-8ded-a1ad143cdf20,chollet,Unknown,learning,chollet,Unknown
fbae92f3-2492-4240-9aaf-d64634a63048,cordes,Unknown,sehnsucht,cs.,Unknown
2429c353-03aa-4261-9fa8-3e410dd46104,clavell,Unknown,tai-pan,cv.,Unknown
0b181baf-8ad8-49c3-b105-f7867b6b7807,ebert,Unknown,jesus,eb.,Unknown
ce19c679-4141-46b7-ae80-12cf095237c2,egli,Unknown,lola,egli,Unknown
3364352c-5f93-4bb5-92dd-ac92173a8a7a,cornwell,Unknown,winterkoenig,co.,Unknown
546be7ef-bb21-41f4-b97e-f81338b01897,cussler,Unknown,nightprobe,cu.,Unknown
f1f923de-0633-44ed-8cd2-b6bd2d6179ae,clavell,Unknown,noble,cv.,Unknown
11d285d0-7eb2-4ba1-8b8b-c363f5e57866,ebershoff,Unknown,orangen,ebershoff,Unknown
c5dd8557-8389-4dcf-9d83-bcf7efcc6ff3,cornwell,Unknown,brandherd,co.,Unknown
73d896a9-92e0-4328-b3b9-ddabfed29552,bickmore,ds.,elefanten,bi.,ds.
862c073d-5b02-4ff0-9852-e6d7ca10362f,cotton,Unknown,sterben,cotton,Unknown
2dae0433-394a-4b09-b71a-777305cec47d,crl.,Unknown,wunderland,crl.,Unknown
93a81523-7233-4ea9-b3e8-2e46213d1dcc,clavell,Unknown,shogun,cv.,Unknown
0b7aa658-61d8-4e59-9fb2-f6a924cc6e2c,eschbach,Unknown,letzte,e.,Unknown
ad93f7b1-78de-4677-b831-ded9eec90f3b,duerrenmatt,Unknown,richter,dm.,Unknown
8ff0d625-a4b1-4192-92ea-e9eeff9d16f0,"eichendorff, von",Unknown,taugenichts,"eichendorff, von",Unknown
bfc2fa7e-a7fa-4fce-a6d8-dcc39dbe5aeb,collins,Unknown,schal,cl.,Unknown
d871f932-0d8e-4073-b69f-be42bbffa34d,crs.,Unknown,paepstin,crs.,Unknown
a8603c63-1fe5-42ed-af8b-42abe7a24a0d,dk,Unknown,programmieren.,dk,Unknown
1b7f03dc-b22f-4734-ba52-4c1b23151f94,"ebner eschenbach, von",Unknown,krambambuli,"ebner eschenbach, von",Unknown
54d8bd61-8814-4028-a73b-da6d8f852c24,christie,Unknown,anklage,ci.,Unknown
2508319c-61c1-4db7-8e93-6abc25bbc3bd,cordes,Unknown,jahren,cs.,Unknown
668700cc-5a17-4aac-9440-b344e175b708,ekmann,Unknown,geschehnisse,ekmann,Unknown
bf4ddd05-62e4-4b99-a819-d3bd598deba4,"carre, le",Unknown,koenig,cr.,Unknown
0390e79f-6ef6-4af4-ace2-c809905bd60d,ellin,Unknown,ripper,ellin,Unknown
dd928974-9c03-4386-8f85-0160ce19e8a0,dumas,Unknown,graf,d.,Unknown
5dcd1771-9a8e-46f3-865d-441e75c640dd,"eichendorff,von",Unknown,erzaehlungen,"eichendorff,von",Unknown
d4ebef85-cf31-4680-8005-bcbd2bc19230,dickens,Unknown,expectations,dickens,Unknown
c7823dc7-fefb-47b9-b87c-b7d85c53c186,dumas,Unknown,hamilton,d.,Unknown
ca359478-7efa-4926-a5bd-4ef014b9eff0,dirie,Unknown,wuestenblume,dr.,Unknown
3035dab2-02ac-45ac-98ed-0b4c8eb6a666,cornwell,Unknown,sharpes,co.,Unknown
d5a2bb35-b918-494a-bfa5-efcc6e8c768b,crimes,Unknown,stargazey,crimes,Unknown
2aabf9ce-5714-4cd1-af4e-805eb52bf474,dumas,Unknown,zwanzig,d.,Unknown
779dcda0-66c8-43f0-8953-25f8b7800d5b,dalos,Unknown,letzte,dalos,Unknown
24b306d3-99d6-435e-9a56-6fd3307e1d01,dion,Unknown,kleidermacherin,dion,Unknown
20935c16-8db8-4821-9595-d96b15f6ab70,dittmar,Unknown,emotionale,dittmar,Unknown
e1622232-1b3b-436b-b80b-e660769607c0,dobyns,Unknown,angel,dobyns,Unknown
cab3e8b2-d328-4d03-8a48-c3056f84ac95,cordes,Unknown,jacarandabaum,cs.,Unknown
7c144906-0d1f-417e-b7ac-f625a5185a86,"droste-huelshoff, von",Unknown,judenbuche,"droste-huelshoff, von",Unknown
80cf43e6-3b9e-4575-8c13-6fbfcd4ef11f,eidson,Unknown,treck,eidson,Unknown
e65aaca9-49f6-4ba4-916c-5f3360728314,clement,Unknown,indien,clement,Unknown
1cfcc91e-22a2-417a-9c63-1ace8de5cee6,coulonges,Unknown,dresden,coulonges,Unknown
ebf52811-69f3-41da-9a6f-45ed0e18189f,dashner,Unknown,auserwaehlten,dashner,Unknown
32d62cea-d220-4410-ae71-e7dfaac18973,dickens,Unknown,nickleby,dickens,Unknown
7112e2c6-5880-46b3-9e00-41bab377cb22,duerrenmatt,Unknown,verdacht,dm.,Unknown
51ab156f-7c37-4e62-abdc-593774d4fd9f,dobyns,Unknown,daemon,dy.,Unknown
6ca559d2-aeed-4fee-813a-8c0e7997ba28,einstein,Unknown,evolution,einstein,Unknown
43280b01-9ab3-4287-a7f8-2d8c6a5fa09e,ernesti,Unknown,python,ernesti,Unknown
49130974-d664-4469-a344-343ffc664e58,evans,Unknown,pferdefluesterer,ev.,Unknown
71b1d785-1535-47ac-8fdc-a00882802eeb,cornwell,Unknown,waterloo,co.,Unknown
9187ce2b-61b3-4b75-a8aa-b6387be1682c,dobbie,Unknown,akazie,dobbie,Unknown
97788555-5cd4-40eb-b78e-823ceb1495fa,gipe,Unknown,zukunft,gipe,Unknown
62b37b60-786b-4d48-96c0-f5e0f738b647,grisham,Unknown,testament,g.,Unknown
ab1db639-0e63-4adf-9fb6-6bc672fe22de,galland,Unknown,letzten,galland,Unknown
0da70dcf-2b06-42d3-9d63-5594479ce071,gipe,Unknown,gremlins,gipe,Unknown
f137d2c7-7212-43bd-bdb1-df5eb7cfb744,gordon,Unknown,rabbi,gn.,Unknown
be6247e0-e97e-433c-ba51-720c1257ca95,follett,Unknown,saeulen,f.,Unknown
49a00936-851e-424c-82a3-7f2426f948d1,forbes,Unknown,precipe,fb.,Unknown
e0bfc272-9ebb-4928-a9e5-a065e627b9a2,grisham,Unknown,theodore,g.,Unknown
65e0ec93-baff-4f78-b025-542cd2b07afb,doeblin,Unknown,alexanderplatz,doeblin,Unknown
37d7b3f5-b113-4d46-b596-fb029d80f6b7,deaver,Unknown,teufels,dv.,Unknown
bab5e152-078a-4ab4-9311-1cc21a0c37e6,collins,Unknown,ghandi,cl.,Unknown
88388d53-1fa8-41d3-81a8-16763cc28b29,cogan,Unknown,gun,cogan,Unknown
dd4bba9a-f2fe-4890-8eae-bd8dbc18a8ad,coppel,Unknown,catweazle,cp.,Unknown
9a37a190-562e-47bc-9ad4-2ff5c0559cf1,dahl,Unknown,kiss,dahl,Unknown
f2a88bff-c75c-4832-bada-a0c54ea1fa0e,gardner,Unknown,zurueck 3,gd.,Unknown
ba2b6a79-3bc8-4086-86f4-daf457af73fe,gordon,Unknown,medicus,gn.,Unknown
20ed9dce-8fce-49e3-86ab-99dd20f96cc6,robbins,goldmann,traeume,r.,g.
a3244c0d-0ce3-40e9-b41e-9c27d4a153a1,fleming,Unknown,octopussy,fl.,Unknown
dadcf355-b87c-48e2-81fa-d5fa4ca5d9d4,fliege,Unknown,gesundheit,fliege,Unknown
281a63cc-6b8c-4265-842e-ca02c2bde981,grisham,Unknown,richter,g.,Unknown
daf7715d-362e-4a22-9ada-2fea7a898a4f,follett,Unknown,twin,f.,Unknown
07f3ff23-ea76-4aa8-b97b-38d892938487,gerwald,Unknown,phropheten,gerwald,Unknown
8ad64149-c1ee-4991-9bf4-58c28b0cb8c4,follett,Unknown,without,f.,Unknown
91eb0c93-70c0-4cac-b125-419d883301b2,french,Unknown,glaspavillon,fn.,Unknown
098f45bb-3069-48bc-bf23-ec75f6825d58,grisham,Unknown,gefangene,g.,Unknown
375e1520-e551-4457-bb60-12d38312502d,gordon,Unknown,schamane,gn.,Unknown
b69bfbc9-8813-448e-9413-c818c56fb209,grisham,Unknown,brethren,g.,Unknown
baa0359e-f398-4b4d-99ca-9a6aea0aa4a7,gann,Unknown,masada,gann,Unknown
71bc96d3-0511-4b2d-a814-b0cd8805a2f5,gardner,Unknown,krumme,gd.,Unknown
93015b21-d94c-451e-818a-7bfafe28a03f,falcones,Unknown,kathedrale,fa.,Unknown
95878d9c-49d7-4d79-a351-ea72e223731f,schaefer,Unknown,finanziellen,schaefer,Unknown
3fdd2471-9d1b-400c-9a38-7ca4d174d35c,fleming,Unknown,goldfinger,fl.,Unknown
9bc22386-6b20-4828-b6f7-acc42e3026d3,fleming,Unknown,feuerball,fl.,Unknown
2189b6ca-12e1-4473-977b-675966fc0bed,fleming,Unknown,liebte,fl.,Unknown
656b2f8a-3e1e-42f3-8c54-03bbb9563b2a,gordon,Unknown,diamant,gn.,Unknown
b90e37bb-0034-4e8a-b8b0-3a80b16b2014,feliciano,Unknown,prostatic,feliciano,Unknown
54e1fb1b-64ce-49c5-8489-3f26c735187d,bosl,lurz,mittelalters,bosl,lurz
30cb9832-3e00-4e47-a037-e702b0b51481,grisham,Unknown,anwalt,g.,Unknown
bed11af0-c0e4-4900-be3a-e33bdc111bf4,grisham,Unknown,urteil,g.,Unknown
18dc1fd7-e9a6-4323-b343-454e689ffc83,follett,Unknown,end,f.,Unknown
84fea78b-fd03-47f9-af2d-26e10d68eaa2,gedge,Unknown,nil,gedge,Unknown
38825da0-4b72-4473-91bd-621e743e9901,follett,Unknown,freiheit,f.,Unknown
7fa6efd9-bdb1-45f3-80d0-56bf853bf616,fredriksson,Unknown,toechter,fredriksson,Unknown
27f21121-be40-492d-9764-e7d9465c24d2,frederikson,Unknown,montauk,frs.,Unknown
b3a70249-31ea-4a20-905a-527f197fea82,gardner,Unknown,zukunft 2,gd.,Unknown
94941c54-c467-4256-b9ac-9a2c6e343f53,gladwell,Unknown,ueberflieger,gladwell,Unknown
5e7d1588-a638-470c-af28-9dfdd73dacf9,follett,Unknown,fundament,f.,Unknown
b7ce99d2-d8de-447c-94a6-853355563e78,frankenberg von,Unknown,alienor,frankenberg von,Unknown
1d489c81-37f8-41c2-a445-03842449d2ab,fisher-ruge,Unknown,russland,fu.,Unknown
99816ae2-fb05-4024-be25-6cd9a9699fee,fleming,Unknown,liebesgruesse,fl.,Unknown
66a3f96f-15fb-441a-8527-15787d3b578b,freeman,Unknown,programmieren,freeman,Unknown
ca919670-f85d-4753-9e9a-51dd4a333972,forester,Unknown,african-queen,ft.,Unknown
39d9b94c-5134-4eb9-ad83-d8033f795aa4,forsyth,Unknown,unterhaendler,fy.,Unknown
3b82dd7a-ff9d-4e55-933b-5c9046636aaf,faller,Unknown,versuchte,faller,Unknown
34202531-a179-4a70-a978-0710569c2a20,fried,Unknown,jungfrauen,fd.,Unknown
fcefd58c-d03c-4d89-829d-959f659710f0,grisham,Unknown,bruderschaft,g.,Unknown
4fc25045-c220-409f-bdf3-6f00de075361,grisham,Unknown,torts,g.,Unknown
40642306-35ec-4981-bac9-d8c5713382e7,fleming,Unknown,zweimal,fl.,Unknown
477f67b3-98aa-4aea-8b47-f420fb3e82c1,fruttero,Unknown,wohnsitz,fruttero,Unknown
610b6c81-0dd3-496f-af87-a0eaf63d89d4,grisham,Unknown,bleachers,g.,Unknown
98e10560-e275-4d60-bc0a-0f5442ffd479,grisham,Unknown,client,g.,Unknown
e953d9b1-b8a6-499a-8c08-cd0da88efa5f,gabaldon,Unknown,luegen,gb.,Unknown
53d6018e-4805-4934-8a80-d88e66fbf460,essex,Unknown,pharaonin,essex,Unknown
3e6ec6bb-2f0e-402f-a3f8-e66824394121,follett,Unknown,nadel,f.,Unknown
ba2aa343-9472-4d8f-a4e1-49538d6c2a2c,gibbins,Unknown,kreuzfahrer,gibbins,Unknown
3d98f4ae-7e7b-4508-84e8-c930f434d665,forbes,Unknown,sisterhood,fb.,Unknown
f4543093-06c1-46eb-99a3-4aa3332d6857,fiolka,Unknown,bint-anat,fiolka,Unknown
6e324303-0835-422e-94e9-86a0b5d598be,grisham,Unknown,gestaendnis,g.,Unknown
63675d28-3b4f-4e01-aaa8-974725b2b1a3,grisham,Unknown,farm,g.,Unknown
4f65d483-2c1f-4c61-a47e-cd5434d02078,gebhard,Unknown,allein,gebhard,Unknown
591518b7-4c48-4644-aac4-ff6ead634f8b,follett,Unknown,titanen,f.,Unknown
21fbae00-b4ef-4593-95e5-8d9124b7985a,fleming,Unknown,diamantenfieber,fl.,Unknown
679d8b66-8845-40d4-9905-9510dd142017,felschernivow,Unknown,kinder,fw.,Unknown
8674a071-622f-428b-b2a5-dabdea346ab6,gaarder,Unknown,sofies,gaarder,Unknown
08353122-91c1-4a89-84b4-e89b12f6ea80,grill,Unknown,geschaefte,grill,Unknown
33af6002-a5df-440b-9f8c-e1ecc52e79dc,finney,Unknown,feuerdrachen,finney,Unknown
d68a6a53-5008-43b7-8a72-db04cdf2da1f,fleming,Unknown,goldene,fl.,Unknown
4e4bdb40-ee73-447a-bc54-531e20e8bc43,french,Unknown,glaspavillon,fn.,Unknown
f909f223-f3d1-4fb8-b334-9a26838eebd8,grisham,Unknown,chamber,g.,Unknown
d7c0bbb7-ece8-42a3-bbb3-9ea07fe0fd47,grisham,Unknown,verrat,g.,Unknown
7beab5ad-ce9d-45ae-8217-689972f5c1cb,george,Unknown,angesicht,ge.,Unknown
ad36e8e0-0031-49f6-ae36-c51c28b368e6,gordon-davis,Unknown,hungrigen,go.,Unknown
8294919f-9796-4bbb-917d-2ff387f70b59,golding,Unknown,fliegen,golding,Unknown
1d516ec3-42b3-4060-9d78-18a8880b461d,graichen,Unknown,schliemanns,graichen,Unknown
a0de7b1f-8b4a-4ce3-a9de-961bb14f047a,habibzadeh,Unknown,bestaendigkeit,habibzadeh,Unknown
aeb6bf0d-728e-4f95-9aef-b79ccad2083b,franklin,Unknown,teufelshaube,franklin,Unknown
64680893-660a-4450-a882-4272555f1ba3,fast,Unknown,arrivierten,fs.,Unknown
72b8f6a4-c901-44f3-a0a6-ece84c4f768f,garland,Unknown,strand,garland,Unknown
6bc03980-31d7-46e2-a11e-8f6774dcbc15,hjorth,Unknown,verdienen,hjorth,Unknown
29f512f8-ded1-4168-b94d-74966a10b178,hauptmann,Unknown,yachtfieber,hn.,Unknown
4c665f61-4b7d-4399-b8d4-19798ab84983,hohlbein,Unknown,sarazenen,ho.,Unknown
7d31d3cb-0bfe-49e3-a80f-679866507960,harris,Unknown,schweigen,h.,Unknown
cb3eddf8-8167-4a48-b2c9-05096eda3da6,hofmann,Unknown,massai,hm.,Unknown
8805d8df-9c9b-4fb5-ac5a-1628f37dbced,hohlbein,Unknown,feuer,ho.,Unknown
b363078c-45a7-4926-9ee7-2118c8c315c9,duebell,bastei luebbe,tuchhaendlers,db.,bl.
aa60fa3a-253c-4c52-97e9-a88b89040566,hailey,Unknown,hochspannung,hl.,Unknown
a3689080-3c1c-40a4-b63f-784f39218637,hoeller,Unknown,sprenge,hoeller,Unknown
48d3f7d8-7e0c-456b-8278-cdd29839487f,harris,Unknown,enigma,h.,Unknown
e17c30e1-5a15-41bb-879d-61a44e5bfb35,hermanns,Unknown,garden,hermanns,Unknown
75663d9c-6dac-4f40-90b8-c8822b17c038,hoffmann,Unknown,struwelpeter,hf.,Unknown
8824f135-0bce-4e09-8888-47e00320b1f8,hoffmann,Unknown,maedchenfaenger,hf.,Unknown
d019fd17-fdf0-4445-b24a-5385a97e7194,hooper,Unknown,sex-berater,hooper,Unknown
5d2bff39-471f-45b6-9ac8-82567b507ad9,guerniffey,Unknown,bonaparte,guerniffey,Unknown
850fd139-2935-45c0-a408-a6030391b17a,hochhamer,Unknown,strassen,hochhamer,Unknown
1655cca8-0509-4210-8b0c-ea24133ed90d,grant,Unknown,cleopatra,grant,Unknown
ff07f3d2-e819-4d8a-b683-e6e9d86ada58,grimm,Unknown,maerchen,grm.,Unknown
cf149a2f-9172-4365-b45c-896ed9905471,harris,Unknown,fatherland,h.,Unknown
f3205317-e305-4ab6-bf56-dc019db7b603,harris,Unknown,titan,h.,Unknown
65a7ac0e-3a29-4393-b032-fc14f9e23ed6,hillenbrand,Unknown,kaffeedieb,hillenbrand,Unknown
81885bb5-547f-4bea-8cc3-9a74e5d37a9c,hailey,Unknown,manager,hl.,Unknown
ee442597-42de-4bcc-8862-02a7d86428b5,hauptmann,Unknown,weber,hn.,Unknown
a793080f-7b1b-4d5f-9dfe-e44a5d37b508,hofmann,Unknown,massai,hm.,Unknown
9459229d-9613-4dec-9882-4957edd1cb38,gordian,Unknown,diabolus,gordian,Unknown
9fc0ac65-11c7-44f2-bae9-6eb785a7bfb6,goethe von,Unknown,faust,goethe von,Unknown
ea666e8d-845d-4195-a4e6-4eecc9791c85,gur,Unknown,koenige,gur,Unknown
d5770b61-a785-4953-b6c9-9d058cf17179,hohlbein,Unknown,rueckkehr,ho.,Unknown
7acb25f9-6018-4d33-a65a-85945ab415b1,hopkins,Unknown,aromatherapie,hopkins,Unknown
74276a35-0ee6-4853-8aeb-fcae7c2b82a6,hofmann,Unknown,massai,hm.,Unknown
850b33fe-abf0-4516-9717-7b8b2da1b0ea,harris,Unknown,imperium,h.,Unknown
edcc057f-5fab-47bc-a03f-68230a4cf619,hohlbein,Unknown,inquisitor,ho.,Unknown
b42310b9-7375-4f02-9e47-890a79c4ca37,"h., t.",Unknown,hannibal,"h., t.",Unknown
3ad86a1d-4d55-42c1-b93e-bd893023d21b,hohlbein,Unknown,intruder,ho.,Unknown
335d1541-f051-42e8-83db-8318a3e273c1,hohlbein,Unknown,templer,ho.,Unknown
22b36b9c-2f16-42fd-939f-e279ca0ac6e7,hopkins,Unknown,verkaufen,hopkins,Unknown
4132ffa2-50f7-44e4-a995-90f7df860617,goldberg,Unknown,schreiben,goldberg,Unknown
b9bcb6af-6296-43f2-82d5-b8b333806997,groom,Unknown,forrest gump,groom,Unknown
c3bfa736-29e8-4450-be22-bfe1990900f6,heer,Unknown,vernichtungskrieg,heer,Unknown
e8cab584-be01-43b8-8a0b-5746471ac575,hesse,Unknown,siddharta,hesse,Unknown
83feb54e-e038-4b9f-a1f4-bf54efa7e542,heller,Unknown,pacific,he.,Unknown
9d4a9d4a-52b7-42da-be96-484e67ee262d,leonhardt,Unknown,noni,leonhardt,Unknown
04a04433-82c6-4bf1-83a8-7f864332877f,hohlbein,Unknown,enwor 3.buch,ho.,Unknown
9129b79a-cc5f-4819-9192-b0b84eadb3e1,hohlbein,Unknown,maerchenmond,ho.,Unknown
34d424ce-dfa6-4905-abf9-8dc422ff2fbd,haefs,Unknown,caesar,ha.,Unknown
705ebf65-5446-409a-8e48-4f5abb3b26b4,dored,hb.,tiberius,dored,hb.
c05afecf-ca5f-45fb-a3f1-d2dab0809896,hofstaetter,Unknown,gruppendynamik,hofstaetter,Unknown
f9fee74b-dfe4-421b-afed-1174aa79a8c4,kaarsbol,Unknown,versprechen,kaarsbol,Unknown
61e19d9d-30ec-446f-ae5e-cd82f6ef281b,hasek,Unknown,abenteuer,hasek,Unknown
bfa65d9c-1570-435d-a8c6-6eb1a09cdc8c,haefs,Unknown,alexander,ha.,Unknown
7269f33b-ad1b-4b0d-b30b-b60f52fece43,haran,Unknown,alles,haran,Unknown
1a8704dd-a62c-4d6a-a9c3-dae89e201294,hilliges,Unknown,leopardin,hilliges,Unknown
b3bf8c72-1130-4c59-90b0-733009f21f46,hailey,Unknown,gefahr,hl.,Unknown
8e74d5a9-0397-4deb-ac88-4e4afb7327e8,hohlbein,Unknown,inquisitor,ho.,Unknown
94112a29-5837-49e2-91e7-dc4127ced039,hailey,Unknown,bankier,hl.,Unknown
93821a8e-a391-44a2-84da-b6aaf852f07b,heldt,Unknown,guten,heldt,Unknown
8d905e60-61a3-472e-b088-d9d2ed1f0328,hailey,Unknown,raeder,hl.,Unknown
0c90b56d-e4a8-4ae5-a4c9-266569057389,gordon,Unknown,medicus,gn.,Unknown
3151df87-180d-4a74-8795-4fa0a41aece7,gordian,Unknown,xanthippe,gordian,Unknown
4d7f07ab-e690-4c09-9c3b-db7a1477ef32,greene,Unknown,power,greene,Unknown
80950f01-6876-4cc4-88ac-8d3d84c8a659,harris,Unknown,pompeji,h.,Unknown
a2b9f2f8-42f1-4f0b-a7d2-c755fd3f2e37,haushofer,Unknown,wand,haushofer,Unknown
456c5ac3-d1f8-4ff0-993a-b52c4803d958,king,Unknown,feuerkind,ki.,Unknown
e8e7c553-50bf-47f2-8442-11e0a755d71e,horbach,Unknown,sturm,horbach,Unknown
3e7d9098-c04f-4e40-ae06-951dfac8cf28,gordon,Unknown,katalane,gn.,Unknown
ee26edf6-7e46-4ca4-ad99-08e8019d97c0,cordy,av.,messiah,cordy,av.
7b017ca0-b82c-452b-9fa9-d3624b92d12b,heine,Unknown,taube,heine,Unknown
c0997c37-e0b0-47d2-8be5-9e222aad4fa3,guareschi,Unknown,camillo,gu.,Unknown
857e6600-42d4-4658-acaa-a38e9894143d,mueller,Unknown,maschinelles,mu.,Unknown
e6e5a43b-2c30-4d19-824f-e1503d139b52,hamilton,Unknown,folgenschwere,hamilton,Unknown
917f08fd-e8bc-430b-a1c3-3f8287eaa569,hermann,Unknown,bahnhof,hermann,Unknown
3a0d52c8-9d4c-4b23-b7bf-d3108ccfe7ab,higham,Unknown,geheime,higham,Unknown
3c24b6e2-5468-457d-88e8-7e8765696df5,jennings,Unknown,azteke,je.,Unknown
f90b45d2-5855-4168-9e5b-0f452dd12574,judson,Unknown,waeldern,judson,Unknown
c7c54b74-0c9b-494e-b8c9-bdf69a264c59,junger,Unknown,belmont,junger,Unknown
c88dab14-20a0-4112-aa83-0aba2455c510,kaestner,Unknown,lottchen,ka.,Unknown
7ad6045a-8b29-4b85-ba78-4edf77a001e2,link,Unknown,schweigens,l.,Unknown
6aa610e5-9116-4d0b-90be-3207a30155f3,ibbotson,Unknown,sternenmelodie,ib.,Unknown
13ffa3c7-09c4-469a-a005-fbc6b2783692,kloetzig,Unknown,isst,kloetzig,Unknown
97eb19d4-b8b9-4281-9e55-e38b4303e94e,konsalik,Unknown,geschenkte,k.,Unknown
1c12b138-2ede-4165-816c-bba3da343948,keneally,Unknown,schindlers,ken.,Unknown
32f90022-6b7f-4809-b30e-6cc892da98da,holt,Unknown,pharaonen,ht.,Unknown
bbf3322f-b0b9-4f73-a5c6-d604f6f889e1,jakes,Unknown,himmel,jk.,Unknown
def9a371-2832-47ec-84a5-d834810ab0b8,kahnemann,Unknown,schnelles,kahnemann,Unknown
7d11a2d5-6ebe-4649-95c1-870dc84e96fa,janßen,Unknown,zeitalter,janßen,Unknown
97eb6d7a-a236-4564-ad10-7e9e889b8cb5,jeske,Unknown,wirtschaftsteil,jeske,Unknown
b14ba10e-3f9e-4f6f-949a-4b7c3a4adbbc,jakes,Unknown,erben,jk.,Unknown
fa27a637-b416-487d-a840-d548d6b8acb8,james,Unknown,schwestern,jm.,Unknown
3ba9fedc-3eaa-4ee5-a1c7-9acf8886c49c,joyce,Unknown,ulysses,joyce,Unknown
2405cb1f-a3bc-42e2-bf60-4d428135eee4,konsalik,Unknown,angesehene,k.,Unknown
27378845-c134-4e7e-a47d-7a8c2cd3b797,kersten,Unknown,jesus,kersten,Unknown
65ff9f47-07df-497a-8689-6675ba596ff3,kuegler,Unknown,dschungelkind,kgl.,Unknown
5ca00eeb-7545-4c8e-a81b-1acb46695e4d,isaacson,Unknown,steve,ic.,Unknown
bd78a14a-cf35-4261-9a2f-982f294d652e,isaacson,Unknown,innovators,ic.,Unknown
b16736a1-3353-4001-a844-ecd8414eda48,jakes,Unknown,liebe,jk.,Unknown
a6d1c651-8e53-4c02-9a6e-3ecbabfa08ae,link,Unknown,rosenzuechterin,l.,Unknown
9cc2dcc5-9175-44db-a84c-57dc956c8dda,kuegler,Unknown,dschungels,kgl.,Unknown
c450f88e-24fc-4c91-b10a-95dea06a20fa,kane,Unknown,wundervoller,kane,Unknown
74966a7f-388e-4524-a479-9189a4042cc9,ichbiah,Unknown,microsoft-story,ichbiah,Unknown
73cdcff7-23d4-4268-ad55-1ec84da5ddca,insel,Unknown,marco,insel,Unknown
1050426e-0fdf-48f3-9b0f-2c4ca4721e10,jones,Unknown,himmels,jo.,Unknown
fb8bb51a-20c2-473e-a385-10c04d0456d3,juenemann,Unknown,management,jue.,Unknown
e30b614a-c4ca-4c96-a1bc-79e9f583cfe7,konsalik,Unknown,oel-connection,k.,Unknown
b114b6fc-655f-4d17-9478-cfa7d093d942,iacocca,Unknown,iacocca,iacocca,Unknown
81f3866e-6d7c-4a76-addc-6a10773c78ef,jacq,Unknown,nofretetes,j.,Unknown
ada09c59-937c-494f-87ff-860dea860b20,cormann,pv.,dente,cormann,pv.
799e646c-f1be-43d2-ba3a-38f8aa951124,kaestner,Unknown,puenktchen,ka.,Unknown
266bac23-6f32-4ed0-b9c3-57b18bde8f31,kaestner,Unknown,muenchhausen,ka.,Unknown
ee0b4aba-dd5f-4a79-a510-1cf8ad26f98a,kempowski,Unknown,umsonst,kempowski,Unknown
f3ebe885-0e0b-416f-8958-2e0a4ffba3b8,kaestner,Unknown,detektive,ka.,Unknown
0a3b0113-6ba2-4b39-a5a6-ab84bee02e43,kempf,Unknown,gladiatorin,kempf,Unknown
cdad830e-e155-4770-8971-6bfa08c1e2db,irving,Unknown,teufels,i.,Unknown
ae84c9c5-d780-4465-8727-a81397c61c19,konsalik,Unknown,liebe,k.,Unknown
3c2f4b3b-9132-4be9-a9a6-8ed3c914c4b3,konsalik,Unknown,braune,k.,Unknown
a9b5b2c7-17f1-4d0d-9376-eed00e5a67b1,hoving,Unknown,marchesa,hoving,Unknown
8eb8e9b9-813c-4c16-93b4-78a1161e5143,konsalik,Unknown,natascha,k.,Unknown
c6011d41-220f-4181-8c35-41d2ecce6433,konsalik,Unknown,drohung,k.,Unknown
50a37ab9-a80f-446d-9331-01ed4700d150,jungk,Unknown,tausend,jungk,Unknown
29dd7783-d64e-4a9c-9098-1dc65096b466,kaemmerer,Unknown,muenchnerin,kae.,Unknown
93db5d64-5c7b-43fd-9a74-2cb45a1fc9cc,king,Unknown,langoliers,ki.,Unknown
10610fe1-911d-419e-8e81-f6e55751090d,jacq,Unknown,feurige,j.,Unknown
a9f4f529-788b-4ff0-911b-cfe92d1def19,konsalik,Unknown,steppenwind,k.,Unknown
caac2656-489b-4887-b6ec-d49e5b05e064,kelly,Unknown,geblieben,kelly,Unknown
0722407b-89b0-46ba-b446-9e1e9b08b8f0,huxley,Unknown,eminenz,huxley,Unknown
bfe3532f-e81e-4f9c-8d93-a3b78649e935,jacq,Unknown,silent,j.,Unknown
9a97b05e-8350-45bf-ac12-796635132b52,clavell,knaur,shogun,cv.,k.
8f39c0c9-7d44-4a5e-9965-4b1851b05284,lorentz,Unknown,asturien,lo.,Unknown
13d10908-248d-4a21-9572-8d17f36263e0,klein,Unknown,gebens,klein,Unknown
6aeddbac-4891-45bf-9f1b-d9e8641f86c1,koontz,Unknown,zweite,koontz,Unknown
bf5fd00a-9a0d-48dc-877b-7f41b5e21ef4,kroehn,Unknown,distel,kroehn,Unknown
a43953f2-98af-49ec-ae2e-0c75d32d1d5a,kuh,Unknown,koreanische,kuh,Unknown
45017a70-f36a-4735-9c62-491957f96454,weverka,Unknown,waltons,weverka,Unknown
45f99865-1bf1-48cc-b71e-1fb3cb84b0a0,konsalik,Unknown,liebesnaechte,k.,Unknown
6d7e0103-3e4e-4dc4-86bd-9a78978d3bc1,husemann,Unknown,buecher-jaeger,husemann,Unknown
cb1ed9ad-4085-42a4-950f-7834be1246ae,ickler,Unknown,entfuehrt,ickler,Unknown
fe8169b0-a212-4980-9325-3a2254221ed0,man.,Unknown,freiheit,man.,Unknown
fd2ed811-16b8-4bf2-bf90-d39b7f9d5b8a,konsalik,Unknown,drohung,k.,Unknown
b10cf90b-3fa5-4068-94d2-eb51df03fcf3,konsalik,Unknown,entmuendigt,k.,Unknown
a0d06934-493a-44bb-8b86-eb20c4a4b4c0,konsalik,Unknown,heiratsspezialist,k.,Unknown
93ab5947-5e38-4123-a02d-79681961afe3,konsalik,Unknown,schweigenden,k.,Unknown
3d6b1c65-23a7-490e-b0c1-f0e04a210634,krueger,Unknown,afrika,ku.,Unknown
affd9065-59ac-40ab-8074-0e135baf2deb,link,Unknown,stunde,l.,Unknown
328e3174-f16e-415d-9038-d938ac60283d,lafon,Unknown,kommunistin,lafon,Unknown
d821d226-25b1-4899-9637-448bacb7151f,kys.,Unknown,rich,kys.,Unknown
1b7f305e-c502-43f3-a491-b93d92abfac5,ramadan,carlsen,schrei,ramadan,c.
8562e7f7-c036-43e8-8ee1-83aa2e6edcd5,koeppel,Unknown,carcassonne,koeppel,Unknown
b6e3e62c-29fc-4a5d-aebd-f82204d9c8ba,kp.,Unknown,dschungelbuch,kp.,Unknown
28bea325-58d7-4a5a-8999-c3be843898c5,caldwell,Unknown,aspasia,ca.,Unknown
bbfb16a6-c1cc-495a-a203-a8a7724d3f1e,lindgren,Unknown,landstreicher,li.,Unknown
84010b6c-8ef3-4475-8d17-4408b2356486,lindgren,Unknown,bullerbue,li.,Unknown
6c56dd40-efd9-4fe1-a402-d75cc9119476,liosa,Unknown,anden,liosa,Unknown
6f00bb41-bb12-4395-878c-a3ed6c7837ca,kaminer,Unknown,dschungelbuch,km.,Unknown
b5693824-4903-4c67-b8c2-efb0268211bb,koehler,Unknown,arbeit,koehler,Unknown
0628f8fc-6fde-4af1-84a0-0f355dc9a4fa,link,Unknown,andere,l.,Unknown
cafbf1da-7c1f-47d1-a237-53aa7860999e,latifa,Unknown,verbotene,latifa,Unknown
faa9db6f-9f1a-4cd2-b19f-a8959d69984d,lindgren,Unknown,blomquist,li.,Unknown
59903a94-f500-4650-b78b-d6f5dfe65a42,llo.,Unknown,anatomie,llo.,Unknown
28a137b1-e69a-42a5-b7c4-2bafffa50f46,lorentz,Unknown,aprilgewitter,lo.,Unknown
275e7458-8cd5-4930-9fef-8509bc8dbfc7,ludlum,Unknown,arktis-plan,lu.,Unknown
adf37054-96f6-41a9-a916-961b0460a940,london,Unknown,zwangsjacke,ln.,Unknown
c533d709-4a37-42f8-b82d-5cabf8e9ee0d,london,Unknown,lockruf,ln.,Unknown
2e0ceed0-87e3-4b05-a6d8-5e0c7555bdc5,link,Unknown,fremde,l.,Unknown
843fda20-efaf-4774-b4f2-2e27c4e9f9bc,lindgren,Unknown,saltkrokan,li.,Unknown
9290f882-f192-4c0b-9f2e-304ea7c2761e,lorentz,Unknown,pilgerin,lo.,Unknown
7a0b0c73-55f6-4ea2-a38a-3bafee8b255f,lorentz,Unknown,vermaechtnis,lo.,Unknown
bb8741b4-ab58-4952-919a-f967a12d2877,lux,Unknown,rhodos,lux,Unknown
31694c5c-d837-4c55-8b7b-f1d56ae525c5,may,Unknown,sklavenkarawane,ma.,Unknown
74782fa2-7d8a-47b3-a203-e523239368d9,man.,Unknown,meiner,man.,Unknown
a9bdd759-3a7f-4077-a9df-17fb49f3ee01,manicka,Unknown,toechter,manicka,Unknown
9911afe6-90da-4df2-9c81-2bfb7160ced4,malik,Unknown,fuenfundzwanzig,malik,Unknown
4730627c-64bf-49ad-bc51-18c457fb2315,marvel,Unknown,spider-man,marvel,Unknown
9132225a-43c8-466e-9b99-8d97ebb08032,michener,Unknown,quelle,mi.,Unknown
68997e41-fdf0-4c38-bdcb-04dbe3676190,may,Unknown,winnetou 1,ma.,Unknown
08eb4397-03dc-40cd-8721-252aefaa740c,ml.,Unknown,first,ml.,Unknown
78a3483a-c2f7-476d-9071-c2683b61755f,mann,Unknown,zauberberg,mn.,Unknown
a5d895e2-679d-478c-9c51-6cb2f724f21d,molcho,Unknown,koerpersprache,molcho,Unknown
147d7ae0-7eec-4e60-bea6-de8232796c35,mueller,Unknown,goldschmieds,mu.,Unknown
c3834109-7196-4436-966e-a287d4773a2d,may,Unknown,silbersee,ma.,Unknown
1179e651-557a-4cb2-87d2-5c5f91b37ce5,may,Unknown,stambul,ma.,Unknown
9589ab90-ef08-4b66-925b-e262bee7deef,meng,Unknown,heilkunst,meng,Unknown
ad98f509-2aa9-4104-8b7f-27eacbe642a2,mer.,Unknown,rungholts,mer.,Unknown
3b70df89-7ad1-43ae-8e59-2bc41d228b40,miquel,Unknown,pharaonen,miquel,Unknown
a257319a-a6b6-49e3-a67f-d0721b4758ab,mahmoody,Unknown,tochter,mm.,Unknown
d57dde92-65be-4e18-86cb-de2036889d34,moore,Unknown,bibel,moo.,Unknown
f43b648d-d062-4589-8213-f6315988a821,massie,Unknown,romanows,msi.,Unknown
4744eae4-6e69-4e9c-a211-75fab3d9ac92,massie,Unknown,alexandra,msi.,Unknown
29d1e964-6a34-4713-be2f-75e41fcfb859,may,Unknown,rodriganda,ma.,Unknown
eba8c38c-c1e4-4fbb-9dca-1089343d57f3,michener,Unknown,quelle,mi.,Unknown
91c1ceb0-4013-4558-b36a-7a2f1a6a51e7,mann,Unknown,mephisto,mn.,Unknown
9f5fe6a0-ffbc-4451-bd4f-554b7620e683,mason,Unknown,suzie,ms.,Unknown
ddff58bc-29fe-4248-a58d-0cb04ee77217,lucentini,Unknown,wohnsitz,lucentini,Unknown
d2e40934-673e-46fc-81b5-bbce5b38d506,may,Unknown,kurdistan,ma.,Unknown
ee9cc3e7-a2d4-4429-809f-f571b9f5f64a,meade,Unknown,mission,md.,Unknown
72cd254d-f6a5-418e-a785-65609126eaac,merico,Unknown,mafiaprincess,merico,Unknown
050f8b23-d685-4ac3-a82b-43e17ba63c7e,mueller,Unknown,segeln,mu.,Unknown
f7d9a806-afb7-46c6-8469-5b493c5487da,murakami,Unknown,schafsjagd,m.,Unknown
0c552b8f-1154-4f55-9193-1965d2393378,murakami,Unknown,laecheln,m.,Unknown
eee6f345-3f25-487a-9475-f3f9003962f0,maiwald,Unknown,knochenraub,maiwald,Unknown
1aa5f121-c20b-4821-bf94-0ad62f90e573,mayle,Unknown,gluecklich,mayle,Unknown
0a8537cc-72e4-4e17-90f8-7b3795a43840,mccullough,Unknown,dornenvoegel,mcc.,Unknown
f3950fcd-32ae-4555-aff5-4d9c1593309b,met.,Unknown,book,met.,Unknown
cc09a6a1-3b7d-4d62-a72f-192c811b3cd0,morrow,Unknown,rain-man,morrow,Unknown
ccaf8eb4-2e24-4329-a805-db119c652ea6,may,Unknown,surehand 2,ma.,Unknown
2599e675-7cde-4845-b86e-eaf1a1af4fd8,may,Unknown,kordilleren,ma.,Unknown
101a0b26-43ae-4c7a-b09e-17e83a60df37,machiacelli,Unknown,fuerst,machiacelli,Unknown
b230f4c6-420b-4d28-b2d5-784f1c764bc3,mantel,Unknown,riesige,mantel,Unknown
58d7b74d-cc58-4ef6-9ca7-618c30e8485c,mclaglan,Unknown,niemals,mclaglan,Unknown
21287a9d-967a-4556-95cc-5d7b2e2f79eb,mitchell,Unknown,verweht,mitchell,Unknown
7f2c13ed-98f9-4aff-ac3c-392846d98e56,mma.,Unknown,schindler-liste,mma.,Unknown
eb569b4f-f43a-421f-a66c-84a5be83357f,mon.,Unknown,storia,mon.,Unknown
e0b96f6e-aa4c-4a6d-a337-ee8ef6773de2,monnier,Unknown,strasse,monnier,Unknown
adae197b-88e3-47a3-9c28-f1d86e504333,may,Unknown,winnetou 2,ma.,Unknown
ed5677ff-7581-4e46-b744-a8ab8bb825d1,may,Unknown,halbblut,ma.,Unknown
3a844936-23c9-4f7f-891a-308e9fb8958e,may,Unknown,stillen,ma.,Unknown
355bfc6d-436a-4ab3-9162-b752d97367bc,mcfadyen,Unknown,boese,mcfadyen,Unknown
6875077e-64ba-4a88-ae72-a6dfa1f4c327,mcu.,Unknown,neferiti,mcu.,Unknown
0a78c270-18bd-4a57-b5a9-c3c77965e37e,mil.,Unknown,sexus,mil.,Unknown
cc910a25-d391-4e74-9001-8e2927c08a8e,mk.,Unknown,kennedys,mk.,Unknown
9c95e417-1cc9-4b07-bfc2-f1c628e05f83,mukherjee,Unknown,angesehener,mukherjee,Unknown
58630c2e-33d7-4150-b080-acd7ee72a626,murakami,Unknown,commendatore 2,m.,Unknown
3264aee4-5e56-4957-882f-efd7c073eab1,murakami,Unknown,schafsmann,m.,Unknown
e78145b8-9a22-4a2b-a3f0-ede6cc7d393f,murakami,Unknown,sweetheart,m.,Unknown
ff2a00e4-613d-48ed-afca-c10446c5a7e8,mf.,Unknown,sehnsucht,mf.,Unknown
88ef3102-5798-4f92-ab46-2dc612895c7d,moravia,Unknown,roemerin,mo.,Unknown
61613bb6-2f80-4b13-96e9-a3832cb5dfed,morgan,Unknown,traumfaenger,morgan,Unknown
888fb922-4ce4-4b4b-aea6-21a0e0dc4e04,massie,Unknown,peter,msi.,Unknown
4bd35a77-73a3-4c4b-987d-f4d6a0d5d856,lun.,Unknown,fish,lun.,Unknown
1db43a97-bf03-43e8-be1a-31a13414a19e,dunkel,knaur,moskitonetz,dunkel,k.
831e896e-7143-4f83-9bee-3e030c2461f8,vandenberg,Unknown,kopernikus,v.,Unknown
9bd2e1d0-3e78-40f1-8d06-6c47d05a27e5,moliere,Unknown,eingebildete,moliere,Unknown
e38db9a1-c86b-446c-8707-3ede12cced91,merkle riley,Unknown,zauberquelle,mr.,Unknown
90f088dc-f0dd-48c8-b706-37bcd52b2505,mueller,Unknown,programmieren,mu.,Unknown
8629f053-66b6-4531-a8fd-4ebca0edae88,murakami,Unknown,pilgerjahre,m.,Unknown
28a759da-7c0a-4034-8782-7a81a7ffce5a,may,Unknown,schluchten,ma.,Unknown
4d5b5f3b-769b-47f2-868c-0a651deb8029,may,Unknown,sonnengottes,ma.,Unknown
4e47f0db-5898-496e-93ce-799d56a625f8,mayer,Unknown,amerikaner,mayer,Unknown
9b575b76-65b7-4aa6-b18e-ba80241e1ead,michener,Unknown,verheissene,mi.,Unknown
23143e72-ecf7-4bfd-bb4c-15943f8826f0,merkle riley,Unknown,stimme,mr.,Unknown
4057d631-9e3b-4090-a7fe-7ae3d75bf7d0,munthe,Unknown,san-michele,munthe,Unknown
03214831-0491-4179-abeb-778b81ad58c1,murakami,Unknown,schlafende,m.,Unknown
4e182328-04d1-4b3f-b5a0-d975c6695e40,murakami,Unknown,strand,m.,Unknown
54d27b70-067f-411f-9b58-5c35a2750a40,mcbain,Unknown,judasgift,mcbain,Unknown
b60e6c88-0b66-4be9-a874-0c34cfa58bc8,murakami,Unknown,morgens,m.,Unknown
d16fc594-182f-4022-9daa-c9919d22d993,may,Unknown,benito,ma.,Unknown
ef9d620e-e37c-4763-8fdb-eeea9c7a4135,mccullough,Unknown,credo,mcc.,Unknown
472569ea-1747-43fe-9f7a-c642ae1ff29d,melville,Unknown,moby,melville,Unknown
886854a6-13f3-4edc-a7f5-8a08c076ba11,crl.,knaur,feuerfrau,crl.,k.
bcd747e4-949b-49d5-b2cd-ee63352fb9de,may,Unknown,rio de la plata,ma.,Unknown
df06f6fa-dde6-44b1-ab66-6cbad48df1f5,malee,Unknown,tigerkralle,malee,Unknown
e0783d63-464d-4f1f-a709-378eb7b4baa7,mawson,Unknown,lazarus-kind,mawson,Unknown
0f6f096e-7f8f-45c2-9336-740b1baef5f1,mueller,Unknown,goldes,mu.,Unknown
1d13fe60-73d2-4bbe-b904-f8c26c28eec6,mcu.,Unknown,kaiserin,mcu.,Unknown
ea043cbe-5e8f-444c-b0c1-ed99785bf0fd,meissner,Unknown,nordlichts,msn.,Unknown
63ad4fbb-9909-4cd8-8c06-bd831336d42d,maddox roberts,Unknown,clodius,mx.,Unknown
f8fdcaef-dd5f-4396-9f58-64a85c24fe4d,luks,Unknown,gewinnt,luks,Unknown
ceada7e8-6e6f-4e90-ba4a-5ef44846fe96,michener,Unknown,alaska,mi.,Unknown
e5b69667-5281-4fd8-9c5f-d45681f70f66,moore,Unknown,bibel,moo.,Unknown
6172a9f7-30e7-43cb-91d1-fd56c0b72cca,murakami,Unknown,hard-boiled,m.,Unknown
66721d82-7e7f-4d0c-959c-eb5c91a6db34,murakami,Unknown,untergrundkrieg,m.,Unknown
8cc1edc8-8db6-4701-b46d-96ecf649bb63,may,Unknown,methusalem,ma.,Unknown
68a49604-acbc-4102-b7ca-5dc2f1986829,vandenberg,Unknown,pharaonen,v.,Unknown
4a8e1811-7e85-4799-9b53-42c309dae7e0,may,Unknown,winnetou 3,ma.,Unknown
62679cd7-73f1-4d89-889c-45cae32b5b8f,maier-krafft,Unknown,altbayrische,maier-krafft,Unknown
63c8b06b-eb0f-412f-b994-9913fe4d1734,mccullough,Unknown,credo,mcc.,Unknown
3793ec5d-2b95-4d30-abef-5ce2ab823c07,meh.,Unknown,maharani,meh.,Unknown
19c394a7-98c1-43ea-af7d-9a92ba10f2eb,nesboe,ullstein,erloeser,nesboe,u.
436632f8-8a29-43aa-b4ca-1d34367e3ed1,mann,Unknown,untertan,mn.,Unknown
32fbb44b-812b-46c1-a7c6-bba1e27e86f3,munif,Unknown,salzstaedte,munif,Unknown
ae7efff4-ff0e-43e3-bf0e-a9117c5821fc,noske,Unknown,bastard,noske,Unknown
f65efc70-b078-4520-bb7c-557773ee0b23,pileggi,Unknown,casino,pileggi,Unknown
7b7d43bd-ad2c-4538-9770-bd696fdff9d9,vandenberg,Unknown,vergessene,v.,Unknown
47f4c6b8-3b46-40ef-a138-6812518aa263,reski,Unknown,corleone,reski,Unknown
ee8f816c-fbd3-43bf-8395-2567e08f6859,noll,Unknown,apothekerin,no.,Unknown
0a560e6b-0d5c-4656-9fa5-faf4c992c896,oelsner,Unknown,sibirische,oelsner,Unknown
7a4fb0e5-fc93-479f-bf07-fc9a72577060,olsson,Unknown,netz,olsson,Unknown
9f5f55bb-dd77-4cbf-acd7-f324f23b1686,om.,Unknown,grausame,om.,Unknown
62cff706-d48c-48c9-9197-9eb43d8f0163,plenzdorf,Unknown,werther,plenzdorf,Unknown
8dfd47bd-16ce-4885-adc7-6bd3d0965265,pls.,Unknown,marco,pls.,Unknown
a2571f56-8df9-4874-87d6-4805a90c8d90,robbins,Unknown,profis,r.,Unknown
31fbe690-5efd-49a9-8b87-4d070fb38e36,roche,Unknown,feuchtgebiete,rc.,Unknown
e8d4bc95-8fef-4afe-9686-8442707ad541,ogger,Unknown,kassierer,o.,Unknown
7254c00c-3e1c-49ea-8317-5690db410f26,pem.,Unknown,mund,pem.,Unknown
f703e37c-db68-467e-ad77-9d4b93e6ce35,pn.,Unknown,verlorene,pn.,Unknown
5948bc54-3f38-4ddb-b930-b4e9d7fa5b2e,poe,Unknown,untergang,poe,Unknown
10d7b6c8-c759-4307-8211-68975ada533e,radsinski,Unknown,geheimakte,radsinski,Unknown
0a5b8183-3b9e-4bc3-8ad9-898672d2d580,falcones,weltbild,kathedrale,fa.,w.
afcc0dd2-8a84-449f-a059-f4ef03aeef01,parrado,Unknown,hoelle,parrado,Unknown
9523f61c-8557-4d98-8119-5dea2df3d28b,percha von,Unknown,prinzessin,percha von,Unknown
0dabcaed-75ac-4d95-9d4e-6fa2a984a9c1,noe.,Unknown,meisterstueck,noe.,Unknown
1d7fbcde-4b17-4eea-bdee-89bc001327b1,pas.,Unknown,giftkoechin,pas.,Unknown
f5ee1227-99d4-4074-914d-42586caa63af,peinkofer,Unknown,flamme,pe.,Unknown
70c920a1-6e13-4a2c-8a87-d7b7846d727a,ph.,Unknown,henkerstochter,ph.,Unknown
212253d3-b720-41ad-a2cb-23824c7efd6d,pn.,Unknown,touching,pn.,Unknown
68bab723-0a99-4f82-8b6f-0adc3b433583,robbins,Unknown,goodbye,r.,Unknown
63f834f5-2f46-4f7f-a894-572ee186724b,"ranke graves, von",Unknown,jahrhundert,rg.,Unknown
923d69be-26fd-4b73-a5b3-a29f9bfe2ea5,nas.,Unknown,walfaengerin,nas.,Unknown
81f9911b-2cce-41ce-ae1a-529a9f90e5f9,patterson,Unknown,mord,pa.,Unknown
e015b8c3-d341-47e7-844f-b8ac5ca981a5,piper,Unknown,denkanstoesse,piper,Unknown
b3c2ac86-cd1d-4996-b294-75a4b5b3273c,nadal,Unknown,vermaechtnis,nadal,Unknown
ee24311c-fe09-4c8a-b23f-32f0b96225b8,norman,Unknown,geheimnis,nm.,Unknown
d92c231f-77b6-4f20-8bbc-366b2c0ddad3,nv.,Unknown,montglane,nv.,Unknown
c3feda20-1788-4606-afd8-a2b7a37682de,ny.,Unknown,amazonien,ny.,Unknown
2c5ab05a-7808-4ce5-9ae5-e28603aff08d,robbins,Unknown,moralisten,r.,Unknown
d28cca52-1d92-4f0d-8958-6a2ca6faa2ae,robbins,Unknown,never,r.,Unknown
4cd90efd-e22a-4950-9101-b32af6a4d7ef,patterson,Unknown,morgen,pa.,Unknown
a63c1e5d-4310-4cd6-a7a6-f87c11d7802c,barreau,Unknown,memoiren,barreau,Unknown
3ed2935e-24be-4e5c-97b7-67a02bef3243,peskow,Unknown,vergessenen,peskow,Unknown
c79abe9e-a1ed-4275-8468-6482b433313f,steel,Unknown,juwelen,s.,Unknown
5b77fcfe-092d-4447-8537-91534415ad9f,richardson,Unknown,programmieren,richardson,Unknown
8a0a05d8-c22e-4a56-93cb-078a5a135665,robinson,Unknown,nimitz,robinson,Unknown
3f0c52fe-0153-477b-a8bc-105c722a2320,patterson,Unknown,schuld,pa.,Unknown
3b9f6bbf-0d83-459b-a209-54d18162faf6,roehrig,Unknown,freiheit,roehrig,Unknown
93bcbb90-7c6a-48d2-ae5e-4264a1157b06,nichol,Unknown,ausgesetzt,nichol,Unknown
f877fa8a-6e17-460a-84c8-a98bea20d99e,noll,Unknown,hahn,no.,Unknown
de813144-b155-4536-9a04-16701f38b11c,os.,Unknown,instinct,os.,Unknown
a35efd7c-1117-4c6a-8958-b62f1aa06c4d,puzo,Unknown,pate,p.,Unknown
39b5a603-f90a-4436-870f-3c934091135c,phillips,Unknown,fruehstueck,phillips,Unknown
111507bb-b127-4eed-be85-c71659c12ea7,pts.,Unknown,maertyrer,pts.,Unknown
7fd2987b-d15c-46b4-8e59-a3b6ab473144,readers,Unknown,sammel,readers,Unknown
62a1053d-bdf6-4df9-949d-331d12985a81,serno,Unknown,campodios,se.,Unknown
c2d2963e-d973-4a0e-befb-2a57b53b390e,ny.,Unknown,lugal,ny.,Unknown
6a2d40c7-0d6a-4b33-9690-80d8a0498bd1,puzo,Unknown,vierte,p.,Unknown
41b84c00-5ea4-4e5b-957f-48688c96eb8d,pls.,Unknown,marco,pls.,Unknown
de3a1edb-fc26-4c33-815e-ed1988ba42dc,paretti,Unknown,wunschbaum,pi.,Unknown
d2b62ab4-42d1-43e1-aba0-0118d8e5e17a,schiller,Unknown,kabale,si.,Unknown
5ffef4ff-fb69-4c52-b0a3-7bb454c446bf,ne.,Unknown,palermo,ne.,Unknown
19114dc1-950e-492e-b1e7-71fd1a300211,paul,Unknown,schulmeisterlein,paul,Unknown
1380e558-a5b6-4b4f-977c-83e9e2983ac4,platon,Unknown,parmenides,platon,Unknown
175ed6b5-c1e7-41f5-a154-d3880db0349f,peterson,Unknown,nano,po.,Unknown
503b0a92-c404-4ddf-b3aa-6a83d0086d5e,pearson,Unknown,alles,ps.,Unknown
7e34afb3-57aa-4b10-8390-2ce3b3056a39,noll,Unknown,haeupter,no.,Unknown
6c47a511-2a79-4698-b35a-77c23ce63770,patterson,Unknown,kreuzfahrers,pa.,Unknown
629dc003-ee34-424a-9838-95642bff430a,patterson,Unknown,sterne rosenrot,pa.,Unknown
6afbc10c-2eb1-4a83-b53a-cdb3c0934466,ripley,Unknown,charleston,ripley,Unknown
ee2a08bb-8065-44fc-9609-b965fe57ac23,remarque,Unknown,naechsten,rm.,Unknown
682ac49e-8c81-4f87-8949-f4c5aa94cea0,pirjevec,Unknown,tito,pirjevec,Unknown
bafb059d-d3e9-401a-89b5-1c466f4e592b,py.,Unknown,geschlossene,py.,Unknown
edd87591-e773-448b-98aa-66675413330d,reitz,Unknown,hitchhikers,reitz,Unknown
9884d8b2-d373-46a1-b646-b64e05d62947,roberts,Unknown,clodius,ro.,Unknown
f123152b-7226-4eeb-bb93-9201ca8e1ef2,roberts,Unknown,washington,ro.,Unknown
0651a580-5629-4ab6-88dc-784ca06ab50e,na.,Unknown,vergisst,na.,Unknown
d423ca95-3562-4ec1-8c6f-0ff35425818d,patterson,Unknown,rosenrot,pa.,Unknown
e6be8f69-5185-4e6d-93fe-cbe3ce08bd16,rotter,Unknown,companion,rotter,Unknown
ce388e74-846d-41dd-a603-47f8b05183de,ripley,Unknown,charleston,ripley,Unknown
824f5091-0310-4925-b12e-929fbcb581ae,grisebach,quell,ufer,grisebach,quell
3fc4e7f5-934e-4336-b9ac-db3e3a4f7697,spoerl,Unknown,feuerzangenbowle,sp.,Unknown
95941929-5a5b-4dc5-8521-9e75174d3a31,spitzer,Unknown,einsamkeit,spitzer,Unknown
3705b1f7-748f-4a01-9be4-0fe282b170c5,stevenson,Unknown,treasure island,st.,Unknown
2e3a1147-ea9a-4133-ba9e-e1221b20dfe7,sa,Unknown,bitterer,sa,Unknown
f414fbad-b81e-46b9-a756-887aaf47c8a6,serno,Unknown,hitzkammer,se.,Unknown
bbfe3620-d673-4a7e-b756-82b5af0e0f04,papini,Unknown,teufel,papini,Unknown
98a875eb-10ee-4e02-8cbd-241790028efb,prause,Unknown,ausgelacht,prause,Unknown
30abfab7-4e9a-4886-8d07-c42411ec2ac2,schaetzing,Unknown,nachrichten,sh.,Unknown
9ec90884-9a08-4234-9123-ebd0b4c122a8,roda,Unknown,streiche,roda,Unknown
1541bc0f-d0a4-4e28-ba9e-671f1507253b,rost,Unknown,arbeitstechniken,rost,Unknown
1a3b849d-b6af-4a1b-9540-36f465d680d1,sun tsu,Unknown,krieges,sun tsu,Unknown
bc38821d-4b6f-45da-bdbc-792b8fff005b,serno,Unknown,wanderchirurgen,se.,Unknown
38eeee28-d9a7-42e8-bc7f-256b461f51a6,steel,Unknown,neues,s.,Unknown
8f5ec502-c658-440a-b6e3-b853a89d0e1c,schiewe,Unknown,schlacht,schiewe,Unknown
1a456787-3099-42c8-aa24-e948842bf630,stevenson,Unknown,schatzinsel,st.,Unknown
52f92ee4-23b0-42d9-9755-c8f76d5695c2,schultz,Unknown,places,schultz,Unknown
120aa401-9a52-496e-b5d6-df118077b103,silja,Unknown,feuertaube,silja,Unknown
d5509d90-f8ce-4af1-96d5-9c420af2b799,reichs,Unknown,luegen,rs.,Unknown
717d351f-8c54-4c4e-a09a-23fd3e253c7c,scofield,Unknown,gelber,scofield,Unknown
3e763d7c-7491-4e15-82c5-a2ecdb0ce054,sr,Unknown,diebe,sr,Unknown
41cc343f-ae5c-4bfb-b9de-d3553a6999a1,shaw,Unknown,leben,sa.,Unknown
ee6aefc0-f47d-4ebf-b023-f35d394bfab2,schroeder,Unknown,wundersame,scr.,Unknown
fc96307a-6631-479f-8f9b-7db29ad0cc16,scarrow,Unknown,gladiator,scw.,Unknown
f56a2e95-4c0a-462a-94d2-0115f84999a9,shaw,Unknown,arms,sa.,Unknown
be54ebb0-3a64-4d94-9315-55e8c959bc4e,schumann,Unknown,python,schumann,Unknown
8954c93a-ef91-4074-a594-da3f44f77b05,serno,Unknown,klagefrau,se.,Unknown
94939fbd-7e72-4472-be7b-a2da67cd603e,smith,Unknown,feeds,sm.,Unknown
93c0645d-9648-4273-a0a6-3d60077b730a,solomita,Unknown,crack,solomita,Unknown
6df71152-80dd-49e6-809e-30b1e39a8a0b,steel,Unknown,zaehlt,s.,Unknown
9e5fdf44-3953-4de9-a1f2-32cb0813ae46,sienkiewicz,Unknown,quo,sienkiewicz,Unknown
7041e5fc-fe0a-4bfa-997c-e40fae21b88a,schneider,Unknown,schlafes,sn.,Unknown
02aa4b35-0ff9-4256-a878-dc59dc004cac,stein,Unknown,zweitausendeins,stein,Unknown
42717888-046c-4763-befc-e989eb48abe3,steinbeck,Unknown,menschen,steinbeck,Unknown
f6e229e7-5b93-4d63-8fb0-2c0628344d48,sinoue,Unknown,aegyptens,sinoue,Unknown
110eab63-44c7-404a-9f3f-3ac06322ef2c,sheldon,Unknown,nothing,so.,Unknown
89a0f91f-dea9-4eed-b22d-8eeef8441f4c,sr,Unknown,efeubaum,sr,Unknown
cc50011a-bfe5-4dc8-981b-ae2d84c0c266,steel,Unknown,gluecks,s.,Unknown
ffee2901-f266-4b31-9a3e-6c20d8a50be2,shaw,Unknown,regenvogels,sa.,Unknown
28f3bd63-db22-4bdb-ab76-12575ac4108a,albin,staatliches museum auschwitz birkenau,steckbrieflich,albin,staatliches museum auschwitz birkenau
63048387-819f-428b-897b-0c4b5ef0096e,saxer,Unknown,erfolg,saxer,Unknown
4318b6e6-4275-4455-a860-5bc6dc83ffee,scheffel von,Unknown,ekkehard,scheffel von,Unknown
44bec4bf-7c8f-4fbd-b5b2-15be872ca92d,serno,Unknown,wanderchirurg,se.,Unknown
f6de28fd-612f-45f6-b0dc-6e3199b78d06,shakespeare,Unknown,romeo,shakespeare,Unknown
224eae70-f9e1-40f4-8f84-77f404d91701,schnurre,Unknown,vaters,schnurre,Unknown
b9ddb576-ab12-4ae3-ba1e-427b7d1d6a54,serno,Unknown,bologna,se.,Unknown
e4997d2b-ca3b-4227-83dc-074aaf7db463,ying,Unknown,chinesische,ying,Unknown
3fa247a6-05fa-4a9f-8cd6-7975e0ca365c,schiller,Unknown,tell,si.,Unknown
98d69b3b-2e67-493d-9f3b-aa461b86bdb5,smith,Unknown,zittern,sm.,Unknown
2b65799f-22a4-4064-9ae6-091e62105c42,steel,Unknown,hinter,s.,Unknown
897d7586-0d8f-41c1-bb59-18339027a5af,schwab,Unknown,klassischen,schwab,Unknown
9e8dea6f-55af-4b39-8aec-afe596796bf2,serno,Unknown,hexensarg,se.,Unknown
18bbd40b-f40e-43bd-8a85-8a9f4c2995a1,schaetzing,Unknown,schwarm,sh.,Unknown
cea8cb83-8e02-44ec-8e81-d68f4cb7c597,schiller,Unknown,carlos,si.,Unknown
39f4521e-503a-4d4a-9401-b7c324c69f77,slocum,Unknown,allein,slocum,Unknown
6839726d-b8d3-4234-8175-730d96eaa863,rowling,Unknown,potter weisen,rw.,Unknown
d462d73f-4f76-4928-a99d-54a550f88b0b,schacht,Unknown,kreuzblume,sc.,Unknown
f800b3a7-8f21-435a-bd5f-15f4d4246737,schepping,Unknown,maedchen,schepping,Unknown
c821e149-d136-4933-bd77-e44f7a11ada9,haining,Unknown,vampire,haining,Unknown
f6ff9f40-8704-48ff-b693-a8ee7aeec13a,simmel,Unknown,insel,simmel,Unknown
b456081a-37aa-4fac-8608-0d28a1d73aff,scholl-latour,Unknown,reisfeld,sl.,Unknown
ae510a0e-979a-4e6c-bb1c-cdd13f243b73,rhue,Unknown,welle,ru.,Unknown
c3ddece7-b4a6-421f-889e-93a73f0087fb,schiller,Unknown,carlos,schiller,Unknown
c8b25e51-788c-496b-8631-fd020dc9cf3c,seidl,Unknown,marke,seidl,Unknown
4dc894e4-8d1d-40d2-bedb-ddeadd3def07,serno,Unknown,apothekerhaus,se.,Unknown
71f66e98-e3b6-4fc4-8d61-02a14012e5cc,serno,Unknown,balsamtraeger,se.,Unknown
547b411a-a822-4915-9b49-6ab3e341f4e7,spignesi,Unknown,titanic,spignesi,Unknown
8935c8dc-ef35-40ad-b6ba-6991dda89325,vandenberg,Unknown,nofretete,v.,Unknown
99837492-c9c3-443d-a1d1-ee15861a8043,vandenberg,Unknown,spiegelmacher,v.,Unknown
039851ee-6935-424c-ba78-94f01038f694,wernstroem,Unknown,sonnenaufgang,wernstroem,Unknown
be59816a-c9d5-4e46-9472-3ba47932fcc1,vandenberg,Unknown,purpurschatten,v.,Unknown
5b918d50-7834-40ad-a238-5a5b44dea4fc,vandenberg,Unknown,ramses,v.,Unknown
f099dda6-34be-4802-9ae3-4e7aad741669,vandenberg,Unknown,skarabaeus,v.,Unknown
20aeba60-461c-4ea3-978e-8fd43acb70d4,verne,Unknown,tagen,ve.,Unknown
45d4aeda-4fe4-41f1-9428-c60f3669bd2a,vu.,Unknown,vorbei,vu.,Unknown
c353f4df-233c-41a6-ad69-ed67e388519d,smith,Unknown,gorky-park,sm.,Unknown
3deff982-a332-4da9-b98d-2f133eb979f5,schranner,Unknown,grenzbereich,schranner,Unknown
1f0a37d7-b696-4312-905c-5f92588981bc,wallraff,Unknown,unten,wa.,Unknown
0cebc6ce-f12e-450b-ad85-f0b0696a1083,baldacci,su.,saving,ba.,su.
1b8e0d19-672b-4d0f-bab2-0caeb51d5359,vandenberg,Unknown,achte,v.,Unknown
5bbdf321-85b1-4fe5-b41f-b9ad9f31a423,updike,Unknown,museen,updike,Unknown
17f3294b-072f-4b24-9620-bfd9962eb2f0,verne,Unknown,mittelpunkt,ve.,Unknown
cf37dd87-b65a-457b-983e-fe71212b9f6b,verdi,Unknown,troubadour,verdi,Unknown
aa84b514-d08e-4050-aacd-8f3667ca47be,wickert,Unknown,wuestenkoenigin,wi.,Unknown
de7b4431-3374-4cb2-a216-8e957080290b,voien,Unknown,schwarzer,voien,Unknown
7a8326c4-68c1-43be-9372-b391150dd57e,wallace,Unknown,hur,wc.,Unknown
94028542-9b6f-46f8-beb0-d58a3527ba70,winterberg,Unknown,klang,winterberg,Unknown
38bf4f90-3fe3-45b0-a0d6-9a348d195dd9,schweikert,Unknown,kreidekreuz,sw.,Unknown
8c5920b0-ecd8-47f0-aa88-eb1421f2413d,uhlig,Unknown,sumerer,uhlig,Unknown
3a3fa53b-d431-402d-89ba-fd90599507de,vandenberg,Unknown,kleopatra,v.,Unknown
705480aa-80cf-4566-a640-85d7c5985511,vandenberg,Unknown,koenig,v.,Unknown
a8d60a16-a772-4a43-9499-bca93ae97ec0,wickert,Unknown,franzose,wi.,Unknown
013747f3-47b8-4319-ae95-6af8d012c819,sueskindtorm,Unknown,parfuem,su.,Unknown
4fc21b4d-66a6-42ee-ac1f-9e7a28d8428b,vandenberg,Unknown,kuenstler,v.,Unknown
5a61826b-e373-4cb1-b2bb-b19cfc1c68a2,waller,Unknown,bruecken,waller,Unknown
351ee945-8061-4b56-80f6-c95c7a1e1855,sueskindtorm,Unknown,parfuem,su.,Unknown
1a24d20a-c385-47d0-a67a-b774c7218754,swann,Unknown,garou,swa.,Unknown
efcdfb56-d5fe-4a57-9068-a52dd8c5c771,twain,Unknown,huckleberry,twain,Unknown
3f574cae-0956-4ff7-9238-34781e925ce1,harris,heyne,hannibal,h.,h.
3a2ea399-1cff-4404-8ed9-d413f39c52b8,wallace,Unknown,diamantenfluss,wc.,Unknown
8766c453-c10f-4d5c-87fe-4e819d9acd88,suzuki,Unknown,kultur,suzuki,Unknown
b6f3670c-8502-4826-bb33-7857db6cdf94,thoma,Unknown,lausbubengeschichte,thoma,Unknown
87b2126e-086a-44d2-8450-eb0be49b5f13,trevanian,Unknown,shibumi,trevanian,Unknown
b23e1a74-35e4-42bd-baf0-363c3aff5517,trooger,Unknown,kriemhild,trooger,Unknown
ffb75656-d7e8-43ba-ab4c-af78e85e70ad,wallace,Unknown,braveheart,wc.,Unknown
5aea2bb6-8faa-4827-8894-698fa623a8f3,wallace,Unknown,schrecklich,wc.,Unknown
51c22653-0408-455b-b55a-1ba8b6a9dc09,storm,Unknown,gedichte,str.,Unknown
1b30e6fb-bb1f-4c38-ab5e-eca83b00cb3d,savage,Unknown,koenigin,sv.,Unknown
64bbbb58-f899-485e-90e4-985b028e3a61,wolf,Unknown,teuflische,wf.,Unknown
36964473-fff6-4959-b8d7-59e7a4ecf0de,stout,Unknown,delikatessen,stout,Unknown
2f3db12d-e63f-4ece-b784-26d6a85628f9,storm,Unknown,novellen,str.,Unknown
ad0f10cc-4e8b-4e06-88ed-399a45428b63,storm,Unknown,gedichte,str.,Unknown
88729ba9-6b55-47fb-a187-b1cc2fca9b9b,sul.,Unknown,green,sul.,Unknown
c3ce2035-5e49-4b12-8168-1d5a2919e292,tesch,Unknown,zwillingsbruder,tesch,Unknown
7eee4cc7-ccae-447e-aabc-5428ef7e2166,wimschneider,Unknown,herbstmilch,wimschneider,Unknown
085ff301-34c8-4225-8325-a1792542e4fe,solschenizyn,Unknown,archipel-gulag,sz.,Unknown
735f1d07-5ef5-4609-9649-d4e8045c2114,thomas,Unknown,eroberung,to.,Unknown
dab91db6-c324-4794-9562-585218027adb,jones,bertelsmann,cromwell,js.,b.
425a7ddd-50cf-4323-9c31-f32ebfc0dbf7,ware,Unknown,sterbende,ware,Unknown
bb57bf15-02ac-4edf-8138-5f564fa5b7c4,werfel,Unknown,musa-dagh,werfel,Unknown
51c77001-a4b1-4216-8dcd-e466d2924221,zach,Unknown,feuersturm,zach,Unknown
a66c7c0b-0bb5-4859-9970-6b981ef2db97,zampounidis,Unknown,zuckerfrei,zampounidis,Unknown
89c1f6f8-dfe9-48be-a903-02891a155866,wk.,Unknown,lila,wk.,Unknown
3d74f56e-6465-4b1f-af37-85c50b0470b6,ulrici,Unknown,landarzt,ulrici,Unknown
2b5a6647-2f0c-439d-bcfb-bfddec0f5ac0,whittock,Unknown,koenigs,whittock,Unknown
fbf84ac0-abdb-4e28-9af1-36f9ec86a643,wm.,Unknown,goldhorus,wm.,Unknown
94fff06c-0b0f-4dbf-8fc3-8cabe2356a5e,zentner,Unknown,weltgeschichte,zentner,Unknown
a2797a93-d965-4f4f-ba20-6565f50d49c9,yiwu,Unknown,reisepass,yiwu,Unknown
938e954a-d0f3-49a0-92ab-fd02414514a2,wouk,Unknown,feder,wu.,Unknown
258ed30c-2137-40f1-bd4c-d34ce5feecd4,walters,Unknown,echo,wt.,Unknown
82356697-b1f1-4ad7-8619-5e1101b27551,wr.,Unknown,geliebten,wr.,Unknown
55c271f5-87f0-4645-b347-e3dc34f783ad,yz.,Unknown,malala,yz.,Unknown
72b16612-7307-4636-b2e4-1a7dffabf2c0,ws.,Unknown,sharks,ws.,Unknown
0ea7a01b-439c-432d-9a9e-1554ca37f7fb,waltari,Unknown,sinuhe,wl.,Unknown
7c951b5a-5606-4e55-92b8-f3321ebb9165,wm.,Unknown,caxamalca,wm.,Unknown
ba618649-db8f-44df-82c4-b0512efd7406,zimmer-bradley,Unknown,feuer,z.,Unknown
78f2fa54-13cb-4eaa-819a-fdeee2d09a6a,xu,Unknown,tochter,xu,Unknown
d491bcc7-5ef0-4be1-bd99-22679afa9f27,yan,Unknown,kornfeld,ya.,Unknown
f4140847-8e3e-4578-a81b-19ed1b3857ed,zeffirelli,Unknown,jesus,zeffirelli,Unknown
f64cdd83-089c-486d-a441-eec305c41a0a,wood,Unknown,himmelsfeuer,wo.,Unknown
819964ed-6896-49d9-aa70-97793e14f067,wolfe,Unknown,eitelkeiten,wolfe,Unknown
b17551c4-929d-4401-8ac9-cab45e51d9fe,wood,Unknown,paradies,wo.,Unknown
393abf23-66a6-4293-811f-20b787c5f957,wood,Unknown,harmonie,wo.,Unknown
86689a43-71d5-42fb-a67c-461a5d378223,yutang,Unknown,laechelnden,yutang,Unknown
531e7a25-a013-491c-bcc2-7289a0eb71de,wk.,Unknown,erfahrung revolution,wk.,Unknown
f867fe2d-bc75-4168-9468-10d09de55c42,wood,Unknown,harmonie,wo.,Unknown
2421950d-d0f4-4ab2-820c-517ad38ad253,Test Author,Test Publisher,Test,Test Author,Test Publisher
008d793d-8657-4636-9401-2282879d61d3,shaw,heyne,antibes,shaw,h.
d90719eb-094a-4a57-8746-07ad153287be,elfgren,cd.,zirkel,elfgren,cd.
ab6ccf62-d5e3-4967-bcf4-2e4a13888d51,massie,fischer,nikolaus,msi.,f.
f33fd8b2-b5aa-4c0d-8ae4-09ca794952e6,paura,ullstein,zwoelf,paura,u.
04be8f34-8d4c-4cca-86ed-f05fe1c5c6f1,Test Author,Test Publisher,Test,Test Author,Test Publisher
f84dcbe2-3489-4151-92d9-5c28a47099f5,heldt,dt.,urlaub,heldt,dt.
ce255def-b539-4158-8b7c-b994d420b7c6,bergius,goldmann,feuergott,be.,g.
da3b8000-9acf-44b3-9e68-e36ac203abe1,fischer,heyne,alternatives,fischer,h.
b6a24fd2-6470-4c0d-ba35-a162ab1c2386,frieday,haufe,scorecard,frieday,haufe
11b578e8-ddee-4b46-848a-f1ebae5608dd,steel,heyne,traumhochzeit,s.,h.
37b258e1-a2a0-4c94-b01d-3dd3dc78dd95,vester,heyne,crashtest,vester,h.
04a061e3-27cb-4356-aeb1-2da0b109aeb7,neuhaus,planet,traumpferd,n.,planet
70108cf9-b46f-4a81-a0fc-bac6cc03b663,elbaradei,cp.,apokalypse,elbaradei,cp.
f51a2d01-e77c-4ac8-bcd0-595414de1740,hustvedt,sceptre,blazing,hustvedt,sceptre
78ccc160-cde9-44f8-adaa-61a3ebc39361,bah,bastei luebbe,kaempfte,bah,bl.
2261380e-0021-4b99-8548-8cb5c8b6bee5,archer,heyne,schicksal,a.,h.
3c5f0287-8de1-454f-b3af-e0bc3d7aaf84,bryson,goldmann,kaengurus,bry.,g.
d01e6108-8cc3-4ac9-a8c0-9c78f3682ba9,noble,lp.,lanka,noble,lp.
b82e0919-ca8b-47d5-acc8-a72826619103,grill,goldmann,afrika,grill,g.
7c6eb7a6-f6f2-4621-99e6-f72f29ba3da4,mar.,fischer,schiffbruch,mar.,f.
dd97da4e-8361-4afc-9640-f4faacbfc1fe,kohl,muenster druck design,augen,kohl,muenster druck design
260e0267-2092-429e-9a82-ecd661b64ca9,davidson,blanvalet,rose,davidson,bv.
ca0c780b-180a-42e9-b8f7-10776c569cd8,anthony,heyne,tatham,anthony,h.
cf9dde1a-ae1c-4b2d-972a-8fbf716513bb,brown,pk.,angels,b.,pk.
bef844f1-e2fa-46a9-9a99-2174e27b9bc8,allende,suhrkamp,luna,al.,s.
a6dd7e3a-78d8-4bf7-8910-cc14f224ada2,chaplin,deutscher buecherbund,lebens,chaplin,d.
0938814b-19bc-4e16-bfe5-5e33f3517c99,aciman,uo.,alexandria,ac.,uo.
663641fc-e893-42ff-b95e-cef598ce0fff,baldacci,bastei luebbe,abgrund,ba.,bl.
37828adb-440b-4dfb-b98b-9151f6c0564f,kinkel,goldmann,puppenspieler,kk.,g.
ae7b9f29-4188-4cca-8ff0-37baaf05cf99,od.,heyne,dai-sho,od.,h.
d6ff2abe-1a3b-48c3-a217-dabd59df49ac,ernst,rosenheimer,lena,ernst,rs.
6e74ab30-33cc-4f10-93bf-148aae1e8935,banerjee,blanvalet,buecherfluesterin,banerjee,bv.
1c7efb9a-f746-4b1e-ac71-7ea02654a55a,bass,arena,qin,bass,ar.
c59d4b44-d98c-4dd4-893c-5b4852a5244e,suc.,dt.,abenteuer,suc.,dt.
fe353bda-b6a0-4b51-a2a5-92514ad03004,eschbach,arena,gabe,e.,ar.
1b5a8fb3-c4d4-4989-afd0-13798c2f795a,maberry,thienemann,lost,maberry,t.
67388539-8c30-45f7-9f72-96ec9f929eb4,wallraff,kiepenheuer & witsch,oben,wa.,kw.
0a9f1b51-296f-45f8-9a13-545493289d1a,bosch,pahl-rugenstein,kandidat,bosch,pahl-rugenstein
711d1f77-7ad0-464b-992a-bdf3f89e48c8,bulwer-lytton,gondrom,letzten,bulwer-lytton,gondrom
a840674e-d912-4e50-bd6f-6976fff7e67e,sommer,list,keiner,sommer,list
b4129215-47a0-446e-b9c6-d2efde10530a,eder,goldmann,heilerin,eder,g.
ac4e89a6-d11c-4802-ae95-d7e788f8d7ab,scott card,bastei luebbe,sprecher,scott card,bl.
c818326a-cb56-469c-b46a-63c2c1f3f3df,jacq,weltbild,pharaonin,j.,w.
84ca7e1a-9afc-4898-8a29-dc093845fefd,ingridason,bastei luebbe,gletschergrab,ingridason,bl.
9d0e48db-84bf-48fc-b7ef-6a646cb180c1,simsion,fischer,rosie,simsion,f.
59ae6d56-3670-4c0d-ba46-157d7a5e37f7,ignatieff,suhrkamp,asja,ignatieff,s.
2455e626-d064-48fc-9930-0e4d87c043bd,jeier,knaur,amerika,ji.,k.
f5619672-4dce-4d2e-904e-f9b05c666be1,bengtsson,non stop,abenteuer,bengtsson,non stop
e3651914-dc38-4311-81d7-48fe6e1a84df,archer,Unknown,thieves,a.,Unknown
1a545c85-d033-4755-9662-a8e461c2fa71,espinosa,goldmann,roten,espinosa,g.
2e0edebc-88a8-4037-84c0-bd18e3b9e3d7,noltze,top life center,operation,noltze,top life center
bfadac7f-f3d2-4f24-8adf-216f13e0f53c,buck,xemos,stoner,buck,xemos
a003ebb2-9194-4c8d-8dab-d86a8a66f34b,allende,dt.,stadt,al.,dt.
c1ef0490-58bc-4890-898b-96f0bbac7a05,michell,dumont,hindu,michell,du.
ba2a8fb8-7dbf-483d-af78-4962eb46341e,sezgin,beck,artgereicht,sezgin,be.
f778c003-590b-4d36-b626-ed851f35bf21,kirchner,goldmann,spielregeln,kirchner,g.
3438c3e9-9a54-47a1-b392-481329eebce3,wood,fischer,lockruf,wo.,f.
b07830f4-c6ef-4282-bd1e-0f570c27500c,follett,luebbe,kingsbridge,f.,lu.
b1466224-7336-40b5-a808-20dee17038da,geibel,heyne,falschen,geibel,h.
fbaf69e5-b55c-4512-bec0-559b1f539aef,campbell,knaur,wilder,campbell,k.
55a3cdcc-3095-4bc1-9881-814d3d0f8178,singh,i.,pakistan,singh,i.
277c4788-e0d5-4552-9dde-cd9d1d2c9383,neuhauser,rk.,kambodscha,neuhauser,rk.
dfdbd453-2a0c-435b-b43d-5fb519eca6d9,wickert,heyne,china,wi.,h.
eebd8848-8b23-4dda-a99c-b12d62952b08,alireza,bastei luebbe,leben,alireza,bl.
025010fe-3d4b-4f02-a67d-0c39ab5f4944,mings,ruetten u. Loening,said,mings,ruetten u. Loening
238091fb-1df1-4603-b7a6-fe4ad15e5587,trinkwalder,droemer,zukunft,trinkwalder,dr.
71371633-487d-496c-90e9-b8bbb194f783,frazier,buch und medien vertrieb,cold,frazier,rm.
67cf1565-084f-429a-b8fb-3708e8f901b9,mielke,bastei luebbe,attila,mielke,bl.
c7596109-2028-433f-8b91-f5aca902af06,wallraff,kiepenheuer & witsch,13,wa.,kw.
558889f2-7bd9-4f6e-b14e-059359ab77c9,prt.,carl hanser,wir,prt.,ha.
e5525983-7b69-44b1-89b0-5a2bbfb2a075,beoethy,knaur,heirate,beoethy,k.
cb494b87-6291-40f1-9c04-c23ce7d0d441,hammesfahr,rororo,merkels,hammesfahr,r.
4f4722a9-d3b2-42a0-90e4-14fd2416a738,heller,goldmann,putzteufelin,heller,g.
68012668-1773-4cb7-b430-de4b3c4e92f8,hui,ullstein,baby,hui,u.
188651f6-9388-4739-9853-954feeee2e02,vl.,suhrkamp,boese,vl.,s.
6a584faa-432a-4814-a396-c08cb7389f47,rabinyan,fischer,hochzeiten,rabinyan,f.
0ef7b29f-2089-4401-9503-7eb390371e17,royaumont,steinhausen,wirklichkeit,royaumont,steinhausen
2badb8c2-a310-48a1-9c0a-0faaabc0ddd8,fischer fabian,knaur,hauch,fischer fabian,k.
05521c48-9337-4d00-bd19-e8ff48803000,quack,iwanowski,usa,quack,iwanowski
943d1dad-fbf4-47e3-b844-697d7c730a86,bode,fischer,abgespeist,bode,f.
8dd63177-266f-4df8-bbf5-a83f2eb4f3fa,hamilton,weltbild,maske,hamilton,w.
838ad547-42a2-45e6-b7e9-55ce3266a596,bamm,droemer knaur,staetten,bamm,dk.
42d19495-33f8-4f46-a62f-42a1aa8083d7,korber,heyne,karawanen,korber,h.
1ba40095-fa36-4bad-a864-9f0a1b849176,govinda,sc.,weg,govinda,sc.
b6439850-f4db-4915-bf51-5d6f83e83120,scheider,hugendubel,radtouren,scheider,hugendubel
b444c964-2651-4f8c-a9bc-e12a5322ca73,ali,bs.,brick,ai.,bs.
b6736070-259d-42cc-a5bb-3ec0784ba849,"gulik, van",diogenes,tod,"gulik, van",dg.
eb424109-aca7-4208-bf31-d0f0686cbace,green,knaur,geschworene,green,k.
371a6641-08e1-488d-99a7-fd7fd1114dae,pausewang,ravensburger,zambranos,pausewang,rv.
6bd29dae-3add-4916-aa4f-136fc64a3c36,kreutzkamp,weltbild,traumzeit,kreutzkamp,w.
02c7dcfd-e204-4709-8eb4-d74dff9b3ddc,mol.,heyne,verrat,mol.,h.
41c81e8f-b6f1-4699-aafd-7485141feb22,collins,knaur,connections,cl.,k.
127eb37a-479f-4297-9d9b-084aa68c418e,hoffman,rororo,vater,hoffman,r.
7804806d-448d-4c0b-b857-e9fdc1bd87dd,stokowski,rororo,untenrum,stokowski,r.
e065189a-3f78-4a5b-a8e9-020cbc118a41,ogger,droemer knaur,flick,o.,dk.
34d58140-1536-4cc6-966a-93f8850e32cb,beyer,heyne,boehm,beyer,h.
59c0eb36-e228-47ad-a786-8f06ae899696,parigi,w. kohlhammer,suedrussland,parigi,w. kohlhammer
e0a2b7d1-ab98-46d2-8eba-e09d2d06d02d,konsalik,bertelsmann,zauberblueten,k.,b.
155d25f8-c6f3-465b-aa4f-76a1f901d8a4,pittorru,goldmann,tod,pittorru,g.
7272c6d3-cd72-4987-be9e-a319e38cc496,Messadie,knaur,mensch,mei.,k.
fd3c33ad-b39a-4d3f-a704-bb0957410533,schmoelzl,ullstein,nicht,schmoelzl,u.
f00a62bc-1d37-492e-931b-1b662821f2e2,dieckie,fischer,nostra,dieckie,f.
20be9dcb-3f38-4e73-be4b-bae2cefa6f64,parangi,rororo,majestic,parangi,r.
8c0c80b3-c8e2-4587-aa43-820ebce44539,tp.,ullstein,land,tp.,u.
5c62a2f4-7c3b-4fd2-9971-4c213f9e1c36,kubelka,knaur,vierzig,kubelka,k.
6fce9cb9-7e55-4b28-bea0-0ab950dc7eca,sellou,ullstein,einfach,sellou,u.
de1ed64b-2af0-42e2-9765-84517cc2b7a3,ph.,ullstein,henkerstochter,ph.,u.
957e8001-7d4f-4a84-bae2-a21724805936,gier,bastei luebbe,gras,gier,bl.
2490fec5-2293-4a74-87bd-aba254d96899,holt,piper,letzte,holt,p.
2fe67971-3c59-44b7-822e-cb42e6127838,enson,kiepenheuer & witsch,lulu,enson,kw.
35b034b0-b733-4fe9-b24c-8ce6b6915876,franzel,pfeiffer,reich,franzel,pfeiffer
0354bcfd-6f06-414b-8d71-db5ee2ef3e96,bittrich,piper,fahr,bittrich,p.
f12c1312-1360-40e6-b984-ceabafda9c8b,konsalik,bertelsmann,kreuz,k.,b.
01525515-68fc-4bf8-be0a-b33fbc5f3fd0,onken,goldmann,kirschen,onken,g.
7d29df29-dc62-4d1b-af5b-ce1ac5c0df03,puig,suhrkamp,kuss,puig,s.
6e24108f-6b43-4d85-b548-1ed09da4cf6d,gier,bastei luebbe,luegen,gier,bl.
ad4be6a3-c778-41d4-9747-f6b60281eeba,unbekannt,baedekers,skandinavien,u.,baedekers
a2b38eb3-82a4-48a4-bfd3-60298393636a,wood,fischer,sturmjahre,wo.,f.
3a15b472-add4-4775-9ebb-bf121350aa4a,schwanitz,goldmann,campus,schwanitz,g.
9d02f5f5-d3e3-4c0d-b6e7-afe8aaaa0d23,campobasso,goldmann,stopp,campobasso,g.
743c3c4d-d763-481c-abc4-dc8c9b183921,rath,wunderlich,was,rath,wu.
2f0edb13-40c7-48d3-8c52-c671bd74050f,fischer,avicenna,mut,fis.,avicenna
51cf581f-5e18-472c-8e39-189f3c678448,allende,buch und medien vertrieb,portraet,al.,rm.
1fae859a-20e8-44d3-a5e0-aaad7aa6d10c,hertz,econ,business,hertz,e.
666c8873-bdb8-4c4b-87a4-7aa0fb6ad6f0,benson,berlin,fluch,benson,br.
6ecc88e2-c5b8-4bfa-bec5-2c484f83c943,wood,fischer,nachtzug,wo.,f.
fc61e6a7-ee13-469c-8cd9-4fbcf7e6865a,williams,lp.,australia,williams,lp.
beab83a2-94e8-4b76-937b-d43b93de45f1,imai,hb.,kaizen,imai,hb.
fe690b27-ecdf-424a-bc3a-6a1c04f768ae,pancol,btb,gelben,pancol,btb
fbe77268-680b-43da-bec1-2911c8bdeba0,silverberg,heyne,meer,silverberg,h.
013a124d-10db-4ba3-8d30-3ffa6eaff5f3,harenberg,droemer knaur,prominentenlexikon,harenberg,dk.
eefbb08f-c0f8-409c-8ba3-3b090a13567a,mccullagh rennie,weltbild,weiter,mccullagh rennie,w.
a46a7c08-bc9d-41ee-b3f9-54b4d1e91e09,leh.,kiepenheuer & witsch,revolution,leh.,kw.
3f83d597-7e3f-4e1c-b3a1-cbcf47423d94,kugel,heyne,now,kugel,h.
4c262af1-be50-43b8-ac8d-d0c265c1a9aa,springer,kb.,geht’s,springer,kb.
661c63d4-c774-421d-993e-207b14e00824,gack,globetrotter schreibe fuer globetrotter,israel,gack,globetrotter schreibe fuer globetrotter
d83a8358-ab48-4c6d-b4d1-db64248573cf,grisham,heyne,verrat,g.,h.
d28c91bb-df8c-45a1-9e64-696f3aa6c06b,allende,harper perennial,city,al.,harper perennial
0d6a6efa-9b5c-4e02-ae2e-62c348a0d5ab,keyes,av.,watermelon,keyes,av.
3e807482-37e9-4a63-be6b-38179b012235,butzko,westend,verarschen,butzko,westend
7ad531a0-b8af-4072-a8d8-00083b4fccdc,michel,tosa,krebs,michel,tosa
3d6bca9d-adb8-42cd-97c8-5a48baf3f5e8,niessen,schwarzkopf & schwarzkopf,sauerei,niessen,ss.
c1199b02-8ce6-4b7f-901f-354a1d241042,steinberg,heyne,wellen,steinberg,h.
a528c128-6b1c-4ec7-8f38-e43954d28d27,handschmann,gräfe u unzer,vollwertkueche,handschmann,Gu.
8dad55d0-ad49-4cd6-b743-51af19374673,braem,piper,loewe,bra.,p.
5e4c60af-b846-4490-b585-d93680ec724a,rose,btb,schamanin,rose,btb
25dcfe1f-0626-4161-a785-c2ab70186209,bayer nido,heyne,eltern,bayer nido,h.
d24505d7-23ec-40ce-ae0a-3a1985e48c9b,snowden,pan,permanent,snowden,pan
a15d1b50-1b2c-47f7-99e8-94d9450e5f9a,krames,rl.,welch,krames,rl.
92cffd23-30c1-41ec-ab1b-61176c244b66,"grote, v.",buchvertrieb blank,todestraeume,"grote, v.",buchvertrieb blank
4f77edef-61d6-452f-a888-a5e3aabdae86,lutterjohann,rk.,malaysia,lutterjohann,rk.
4ce38220-32cd-4d5f-bbd8-51a86ae88b6c,degre,ullstein,tippi,degre,u.
8794fbef-145d-44fd-94ac-25f328a47bdb,serno,knaur,mission,se.,k.
9b411c98-53a5-4d1d-8203-9d8a31cbdfdc,ostrander,sc.,super,ostrander,sc.
94545aeb-0baf-4d81-ac0a-f0f86902a397,goleman,piper,konzentriert,goleman,p.
aab082c6-a262-4f33-b011-4740cf223a96,mertens,springer,wirtschaftsinformatik,mertens,springer
1f964965-3bff-419f-8605-9b0ab25438ed,katzenberger,bastei luebbe,schlau,katzenberger,bl.
6244a561-235e-4c40-90ac-ddf51dadf28e,yanagiharra,lp.,costa,yanagiharra,lp.
cc9d8969-544d-4c5f-aa5a-ef7505823c47,pilgrim,cl.,muttersoehne,pilgrim,cl.
056d12fa-8b55-4b8d-af1b-ac6ee1debaf6,conan doyle,blanvalet,haus,cd.,bv.
407e3109-0186-432d-8cb9-5bb234d6d5e7,herbst,weltbild,heilen,herbst,w.
7afac77d-a362-49ea-bb1b-a5a34b2ef8c0,prt.,carl hanser,wir,prt.,ha.
a108f2b3-69c8-4fb8-b9c6-abe0688389bd,howard,weltbild,glut,howard,w.
04292319-fdb2-4514-a0f2-00520b62c26a,bender,lp.,tokio,bender,lp.
4417d2c0-08b6-4846-91d1-8c295083a38b,wisnewski,kp.,2023,wisnewski,kp.
f2dc6d07-2b8f-47f3-8cb9-0ac07ca33aa3,rsm.,em.,meer,rsm.,em.
1519b368-4a1c-4141-b33b-c3d7b2ea80b2,garcia marquez,dt.,liebe,gq.,dt.
c0d3ab4a-3364-4fbf-9da0-649442a97bb6,helfritz,dumont,mexiko,helfritz,du.
3864cb00-6bb1-44f5-bcf9-d560ccdd35ff,zd.,beltz & gelberg,dann,zd.,bg.
fca3f42f-04ca-48ce-a130-f7f86cb9a358,barron,dt.,merlin,barron,dt.
62085361-a36f-4abd-9d26-8627d8ee38c2,hies,E-fellows.net,perspektive,hies,E-fellows.net
447fac13-1cfa-4b42-a9a2-dc2af61262fc,"romaszkan, v.",mueller rueschlikon,reiten,"romaszkan, v.",mueller rueschlikon
5838365b-bc0b-45d6-8f5d-5ead72d1a973,london,kiepenheuer & witsch,wolfsblut,ln.,kw.
ed32d6b2-4fc9-46f9-b0fb-a7217b58d342,sim.,buch und medien vertrieb,tatiana,sim.,rm.
d8745d6b-8b84-41d0-aac2-df02c72be7f8,adler-olsen,dt.,verachtung,ado.,dt.
3aca6b5c-b9c0-43cf-9733-2641c42ba7db,franz,RM,jaeger,franz,RM
7fcbd107-54fe-457a-9932-da34367d5991,bromfield,bertelsmann,legende,bromfield,b.
36ae28ed-dad2-4eac-b5f8-82d481e46587,carra,wissen,elfenbein,carra,wissen
d5e4e42c-81d0-4cd1-b301-78ae92ef0401,kieser,bechtle,china,kieser,bechtle
a763ec5f-3694-419a-999f-9f64a61b34f4,xingiian,fischer,seele,xingiian,f.
31ebd754-61d0-4aa5-8441-01bc09c00454,versteggen,ra.,core,versteggen,ra.
6f95a39c-21de-4f11-839e-4d5c5a67307e,neuhaus,ullstein,boeser,n.,u.
eec2636b-07f5-4c4a-aa42-6f646a196c21,"haan, de",westdeutscher,umweltbewusstsein,"haan, de",westdeutscher
469cf9bd-cfcc-4154-838a-fa51796ee2b8,helfritz,dumont,mexiko,helfritz,du.
4e26deb6-f2e8-47e0-8a19-88e5245179e0,milgram,rororo,milgram,milgram,r.
71a34f44-0386-4b37-ba23-5fd067edef57,dragicevich,lp.,sydney,dragicevich,lp.
7d3a97aa-f22e-4bc6-93f3-3684ea51d0fd,unbekannt,ob.,naturheilkunde,u.,ob.
578f52e7-8d59-4ffc-8878-ddc5f72d8924,strunz,heyne,gesundheit,strunz,h.
3679572e-4d14-45c8-84a6-7e8a56e586a2,kolon,wolfgang krueger,kalahari,kolon,wolfgang krueger
f9574e26-2add-4a03-8cea-7f7225b54bf7,gibbins,weltbild,kreuzfahrer,gibbins,w.
d3e74634-a961-447b-aa4a-72f732f214a9,kebraeb,bastei luebbe,freiheit,kebraeb,bl.
e67d92ff-2a4c-4d41-882c-acdc442f1ea7,bendure,lp.,maui,bendure,lp.
9a4813fe-ca9f-4748-bd09-1df674abd264,luck,em.,isarbulle,luck,em.
9ae3b2c6-9c71-4ec1-8c8d-cdd047f59b99,"ranke, v.",emil vollmer,geschichte,"ranke, v.",emil vollmer
b1043ef1-41d4-486f-967d-6c4e8ba0ed74,hillary,gustav luebbe,wagt,hillary,gl.
dfd0e58b-5bff-4108-ab11-6e368353be4e,chinglie,Unknown,perlen,chinglie,Unknown
44b43f7a-49bc-4a07-ad58-dfda243e13b6,gottschall,unterwegs,sansibar,gottschall,unterwegs
df827753-a0fd-4376-8d8b-52dceff0f433,kirsch,ra.,ultimative,kirsch,ra.
95c5d301-3420-44fc-8d91-c5f5c80c9296,poles,bastei luebbe,traeume,poles,bl.
76802f87-3a49-4f8e-83be-8581683e0861,sutcliffe,penguin,experienced,sutcliffe,pe.
76e92cfb-c47c-43ee-828b-5e2ffb18940a,knowles,rivers,white,knowles,rivers
fc110761-eea2-44bf-8517-614aa17b7c27,garanca,ecowin,wichtig,garanca,ecowin
7735da1f-e1cc-42e1-9f28-2752bc4c02a0,rong,goldmann,zorn,rong,g.
9288fbf3-2c4b-4354-8c8f-9c4dede46572,conan doyle,ct.,goldene,cd.,ct.
0af316b4-52b4-4d6d-b0d4-942933680e52,kinkel,droemer knaur,schlaf,kk.,dk.
2acea7aa-8f30-4209-b3bd-560ceacd7879,faber,heyne,natuerlich,faber,h.
3e0a5185-e127-455e-8795-534bde517f28,diemberger,ml.,seiltanz,diemberger,ml.
434a8e00-5b69-4126-b790-4b4fdb4f5b83,smi.,goldmann,gluehender,smi.,g.
f463083b-63db-4313-9baf-d000cea4d35a,brinke,rk.,york,brinke,rk.
26179208-73bd-4bf4-91d5-1567688bf151,johnston,pinnacle,montana,jt.,pinnacle
2183d6cf-229d-4849-b52d-46dacfd0ad81,gorys,dumont,heilige,gorys,du.
e5a7d837-83bf-4c80-b139-522d180cad13,"ziegesar, v.",ct.,gossip,"ziegesar, v.",ct.
572a88e4-a939-46e6-a2b0-8d16a83996c6,gordon,droemer knaur,erben,gn.,dk.
d7bcb982-4022-4b23-b804-a0ed605182db,benchley,bertelsmann,freibeuter,benchley,b.
f9c8bf68-8375-4f12-b155-d1963df599cf,jackson,carls books,80,jackson,carls books
12522826-087a-4887-82b0-d5c3a4577c60,wohlgethan,ra.,coronavirus,wg.,ra.
a248b5c1-f29b-4f82-871e-6eddc71cc594,rieger,wernbacher,unbekanntes,rieger,wernbacher
8d01bc17-1134-4cbb-b6e4-65ceb3de6bc5,tomizza,dt.,bessere,tomizza,dt.
04af8184-28bb-4575-a7f4-dcddf0fc1b9a,nygaard,emons,sturmtief,nygaard,emons
79baa48f-ea22-4787-959c-861fa4d8d9ef,kis.,knaur,kunst,kis.,k.
a921773c-36d6-4c0a-8896-6c9bfa438315,busse,heyne,konsumenten,busse,h.
2bc490c0-99e2-4580-a3a8-10ef1b2ea13d,behlert,docbook,suse,behlert,docbook
16a7e44d-cfb0-430d-9d91-4a382f877fd3,barbier,omnibus,verschlossenes,barbier,omnibus
872b5863-b1b6-404c-b93a-b63143ec2e26,bednarz,bastei luebbe,ballade,bz.,bl.
6eabb655-1aba-4277-a8f0-9a4d981c9b1e,hirata,carl hanser,regenbogentruppe,hirata,ha.
4c072689-cbe4-4467-8f16-7a953a118892,baillie,boje,muenze,baillie,boje
99373b0d-8f38-46d9-b8aa-26418270e858,pinch,dumont,florida,pinch,du.
9b030f48-0080-4fb1-8ca3-6e9672724c15,ogger,bertelsmann,abgestellten,o.,b.
4b9a3e5f-428f-4333-aa28-b797c5938457,mirembe,RM,fatima,mirembe,RM
b685865b-7eba-45be-bc8b-243f7e2bb15a,gerst,fth.,166,gerst,fth.
e8a14dc1-cfed-48f1-ae06-9f9703f75aa9,hohenester,sw.,ganzheitlich,hohenester,sw.
c0d44e2b-184b-4402-b213-03cb9a927155,dominik,gebrueder weiss,erbe,dominik,gebrueder weiss
b61b8dd4-9c56-4a17-9777-da55f2eeae95,alef,rotbuch,biester,alef,rotbuch
6034522c-75ab-4440-965f-e043ba1bb5f2,cronin,buch u welt,moore,cronin,buch u welt
a614e5c5-ddb5-4530-a364-38cf02113301,jaud,fischer,vollidiot,ja.,f.
e132f241-2a2e-4a95-8e6c-796512f4e9c3,hephurn,heyne,ich,hephurn,h.
05a1adde-aefe-41c0-9156-3c1f097365e9,mir.,pattloch,fatima,mir.,pattloch
3727a354-b54e-43a6-b103-bea3390ef552,ws.,blanvalet,kommission,ws.,bv.
0d2854bb-7eaa-4852-899a-49684b8f5f6d,hillerman,harpertorch,skeleton,hillerman,harpertorch
7ff50848-42da-49c4-959f-1e1bae47fb4d,herrmann,ullstein,alter,herrmann,u.
34b653db-1854-4bc6-bfcd-46ab556a088d,ar.,quartbuch,iman,ar.,quartbuch
6cee5712-3068-4258-ad14-553f6b015036,hofmann,dl.,gardasee,hofmann,dl.
2b647386-d088-4a8d-a5a8-c4056ddaa8c1,durrell,rororo,baltharzar,durrell,r.
dacf3e93-a076-43df-8fe0-44ad93f188fc,malik,deutsche verlagsanstalt,fuehren,malik,dv.
a0272f79-8443-4c8c-91af-38cc15ae93a7,allende,suhrkamp,goldenen,al.,s.
d6433a91-d51f-4de3-8d45-b148e18fb530,nj.,kiepenheuer & witsch,macho,nj.,kw.
246384aa-f624-4cb7-bb2d-090bb822c67d,orth,ml.,couchsurfing,orth,ml.
37e3ede1-db13-453d-8ac2-23804533ff2a,nj.,kiepenheuer & witsch,boss,nj.,kw.
f0cbe01b-6e41-4636-8a30-b39b69af424d,gros,econ,nachkrisenzeit,gros,e.
b1c3d159-0e2f-43e6-84df-d7c7ee448d16,dumas,kaiser,nachher,d.,kaiser
1efc7612-173c-4d76-b64b-7510b1b4c374,hsieh,grand central,delivering,hsieh,grand central
a65920f9-0382-4c5a-9578-28a51167c707,steel,marion v. Schroeder,schneetänzerin,s.,marion v. Schroeder
3b9385d3-27d5-4416-b95a-654fdee4bdd2,iwanowski,reisebuch,zypern,iwanowski,reisebuch
4eed8400-e6af-49ae-9c6a-76618e2fa360,swale,sd.,pferd,swale,sd.
7e952be0-5951-4bec-af64-72d1f2ee67ae,schroeter,ai.,rentnerkoenig,schroeter,ai.
d086300c-a39a-4505-baaa-139d6169570f,kpomassie,piper,afrikaner,kpomassie,p.
62ce447b-016f-4737-a2a2-b8c7fa30ac28,harmann,dt.,tritt,harmann,dt.
c48dc501-02ef-4f4d-a411-42ad86135597,wolf,bertelsmann,kassandra,wolf,b.
033dfb66-e42e-4754-9cd3-fb4cfe5374f0,hohlbein,buch und medien vertrieb,todesstoss,ho.,rm.
faef00cb-4323-4164-9377-47dcaee90c27,mollat,buechergilde gutenberg,armen,mollat,bu.
a0a0baa9-92df-4634-aa01-c0d1d0a03aef,gabriel,bastei luebbe,toechter,gabriel,bl.
15d5d6b0-20dd-437c-96d6-e38510392d71,kaminer,goldmann,coole,km.,g.
bf9bd3e8-c2bc-4471-98bd-d88ca30bca0e,winchester,knaus,china,winchester,knaus
913690be-f102-43e6-83aa-527c78371f52,follett,pa.,dangerous,f.,pa.
327dde46-b63c-4b68-a127-d9b5dbe21290,oh.,ullstein,sorry,oh.,u.
9e875c84-e979-4ab6-951c-1b3d803eecb6,diettrich,parkland,irland,diettrich,parkland
6bc0ef96-388e-4d64-8dee-77b977b026b6,schulze,db.,heilkraefte,schulze,db.
4ba105eb-a1ff-4de6-b783-3b963139fbe5,westall,sauerlaender,windauge,westall,sauerlaender
7716fe2a-bd0c-4e70-94fd-8b56e7dee5cf,hw.,buechergilde gutenberg,stunde,hw.,bu.
ad076414-29b7-48cc-a65d-1c7ef37646dd,henning v. Lange,rogner&bernhardt,relax,henning v. Lange,rogner&bernhardt
15a8456e-a1a3-4677-9599-1114e5b69a7a,moser wuethmann,orelli fuessli,tuerkei,moser wuethmann,orelli fuessli
3f0b0aec-06a0-407a-920b-a05d6a2fa32c,bolte,aufbau,witwen,bolte,a.
8a41f75b-a377-4334-83b2-9b64504caec1,konsalik,carl habel,paradies,k.,carl habel
04addfda-56e8-4f49-b2e9-1904438a1635,heller,fischer,naechsten,he.,f.
04a72273-9bff-4aa3-9462-00ed4e40533a,briscoe,dtv,kann,briscoe,dtv
0403c55b-d79f-4333-bd27-8eebae93e10c,west,econ,meisterwerk,w.,e.
a1e2f42a-fccd-43c7-97a0-3b6dfa21a26a,stenebo,cp.,ikea,stenebo,cp.
6877eaf9-e794-4de9-99e0-28b25f520685,richard,good news,showgeschäft,richard,good news
54f69e3e-bf98-4e4c-a74b-b8040f614db2,bednarz,rororo,ende,bz.,r.
4403a805-d30b-4ed9-a3af-673d46ce90d6,baedekerl,piper,traeume,baedekerl,p.
29facd5d-fb75-4143-8547-80197af51ab8,dauthendey,ullstein,acht,dauthendey,u.
0e133aad-4115-49d6-b94a-43ab3306d0ca,dahlke,ig.,schwebens,dahlke,ig.
e1a3010f-4bd1-427e-b3a5-79d9ad66681e,fossey,bertelsmann,gorillas,fossey,b.
94d5793f-f413-423d-81d2-f119929b489d,carmichael,dt.,zoe,carmichael,dt.
be17caa5-a44f-40f0-bd54-f16d6692dffc,hahnemann,komet,transsibirische,hahnemann,komet
00466b97-9f4b-4bd0-9fd4-8b11eb51004b,digest,Unknown,schweitzer,digest,Unknown
41ec29fb-2efd-4412-891f-55b941c1e1ce,baron,RM,griechische,baron,RM
dce62f57-5742-4856-8eea-f244646b9282,seale,bertelsmann,nidal,seale,b.
c5851447-2e26-4e13-890e-cda3ac4b8fab,deonna,goldmann,frauen,deonna,g.
444cec56-6022-40f8-90f1-f2a5435a7a1b,burghardt,piper,brasilien,burghardt,p.
941b569d-405d-4132-8935-e0d7c98019eb,veit,ops,queensland,veit,ops
339ce584-ace1-412f-9257-06ed063ac41e,"omari, el",piper,elfenbeinzimmer,"omari, el",p.
4bf91062-241e-4e30-89dc-c15f89dd6e74,abraham,ct.,romanleserin,abraham,ct.
58e4ba2f-8ff8-4db8-bc03-1232000e18a4,schaab,vgs,house,schaab,vgs
84907fe3-6972-4021-90e1-75e37fc6c47d,courts-mahler,weltbild,sehnsucht,courts-mahler,w.
89949c88-fa72-49b7-bfbf-404b9294d294,binchy,knaur,strassen,by.,k.
045f224d-1dcf-43b6-a885-af9695e494d7,bohjalion,vintage,attendant,bohjalion,vintage
b2b2637b-3ff5-49e1-9143-1602e6f8ed33,kmr.,rororo,rom,kmr.,r.
e35fc312-f178-498a-8bb8-a188b52cada2,gabaldon,blanvalet,hauch,gb.,bv.
faca97a2-0261-4859-9638-bb0788661d08,cussler,Unknown,trojan-odyssey,cu.,Unknown
49888154-1fa5-41d9-835c-9c08168df011,fein,piper,kunst,fein,p.
3f69ae65-4d3d-46c6-938f-e687be009e7f,"adamo, d'",piper,4,"adamo, d'",p.
14894680-0288-4d46-97eb-d7a6274cf3d4,conan doyle,bz.,zeichen,cd.,bz.
95815fc8-eb84-4eab-bc2f-7cc48e811d3b,konsalik,bertelsmann,jadepavillon,k.,b.
d1aec811-da6b-4876-a4aa-595e35626e91,schachner,guldegg,bewegte,schachner,guldegg
2c48a2dd-199d-4397-87f4-fe2076785b5f,druckerman,hb.,fremdgehen,druckerman,hb.
f40fdf02-40d3-4df4-9ef6-bbd66a2262dd,gordon,rororo,tanze,gordon,r.
f7f573e9-63ee-423e-af30-686900a163c8,booth,dt.,sohn,booth,dt.
d39a994f-d21f-40a4-ac9c-95db3eb00a35,lan.,fischer,handbuch,lan.,f.
803d42f6-7e8f-49fd-a75e-463151b87694,king,bastei luebbe,totentanz,ki.,bl.
ccac3ac8-a74a-4fbe-816d-a156d7db3c61,fischer,ka.,schatten,fis.,ka.
ca0469ef-ef56-4921-9a9f-78f0dc600973,blaeser,herder,ungewollt,blaeser,he.
97d7176e-1b8b-468b-942b-bfd6210cc427,ts.,buechergilde gutenberg,peter,ts.,bu.
056db8d2-65a5-4329-92da-1c5c5ed200da,kraus,bastei luebbe,flammensiegel,kraus,bl.
59227b81-4f46-4096-a8c8-83b40e4d813a,massaquoi,fretz u. Wasmuth,neger,massaquoi,fretz u. Wasmuth
b96ee686-43d2-4cdd-aea2-781ddf52fbbd,scholl-latour,ullstein,koloss,sl.,u.
97782b95-c69b-4749-b5da-4c5c22d0fc5c,tremayne,aufbau,konzil,tr.,a.
c6a467f9-43c3-4c52-a688-e37e5010e065,schumacher,knaur,anpfiff,schumacher,k.
10b9851b-2ab3-4e81-b8aa-9d3c34ee8137,gorell,deutscher buecherbund,verbrannte,gorell,d.
b1f9f065-12fe-4eb4-b98e-9e5f79756fb2,pohl,mc.,suedengland,pohl,mc.
e5fd4a80-ca67-475d-8793-9437d3f0baa6,sohn,haffmanns,prospect,sohn,haffmanns
85018813-178d-4e97-bf2b-43545d6ead26,knittel,engelhorn,west,knittel,engelhorn
021dcd53-8d41-4a8c-9e28-48796bf264f6,dunkel,knaur,moskitonetz,dunkel,k.
75cdaa5a-6f29-4c32-822e-d0b9ed91accc,sheldon,goldmann,glut,so.,g.
2c4002c5-8366-47e0-aeb4-9fb21fb46693,noble,lp.,mexico,noble,lp.
3fe8dcd8-2a08-4300-b3b9-7a50995d5fe1,os.,abbeville,60,os.,abbeville
5c5eced9-79d3-4c77-8908-e6ef7fd67fbc,vl.,suhrkamp,krieg,vl.,s.
4befcc11-b846-4329-b2da-d4d714ad16be,wohlgethan,heyne,seerosenspiel,wg.,h.
bcdd2f0c-d697-4435-8111-24445fa29dab,noretta,rororo,prachtstueck,noretta,r.
1e7174b0-62a3-4e00-aeea-d1b01ac622d1,benioff,heyne,stadt,benioff,h.
82235122-4c28-4ce9-8d37-15a4c652d540,guareschi,fk.,herde,gu.,fk.
98cd1abb-7fec-4293-bb5e-b4e3d79c3b4a,lindlau,hoffman und campe,mob,lindlau,hc.
f4abc33f-2c9b-437b-ae3e-34a60eb4a121,mueller,knaur,reformluege,mu.,k.
223ee29f-f53d-45ae-bc86-b86ec96f85de,jenner,jakob hegener,chinesische,jenner,jakob hegener
2d6e4daf-73f0-40bd-b895-2ec4f8768ff7,bolesch,heyne,wickert,bolesch,h.
01fd0ca3-e1ea-4304-8ab2-f5f19d748339,burk,Unknown,tribunal,bu.,Unknown
7c62a6c3-6fb3-478c-a70e-0ea16f6d2741,freyberg,econ,manns,freyberg,e.
370a2714-c7f3-4ce0-80bd-7977020f233e,schacht,blanvalet,spiel,sc.,bv.
2882d36a-379c-4a6f-a14e-27d81ae47c1e,giordano,heyne,einsamkeit,giordano,h.
81772f58-9e56-493f-9253-670754348365,schmid,Michael-mueller,suedwestfrankreich,schmid,Michael-mueller
fabaf187-a5be-4cdb-8a09-97fa529f34b7,lorentz,knaur,aprilgewitter,lo.,k.
99b03934-7450-44f2-9808-efba8675c866,allende,suhrkamp,insel,al.,s.
36ff2766-4d59-478b-a159-bf9ce93a011d,klein,fischer,gebens,klein,f.
2a17d8f8-7f32-421f-a630-9bc2030542de,bischoff,heyne,seaquest,bis.,h.
e1f79d3f-11f9-4207-a1bb-576fb0d1b624,saviano,dt.,gomorrha,saviano,dt.
0b048265-ac11-491a-b28c-a16a85833ea0,gorbatschow,quadriga,neue,gorbatschow,quadriga
319c7424-4a90-49dc-9c60-9579d0575213,solomita,heyne,pur,solomita,h.
f4f3b21b-fba3-48ff-b121-a4bf373f6dc4,durrant,pendo,unschuldig,durrant,pendo
b9fae317-b92c-4de8-9896-430864142caf,fritzsch,piper,verbogene,fritzsch,p.
5b316bd8-dedb-4a19-a23f-5d21b98c1894,dever,goldmann,einsamer,dever,g.
1e550ff1-4d96-4efe-bede-54b38dc6e0fe,bernhart,Abenteuer & reisen,gardasee,bernhart,Abenteuer & reisen
8464fc47-7237-42a9-8ca3-1704d19ff852,tremayne,lingen,pilgerschiff,tr.,l.
8008cc93-9bbd-49eb-b93c-ad627bc271dd,jacobs,rororo,untergang,jacobs,r.
df70bbe0-88ca-4681-8b6a-50915a03fb10,"post, van der",thienemann,tscha,"post, van der",t.
7c713ebe-9793-4b29-9b00-5703d9bf1feb,jacq,knaur,bann,j.,k.
9681920c-7eac-40df-aefb-2634f5da8846,allende,suhrkamp,unendliche,al.,s.
fd9da615-5ccc-4937-a0cd-d3b871314191,gordon-davis,bw.,beute,go.,bw.
a59f5bb6-6c6d-486d-b898-b33e93361b7c,oh.,ullstein,sorry,oh.,u.
92960982-b42f-419f-bc93-dff8c510e8ba,elkeles,ct.,kann,elkeles,ct.
0002f973-eac0-41b5-9a4c-51b76763ed3e,fichtner,deutsche verlagsanstalt,tellergericht,fichtner,dv.
ff4a6ec7-205d-48a2-bf96-f55e2b2eb00c,dickason,gustav luebbe,tulpenkoenig,dickason,gl.
a40ac05d-f5c0-41bf-9afd-25843c3a2554,ml.,heyne,verschwoerung,ml.,h.
1f30c3b9-2792-4797-aa13-c3eea920e9fb,hart,herder,yoga,hart,he.
5ebf68c0-bfa9-41e8-a9c6-b55d1932f15b,flegel,rororo,red,flegel,r.
29c9ae2b-df84-4805-8ab9-df03b45b1fdb,schmidt,kiepenheuer & witsch,avenue,schmidt,kw.
0ab1deef-cdca-4c91-8ad9-79be4f5e2328,unbekannt,lechner publishing,1001,u.,lechner publishing
806fe09e-a7d3-420c-88ae-198fed975a1e,lemaitre,bb.,sehen,lemaitre,bb.
1a46a3e4-bb78-4303-89c0-2ec9d8f15dc4,hohlbein,bastei luebbe,kevin,ho.,bl.
775b1bce-5337-4735-994c-ecb4b2eea35f,gier,bastei luebbe,sonderangebot,gier,bl.
006761f5-a1a3-48a0-9f1f-9d5155a1c1f5,lud.,beck,wer,lud.,be.
c65d091e-9b36-4508-91af-f6f7c3d4eb1e,hoeller,econ,sprenge,hoeller,e.
fd6682a2-e6b9-4442-b039-53cc773fd9b2,vandenberg,buch und medien vertrieb,achte,v.,rm.
7b736cdf-a15d-4248-ab5d-82603d91a9e7,kuckero,rororo,paulas,kuckero,r.
a0ae6db9-4d86-4fca-9c5d-85eddf2588ff,franken,sc.,unentbehrliche,franken,sc.
8e995407-39a6-42f5-8feb-dbbe2d38ff4d,box,footprint,south,box,footprint
99972fd1-c550-4b36-92ad-811fbae00a94,griffiths,sc.,zeitreisen,griffiths,sc.
0fffb6bd-5c11-4c8f-8ae1-d60ec85f92d4,snow,dvg.,lange,snow,dvg.
fef35d28-6963-46d2-9cd2-aee384d05ecc,white,gihon,messias,wh.,gihon
d44c2a18-f183-4105-a092-6a788f26d136,hite,bertelsmann,frauen,hite,b.
eb79e419-56d7-41cd-90c5-90425e91107c,eris,ra.,montanablack,eris,ra.
541c3621-96a5-41ca-ab14-18ba40461234,archer,heyne,zeit,a.,h.
c37ff363-d0fc-430f-b664-8c1a2e4a3226,adamson,ck.,gefleckte,adamson,ck.
18cfc61f-0b9d-471d-98d1-de1642729f0b,aubert,knaur,cantus,aubert,k.
b94ed430-cbdb-4abc-8db8-d0b37d2b0f11,bahr,kz.,alleinsein,bahr,kz.
11e5bbbb-f4f7-4395-b28e-120a32bdc5b7,weigand,heyne,kammerzofe,weigand,h.
867f55c9-fe19-4b58-adc9-7ab9e810f8af,fleischmann,blv,hoehenwege,fm.,blv
d85f69af-586c-4037-9a2e-1c332c8bdafe,allgeier,heyne,wahrheit,ag.,h.
83aa55ff-bc37-4941-a350-99108accfa63,talan,piper,manchmal,talan,p.
781a6bb2-7333-4df4-bb09-535efd2463f3,brown,bechtermuenz,scharade,b.,bm.
8d9ee329-e134-4ce7-9ce4-e8b796f485dd,scholl-latour,sl.,schlachtfeld,sl.,sl.
87a100c4-f427-4c78-80d7-10180bd43874,nin,dt.,tagebuecher,nin,dt.
a43ee976-f77c-4840-b43b-0c4bcbec4631,dickinson,knaur,drama,dickinson,k.
ee1d317a-da05-4e1c-9d01-fd73676091fc,anderson,headline,cityboy,anderson,headline
d0e071e4-857f-4ae3-95c8-4358adb627fd,karantzakis,hb.,sorbas,karantzakis,hb.
dc1e26ac-0860-42e3-85ef-a33b17c71905,heine,btb,halsband,heine,btb
917da450-c6a0-4238-9cf3-3f9467bbc83b,ball,dt.,ikufar,ball,dt.
8c1fdad5-ea06-4502-807a-f5f7596596aa,king,ullstein,maedchen,ki.,u.
b4413437-49ba-4902-8ebd-a9c75f960f41,boehm,leykam,karlheinz,boehm,leykam
7609de61-7a2b-42d1-9018-2eb556700be2,feichtner,cb.,sowjetunion,feichtner,cb.
6a3e2150-14cf-4b79-94f9-5acdfb870715,unbekannt,kaleidoskop,gedaechtnistraining,u.,kaleidoskop
fc84cbb8-e3d6-4f75-92fb-1acd05f6f3cf,bamm,lingen,flagge,bamm,l.
f8b62fbf-fc97-46bd-aab4-4611ddd8e13e,davies,rowohlt,azteken,davies,rw.
a413a4a6-658a-4ecb-863e-bce3cfb19951,andresky,heyne,circus,andresky,h.
b641f20f-5f06-40fb-9768-ff2d30335919,yuan,rudolf haufe,lock,yuan,rudolf haufe
7cb56fe8-61bd-44b4-8873-bc0e20ccf2fb,schwab,dt.,leben,schwab,dt.
7a1407e6-3d5e-488f-92e6-d9d0db3ffaf6,ali,doerlemann,yusuf,ai.,doerlemann
e9a282ef-8480-4729-8050-7854dbc17cff,andersson,kiepenheuer & witsch,inder,andersson,kw.
599cc08e-1914-4e07-a716-75b502f51915,buellmann,piper,einzige,buellmann,p.
9e98d992-6c4e-4108-92c5-1acb7fc9e072,svensson,herder,nonni,svensson,he.
9f21c7b7-22d6-42dd-b6a7-5d28319f5ba5,allende,flamingo,fortune,al.,flamingo
ddd026c8-d365-4667-a5c1-e37562e0daf7,bacm.,heyne,regulator,bacm.,h.
ea4517ed-3589-465c-ba92-54bf0be01790,rammstedt,rororo,kaiser,rammstedt,r.
0a681a55-037d-4ca1-add1-591cdd29af75,stern,heyne,wildtiere,ste.,h.
7e9ff576-a1e0-4973-ae4c-779e21d07a1f,wagner,d.231,knaurs,wagner,d.231
07f8e324-36e9-4b59-9a48-de026e3a8196,ayliffe,dorling kindersley,istanbul,ayliffe,dorling kindersley
27f5334c-a1f4-477c-a198-2c002343ffb1,wattles,katrine huetterer,grossartig,wattles,katrine huetterer
e61d606c-dd63-4fd0-96ac-ac6ba0bbc7ba,boulle,bertelsmann,kani,boulle,b.
0ce57a1c-2e87-463b-9005-10e700264436,sellor,ullstein,freunde,sellor,u.
e82a8d87-2c96-4295-aa0f-526831054239,yarger,oreilly,mysql,yarger,oreilly
f2a80697-36ce-405e-b20c-907d134b30b0,adiga,beck,letzter,adi.,be.
75807663-ebe0-4b59-a29a-28f87517c21a,ar.,wagenbach,iman,ar.,wagenbach
dbe92bc8-44b4-47cd-bbe9-cb75fae53c95,augustin,bastei luebbe,turner,augustin,bl.
c0adf5f0-4b3d-4af8-b8fd-2ef9bdd08db8,heinrich,gustav luebbe,palermo,heinrich,gl.
daafcad7-d63f-4fb3-ba35-8f19e7da99b1,mccune,heyne,jao,mccune,h.
547c87f0-c34d-4b12-812d-4e486a381a3e,brummel,fischer,scheiss,brummel,f.
ec3ca4ae-c8a2-48f6-9d26-7bf12c583c56,ayata,kiepenheuer & witsch,huerriyet,ayata,kw.
8a72a49e-568a-4244-b45d-b4e4a2f4bebf,ahern,harper,memories,ahern,harper
2612f9b6-580e-479a-a232-99241ce2bbc8,anderson,goldmann,ignition,ad.,g.
143554e4-1413-46e1-8ede-e45db0a6a6fc,almeida,fischer,napumoceno,almeida,f.
01e1563a-f34b-4c99-8367-69631d6202e3,gebhard,md.,boot,gebhard,md.
579b198b-e97a-4fc5-95c7-d47d64e9dc0d,aw,rowohlt,seidenmanufaktur,aw,rw.
7f61a213-b8ee-4604-937f-8ba0de788884,ogawa,liebeskind,schwimmen,ogawa,liebeskind
7c8456ed-ce52-4c3d-8c61-4ac9ce1ae5a9,gunganus,goldmann,rebellenwitwe,gunganus,g.
af2b762a-6572-42c5-86f3-8d914f17049e,schuster,Mi,open,schuster,Mi
4f81b04a-bbe0-4119-b0f8-8145bf7878e6,achternbusch,suhrkamp,leichtes,achternbusch,s.
2202b000-c195-4404-a96f-a2a37db446eb,ali,droemer knaur,groesste,ai.,dk.
08187613-0cac-448a-a3b5-a6e57bff9604,Atkinson,lp.,southeast,ak.,lp.
06752bd8-187d-45ab-b186-03e18812b123,brown,blanvalet,diabolus,b.,bv.
27f0e559-ee0f-4973-9cbe-2875615be0ed,baldursdottir,fischer,eismalerin,baldursdottir,f.
cf69acda-cca9-476a-89b1-fed9eb4655c8,olafsdottir,insel,island,olafsdottir,insel
506cf37b-df3d-4aa1-a1b0-348153e4a676,nicholson,ng.,indien,nicholson,ng.
0ca8a429-a96b-49ae-963a-894713e21e6b,sasson,bertelsmann,saud,sasson,b.
f80d562d-6c31-4e97-ad75-43dd82b8c3d1,montet,pw.,leben,montet,pw.
ee176805-37c3-4af3-b0fa-cbc2e1f1a568,adamson,ck.,sphinx,adamson,ck.
cfd475c2-a74f-4ab3-b844-d88379eb6cbb,brown,goldmann,reissender,b.,g.
dc14ea0a-9afa-46a5-bc84-2b72661122b3,baldacci,macmillan,mercy,ba.,macmillan
1ecb3109-f89f-404c-8840-715849dc2647,mowat,bastei luebbe,faehrte,mowat,bl.
5d25b75d-e9ab-4a7b-9031-9d52d13bb6e4,abe,ei.,frau,abe,ei.
434c870a-f9a2-474c-be86-fe61a5a1a6af,brown,st martins paperbacks,fortress,b.,st martins paperbacks
8e080a41-4c90-4381-bb71-68e25e123836,bausenwein,dw.,hoeness,bausenwein,dw.
d67db225-ca2f-47ae-8037-e38022567866,baker,rororo,schachtel,baker,r.
5b0a3b57-870e-442c-9d4b-489cd19feb6e,bulwer-lytton,lw.,alf,but.,lw.
7bcc3251-62eb-4b54-8e66-75a49d2be65b,conan doyle,hoffman und campe,feuerfrau,cd.,hc.
3623e25d-d67d-49ba-8319-b85cf618acac,barker,heyne,galileo,barker,h.
1c8ee400-0961-42a8-9072-4837bfe94f80,berlinger,galeria edition,olivenbaeume,berlinger,galeria edition
3a5c8dc0-683d-43ba-b326-73fd2cb50a74,brustat-naval,bastei luebbe,rettung,brustat-naval,bl.
fd2b5b25-c4c5-42a7-b163-3cc686db0a7d,caldwell,century random house,rule,ca.,century random house
6b5a71d0-9b8f-410d-a547-b5888e3a152c,conan doyle,ullstein,tibeterin,cd.,u.
45f8a7b6-67a7-455c-abf2-5231c5f85c17,bettelheim,dt.,kinder,bettelheim,dt.
043f0588-3094-4fdd-87dc-2535b76d3084,bromfield,lingen,regen,bro.,l.
94e77501-8e7d-4431-88bd-ca5bb58dd20a,brueckner,ullstein,jauche,brueckner,u.
168a46de-f6e9-4920-822b-1fddec4f13df,chabbert,bertelsmann,leonella,chabbert,b.
44db509f-ca16-4646-8cb4-8c834137aa26,bassani,klaus wagenbach,finzi,bassani,klaus wagenbach
3b1a2d93-84c8-4da8-809e-e0be3b02a855,crichton,av.,fear,c.,av.
a68b87f1-71a0-41c3-9de3-dfc8e18e45f2,carmin,nikol,geheimgesellschaften,carmin,nikol
1056fc0b-d69c-4282-a75f-11ada0b09e24,burchill,goldmann,waffen,burchill,g.
2c4c340f-c243-4fab-a140-08392fc4ddcc,blixen,heyne,jenseits,bx.,h.
cb46eca9-b960-4eec-8a43-9aed83a6212e,carra,wissen,elfenbein,carra,wissen
2cacd04a-863d-4ff2-9f36-07b5b24b2e51,buck,heyne,westen,bc.,h.
bcdcc9fe-c112-49cd-ab20-31f8234ac327,bergius,bertelsmann,treffpunkt,be.,b.
d6c62619-7599-4deb-b1f1-8ac7fb7b8468,bm.,geo,wiederkehr,bm.,geo
fc647851-0d36-4340-83de-dc172cb1bd15,bryson,goldmann,geschichte,bry.,g.
2f53924a-7a43-49e9-8d4b-07bb6a208614,conan doyle,aa.,sonnenpfeil,cd.,aa.
32a2c091-022d-4a2e-9bfd-7c301893a8f5,bergius,goldmann,endstation,be.,g.
f918cd2e-94a1-4cff-afc8-5238320f6425,burdett,piper,letzten,burdett,p.
4e385fef-ae76-4ab6-a00f-598cc4c0e9ee,conan doyle,bz.,flammender,cd.,bz.
a51558bf-2eb9-4191-84d9-3b4c71adeb52,barthel,ullstein,jesuiten,barthel,u.
662c1566-a76a-42e5-bf1a-ea0ece3e7f20,barzini,bt.,italians,barzini,bt.
7f92b195-bde6-4acc-94a7-90da4df37346,breunig,scm haenssler,casting,breunig,scm haenssler
a3b536bc-78c0-4f20-9282-9fc93c0e097e,burk,heyne,schoene,bu.,h.
8cd677f2-2329-4367-b765-e314fcf7b295,carlton,heyne,fashion,carlton,h.
3c0358cc-cbee-4551-8b02-4f7793ea7870,dumas,Unknown,kameliendame,d.,Unknown
6f894a44-8848-46d5-909d-11c7a07a2a8c,celine,rororo,schloss,celine,r.
9c9e89fb-b5c1-4523-97ef-2ac41dadf17a,chidolne,fischer,bist,chidolne,f.
b93b0ec1-d49d-4802-8984-f939fdac527b,bean,hans e guenther,kleinasien,bean,hans e guenther
be1e03c5-6a54-4f96-8e87-e5d66fc944c8,bunt,anais,subjektiv,bunt,anais
c4541dd6-1e89-4127-8bad-66539e06d2af,carels,bastei luebbe,raphaels,carels,bl.
fa4575f3-f5e0-4c43-b0a9-fba9a891de55,barnhardt,droemer knaur,dreizehnte,barnhardt,dk.
26a87ca9-df12-42cb-8c2b-b0ceab5ce166,beste-fopma,cp.,beruf,beste-fopma,cp.
d6584406-3cb2-46d2-aedf-ec41f9bed3c3,buzan,mvg,speedreading,buz.,mvg
652d430e-5a45-412f-94c0-3057f0bf5e3c,crichton,knaur,intrige,c.,k.
29fc7f6c-7548-40ae-8f27-c317b570e48c,capus,bb.,frage,capus,bb.
f0b57df2-b7af-4591-b822-22d26d691d18,barbato,goldmann,pathologin,barbato,g.
f9c5b8b2-c141-47b2-934e-c6579bc4da05,berger,heyne,camelot,brg.,h.
c6c3f1be-d653-4ac8-83c8-d8057adb18b6,burton,bi.,tiere,burton,bi.
98ca6b54-645d-402a-91e1-9c111a776d8b,cameron,avow,island,cameron,avow
810a7608-bbc7-472f-9c64-54c4ad9fdd7d,carver,knaur,heat,carver,k.
d3d7bc31-debb-45de-8d2b-809fe81e6f38,cheng,hr.,shanghai,cheng,hr.
fbd70903-eb58-4980-a62e-9e36f7e470a7,blume,dt.,epochen,blume,dt.
cf1f211a-80f7-4ae6-8974-9cb92943b85f,bol.,heyne,wahrheit,bol.,h.
fdbdd725-ad27-4f42-bd5b-202e81f5186c,bruckner,jugend und volk,goldene,bru.,jugend und volk
1a78f3ed-88d5-4b6d-adf2-5fa208ba5287,beste,rd.,ozeanien,beste,rd.
26e14c0a-688d-42f4-a73a-f8aa9609f01f,brambach,dd.,kleopatra,brambach,dd.
d918eb15-bf13-4ffd-b422-25df1c9123fb,binchy,rowohlt,blutbuche,by.,rw.
50d409c6-f028-44d2-b8d4-c838ba24232d,carrisi,atrium,enigmas,carrisi,atrium
464e6104-5b91-4136-a2d7-a31d04db1e41,chafets,goldmann,feine,chafets,g.
fb10b93c-6d32-4de4-ab32-4f9cf904dde8,cheng,ullstein,shanghai,cheng,u.
9e431894-8885-4ff9-aad7-be11606a5406,bn.,ullstein,riff,bn.,u.
4cdcb1be-6b5a-414c-8858-fce1a620d35e,caldwell,heyne,namens,ca.,h.
e5353f51-10e1-47c4-92f3-87f677b16c79,conan doyle,arena,ruf,cd.,ar.
281f7bd6-f003-422f-b69e-6930e728d2ff,barcelo,piper,stimmen,barcelo,p.
8914c1bf-73a0-4aeb-a3ab-c90cee1004f6,bryson,goldmann,streiflichter,bry.,g.
d63696c6-5b47-417a-bb64-671d890c0187,carreras,knaur,seele,carreras,k.
5ecbd0ea-5bfb-455b-8394-e4c8ef6551fd,ceram,rowohlt,amerikaner,cer.,rw.
e480cfde-9d46-420c-8f63-c641ae6743ae,bergius,goldmann,schakale,be.,g.
abd41493-0729-4a27-bcc8-09e8bb5e1ca2,biller,f. bruckmann,seen,biller,f. bruckmann
2bc344cc-9538-44e5-b929-cf9a1f6bc5d7,blanchard,rowohlt,minuten,blanchard,rw.
608b7051-9c2a-4723-97ef-59af5bdaa0eb,burk,s,gnade,bu.,s
b2100305-5dce-4f43-92b6-cd37d93e2bda,bulwer-lytton,lw.,alf,but.,lw.
ff7d6ae6-458d-40a5-8f31-b420ec3141cb,canavan,buch und medien vertrieb,novizin,canavan,rm.
87faf4cd-c0b1-47e8-8b84-0ed784609a51,castaneda,fischer,lehren,castaneda,f.
8637c687-611b-4460-acbe-23e9ca5e0815,conrad,fischer,verdammten,conrad,f.
6c765d09-c20b-4c58-b9cc-6e80c29710ca,clinton,econ,leben,clinton,e.
d77e8bb0-1f10-4a8c-8932-6c3328f20e7e,coelho,diogenes,fuenfte,coe.,dg.
d98a5823-d33c-4281-babc-62f276c54eb9,cook,ob.,gottspieler,cook,ob.
a21f7e1d-933c-43fb-af3d-8da550b90de8,davis,goldmann,philadelphia,davis,g.
65d8f20c-1f50-4399-81de-8ada79b3749b,dominik,bertelsmann,atlantis,dominik,b.
8ade81b1-df74-44be-b27c-de0c931ce925,elegant,rororo,mandarin,elegant,r.
38f01386-5c1c-4040-b592-696d406cd006,chiu,dumont,schafe,chiu,du.
3f703357-128a-47b1-ae52-849671dffd68,"carre, le",heyne,russland,cr.,h.
dd6161ee-ad7d-4681-95e6-6edcbce1dbd0,cronin,goldmann,uebergang,cronin,g.
cee61d34-0470-47ef-83f8-380f78a9567f,coelho,diogenes,ufer,coe.,dg.
ec4b0a2a-a562-48e9-ad8d-0a8689a81430,denuziere,goldmann,mississippi,denuziere,g.
9a0eeaca-2ef2-43b0-8740-63b1b554b269,doelma taring,sueddeutsche zeitung,tibets,doelma taring,sz.
f0f555a9-b5c3-4bcd-80f0-103c1e5b4177,drucker,econ,unternehmers,drucker,e.
eb1dfb3e-6f6c-4a8d-b645-c52f8e545b51,durrani,bastei luebbe,gebieter,durrani,bl.
267e0cd9-e86f-4fdd-8c88-e30defa3c4de,davis,kg.,grossen,davis,kg.
1c63a957-1116-4f91-865e-8c9af4b8a68c,dunkel,knaur,fahrrad,dunkel,k.
885d6e88-80f3-4b0a-a114-92b52a5d44fd,deaver,blanvalet,insektensammler,dv.,bv.
11b440d7-6ab1-4563-92e6-04dea8aa9717,coppel,heyne,war,cp.,h.
b60dba15-a8ab-432d-8fcc-c4e44c08bad6,elkeles,ct.,du,elkeles,ct.
05a8789f-6450-49c4-ba1e-d9e51561c69e,ernst,titania,bergfeuer,ernst,titania
79f0a071-2ef2-47f9-a59c-78633dd1b4a8,collins,friedrich oettinger,tribute,collins,friedrich oettinger
70add958-0027-4150-9b65-302595a789f5,duebell,bastei luebbe,tuchhaendler,db.,bl.
32b0556e-5d69-424d-a97f-e1492abb5f90,dibdin,goldmann,vendetta,di.,g.
6bfc2a0a-5ad5-4263-98f9-79a5739de7cc,dickason,heyne,saigon,dickason,h.
3fadfc09-24ee-4e64-ac20-1fabeeb778da,eschbach,bastei luebbe,drift,e.,bl.
33275134-7575-4c2b-9853-0ad696237d8d,easter smith,blanvalet,rose,easter smith,bv.
12a4b4fc-a8ab-40cc-a7d7-be045738c931,darvriechewy,fischer,schokoladeneis,darvriechewy,f.
35b32d93-9686-442c-b144-6c74bd7aee77,dentristy,heyne,molwanien,dentristy,h.
34147c66-e747-4ff0-b4db-bba11057da2b,dominik,aufbau,club,dk.,a.
5804373d-ad93-4363-bfc0-bc6e56927e1f,eschbach,luebbe,teufelsgold,e.,lu.
85b8ca53-f833-43a6-9ec2-4731619c6ef6,deveraux,weltbild,orchideen,deveraux,w.
ea3f2393-c002-4f86-bbe0-01fd8cf9f49b,ebert,knaur,hebamme,eb.,k.
b9ab09d0-929b-4d72-adc7-294f08675436,cook,sg.,coma,cook,sg.
e8227c1f-4e14-465d-b6d4-4e916ff18120,cooper,ct.,bevor,cop.,ct.
5c8448e5-ff70-40f6-9b41-1885c1e96a93,erdrich,aufbau,haus,erdrich,a.
a22d65d9-95fd-4f99-a877-f4dba7dd8296,coyle,covadonga,armstrongs,coyle,covadonga
00c3ec20-9d83-445b-b3e4-ae2af0d74395,diamond,fischer,kollaps,diamond,f.
f44e356b-4a53-4f70-95c8-18d5b6b6cfe5,deaver,pk.,empty,dv.,pk.
1c4125f1-1f31-4d73-9403-ea1799b3c7fb,eschbach,luebbe,quest,e.,lu.
226bb4c1-d055-4451-a04d-bd2a31ca25f0,ehrenreich,frauenoffensive,hexen,ehrenreich,frauenoffensive
f63c758d-746a-4512-ad8b-ff81a8cd0d94,coe,bechtermuenz,kolumbus,coe,bm.
1ff3cd42-3a4a-44f7-8162-e526f1c22262,eschbach,bastei luebbe,jesus,e.,bl.
a2e135bc-1508-467e-aa79-3f5af923e355,elsberg,blanvalet,blackout,elsberg,bv.
0eaf6b71-67cf-4dde-9e08-bc82fa026df2,carroll,goldmann,harakiri,col.,g.
e6ddcdf0-2f19-4534-a39d-75c42e544997,carroll,goldmann,hoelle,col.,g.
4d0b7a32-d219-43f4-bc68-744c77e7acea,engel,knaur,kaffeeprinzessin,engel,k.
73979cae-1789-4bfe-bd99-cd4750a28ac9,collins,hestia,hollywood,cl.,hs.
244ba60d-3163-45bf-b46c-6ce123b04bd7,de,dt.,bombay,de,dt.
08bce526-9232-46b2-a78b-67ab394bdbe0,deighton,econ,kairo,dg.,e.
7f52a39e-7b4e-4667-bcf7-441db8645b3a,dirie,virago,desert,dr.,virago
e0772d01-fb1d-452b-8f1d-446a3038796d,egli,ct.,jamaica,egli,ct.
5083d5d3-4748-4c15-a28e-257a74fd4ab7,chorwatowa,goldmann,petersburg,chorwatowa,g.
f920203e-7af8-4536-b224-fd817843b460,clement,heyne,liebe,clement,h.
e9c5a8f1-4d89-4c50-8a35-3d21f3cd8e6e,duenas,blanvalet,traeume,duenas,bv.
53ae6636-f5ec-4557-aeb7-9a5cd1a3c3f2,ducan,deutscher buecherbund,strom,ducan,d.
531b8578-fea7-4f7f-9ac1-382a64f6f488,edwardson,list,rotes,edwardson,ls.
2eeef6c1-c9e3-4f8b-b56e-9e626729c815,clifford,fischer,verschollen,clifford,f.
f5b493d2-b1ba-4487-ba29-4271e6f503f8,dieckmann,AtV,poetin,dieckmann,AtV
32ebba91-eced-459d-89c7-93e9df573f7e,"ditfurth, v.",kiepenheuer & witsch,zorns,dit.,kw.
34d3287a-2c9b-4fd7-a8c1-3853b974eba0,"drach, von",knaur,parasit,"drach, von",k.
de30d3f5-3932-4be4-8da5-8d9c586dbad3,eco,carl hanser,baudolino,ec.,ha.
369fc5f5-75e4-4968-87d8-31a1cffc88ca,firnkes,mitp,blog,firnkes,mitp
998dec39-4a3d-4e60-8b68-c068cf00a95a,frank,blanvalet,luxor,fr.,bv.
ec9df151-2fbb-4ec5-a2c8-7f485da68b8e,frank,blanvalet,knossos,fr.,bv.
1ecb29a1-0d23-4218-b10e-dcb1210baf61,fest,ullstein,gefressen,fst.,u.
7428a70d-ded2-479c-ac6a-94392ae46d06,gehm,lw.,flirtattacke,gehm,lw.
914acc50-0090-44dc-b0b2-20ea32d9cdc5,follett,pa.,freedom,f.,pa.
c5696b24-589b-407d-831f-a842c9dfe105,fried,heyne,gluecksspieler,fd.,h.
4434af41-cd34-4f6d-879e-d66afcd2ebc3,fitzek,knaur,augensammler,fi.,k.
28dd5532-09e5-4176-8bb5-c61ff0acd37c,glattauer,goldmann,nordwind,glattauer,g.
8bcc452e-3213-4778-a9ec-5dc63343d968,follett,buch und medien vertrieb,seelenbrecher,f.,rm.
2749edfa-bdc1-4942-9112-59a1bf6fa13d,ford,brigitte,unabhaengigkeitstag,ford,brigitte
7e02e028-9471-4cea-89a8-5044bd75d022,fredriksson,fischer,eneides,fredriksson,f.
97b6fea6-b60b-49f4-a1da-7e82958bd09b,gast,goldmann,randi,gast,g.
2e270698-b815-4dc0-8db7-ce275efd7d24,george,bt.,payment,ge.,bt.
f1536e17-7298-4259-a4a9-df4221500889,falcones,fischer,kathedrale,fa.,f.
1dca0f47-345c-49f6-812b-8de8e4d24b36,fernau,goldmann,caesar,fernau,g.
fc3c2719-f446-48b9-ac9e-0e1b23f3c244,fowler,bastei luebbe,runen,fowler,bl.
a06f3e2c-0b06-41f3-b79d-958c24c590c4,frank,moewig,wirf,fri.,m.
49ace925-0c14-478a-862c-7ce38545d1a7,forester,pinnacle,man,ft.,pinnacle
461795e5-07db-4ade-9a95-5fb1a2a244c2,follett,bastei luebbe,mitternachtsfalken,f.,bl.
eb4dc29f-b5ac-4a11-bb8d-540a9a3d5e37,fitzek,buch und medien vertrieb,therapie,fi.,rm.
6423449d-1d30-470f-940d-9bb7e50de4eb,fortis,knaur,lockruf,fortis,k.
d6ade8ee-e015-4975-b91b-aa90ea26c632,fisher-ruge,deutscher buecherbund,armenischen,fu.,d.
4ac70391-a944-4c26-9f49-5b60c5b5dbc4,gilbert,berliner taschenbuch,eat,gilbert,berliner taschenbuch
f8bd32a8-da5b-4781-bdfd-cd4d86e273d7,fischer-fabian,heyne,schahsade's,ff.,h.
9e8eb0d3-c4cd-4b5d-af0f-c71147f14228,fleischer,fischer,familienpackung,fh.,f.
9671291d-4207-4f3c-bad3-e45344de448f,forester,bertelsmann,hornblower,ft.,b.
9ce68287-ce1f-43e9-809f-fd2f39e9d4ca,grisham,buch und medien vertrieb,touchdown,g.,rm.
02751567-7539-423a-8052-6f7b02f883bb,follett,bastei luebbe,nadel,f.,bl.
29be33a5-1738-46a2-a70e-7143937c157d,follett,bastei luebbe,tore,f.,bl.
5e88e7cd-62f0-45cb-8b43-6939485d6d20,finkler,rororo,unbaendig,finkler,r.
68d6deb1-837d-450f-953d-f1a0742c4f7c,fried,heyne,taco,fried,h.
b8b3e1a1-ffa5-48cd-8b83-046f9fea07ce,fallaci,dt.,inschallah,fallaci,dt.
8dc26322-3858-4593-a5a7-c0bb6815eaf4,feller,dt.,jung,feller,dt.
e45ed44f-3ad1-4472-8281-d6354e0587f7,fleischer,kg.,runzel,fh.,kg.
e5cf3867-996b-448b-9f2d-0e94c9b41128,fiorato,rororo,glasblaeserin,fiorato,r.
68ba8daa-745a-4f9c-abb3-04e7daa1417e,grisham,de.,juror,g.,de.
8d5db342-3d00-4f0f-b0cb-b4a188ba37ee,grisham,heyne,akte,g.,h.
a9335e63-2160-48b2-b327-567478e19e7c,gainham,md.,welt,gainham,md.
bfe06a51-8f50-4c17-a4c8-1c29306845ac,gercke,heyne,feuerwind,gc.,h.
3f87abda-a6d0-49d9-81d4-b34bbbcc7eb6,follett,bastei luebbe,winter,f.,bl.
db2f859c-6747-443a-a9fe-8d1181d76a6a,ferrari,somogy,vatikan,ferrari,somogy
5d955384-8903-4a8f-b1d8-8c58173b0f7b,gordon,knaur,klinik,gn.,k.
83faf159-66df-4b67-be1a-bb66eca854fc,faber,heyne,natuerlich,faber,h.
b91e2579-eb09-4a25-8668-fe7306743dd4,fitzek,knaur,paket,fi.,k.
39080057-97b1-4024-bc8d-8956f65b5005,fraser,dbg,chinesen,fraser,dbg
4f71ba7d-701b-4a93-861d-cb0fd584eeb6,fredriksson,weltbild,hannas,fredriksson,w.
d43f381e-baeb-4f3b-8535-816d36a4a8ff,frister,sl.,muetze,frister,sl.
1fd5ef61-6404-4ca9-b6ea-1414b3091525,gable,buch und medien vertrieb,hueter,ga.,rm.
fc38201f-b116-4b57-aca0-4451cdfa77ae,gaiman,headline,gods,gaiman,headline
8535d304-761a-48c7-8669-8f85e9d31558,follett,sg.,petersburg,f.,sg.
a71c2cb3-c485-490a-9b67-27aa5d102c2a,"faolain,o'",new island books,somebody,"faolain,o'",new island books
c3a0b192-a4eb-4fa3-bf82-23c75a6bd1fd,frey,marion von schroeder,haie,frey,ms.
1d3800ac-a1a0-48c8-b3ed-fd8c00dcab1b,grisham,heyne,verrat,g.,h.
6ab85fcd-cbac-4526-a6e2-c609a5bf71a1,ganghofer,bertelsmann,bergheimat,ganghofer,b.
50a53414-88a2-4c84-ba54-0f0f3c8c3d9d,garcia,bastei luebbe,ritter,garcia,bl.
f98b7f1c-a098-45e1-8d16-4396391b0c0d,ertl,ty.,oetzi,ertl,ty.
98329b80-e3c8-4ae9-af94-6b5324e9fb09,ghosh,buch und medien vertrieb,glaspalast,ghosh,rm.
7f851058-8900-44c4-a810-5c6769ea8fd8,esquivel,suhrkamp,bittersuesse,esquivel,s.
7426d95e-6acd-4e7d-9cb6-0684935fdb29,forte,atria,second,forte,atria
a1297320-59e7-424d-990e-2fd0eb319383,fromm,ullstein,liebens,fromm,u.
ea79047e-9a06-4b17-b197-86407f054cc3,gifford,blanvalet,assassini,gifford,bv.
466482f2-c3f0-4534-be80-926543c37add,faehnders,lh.,sozialisitscher,faehnders,lh.
bd82cba1-07fd-453b-8da6-f46b1f64b3c6,fielding,goldmann,fruehstueck,fielding,g.
1343d0de-f58e-46d2-bcf3-1c05e4d6a111,fleischmann,heyne,nicht,fm.,h.
4049768f-7b5d-4f2b-9be4-523f8ac5a5e1,falconer,heyne,aztekin,fo.,h.
a8c5d123-a16a-44c6-a375-5d8547df458e,friday,fischer,mutter,friday,f.
4f59b167-c3d7-486c-b8a8-ba96594a0981,gabriel,bertelsmann,toechter,gabriel,b.
5a2d1f70-8054-413b-a5b0-de33f3027078,gercke,buch und medien vertrieb,nachtsafari,gc.,rm.
89739c4f-de45-46bf-9101-068c2fe5e4bc,fast,deutscher buecherbund,erben,fs.,d.
120b3967-2d37-446b-835f-adc9cba73921,grisham,bt.,broker,g.,bt.
fda85a81-bdce-4e3c-b49a-609f4b1f7f6c,gabler,julius breitschopf,pumatoeter,gabler,julius breitschopf
aed9eaf5-3dde-470f-a7a8-a15249c65dee,guareschi,d. stuttgart,genosse,gu.,d. stuttgart
7aeca8bd-95ff-48e2-9405-84ef3b43f918,gray,goldmann,maenner,gy.,g.
d3435230-0c98-4a2d-a495-dce4d8f00c87,herron,bertelsmann,satans,herron,b.
afce708f-0128-4c45-85d6-6c767b8e137a,hohlbein,heyne,skies,ho.,h.
9c69b633-c98b-4f3f-af75-b387b3c40f3a,good,ai.,schwierigen,good,ai.
a48b6b7b-5396-4429-b906-4ff3b946b2cc,haeger,goldmann,lexikon,haeger,g.
65d4ecac-3673-4125-b356-89882f5631ea,heldt,dt.,jetzt,heldt,dt.
8f6f0b74-b94b-45bf-bbf2-659d2a90cd82,hohlbein,buch und medien vertrieb,avalon,ho.,rm.
eea70825-1c96-4bc0-8b90-c83034e9f5c0,hohlbein,heyne,templerin,ho.,h.
c8e2685e-e910-4366-816d-a001662034a1,gobrecht,bod,denkmethoden,gobrecht,bod
2377cae2-3e85-417c-acfa-9667f570387f,heaven,fischer,glenlochy,heaven,f.
5f9de59a-6f3a-42f7-a3cd-4a66d0b704d6,hirche,econ,wirtschaftsunternehmen,hirche,e.
c2f22ff0-7398-4fcd-90ae-35850c4bdf50,hohlbein,ullstein,todesstoss,ho.,u.
d2da46d2-a6a4-4b29-aea7-24515f5b12b0,goga,diana,leonardo,goga,da.
9c176101-6a5f-49fb-b550-eb8df22db166,garcia marquez,dt.,hundert,gq.,dt.
2fc914e9-6112-4de4-8c6c-0a87594dcaf5,hauptmann,piper,meute,hn.,p.
bbed16fc-f90c-4ea1-8502-c3599db1eb6a,hohlbein,goldmann,wandernde,ho.,g.
c5f2a498-6212-4363-95eb-689c6d49b24b,"gottberg, v.",lw.,pharaonen,"gottberg, v.",lw.
1de79c40-e864-4b9f-a039-182cf482de24,helmensdorfer,piper,aegypten,helmensdorfer,p.
936916c1-0ac5-496a-bc90-fcc2ff6bfc9d,hidier,ct.,karma,hidier,ct.
7f0f7f5b-5fe3-4a19-9297-2ecf9e6d299e,hoehler,heyne,unantastbar,hoehler,h.
e91951cf-bf24-44e7-b92d-0e04934a3d3e,hailey,knaur,queen,hl.,k.
56662db0-8a7b-4bcd-a492-37095a071ffd,hoover,luebbe,mogul,hoover,lu.
c15eb21f-b36b-4eb2-ab7b-e9deb724d79b,hahn,dtv,verborgene,hahn,dtv
857afa30-c7a6-4659-a0af-89065b94ecc2,hamilton,at home on the road,california,hamilton,at home on the road
1464f891-0c9c-46f6-bcf0-bfd3d4d11583,heidrich,uo.,nuja,heidrich,uo.
ea4a788d-22fc-4023-b9fb-26e9a31f57cd,hohlbein,lyx,schwarze,ho.,lyx
0fcea65f-f1b7-4ee1-9ca4-762b61d5f071,graham-campbell,kristall,wikinger,graham-campbell,kristall
93d72c5c-8a1f-46c8-b38e-2584fc1603ea,herzog,ullstein,moerderbienen,herzog,u.
487f3244-85a6-48d3-a55c-3d1f0a690539,hirsch,lamuv,pfeife,hirsch,lamuv
ae441ed8-bb35-4bc6-98da-70478946564d,hoess,dt.,auschwitz,hoess,dt.
42c0ef8b-4cc9-4c95-8032-5110523bca29,gross,mi,beziehungsintelligenz,gross,mi
2915478f-b35e-4cca-9af4-77550deb6b5b,"hirschhausen, von",rororo,leber,hi.,r.
2edf506c-cdb7-4ef1-afa0-1d53aa5a3007,hirsch,lamuv,pfeife,hirsch,lamuv
3bd7eeb2-b29a-44d1-91a1-3c39a4475073,hohlbein,heyne,nick,ho.,h.
07c8647d-3978-4ebc-bb4e-fe84987edcd5,hohlbein,heyne,spinnen,ho.,h.
2c6a4acf-8ba9-4582-9b4c-a8477ae075a7,garcia marquez,kiwi,einsamkeit,gq.,ki.
88567561-0893-4c66-9632-f5191a1bf145,hagerfors,rowohlt,jikasee,hagerfors,rw.
97dc8463-e208-4583-b276-337537fb43d7,harstall,knaur,graefinnen,harstall,k.
e32d7d5d-deaf-4b2f-806f-4604545667c1,hellfritz,bastei luebbe,fang,hel.,bl.
ffd2a8f3-5dfb-4bf3-9c55-403bcfd20c41,heller,goldmann,tagebuch,heller,g.
5c83f900-f346-4b2e-918c-54379d4262b6,holzach,hoffman und campe,umsonst,holzach,hc.
dfc3af79-933e-401d-875f-aac949c41bd4,grifka,rororo,knieschule,grifka,r.
9441f173-6756-4ea0-87f5-e0ae4fd59dd2,hewson,hr.,epiphany,hewson,hr.
a6a5050d-62aa-4889-ae67-411dbdaf71be,hailey,ka.,raeder,hl.,ka.
44d1bb64-4619-4f91-a837-6ee78279a66a,hohlbein,buch und medien vertrieb,buch,ho.,rm.
5f18dafa-d230-4a1b-b0da-952ae60e0fa6,goldratt,cp.,ziel,goldratt,cp.
be943f33-6496-4deb-b950-75e82867bc5b,gulland,fischer,josephine,gulland,f.
6ef57859-c391-42c8-aaae-9e06393f049f,groult,knaur,dinge,groult,k.
d58d423b-2b27-4e2b-abe4-057a000d62e0,gulland,fischer,josephine,gulland,f.
de7ca9bb-8106-4ea5-b5c6-7a77f7bb5d59,habe,ek.,limits,habe,ek.
1c494a81-6a18-47a6-8733-b702d37ed26c,helland,rororo,inselkrankenhaus,helland,r.
902ee386-9134-4909-b285-e9cc5acb75bd,"hirschhausen, von",rororo,leber,hi.,r.
4856c15d-2be4-4cc5-90e3-a6d6a2a9f362,hirsi ali,piper,klage,hirsi ali,p.
58f690cd-65bb-4dea-8a6a-1355dcf9bc5e,hohlbein,ueberreuter,maerchenmond,ho.,ub.
576ef8af-82e1-4989-9975-595da5db77b6,gottesfeld,headline feature,wind,gottesfeld,headline feature
4fe6a489-45b2-4ecb-b6af-e9c7ca5d4b0b,grey marshall,ct.,no,grey marshall,ct.
992bc0c2-2bd2-4d8c-8ccf-c3e25e3f8092,heller,knaur,mann,he.,k.
9bc16c9a-0760-4864-aaca-5c839c0ceb31,herlin,europ bildungsgem.,atlantik,herlin,eb.
e8ece206-9f2a-4b76-a860-02caf8c7d217,hailey,ullstein,diagnose,hl.,u.
cea9f759-9f6a-4a82-8b95-ab15ae56b25a,hoag,bt.,cry,hoag,bt.
f038de42-fee7-4cef-9e29-655cbb1a1022,groh,blanvalet,pinguine,groh,bv.
4e7b029b-8ff5-43de-9146-c22b5e684b9e,harms,bertelsmann,polo,harms,b.
396adc3a-4937-4964-adf7-e533605aae2b,heller,deutscher buecherbund,naechsten,he.,d.
c3ff44bd-4372-4fd7-b908-04ab7da16861,hiebeler,pw.,zugspitze,hiebeler,pw.
830737db-caf1-437e-87a1-e31c2fc3459f,horbach,goldmann,bruder,horbach,g.
9c7993cb-1a43-4ae3-b550-ca154ad654d9,gschnait,dl.,rette,gschnait,dl.
b07e00d7-199b-4c3e-841b-fdff43c1b7b2,hemingway,granada,old,hemingway,granada
c18a8dd5-6cb5-482e-8fbf-4370d1fc236e,herz,beck,europaeische,herz,be.
a2e1338e-45e8-4d37-b231-9ff6d8b8db78,hohlbein,heyne,skies,ho.,h.
b18d68a3-ba61-489a-b3ee-ea9b6ab7a02c,hoy,harpersport,autobiography,hoy,harpersport
9c293132-9715-476b-a796-e5756991b699,hubbard,new era,dianetik,hubbard,new era
06ccf40b-ce95-4e9a-b12d-d5f7fb0a4e76,konsalik,hestia,roulette,k.,hs.
c5b6e65e-2efa-45ce-9c52-339cf9625a33,koch,frankfurter allgemeine,tugend,kc.,frankfurter allgemeine
cb385910-08d4-4477-8818-56489941f089,kerner,beltz & gelberg,blaupause,kerner,bg.
8a8e9555-2303-43e0-825b-33b9f103b009,johann,bertelsmann,hinter,joh.,b.
43c8cd5c-30f0-47df-99a5-8567aaf75fff,konsalik,naumann & goebel,privatklinik,k.,n.
232881bd-0de0-4872-a74a-00f275882dc2,konsalik,bertelsmann,mandarin,k.,b.
9f3d36ec-ad99-43b9-bce9-189a380409b1,kafka,bertelsmann,prozess,kafka,b.
f8851717-ac25-4ab8-94db-028468bb2217,khalaf,bastei luebbe,is,khalaf,bl.
bb8e6c90-1454-4dd8-bf9f-542f08e493c1,king,grjalbo,corrupcion,ki.,grjalbo
a512f0ae-f5ff-4dc5-8e56-9634eea94de3,konsalik,bastei luebbe,dennoch,k.,bl.
342a7d80-9394-450c-b9cb-29c6d8d23d18,konsalik,goldmann,haus,k.,g.
b0f0cd10-123a-4716-af85-65672e25e500,konsalik,bertelsmann,st. petersburg,k.,b.
83804247-14f5-41f7-9f08-eeea796b54d8,koch,rowohlt,adenauer,kc.,rw.
824f030b-d588-41cb-83d3-f355bc0b3a7f,jennings,fischer,polo,je.,f.
1bfc00e5-bbdb-4b92-9999-3ceea26ab182,jennings,fischer,marco,je.,f.
bd2864f5-b746-4245-80bf-b83f688fdaa3,konsalik,lingen,strasse,k.,l.
a5f2c62b-d5c6-46d8-8884-9ab8bbe56d77,konsalik,bertelsmann,arzt,k.,b.
3b72530c-ed3e-4c1f-a7de-093c0b735675,jenny,bb.,ruf,jenny,bb.
822f35f5-9814-41eb-b135-01941a74f5c8,konsalik,lingen,saison,k.,l.
9bdb7536-803e-4e71-946b-ffd6bddf574f,konsalik,goldmann,verliebte,k.,g.
23817332-788e-4362-8f8f-8cb0419c95df,konsalik,en.,dschunkendoktor,k.,en.
2a3363fa-0ccd-4262-9c98-11598451b8fb,konsalik,deutsch buchgemeinschaft,verdammten,k.,dbg.
fe6d1fc5-7ce7-40d3-97b6-e52e153a5079,hottinger,diogenes,gemeine,hottinger,dg.
c7eb1e1a-184a-46e5-8842-ec09e94145ff,iggulden,heyne,rosenkriege,iggulden,h.
10a84229-a900-429f-9672-2bf04f21c2ff,konsalik,hestia,sibirisches,k.,hs.
9f5b9ec1-610b-445a-bc26-2125d179554a,kaiser,kiwi,makarionissi,kaiser,ki.
a4ba5105-acef-4521-9d69-0c8b6e88c4ff,king,heyne,mercedes,ki.,h.
f4a262cb-75f0-421b-a6b4-b129e0710787,king,heyne,schwarz,ki.,h.
149c30ed-3788-4aec-9005-eca48428c883,holt,schneekluth,pharaonen,ht.,sk.
5eef5fd6-7c31-4637-9c75-4b39ec5ab3f2,hesse,bertelsmann,antlitz,hs.,b.
7380e860-f86d-4267-bac5-2e96b02978c5,holt,deutscher buecherbund,opale,ht.,d.
f596d19a-4760-44ef-888b-4df1a6a61381,huether,ks.,begabt,huether,ks.
808468b2-c8e6-46d6-b37d-aafd68334bb1,jacq,rowohlt,ramses,j.,rw.
39870cd7-3d3b-4eef-8240-d945344cc16d,jensen,bb.,hummerschwestern,jensen,bb.
25c4abd5-0ed1-40b7-8faf-badc897f6eb8,juergs,buchgemeinschaft donauland,fall,ju.,bd.
cb0ff8b1-4def-4ae7-8989-400fc3f42cf9,karp,goldmann,gluecklichste,karp,g.
a2c0e2cb-f5e3-4d31-9fc4-61fbc369725e,hesse,rororo,auferstehung,hs.,r.
6b02a69c-b393-4cc6-94e6-0da65b1c91fd,hugo,ka.,notre,hugo,ka.
6ecf258c-b46e-4209-9dd5-12fbc24973a0,konsalik,lingen,herzen,k.,l.
a855edaf-8ea4-4b45-8b57-9164b03c943c,ishiguro,fa.,remains,is.,fa.
8d836f4f-77e1-4a3d-96a3-d8130b58a613,jaud,fischer,millionaer,ja.,f.
2af58987-701e-471b-838d-f65b91544bcc,konsalik,hestia,aussenseiter,k.,hs.
3a7f9ba1-f957-46bd-8b85-37d9a3bab0e9,konsalik,bertelsmann,liebe,k.,b.
ac47246b-debc-4327-b6af-df5a961f5deb,konsalik,blanvalet,doppelspiel,k.,bv.
aa4171c4-fb63-4810-991d-7e98ff100e07,konsalik,interlit & hestia,999,k.,interlit & hestia
e1dbe992-d456-44ff-8e8b-291080c67287,king,blanvalet,feuerkind,ki.,bv.
ff83dee1-aecf-427a-a519-22168a05abb0,king,new english library,it,ki.,new english library
46bedd08-da22-49f4-b9ce-acef075c92da,heyerdahl,bertelsmann,ra,hy.,b.
3dff2612-08e7-4ec9-94ec-543e6330512b,johnsgaard,piper,schwarzer,johnsgaard,p.
afb99fd0-2719-4abf-bed9-2c66da323048,konsalik,bertelsmann,nachtisch,k.,b.
fe224fd1-774b-422b-b7dc-e674c2292945,konsalik,goldmann,pulverfass,k.,g.
08684d44-48bb-4194-8937-92b58b280167,jacq,knaur,"nofretete,s",j.,k.
ee30328f-4ba9-4b26-aba0-a276d89ec25c,jaud,tr.,spring,jd.,tr.
7287d216-25aa-4fec-a1ce-d7c779ec6076,juergs,bertelsmann,sklavenmarkt,ju.,b.
628e8c91-3c5a-4157-ac8c-5e67141cff2e,konsalik,eg.,agenten,k.,eg.
47cb5ff3-0823-42d6-9b6e-9e00de1ee5c4,keidtel,econ,zivilcourage,ked.,e.
1c59b2d1-7f4e-43ed-820b-b5aa5203363f,kempf,rororo,damaskus,kempf,r.
975580d6-3e82-45ce-a269-078050dc6f6c,king,heyne,gesang,ki.,h.
a43ada1e-a18a-4fe5-a48c-4e7c65b33c75,howatch,heyne,reichen,howatch,h.
c6277ba1-c263-4f9e-b6b0-7c2c96f0859f,konsalik,ka.,bittersuessen,k.,ka.
0030319f-daa1-4602-8ad6-a7f32eaa9a3b,king,knaur,sumpf,ki.,k.
cae55fb1-cb88-4b67-a418-2fca44150703,king,hodder & stroughton,outsider,ki.,hodder & stroughton
adb13f47-05ae-4f00-abcc-6a467523d5e2,irving,editorial escudo de oro,alhambra,i.,editorial escudo de oro
2fd590c1-9841-428f-bfb1-c00b182241a5,konsalik,lingen,rostender,k.,l.
281e8f9a-6150-4404-bd93-4102f4104bc3,khadra,ullstein,schuld,khadra,u.
fd2a7172-97e7-4b36-a8bc-080b8b85c6ef,king,blanvalet,nachtschicht,ki.,bv.
bc25c13f-86e9-4186-b76e-5961a33dfefe,ironside,random house,napoleon,id.,rh.
3c62307b-4295-4918-8e15-6d22898f529a,jahoda,beltz & gelberg,wieviel,jahoda,bg.
32117527-cc7b-4b7c-bdcd-cb879e1607d2,jonas,piper,gebrauchsanweisung,jonas,p.
6ed17d60-00bc-46f0-8218-52d17741ca22,khaschoggi,heyne,talon,kg.,h.
88544baa-540a-44ab-834e-5d7b731128db,kolb,bod,fatima,kolb,bod
4a1f0a3c-dbca-431b-bcf8-f61640d17cb7,link,goldmann,fremde,l.,g.
ea1b26ec-e0d7-48d8-88c0-3b046ca5363f,link,goldmann,suende,l.,g.
35a27341-3e4c-4c36-997b-5da1b5f4735c,langholf,saatkorn,lebensbilder,langholf,saatkorn
1a0fe1b5-ab8c-40e3-bb9f-a48f62221768,klz.,moewig,ding,klz.,m.
38f615b9-f727-4646-88aa-79c886b93559,konzelmann,bertelsmann,saladin,ko.,b.
af952220-a20a-4ea6-add6-e12e9515d901,krantz,goldmann,dynastie,krantz,g.
9a21e813-0a8c-44b0-966b-9d0168030e12,krechel,bb.,stark,krechel,bb.
56bf179c-974d-40e7-b515-fbafd8777c18,kuhn,dt.,steinzeit,kuhn,dt.
9ffdccb2-b3c0-4696-b845-4d6ef44c55c9,lorentz,knaur,loewin,lo.,k.
da48700f-06cc-41a2-b8e4-b5c03368b5e2,low.,knaur,bleiche,low.,k.
444e7b2a-1385-4f03-8744-a7480c51eabe,konzelmann,gustav luebbe,arafat,ko.,gl.
b771fe38-5389-4039-b52a-bd738ea00d33,kph.,rororo,anatolische,kph.,r.
a27e2138-825d-4e45-9052-e47b25755c58,link,blanvalet,taeuschung,l.,bv.
4a3885f7-a339-47bc-94fc-35abce320aef,kinkel,blanvalet,zwillingsstern,kk.,bv.
17a92cf4-c1be-404d-81d0-c29867068823,kloenne,ullstein,eis,kloenne,u.
5d01c041-c291-4914-ad87-23e2231c58f3,korn,rororo,toechter,korn,r.
f9c31561-1a62-4077-bab1-8384264dd45d,link,weltbild,schattenspiel,l.,w.
85a5cc79-4f00-462f-af93-c8c03e51e94f,korschunow,knaur,fallschirmseide,kw.,k.
d2cc547e-8fbc-4fcd-a633-8f0e3ff59f03,link,bechtermuenz,verehrer,l.,bm.
40897cc5-9204-4371-a1df-d916af4f4e9e,liessmann,zsolnay,alltaeglichen,liessmann,z.
e683ea47-acd2-4676-9a8c-2a631cacb22e,kp.,dt.,kim,kp.,dt.
ddb8b8f3-d9be-4c4f-bccf-318251a7d04b,krakauer,piper,wildnis,kr.,p.
c9364a76-0584-4f85-bf38-9e8390c7c7d9,krakauer,piper,wildnis,kr.,p.
30f95e7a-d871-48c1-9aec-1bee3c47bbe8,kureishi,fa.,buddha,kureishi,fa.
e14eb037-a0f3-4a82-8f8c-e378a6414a08,lorentz,buch und medien vertrieb,goldhaendlerin,lo.,rm.
8c666623-b48e-4e97-bf49-d18866445964,kml.,ml.,bergsuechtig,kml.,ml.
9da4fd90-57a1-4f66-86df-c8026a52be23,linker,dt.,heldenprojekt,linker,dt.
e0e8cc73-8b86-4b2c-9304-0992f442e794,ll.,kd.,leibwaechterin,ll.,kd.
46e8daa9-2ace-4d66-ada5-c4000d5f5209,ls.,ueberreuter,ritt,ls.,ub.
d8f9b006-a4f8-4864-b374-a4c003144762,knopp,"e,",jahrhunderkrieg,kn.,"e,"
6804a693-88ae-4352-a34c-ee363e671afa,kruess,ravensburger,thaler,kruess,rv.
f33ec400-8abe-41bd-b49f-95da2e039c54,lauterbach,droemer,ausgelassen,lauterbach,dr.
56911aeb-69dc-49a8-847f-424bff34ddd6,lewinsky,dt.,gerron,lewinsky,dt.
5f859494-94df-4b41-a70f-8ce0a02bade1,london,dt.,insulaner,ln.,dt.
297e5339-4505-4216-a622-12c8222aa3da,klm.,weltbild,fluechtig,klm.,w.
70a8c37e-512f-4e5a-926c-6f43d85f7ae2,kofmehl,bn.,shannon,kofmehl,bn.
43cbf4c1-f8cb-4b98-9709-978afe201f38,ld.,fischer,tonart,ld.,f.
9ba395bc-35f3-4500-9040-87aa080833a2,lind,naumann & goebel,frau,lind,n.
da0dc18a-d3e4-4d51-98d2-4271382055b1,krs.,hoffman und campe,go,krs.,hc.
60540cdd-a00e-4613-bf34-a1cf6e7292c5,link,goldmann,fremde,l.,g.
e517f495-7d82-48e5-9671-39af184a11cc,link,buch und medien vertrieb,ende,l.,rm.
36130a33-7eac-479e-9a9b-ffda9d5a2806,larsson,maclehose,girl,la.,maclehose
86f60fc2-dae8-49a2-979d-495c7c8e23c3,langa,pinguin,tenderness,langa,pinguin
5325f348-ee1c-439f-a093-78726ff4cd1a,lasky,friedrich oetinger,jenseits,lasky,friedrich oetinger
8eb63e92-0bd0-4e8a-b13b-247fc6c3a2dd,lindsey,goldmann,leuchten,lindsey,g.
4d3fe615-ed34-4653-bd53-fdf9d388d777,laureen,bastei luebbe,tauranga,laureen,bl.
728096ad-e651-4754-9354-0508fb925e58,leon,ab.,darkly,le.,ab.
838cff9d-1c55-406f-b87c-06652a0981a3,lit.,spangenberg,ostdeutschen,lit.,spangenberg
d297936b-220c-49ae-94c0-12fdd0e88ff6,krauss,dl.,geschichten,krauss,dl.
a090f792-e34d-44fa-b17b-11f5ad72e505,lid.,beck,suche,lid.,be.
b3410d19-6ff9-460b-8213-ab485ea9a36d,lorentz,buch und medien vertrieb,pilgerin,lo.,rm.
c3bd53a2-b3d6-4322-abaf-27a1a586b9f2,kinkel,buch und medien vertrieb,aquitanien,kk.,rm.
ed276e20-5b77-49e2-ad48-5334022d4605,knopp,econ,besten,kn.,e.
3210c0dc-3d1d-4421-b5c8-38b00e98e691,lawrence,piper,blutbande,lawrence,p.
ed19dba3-f96c-4325-846d-c2f21f4f9c77,kohl,muenster druck design,augen,kohl,muenster druck design
d703f790-f33b-415c-b85f-909adee08756,kubitschek,diana,liebe,kubitschek,da.
0f6446db-bfbd-4069-801a-150780c321df,clare,Unknown,schuld,clare,Unknown
de65a895-15fd-481d-bcae-afbf40edce78,larsson,heyne,verblendung,la.,h.
2e8983a5-26ca-40ce-ac40-0f7f9f4acde9,lessing,fischer,afrikanische,lessing,f.
4b05b4ce-479d-420f-a9a6-d34b1ca5b029,kt.,knaur,langani,kt.,k.
ea1d8124-ebe2-4942-a8c6-11b161a766b0,link,blanvalet,schweigens,l.,bv.
c3d0b11a-803e-426c-a3be-26778a43546c,lacrosse,goldmann,weingut,lacrosse,g.
2db393f9-b6c1-4258-bdf9-bfb8271fdeed,leist,manz,liebe,leist,manz
5b2bd14b-84d4-4fb6-b62f-a8314f2f0804,lun.,rl.,noch,lun.,rl.
ce36d583-b7ca-4d22-9939-a5790d8464e6,mic.,ct.,bagdad,mic.,ct.
9b1c8b6c-8c11-4412-98a2-3910d2292100,monteilhet,goldmann,neropolis,monteilhet,g.
e74610f5-3042-4b9a-93f7-6b7973dda32a,mot.,weltbild,schmetterlingskaestchen,mot.,w.
674f3a32-a92b-4db8-a7ff-ad57aaee2446,morris,zaffre,tattooist,mrs.,zaffre
6f0961ee-c2ad-4f5a-b04e-27e20d172759,marias,kc.,schlacht,marias,kc.
77d83cb7-5674-42d9-b2aa-93d8043ef475,michener,bertelsmann,texas,mi.,b.
71fc3fd4-2dcf-4e35-9a6e-0e3606099b86,mor.,bastei luebbe,wasserfalls,mor.,bl.
0f8d2e0b-449d-463f-a193-f5eec598dc2c,mrb.,ullstein,kardinal,mrb.,u.
f92fa0ba-cc65-4cee-998e-2b34396fb0ad,maddox roberts,goldmann,flussgoetter,mx.,g.
9dde33a5-c451-4f32-8b74-54e3aeee680b,michener,mandarin,carribean,mi.,mandarin
a2e0fc26-f131-48a8-9f66-1e553e6e8d64,mitnick,mitp,taeuschung,mitnick,mitp
6def42db-9cdb-4e0f-8569-8c759640fe5e,moestl,knaur,shaolin,moestl,k.
06cef93c-2156-47f6-9690-9012757325c5,msv.,parkland,kalifornien,msv.,parkland
72c19974-c249-490b-9836-8bca9885e954,michener,mandarin,carribean,mi.,mandarin
40d8dc91-8135-47d3-aa40-daa489fe6f5b,michener,bastei luebbe,sayonara,mi.,bl.
30dce075-b6c8-430d-9b7d-7565ad994714,moltke,franz schneider,kaempfe,moltke,franz schneider
489733aa-8213-40e3-8066-690aaa2dea69,misch,wlv,langobarden,misch,wlv
0cb47068-c4dd-4270-91f7-23ff89bc42ed,meyer,bertelsmann,gebeugte,my.,b.
e50ffad0-aa93-4f6c-b8e0-d385d79c501b,marai,piper,glut,marai,p.
d391275d-d44f-468d-9bfe-878725b4be83,marco polo,mc.,zypern,marco polo,mc.
f09ed8f5-53da-461c-ad1e-81549b9e94d0,martini,bastei luebbe,outback,martini,bl.
df4bd195-fa28-48a9-afea-dd3349a8c6d9,menasse,suhrkamp,hauptstadt,menasse,s.
c6e39703-175b-404b-b895-8417c06bd550,marr,bastei luebbe,posaune,marr,bl.
4b0aada3-071a-48d2-af94-af152f04a602,mccarthy,rororo,grenzgaenger,mccarthy,r.
7dd3f932-d1fc-4ad8-b30d-6a9a2334d541,mitchell,headline,loved,mitchell,headline
f1748349-b6ca-407f-b1b6-e37e099d4a17,medearis,frontiers,muslime,medearis,frontiers
1c68a47a-8e5f-4764-9367-ebec36934ec2,mina,ariadne 1230 argument,blut,mina,ariadne 1230 argument
dd4ea046-2529-487a-8a05-1070a541c7c2,moore,wa.,dude,moo.,wa.
1c2bc210-0f32-4af4-a542-99d7af9e29e9,ecke,Unknown,clifton kapuzen,ecke,Unknown
bc4e0e36-dc1c-43c8-a0b4-2b8deaab34cb,murakami,dumont,kafka,m.,du.
c900aba1-414b-4059-beea-891f0703f4a3,mailer,bertelsmann,naechte,mai.,b.
9a14bfb2-4486-4655-bf93-1588edc71422,maraini,piper,stumme,maraini,p.
c640592e-88d3-40f9-bce7-eac70989b8f7,mueller,dietz,nacht,mu.,dietz
53e12528-301d-4d45-8cc7-f1b5ddd07b88,neuhaus,ullstein,wald,n.,u.
41fc3c53-4e3f-4f3e-9a3d-667ce3437908,mailer,wissen,nackten,mai.,wissen
0fa82bde-bcef-4f79-a1e1-e5bca66c49f2,martini,bastei luebbe,outback,martini,bl.
5fbfdaef-ae46-4e1b-bd89-f735fb478b66,marom,ullstein,sulha,marom,u.
c188605c-519e-4baf-b52e-8e012ee9e1b2,marthaler,rk.,durchgedreht,marthaler,rk.
878be998-bf31-4cc4-b9ef-7b875636b633,maclean,goldmann,gras,mc.,g.
a434e7db-3283-4a22-85ab-a4c1eebb4322,mcd.,ew.,sofonisba,mcd.,ew.
4fae322a-036a-4af3-a920-0baeadbb11de,mason,buch und medien vertrieb,liebesbeweis,ms.,rm.
73820925-2d58-4202-b265-c9e30a60cd26,maffay,kl.,ton,maffay,kl.
0e17399c-16a1-43f1-9037-19f794ca78bf,mauriac,ullstein,juengling,mauriac,u.
e445bc1c-42a8-4d7f-9db8-8bc0cef26b10,maclean,droemer knaur,grauens,mc.,dk.
f0b1760e-1bfd-4ac7-8412-dc9f88a3c48b,mccullagh rennie,weltbild,honigvoegel,mccullagh rennie,w.
80dccc49-5b8c-4a30-89e6-f2990790480a,mcliam wilson,fischer,eureka,mcliam wilson,f.
1abcc4aa-cb7c-4db4-86ad-c49c03834d90,murail,fischer,simpel,murail,f.
e0ff3a39-4512-480e-87b7-267b5ce97c14,lukas,bastei luebbe,hoelle,lukas,bl.
d4f2c005-33aa-49c2-a3ff-c53c7a2094e9,murakami,bb.,idee,m.,bb.
f8ce90a1-6da9-4396-9eb4-c757025f7b59,mab.,rororo,rubinroter,mab.,r.
2f3c76bc-b8e9-439f-8da4-54877687382b,mueller,bn.,schurke,mu.,bn.
d7256770-c111-4bae-b7c3-1f616355f77e,may,ny.,scout,ma.,ny.
7fe9eb91-a006-4c84-9fc5-1e9185908c4e,maurina,maximilian dietrich,eisernen,maurina,maximilian dietrich
cbd3d4b1-47c4-4e3e-8b82-4a3f6419c557,michener,deutscher buecherbund,bucht,mi.,d.
7b053446-ad1b-4401-8637-a4b1f469758a,mog.,knaur,riskantes,mog.,k.
538550d6-820e-4f49-95d8-27b4ae967595,mehran,buch und medien vertrieb,persische,mehran,rm.
0c9b0172-526c-4a15-ab2e-7fcabe72448a,michener,econ,karibik,mi.,e.
4ac846da-5596-4bf5-b20d-1bcaf2610d3f,moog,dumont,lebenslaenglich,moog,du.
1716a997-bccc-4c0c-9fc0-3524ef2836ba,ludwig,bertelsmann,kleopatra,ludwig,b.
b7ed8f96-e0da-49f3-9a6f-1375cfcbec2b,morton,ullstein,lewinsky,morton,u.
c089b087-aed1-48fe-b691-24bda409820e,moyes,rororo,haus,moyes,r.
56ab5ef1-74fb-4554-8111-6b3e74b84c9f,niazi-shahabi,piper,scheisse,niazi-shahabi,p.
8d5f7401-2945-49e2-a341-5b37d6915b3b,parker,knaur,schwerter,parker,k.
5d42e745-8e71-4d0e-8f28-5932fd60fbac,pie.,heyne,wolfsfrau,pie.,h.
8220ddef-9ddd-48c1-b0de-e27acbe8df8e,preston,droemer,riptide,pr.,dr.
a8915fae-183b-49d6-9972-ac3db55495a9,re.,berlin,weites,re.,br.
897c09a5-0aa1-4b00-9d09-dd6044c19029,rochford,buch und medien vertrieb,bibliothekarin,rochford,rm.
a284ac7a-8fb8-4c58-b506-4d0760609ea6,ob.,carl hanser,amerikanischer,ob.,ha.
63be04c4-79c7-4d9a-a917-b417fbcc0d6c,nolan,heyne,troika,nolan,h.
2f91a694-c0bf-4741-866a-b0f83d049eef,pieper,heyne,minnesaenger,pieper,h.
0599a23a-6bab-4271-bdb9-adf7172972fb,polyglott,py.,italien,polyglott,py.
64a65d06-5fd5-405a-89e5-307f3446c57c,preston,knaur,canyon,pr.,k.
fabdad42-3d5c-4297-b28f-fb71c20b3259,peters,heyne,cadfael,pt.,h.
23541c9d-6aa1-444f-aa0f-64e75f9a2102,pehnt,piper,schildkroeten,pehnt,p.
0ee7abae-c357-4b00-9b3e-697ebbc7649e,paretti,blanvalet,tara,pi.,bv.
f12d87d3-c248-4971-835b-ec35460c73ad,rinser,fischer,daniela,rinser,f.
cf6bbd9d-0463-4942-9203-b5f72ac1280d,rn.,goldmann,krokodilwaechter,rn.,g.
f3e23ebe-5a90-4481-88f7-573eaaa4d5c7,ni.,ullstein,weisheit,ni.,u.
842dd18b-8e15-4866-898d-1349c14e89f4,noll,diogenes,apothekerin,no.,dg.
299f7309-ca8b-4f39-b33e-d07c2acc3765,oe.,wunderlich,welten,oe.,wu.
1fdac0ad-2279-4f7d-b46f-8b64273ff16a,preston,droemer,maniac,pr.,dr.
b3cc9d5f-8127-40f0-ae37-8ac66c2d2e02,roberts,piatkus,chesapeake,ro.,piatkus
28a65787-d355-45b2-976f-3c4ef1b96e4a,nc.,ullstein,drei,nc.,u.
9ae3cc45-278d-40c4-ba04-e7d0e31740c9,pelzer,buch und medien vertrieb,verlorene,pelzer,rm.
c66a5223-6dbf-44ab-913d-d06575a07a52,olsen,dt.,erloesung,ol.,dt.
a1adcb9c-536e-4e72-88c0-f81a3c23273b,roeder-gnadeberg,lw.,aysche,roeder-gnadeberg,lw.
1179cd06-6dda-4a91-b9a8-8864cf714650,nl.,dt.,windsaenger,nl.,dt.
10c679ed-03e9-429c-a35e-719af5af140d,piccard,piper,spuren,piccard,p.
b650fd98-5fdf-4335-8670-0bbf94575d8c,pv.,bertelsmann,gelber,pv.,b.
aeb009c3-6b39-436c-ba10-82e53df2819e,"retyi, v.",kp.,geheimakte,"retyi, v.",kp.
6953d6d3-4cfd-4016-9775-9625d9de6d05,"neal, o'",fischer,billy,"neal, o'",f.
b0b5737f-9419-49e4-bedf-0a2debd92838,newcomb,university of texas press austin,indians,newcomb,university of texas press austin
1fe28fe8-4799-4639-8163-1f33e6d72143,peterson,carl stephenson,kamasutra,po.,carl stephenson
43c0eac0-965a-4559-9823-a07d1607a765,prutz,haude u. Spenersche,christlichen,prutz,haude u. Spenersche
a175e6d7-82df-4474-9a9f-a9dfe9340a54,nea.,fs.,lexikon,nea.,fs.
e55d626c-0a68-453b-9621-4dccb7aa4038,ne.,wt.,psyche,ne.,wt.
639c37ae-632f-4bbb-bdf6-cbf25bdcdf1a,reichelt,benno,kirchenknigge,reichelt,benno
a4a23e90-e0e6-46b6-8cdd-46186929d222,richter,rororo,gruppe,richter,r.
73efc3a2-aa61-4ab0-a253-d005ddf2e6d8,dickie,Unknown,cosa nostra,dickie,Unknown
98918672-7a75-42d7-9ea3-0ffaa685f3b6,rd.,hoffman und campe,feindliche,rd.,hc.
73de0c1f-63ab-45e3-8d47-b8629e79a964,reinhardt,buch und medien vertrieb,medici,reinhardt,rm.
e16b345f-c691-44fa-b0d9-da30ff34f308,rodham clinton,econ,geschichte,rodham clinton,e.
3a4dc642-49a8-4ef2-ab13-a270b8c4d429,oet.,droemer,gelingens,oet.,dr.
77b49899-e05e-4272-af56-4c46382fd1cc,perez-reverte,list,seekarte,pz.,ls.
743149b7-1e73-4f59-b45d-7876e9e1693f,rainer,heyne,lockruf,rainer,h.
e9cf59ef-21fc-418b-8716-16879254b6a1,nuyen,ct.,drachentor,nuyen,ct.
60cc3c3a-6203-4637-88f2-2e6c948142c9,palmer,heyne,connection,pl.,h.
7adfb7e2-de89-4a4c-8b45-1514841ee595,poe,aufbau,giftige,poe,a.
a47de5f9-e007-4bfc-8b0c-e14bf70da369,reeves,bastei luebbe,kennedy,reeves,bl.
bfc3c104-df42-4d55-ae0c-b367520d6dfe,rice,goldmann,finsternis,ri.,g.
a961b888-44a1-43a5-a6df-ad4b39405d62,rossbach,knaur,feng-shui,rossbach,k.
ec02d2aa-358d-4298-84cf-3e559913ca9a,oel.,thienemann,bingo,oel.,t.
b88006e7-3bca-4e05-9d42-354818121a48,peetz,kiepenheuer & witsch,dienstagsfrau,peetz,kw.
4bedf9f7-617a-4a31-b4dd-12c544a137b3,reichs,blanvalet,mark,rs.,bv.
b524ad80-3480-4d1e-8f7d-fc8d9a031acd,nasaw,heyne,angstspiel,nasaw,h.
87c28dab-2ee8-4873-b780-1fcd81160440,nk.,bastei luebbe,autistischen,nk.,bl.
98954ab9-ca3c-4a29-af10-23a6b2125ac3,puzo,ullstein,narren,p.,u.
54077a93-d5f2-476f-80cf-1e575b69a6a7,philbrick,ravensburger,freak,philbrick,rv.
e1d18818-54f5-40d2-8dc0-9ebafb923ff6,rotter,auw.,venus,rotter,auw.
b5569f3d-7347-44cd-97c0-6c7e742b72b0,nawrat,rororo,unternehmer,nawrat,r.
0ac4dd4f-01e8-4a28-bef1-791d94afcbd4,noll,diogenes,hahn,no.,dg.
4d031180-2739-4f42-91b9-751f7e353a87,peters,econ u list,mumienschrein,pt.,econ u list
4eeee923-551a-4ee0-b2bd-cba304383908,roy,bb.,dinge,roy,bb.
a77033af-3639-48be-b0d8-aece5a1d28bb,nab.,rororo,lolita,nab.,r.
8076c5f9-a527-47de-8e26-167f5c33c3a6,norman,bo.,koenigin,nm.,bo.
87953d20-6fa1-4302-96ba-cd214e070046,pai.,heyne,purpur,pai.,h.
7463b681-b410-4765-9e99-8ce4bd8a098f,pham,goldmann,reisfeldern,pham,g.
dd961f10-3a65-433a-b60d-dae6a0be91b7,rd.,bertelsmann,spekulant,rd.,b.
dd2e8c4f-2279-48a4-89a9-4930463a45d9,re.,berlin,weites,re.,berlin
69c8e666-56e6-48d9-b316-a76ce3f30af3,robotham,goldmann,erstgeborene,robotham,g.
27376510-fc2a-49f1-8e1d-f953db3d7070,steel,wa.,circle,s.,wa.
97f9dc2c-08cc-4545-8179-504b16d75a1e,seghers,rororo,braut,seghers,r.
68998150-8efd-47f2-9329-069657b2660f,sinoue,knaur,isfahan,sinoue,k.
257f34ea-bcd1-4b62-a0ae-f2c51b520681,spielvogel,lm.,anangula,spielvogel,lm.
c098cef8-c56d-44fa-98c8-0d8a18804f40,sabbag,editionnova,pandablues,sabbag,editionnova
7aa94e76-6509-4536-baf6-ea229315b26a,schrader,ra.,elyas,schrader,ra.
a9673849-dda7-40de-9537-480313d0e73b,seiler,suhrkamp,stern111,seiler,s.
d7007801-b7bd-4532-85e4-2f1803939dd1,sierra,buch und medien vertrieb,abendmahl,sierra,rm.
71026e80-91fd-4b78-b8b9-787eb788d80c,scholl-latour,bertelsmann,totenklage,sl.,b.
ef03460a-43e8-44ee-a16e-bdaddd354981,staemmler,suhrkamp,federn,staemmler,s.
1e5f8d52-6dfa-450c-b542-16c7ad8588dd,steel,bertelsmann,toechter,s.,b.
74fbb033-ecb6-447f-843c-b33e9dfedef2,rudschies,knaur,koenigin,rudschies,k.
c7cdcb24-9c17-4cc8-abe1-935012071cce,shaw,knaur,sonnenfeuer,sa.,k.
06415c35-2b26-4ee9-a5da-068db58ba445,lorenz,dt.,sogenannte,lorenz,dt.
a6ccf1ae-a1e4-4a73-bd93-b22ab927549b,hofmann,dtv,zurueck,hm.,dtv
751afe76-ea4a-405f-a41c-73a79d8934c3,serno,knaur,campodios,se.,k.
b20d12af-5050-4838-af01-84e44bbf1f56,mit.,fischer,friedfertige,mit.,f.
5d3397b0-26c1-413e-b964-d0010db534a7,schmidbauer,rororo,hilflosen,schmidbauer,r.
7346ae9e-18b9-44ee-b68a-93bedad9cb22,scholder,droemer,oktoberfest,scholder,dr.
f05280dc-d2c6-46d9-9c64-0a7c67899151,schroeder,arena,vermaechtnis,scr.,ar.
070dc08d-8179-4408-ad46-b8920e80f6ec,scholl-latour,pr.,angst,sl.,pr.
9cdb8669-5eb9-41a9-9dcb-60da03f6c17f,sailer,ps.,goetter,sailer,ps.
9956a114-852e-4eb5-92ca-6e34bb2d9d2d,schmidt,akademische verlagsgesellschaft,wandalen,schmidt,akademische verlagsgesellschaft
7aa1d7a2-4a64-4441-a471-857f202edc82,schwaiger,zsolnay,kommt,schwaiger,z.
ce17a7c3-1099-4fdb-8e12-00d049d4197f,re.,dt.,pompeji,re.,dt.
0d482499-c6a2-4d6e-84c4-dcde6de5f971,sedaris,diana,naked,sedaris,da.
2f94feb2-120e-4482-9f69-13a95c6ec83f,fritz-schubert,herder,schulfach,fritz-schubert,he.
5b76fda0-6b7a-4fa2-8ceb-d79dc984224a,jungwirth,ct.,schwebezustand,jungwirth,ct.
3e850221-6d58-4900-9571-39a0d06665d0,ziegler,diana,maedchen,ziegler,da.
cbccfd2e-b66b-44ed-8a99-c02b082260cb,"fulvio, di",bastei luebbe,maedchen,"fulvio, di",bl.
1eacc082-883e-4d61-986c-8cad012121ad,korschunow,bz.,anruf,kw.,bz.
7378f771-10a1-4da9-a774-d6edc8d0311b,schiller,penguin,targa,si.,pe.
fdce7c3f-5463-469e-862f-0ded21e16ba1,steel,goldmann,herzschlag,s.,g.
8401c3d5-31eb-40c8-ba3e-14a07d5d9dce,steel,goldmann,nie,s.,g.
1635834f-ad8f-4f95-95c2-42bbe47c958f,shaw,bastei luebbe,suedland,sa.,bl.
801cef13-479a-4c80-bf8a-79409e865bc8,suter,diogenes,dunkle,suter,dg.
d6f18b0c-1d56-40e1-94f1-33fa07c02acd,A'adamo,piper,Blutgruppen,A'adamo,p.
522cb979-bbc3-4f47-91bc-83fb8ca4d7ed,moravia,rororo,frau,mo.,r.
558cb02b-9b80-4eea-a820-5e19f2b9970c,schumann,go.,schreibkunst,schumann,go.
ed8de237-69bc-4a9f-85f0-9ea4999d5d2c,scholl-latour,sl.,schlachtfeld,sl.,sl.
6a7a43dd-a2b9-42e1-9a35-892d21a6b73b,scherf,ullstein,revolver,scherf,u.
9d2ec3f3-d492-4e20-a452-81cbbb36215e,schroeder,rk.,myanmar,scr.,rk.
6839fb5f-2e93-43ff-8f86-c4fa612e248e,scholl-latour,pr.,angst,sl.,pr.
5040c1e9-b656-4945-8b6e-202cc6c02608,stevenson,dt.,entführung,st.,dt.
fa1c331d-9a50-40e9-8c47-0c70f76f5320,rhue,ravensburger,boot,ru.,rv.
2aafb7da-9546-4b0d-9e92-b64f91a67aa0,sachar,cn.,holes,sachar,cn.
bd743869-eae2-4ae7-90d1-a90bda9eb262,scarrow,heyne,invasion,scarrow,h.
03934ea2-c1cb-46cb-ad76-aab11961cc49,schuetzhofer,diana,tochter,schuetzhofer,da.
19b84c42-016e-45de-89a0-5e4ec95d6594,safier,rororo,mieses,safier,r.
a95595c8-97b0-4a77-a34a-91d551d56623,seitz,dt.,armregiert,seitz,dt.
d4f54bd6-7bee-4a99-9269-d566e93dd889,Ross,heyne,Ja,Ross,h.
72882ed7-2f9b-4b0e-aabb-4aa5dca60f7b,irwin,moewig,kolumbus,irwin,m.
430b4e1b-6b27-48ba-b983-8f3f0724b764,shoneyin,buechergilde gutenberg,geheimen,shoneyin,bu.
f452a0f6-f669-43d9-ac6c-f27e67625190,"moor, de",carl hanser,virtuose,"moor, de",ha.
e4f1ed52-be21-410d-97a5-2e90494cebca,auboyer,evergreen,asien,auboyer,evergreen
3c7c55d5-3f26-40d7-9573-f78f09c1fd84,jackson,knaur,aromatherapie,jackson,k.
aa41e020-fd15-45b3-8e87-87f52cd4eb91,schacht,blanvalet,goettertrank,sc.,bv.
0249395e-71e6-4940-ab9a-2bc6de6fd420,sigurdardottir,bb.,abgrund,sigurdardottir,bb.
a6d442ed-f441-41c6-af9b-9deb56243ca3,spiegler,dt.,purpurfeuer,spiegler,dt.
6f9c8270-0e54-4018-9968-a8ac09c1544c,steel,goldmann,adieu,s.,g.
0e580c6a-acee-4e98-bfb9-2166a314caeb,samuel,martin velbinger,azur,samuel,martin velbinger
3f06e52c-0196-4182-9a06-58d931b429fb,skidelsky,goldmann,genug,skidelsky,g.
485c8816-4682-45d7-bf9c-dbf18fc0a60b,scholl-latour,bertelsmann,gottlosen,sl.,b.
76ffca72-4500-49fe-8ccc-cd2462311078,sot.,bastei luebbe,geliebte,sot.,bl.
046a0a79-286e-4622-b26c-a914795fca99,steinbichler,rosenheimer,berge,steinbichler,rs.
75dcd0d7-3ea7-40c1-9ac8-41a67a9970de,steel,knaur,schicksalstage,s.,k.
92910215-646a-4896-af9b-747a91959bd6,larsson,maclehose,kicked,la.,maclehose
2f3f9dfa-3c52-4ae4-b85e-476d1d675cb9,yoshikawa,heyne,murashi,yoshikawa,h.
ae5ac49a-9e2c-4daf-a172-ab2fe928eb9d,stancioff,atlantis,callas,stancioff,atlantis
713b731a-7f9d-4fbb-acc3-4666fbe3c6bd,renn,neue berlin,nachkrieg,renn,neue berlin
d1257579-71c0-4c23-86a0-b6f84c899947,gardner,cbt,waechter,gardner,cbt
86589840-f22f-4965-9cb4-1c82841c5009,serno,buch und medien vertrieb,bologna,se.,rm.
c677719c-4fb2-4460-9b75-d145f7562afc,small,heyne,versuchung,small,h.
e9c23aed-a623-4923-8fce-3fdc3ba1b82e,schneider,aufbau,offenbarung,sn.,a.
a5fc7c3e-12d9-4bc6-9cc3-adecfabafaa5,souad,buch und medien vertrieb,lebendigem,souad,rm.
8753100c-1967-476b-8922-b0fc9440684a,steel,bertelsmann,sommers,s.,b.
f94a4919-a90b-4989-9502-85120d059f67,sheldon,goldmann,diamanten,so.,g.
4f976e7f-915a-400c-8461-f0189dccb31b,spengler,bvt,lenins,spengler,bvt
de74bec2-7b92-4d85-bd2b-99dab20fa3b5,rubin,chomet,familie,rubin,chomet
b6b21115-18f8-4702-86c8-2b980281ef2f,q.,reisebuch,thailand,q.,reisebuch
535d18a9-1bad-4e96-a4ee-329305cc8fce,paul,werkstatt,anderswo,paul,werkstatt
99943ed3-2c5d-4288-8abe-148f6f3d0080,kratzer,ecowin,ware,kratzer,ecowin
a4a6d6d7-1a52-44d8-8bb0-15eb29c3b09a,lucado,scm haenssler,schoen,lucado,scm haenssler
c3c3426f-28ac-469b-b09a-476f9d60b708,templeton,red dress ink,maenner,templeton,red dress ink
56094e82-8e5d-4a05-8785-fd9866f2aac3,steel,knaur,neues,s.,k.
6c6c5fa3-5667-4ca2-86cb-4d1c023bc2d6,schulte,piper,valentin,schulte,p.
43f9d4fc-f2c2-46c2-88c4-f92a55515656,schunk,kaulfuss,heilpflanzen,schunk,kaulfuss
abdb80d7-ffea-48a4-bbf7-28bd9c43a633,schwan,droemer,SS-Mann,schwan,dr.
bfd60ab3-f71b-4321-a1e3-8c26cae986fb,siege,beltz & gelberg,sombo,siege,bg.
9c21527c-b76c-41a9-bb1c-6db21b36f4ec,scholl-latour,sl.,schlachtfeld,sl.,sl.
6709f017-7d35-47ea-bddb-22349c5a4a31,finlay,lp,northern,finlay,lp
bddc5838-4b28-4630-ae70-3f950c88eb37,carver,rd.,reader's,carver,rd.
2f7a2c67-0e8a-4e27-ac85-36bd68059285,gerber,weltbild,pharma,gerber,w.
96ccf54a-6fc9-4da9-bd9b-b3c7363eaa23,kraus,bastei luebbe,flammensiegel,kraus,bl.
a990a9f9-2180-4d6a-942f-f8da081043e5,swift,ts.,gullivers,swift,ts.
7d6e2db3-57e4-405c-9f94-74cf885ea86e,hamdo,koerber,aleppo,hamdo,koerber
3a21932e-ac44-479d-8b77-b66d19767376,schmidt salomon,piper,doofen,schmidt salomon,p.
4ee3c39f-bd65-49f5-ae42-7563786ca887,schroeder,arena,lagune,scr.,ar.
0179517a-552c-4dbc-9923-2d10224b81b7,seitz,aktuell,herausforderung,seitz,aktuell
2dcbcb86-e9e3-4e39-852a-79a470640c5f,scholl-latour,ullstein,reisfeld,sl.,u.
8e573117-65e3-41fe-8c09-53e9d2d0cd5f,schoellgen,econ,brose,schoellgen,e.
ff566e25-b664-4a0e-b41f-d97d4503f28b,schroeder,hoffman und campe,entscheidungen,scr.,hc.
0da82418-e452-4d83-a381-2a0b805d8b95,slovo,ak.,roter,slovo,ak.
396fd544-4d53-4d0c-806e-f68e7aae7618,chevalier,list,perlenohrring,chevalier,ls.
e07d6b20-6d3a-4ebb-a9e2-a19479d99629,atkinson,knaur,sommernachtsspiel,atkinson,k.
1d389c01-3047-452c-9d3e-6e5ab4f17479,backe,mvg,arzt,backe,mvg
cda385cd-5d40-4376-9db0-70749e1c6db0,deutsch,piper,aussichten,deutsch,p.
f8f3f3fd-be2c-4b06-9b7b-249ed6f16e37,blond,lp.,southwest,blond,lp.
72b9442e-6441-4ced-873a-97d5839a0f5f,segal,deutscher buecherbund,aerzte,segal,d.
8c588d2e-bd7b-452f-b0d1-2986d6b33c30,steel,goldmann,jahreszeit,s.,g.
4feaa29f-fe91-401d-a8e9-f55e5a6ab854,safier,rororo,mieses,safier,r.
44ed0e3a-0495-4080-9f37-d4a8cee91f15,schieder,ullstein,friedrich,schieder,u.
039a3af8-6f43-4a96-9521-e972ec0a7586,schlieter,brockhaus,juwelenbucht,schlieter,brockhaus
456b0628-1f59-46c3-b849-acdb7faee800,sd.,"k,",menschenskinder,sd.,"k,"
fd02b2f5-cbbf-4c6f-804e-72507ec48191,shamsie,bloomsberry berlin,verbrannte,shamsie,bloomsberry berlin
46ede907-f532-423d-92b3-3053678be17e,sharpe,bold,river,sharpe,bold
69b29dd8-563e-4afd-a67b-a2df7132114a,td.,bertelsmann,zaid,td.,b.
9923e975-9096-4b34-ad72-ecc06013de80,matei,bastei luebbe,mariana,matei,bl.
85e826b7-ba3e-432f-9924-867abdc63e29,mum.,hachette,mad,mum.,hachette
ef2054cb-54b9-4a1e-8e34-74594cdf5ecf,thiemeyer,knaur,medusa,thiemeyer,k.
11f1d209-7922-4edb-ba70-56893f5ea638,twilfer,schwarzkopf & schwarzkopf,schantall,twilfer,ss.
6bd9e219-babb-48b3-bbbb-6133e44524e4,sul.,bertelsmann,hannah,sul.,b.
d2811ca1-758b-4af9-b219-41af65ca9efe,taleb,dt.,schwan,taleb,dt.
f5d162b5-b8dc-4302-bb13-07d15319c6aa,thoene,francke buchhandlung,zion,thoene,francke buchhandlung
b66e55f2-7025-4548-b8ea-b1adf8e35dba,tropper,buch und medien vertrieb,fast,tropper,rm.
9f877434-c036-49ff-8019-24a9db37c234,voigt,dl.,kaempfen,voigt,dl.
a0732046-afca-4d3f-b3d6-a4922150ad6b,whittle,bastei luebbe,wilheim,whittle,bl.
7f64c398-009b-4c16-85c3-46d52f202624,sandberg,ullstein,option,sandberg,u.
64eaf811-aaa4-4bf5-8b50-f096714eb726,koidl,hoffman und campe,scheisskerle,koidl,hc.
5593b55d-3c1d-474e-9e90-57fc006f7649,bushnell,list,blondinen,bushnell,ls.
e4653d44-4c99-4c3d-a1a5-b1272f4377f5,krs.,hm.,suesser,krs.,hm.
52a633f3-c334-4a83-83cd-876d71d991d7,fullerton,lp.,caledonia,fullerton,lp.
a85906aa-d0f7-4daf-93d8-57c7bf881caa,oh.,ullstein,sorry,oh.,u.
7836e90e-b466-4288-ad25-be1511e3eb3a,wierz,blanvalet,haus,wierz,bv.
05737629-c7c2-40f5-9e5c-db296dd42961,clancy,Unknown,october,cy.,Unknown
3039b28f-8d43-4165-971c-4b4a19fab5d6,sydsaeter,pearson,wirtschaftswissenschaftler,sydsaeter,pearson
af4edbc0-c1e0-4c5e-bf5f-328f048d6fb4,teipel,suhrkamp,verschwende,teipel,s.
da1b1652-9271-414c-a9af-021a93804b7d,tukur,fischer,ursprung,tukur,f.
651d06a0-2309-474d-9895-cf02e8996b90,whitaker,piper,farben,whitaker,p.
fdc0c25d-bd13-4fe2-b84a-ca223048ce51,wildenhain,fischer,haut,wildenhain,f.
1a55faba-0f11-4ed8-a14d-f5adc120586e,ta. rosenberg,heyne,feuerprobe,ta. rosenberg,h.
e228dcab-8ea6-4e73-964a-a4c7d38708cb,brecht,Unknown,kaukasische,br.,Unknown
c308ca7a-ef36-433c-8b17-feea6318329d,white,deutscher buecherbund,voss,wh.,d.
6f6f7c1c-b11d-474d-b41d-8dcfa37adfc9,domnick,schweizer volksbuchgemeinde,traumstrasse,domnick,schweizer volksbuchgemeinde
e37bd1ee-0841-4a2b-8643-a71f7d360af2,peyrefitte,bertelsmann,alexander,peyrefitte,b.
090d1ace-d9a2-463f-a78c-6f9db50a0855,"roeder gnadeberg, v.",loewe,aysche,"roeder gnadeberg, v.",loewe
bbe2a10c-28aa-486a-b970-3aceb13b8f4c,marston,goldmann,kuss,marston,g.
b8b2e91d-ba26-4fad-8043-7cc1c3f1552d,moix,korbel,kleopatra's,moix,korbel
37d40783-c492-466e-8ae1-dccb76f314c4,stone,ds.,pfade,stone,ds.
a5bfde10-fe9c-4ed0-9e7c-fe73fa1f26b0,tell,rororo,kabul,tell,r.
d265a6ae-f91b-4196-a032-84d18fd975fb,hailey,Unknown,wurzeln,hl.,Unknown
7c8a5a41-eaa1-4ac5-ad38-86e2bc579c56,unbekannt,engagement,katholischer,u.,engagement
9fed22ff-fb40-4ce4-952e-68d9863daef3,vandenberg,bechtermuenz,skarabaeus,v.,bm.
35378e88-c26a-415b-bc74-5ef370813ac7,vine,diogenes,salomons,vine,dg.
e3332b46-3920-44f0-817e-2357f684e506,"weizsaecker, v.",gt.,dran,"weizsaecker, v.",gt.
2950df52-52ee-4601-97b7-b0186df6f14a,jaud,sc.,ueberman,ja.,sc.
09d4ff0d-e028-4718-a966-94fcd81263ba,zaimoglu,kiepenheuer & witsch,amok,zaimoglu,kw.
dcab7428-d4cd-4bce-914e-40331a41c7b7,por.,econ,operation,por.,e.
673aba55-0bdf-4af7-ae7b-5c9916eea0c4,norwood,rororo,frauen,norwood,r.
746fbad1-bbd7-4e90-9b84-ef45d0f4dd91,binder,dumont,suedamerika,binder,du.
7d523971-0a95-46d9-9880-16dff0a70039,vandenberg,bertelsmann,pharao,v.,b.
f6cbf9f4-7683-4a84-bfe8-84ea918b0230,baker,hanisch hamilton,troy,baker,hanisch hamilton
a76338a9-f9b3-40fa-bd8e-f6aadd4515eb,stine,ct.,kuss,stine,ct.
41539021-c9bf-4df0-9550-2b45e1608a2d,unbekannt,adac,asien,u.,adac
9778c285-6ded-4fd3-be75-d8f6f002a268,uli,econ,hoellenritt,uli,e.
81a6d912-21d8-4615-9726-6d8175f193ee,west,droemer knaur,welt,w.,dk.
c37eac95-e02a-42cc-892b-07ee5585f5df,suender,blanvalet,ja,suender,bv.
f839d572-fca0-4412-beeb-a1425d35b1c2,tyler,list,krieg,tyler,ls.
6099de7a-9c9a-4a83-a3e2-98558baa1690,vandiemen,em.,dinge,vandiemen,em.
ec82b8bb-211f-4dd6-a425-074e21f4bc8a,waffender,rororo,san,waffender,r.
d0a6494e-74eb-4049-867e-7ce56145371f,weinstock,mvg,ungenuegend,weinstock,mvg
e4873c43-e947-4a32-ad73-40392cf8a9bf,steiner,lingen,lernen,stn.,l.
f35a232f-b3b7-4e13-9fdf-a5fb14587cb2,verne,bertelsmann,kurier,ve.,b.
58d5b9da-8dce-4725-ac74-8de096a5674c,vinnai,fischer,klassengesellschaft,vinnai,f.
ef3df970-562e-4777-9017-b6cd39035137,wahl,carl hanser,flammender,wahl,ha.
dfc3ed43-5b40-4410-ad96-2c15498fd3a0,weiss,py.,jordanien,weiss,py.
18e765c6-2a54-44a4-aa8a-8119cca46e1e,wiener,heyne,bagdad,wiener,h.
e8e653a6-c956-49bf-bdc1-2b4efa7f1af2,villaret,bertelsmann,braskowka,villaret,b.
a91c8b50-6e10-47cb-9c8d-fcce1b73ced4,weidenfeld,bi.,besser,weidenfeld,bi.
d0874972-92f1-4af7-b6cd-535a8ad2e6d0,weaver,knaur,moerders,weaver,k.
d09a230d-6cdc-4a06-8c5d-03d0120e08e5,wentworth,B+S Reihenwerke,elfenbeindolch,wentworth,B+S Reihenwerke
b7cea9b7-31de-4b14-bc75-7f3567ea6281,suyin,deutscher buecherbund,berge,sy.,d.
aace698c-303a-4a1d-9fe8-3a3e7034f50c,vidal,goldmann,golgatha,vidal,g.
62501e63-db73-4cb0-a577-7ce7fbf8de08,walsh,schneekluth,casablanca,walsh,sk.
e0ce478f-f772-4236-bbe8-daca0a029398,warden,bertelsmann,steiner 2,warden,b.
b4d1b4f8-5fbf-40df-b062-ef9481b9321f,wiedemann,karrasch,psychologie,wiedemann,karrasch
8a104a77-c31f-4bef-ae37-579ae879b077,stout,piper,fluch,stout,p.
b8e67999-53aa-4e4a-8e34-64f899b92544,thorn,rororo,frevlerhand,thorn,r.
268fb8d9-b787-4125-aeb1-e1a5f6d42afe,torday,cj.,wildnis,torday,cj.
6f1dba3b-9158-4403-8dd2-2f8960a8feb4,Tschun tsiu,an.,fruehling,Tschun tsiu,an.
4b4e8010-bc45-4e93-b049-8362835c005a,werner,hestia,nie,werner,hs.
cfc055de-f8c1-4bf9-b598-adddd09948d0,wessels,weleda,massage,wessels,weleda
6e79056b-4693-4ab9-8065-19c1b318e4fe,steinbach,lexikographisches institut,gefaehrdete,steinbach,lexikographisches institut
95397743-2224-4153-a080-28bce38f854c,suyin,goldmann,herrlichkeit,sy.,g.
67d2fbad-782c-4c32-aaa0-aee689aa2c82,tine,bastei luebbe,cop,tine,bl.
96c1d399-0ac0-4ec9-b990-a1445b77b6ac,tur.,bb.,novembermoerder,tur.,bb.
719720ff-2bec-452e-9d2f-0f2de0e57461,welsh,ww norton u. company,trainspotting,welsh,ww norton u. company
45f2fd42-65f6-46c0-bc6e-c3c3f926d786,wenter,stuttgarter hausbuecherei,laikan,wenter,stuttgarter hausbuecherei
09b1a738-61d8-43d2-ab54-9890f8be094e,stv.,dt.,quintus,stv.,dt.
8c36d447-68b4-4086-9f57-21a47893a428,temudschin,haug medien,tschingis,temudschin,haug medien
25828894-80f7-4faa-bb9a-125f414ab6fb,voss,rh,split,voss,rh
7552b494-382b-4b1c-b460-1ea04667d063,weil,beck,weg,weil,be.
1236b995-bccb-4f5c-84ba-331c0ab4b1b4,strunz,dtv,young,strunz,dtv
f11b229e-f7dc-4e45-8f70-f7f1ecaa938f,tolkien,buch und medien vertrieb,ringe,tl.,rm.
a9dd625d-0f77-4c94-9819-c193dbc678a0,vandenberg,blanvalet,evangelium,v.,bv.
4a96a4ec-396e-4247-8bfd-5d4c7ec3d575,voland,beck,natur,voland,be.
0919385c-621f-459f-a807-1508bab75885,weisberger,gom manhattan,tiffany,wb.,gom manhattan
99c668d2-6de7-4cb3-8fd7-86cd63043155,wiggen,sueddeutsche zeitung,dunkle,wiggen,sz.
4ebf4039-d0ce-48b7-a581-ab50c34be1d4,wilhelm,rosenheimer,brandner,wilhelm,rs.
27263d9d-2d02-4c9a-9999-1f78698c1db9,sueskindtorm,ullstein,tun,su.,u.
781f737c-5264-4102-b954-06497a705fde,wedel,heyne,gier,wedel,h.
d4166495-27ba-411e-b33d-4b8a2aaae7a0,weigand,heyne,friesenhexe,weigand,h.
51eb507d-3558-4841-a42e-231e84b1d31e,wiesemann,brockhaus,mission,wiesemann,brockhaus
0ba7edef-816d-4c12-9b4d-6253af022b70,yan,uo.,schnapsstadt,ya.,uo.
7fbacc6c-61f1-4de1-8a19-29e1dd07ba38,goorich,btb,jahr,goorich,btb
2cda0e17-c260-46c5-adea-dabccb203ba6,lipps,dumont,azoren,lipps,dumont
09f85d05-7d10-4212-9cdd-9f3624008193,sielmann,knaur,knaurs,sielmann,k.
4329e5bb-efcc-4d0a-80c2-4f0299dd7efc,elffers,dumont,tangram,elffers,dumont
b3efb402-50e0-410f-bd7d-3a88059cdda1,konsalik,bastei luebbe,traeumer,k.,bl.
1e2eda21-d2ea-4d42-b1f1-8b2d08cc3832,barbault,knaur,sterne,barbault,k.
4ff4889d-df0a-48ca-a9ee-643e7a1069f7,wk.,rowohlt,lila,wk.,rw.
ce93e87d-2999-4df1-9805-535c71a8a41c,unbekannt,isis,faszination,u.,isis
80a40344-b1e9-4924-8e42-2b176403dddf,zg.,oesch,totale,zg.,oesch
2770ad82-fc06-4ae7-808e-6aaca1c5c00d,cameron,RM,verbotenes,cameron,RM
8c3d3a10-0a04-4926-b086-a49d18b7f5fe,geissler,ullstein,luther,geissler,u.
8ecb5b34-4e80-4583-bb34-69dcc1fd4416,mackinnon,time life,borneo,mackinnon,time life
9c24bfec-c35a-49f5-b7b1-2d814d54c2ba,schoeller,berg u. feierabend,afrika,schoeller,berg u. feierabend
c5d21222-8deb-420d-89ab-89207820f2fe,zusak,cj.,buecherdiebin,zusak,cj.
634535d1-7232-490b-bc4e-cae26cc7ce9d,dunn,dtv,java,dunn,dtv
cd5ad96d-39d2-4345-a4ad-3059164b2196,unbekannt,smart travelling,perfekte,u.,smart travelling
4e945241-e9c1-40e1-8faf-1f24218d1540,akunin,goldmann,bibliothek,akunin,g.
38adbfdd-242d-4dc8-bd85-9fe124417048,zimmer-bradley,knaur,stuerme,z.,k.
6846e87f-f8cc-450f-b53a-ece80eb2f4fd,satyananda,rororo,entspannt,satyananda,r.
03837273-48f4-46e0-be81-c39d711eeac5,eilert,rink,otto,eilert,rink
bfd9391d-6eba-4537-b33e-617c38bdf454,munif,heyne,salzstaedte,munif,h.
15c3abb6-ecc1-44c8-9c2b-3e148fa70f36,wood,fischer,prophetin,wo.,f.
7ca95ecc-4a3f-49bc-895e-8a92873ef2c8,jaud,Unknown,world,jd.,Unknown
5c781e5a-78b6-4d1e-b38c-84d03fe0efe8,zg.,rl.,verkaufserfolg,zg.,rl.
8819df2d-513d-4b93-8294-c98e4f794798,gricksch,knaur,feiglinge,gricksch,k.
5211d38e-5427-4d7e-a9ab-931d5960338e,hawthorne,goldmann,scharlachrote,hawthorne,g.
227823a8-e8cd-4601-9766-49809a020192,kolb,rockbuch,indie,kolb,rockbuch
d75e9f0d-bbbd-457b-9fd5-04c429e3a2e6,harrison,summersdale,amazon,harrison,summersdale
fc582634-e709-4c3e-ada2-5747910791e6,hermann,bertelsmann,andi,hermann,b.
57720d8d-c0fb-4224-bf48-3c5e613b0413,kordon,cecilie dressler,weg,kordon,cecilie dressler
e0797c36-caa3-4de4-8a7d-7bdf4bddb25c,ullenboom,galileo press,java,ullenboom,galileo press
890d398c-20f3-4d0e-b542-22287b202ce0,rhue,ravensburger,bootcamp,rhue,ravensburger
a22226e1-30d3-4de9-adb8-bdeb9a1b217d,gear u. gear,heyne,zeichen,gear u. gear,h.
2301e32f-f9ad-49f1-b693-4056d420c79d,follett,signet,edge,f.,signet
d8c85b13-2f77-4560-a108-8dcc8e07e04e,wollenhaupt,ullstein,urlaubsparadies,wollenhaupt,u.
1a6530ba-c89b-46c2-9e6f-b284df211f08,Adrian,diederichs,schule,Adrian,diederichs
b5d6cb7f-30f6-49e0-b216-74eec925af3c,timm,dtv,currywurst,timm,dtv
48ed5082-624c-4a59-8031-a1ba852c42cd,landorff,fischer,regler,landorff,f.
1f853b14-01dc-4480-b178-0767764b5b3b,holt,piper,letzte,holt,p.
d4a70cab-15a1-4e67-b495-fd8a2373a441,kurbjuweit,rororo,kriegsbraut,kurbjuweit,r.
76f3df38-40f0-4c6b-b3b7-5740304311b7,schwarzer,karl f. haug,nutron,schwarzer,karl f. haug
1f8b5d3e-7e37-4842-b358-bfe2d3af092b,morrison,time life,anden,morrison,time life
e46b2120-59c0-41c9-813d-a0c2d6b641e6,ferolli,deutscher buecherbund,schiff,ferolli,d.
3015537c-cfb9-4ae6-8984-eb9341baee5f,sidebottom,luebbe,krieger,sidebottom,luebbe
9b241ffc-685f-4abb-aa51-50cb426d77d6,haefs,heyne,alexander,haefs,h.
041e50f3-3c19-4578-9375-a317b38a073d,wk.,rowohlt,lila,wk.,rw.
d0f6572a-2eb3-4088-8830-453fc1fdc936,keller,bastei luebbe,frauen,keller,bl.
b8c07a0d-fc2c-45e9-b944-39d4ca781bdb,konsalik,goldmann,kreuz,k.,g.
fb287090-c050-4ec1-bfb7-4955d3dce3be,wood,kg.,harmonie,wo.,kg.
cca12ffc-bf16-4144-860a-8de5e9373a4d,wolff,fischer,pferdemondes,wolff,f.
d62d12eb-26b9-4528-918d-aae03039a3f7,xinran,knaur,himmelsbegraebnis,xinran,k.
a94a655b-ff5c-4a25-bc9e-39403a253546,lindemann,hase&koehler,amerika,lindemann,hase&koehler
8c5b7bf5-6175-400d-b762-3d5dc42f1608,hall,fischer,gefangen,hall,f.
7d514f43-aa9a-4c5e-869c-d12b87ca3327,schultz,h.fullmann,places,schultz,h.fullmann
5c8e7bb2-0eb6-41f6-bd11-2dc778c04882,lassahn,bertelsmann,tropen,lassahn,b.
675e2257-7b08-4c3d-9c01-1ad444c49fae,laudan,rororo,blaue,laudan,r.
4d646201-773e-45eb-b587-a0a3dfe89c57,"kamphoevener, v.",rororo,nachtfeuern,"kamphoevener, v.",r.
72b6a597-40d4-4227-bbd4-757ca8f994c2,peters,schneekluth,u.,peters,schneekluth
f7d0ff21-34a5-4901-8d5e-6b0cafb9d5f2,trowell,heyne,afrika,trowell,h.
f97e12b1-7036-443d-b0df-4d4717075dd2,unbekannt,michelin,turkey,u.,michelin
2d3ad23e-2d74-473f-b013-4414093561c0,roehrig,bastei luebbe,lamm,roehrig,bl.
bd185471-8516-4fa6-98fb-89f831c9f9a0,zi.,arena,gefangen,zi.,ar.
b9c9d3ff-4370-4a5b-a5a8-841c10cbc560,hildebrandt,heyne,achtzig,hildebrandt,h.
11bf5c1c-b3a3-4b8f-ba0f-8c23d701927b,michaelis,gustav luebbe,habe,michaelis,gustav luebbe
99794621-a8eb-41ad-8556-d912f77e9b3a,buedeler,sigloch edition,raumfahrt,buedeler,sigloch edition
12faad6e-fb19-4355-a8d0-6dcf9decefb0,edwardson,Unknown,schattenfrau,edwardson,Unknown
802cdedd-0282-489d-a0a8-4467be771f7e,sonnleitner,kosmos,hoehlenkinder,sonnleitner,kosmos
a4553d65-843d-4efc-bf4e-1991dc516648,weigand,kg.,fuerstin,wn.,kg.
60f0c130-adcf-49a3-994b-ef238264636f,wood,fischer,schriftrollen,wo.,f.
29627d68-c9e7-4038-a857-85316a9b7466,fuentes,ch beck,fidel,fuentes,ch beck
55a62b82-fd69-4fa5-b4ac-22aea0e605ae,held,sauerlaender,zora,held,sauerlaender
75a6286e-579e-4575-8291-bbe89c506d9e,buscaglia,scherz,einander,buscaglia,scherz
44056dcb-4a26-44f1-8d45-f3afa991f307,carell,ullstein,verbrannte,carell,u.
39c3ef70-592e-463a-8465-5408f3fd7dda,scholochow,bertelsmann,stille,scholochow,b.
423562fa-5643-4735-a624-3f69e9de7651,"ki., alison",heyne,raetsel,"ki., alison",h.
1bee8cfa-7964-45fa-b1e4-586ef3e3b9c4,molcho,goldmann,partnerschaft,molcho,g.
84822c02-9b22-4d2f-8f2a-4d4a8698963f,steel,bertelsmann,jenseits,s.,b.
a20034da-dde1-44a7-b0b9-71b4da0e9352,scherer,gabal,jenseits,scherer,gabal
3deaeeb5-127d-4496-81e7-93d9e9bee699,may,neuer jugendschriften,geheimauftrag,may,neuer jugendschriften
a43417ee-a16e-4c8e-88fa-307671c469f0,schweikert,weltbild,kreidekreuz,schweikert,w.
22f87229-b0f9-47a4-8c15-cb62303a33fe,schreiber,ueberreuter,marco,schreiber,ueberreuter
5d4e0729-babf-4036-96dd-2a468ebec684,eisenhardt,goldstadt,steiermark,eisenhardt,goldstadt
70d4d661-94e2-4f5e-9ec9-9dbd046be761,konsalik,carl habel,spiel,k.,carl habel
bbdfb08a-f783-4644-a566-c2e921c318cb,garcia marquez,kiepenheuer & witsch,laubsturm,garcia marquez,kw.
8b2cf05a-2f5c-4810-b8ea-936c3cce8701,kuegler,droemer,ruf,kuegler,droemer
01124b0a-b0ff-4f0d-9dba-6a5363d1fcf4,mohl,bertelsmann,banne,mohl,b.
e123c3a3-741c-4196-bea6-1acc4046bda2,kaiser,omnibus,lukios,kaiser,omnibus
cfe74294-d0c4-4831-bcaa-92390efacf9a,borysenko,koesel,buch,borysenko,koesel
5ee55a81-f3fe-4eff-b66b-f3ede0f505f4,garcia marquez,dtv,bericht,garcia marquez,dtv
05825d2d-3734-407e-b913-76eafe8ceba9,unbekannt,pan,u.,u.,pan
f2b3d95e-bbb7-4e10-9921-56569400cfb4,chung,penguin,il,chung,penguin
38034e4c-2d0c-4105-984f-589501c6715d,bruel,RM,gesang,bruel,RM
845f33db-0674-4c41-81d4-3cc1aee4038f,kalteis,suhrkamp,shootout,kalteis,s.
0311e88c-5748-4b9b-9a63-5679a47c7161,keady,blanvalet,gottesdiener,keady,bv.
9f8606f0-a6c1-4b45-ac7c-43276de5f957,strunk,rororo,fleisch,strunk,r.
1f9f3da9-1a75-4f46-9086-fcaae8deb907,wigge,kiepenheuer & witsch,geld,wigge,kw.
e6e80bd6-cc35-4258-a5da-f7d65f9a45b1,hopkins,knaur,lanze,hopkins,k.
0052b25f-74f2-4ea4-8024-f3bf4b2b3498,paungger,bertelsmann,richtigen,paungger,b.
823bd79f-0af3-41cb-bfcb-05b5e9d991a3,griesemer,mare,rausch,griesemer,mare
673cf7b1-7cb8-4cbb-9e1a-0f38a9f74427,wuendrich,rororo,hochglanz,wuendrich,r.
585edb43-06ff-4604-8532-618f997cf7ed,xinxin,dtv,pekingmenschen,xinxin,dtv
d233f4ce-89b4-48f1-a0e2-6eca37fe06cf,smith,kiepenheuer & witsch,zaehne,smith,kw.
6dbbe7bf-36b6-4c11-85ab-093bb7dea96f,brink,kiepenheuer & witsch,nilpferdpeitsche,brink,kw.
b2ded42b-85f9-40da-b7a8-deb28840031d,kreissl,bruckmann,aegypten,kreissl,bruckmann
5f237ff8-ae6c-4cae-915b-a5006c2a17a2,junger,heyne,sturm,junger,h.
7cf621d7-c8c2-40ab-b6f0-144fde52cceb,jones,schoeffling,kleine,jones,schoeffling
487d8086-a579-4306-9abe-726c462bc315,cardinal,rororo,schattenmund,cardinal,r.
74cccc9f-eea1-426c-b2fa-b217cc623214,see,droemer knaur,goldenen,see,droemer knaur
bbf44f4d-adcf-47bf-9b62-63188e98ac39,weigand,weltbild,seele,weigand,w.
87f5e237-46d4-4196-b074-f6b70bd984a4,gerwald,bastei luebbe,ketzer,gerwald,bl.
51c0e61a-c34f-4bf6-8515-c3fb3326c8a3,steiner,panico,allein,steiner,panico
406a6740-532e-4eb9-9078-dc6a691fe5ea,simons,mayamedia,gesund,simons,mayamedia
8769dddf-0fb8-4bb1-981e-d3b083f7248f,wickert,bertelsmann,gott,wickert,b.
a2982716-722f-450f-a07e-42bf57174d8b,rehn,knaur,bernsteinerbe,rehn,k.
1f3ef60d-6169-4bf4-9451-93d1c9459aac,schnoy,rororo,smoerrebroed,schnoy,r.
e34bcc95-3cf1-4fd7-9677-75c4e2c52e78,urban,frankfurter allgemeine,david,urban,frankfurter allgemeine
6644d807-1a6a-41cf-8408-00a6e93f326e,stevenson,list,moerderischen,stevenson,list
06c81aa6-338e-4db5-b1af-9d1e54298bfe,hoover,bastei luebbe,mogul,hoover,bl.
4fa1c28c-dcdd-4666-861f-6f1adc655b42,williams,klett-cotta,otherland,williams,klett-cotta
7c8ba42f-18ef-4c6e-86e0-62dcaac6ada1,alesia perry,ullstein,stigmata,alesia perry,u.
8abf1f3e-aa6a-461d-a977-0adc36330f54,rammstedt,rororo,abenteuer,rammstedt,r.
992d550c-8c84-4371-bdd8-7400819449f6,thiemann,bastei luebbe,stell,thiemann,bl.
75c1fc0f-3536-4b34-b3eb-fdd709279422,archer,pan,shall,a.,pan
96ec24c1-73b9-4f9b-a02a-11c1433b6f02,hamann,piper,elisabeth,hamann,p.
cd814eb4-4f25-4dc2-9345-9473c4fadb7f,skuballa,vsa,usa,skuballa,vsa
62c0fc93-b8d8-4ee2-8766-bd5f5c5205cc,graebner,bertelsmann,natur,graebner,b.
efc5922f-4267-440e-9820-e650c13b6b23,"pronay, von",pabel-moewig,mars,"pronay, von",pabel-moewig
9b1624b2-9bf9-4556-b432-92a6f1e5b336,gitt,clv,questions,gitt,clv
c6dd3baa-9bd4-43db-89e2-c9001bda9d16,konsalik,bertelsmann,taiga,k.,b.
bb62961c-d3d2-415c-89ee-99bfa9de7ac9,schwarzer,haug,nutron,schwarzer,haug
0d96e262-47e1-4b08-8637-143f73744904,flynn,heyne,gegenschlag,flynn,h.
f318afe0-3aaf-4234-9360-0fad13572b67,suender,blanvalet,ja,suender,bv.
7708a97e-ecbf-40a0-bcbe-8c74705a02c0,spender,knaur,zypressen,spender,k.
dac69666-b219-45e0-b0f6-68747ede6d2a,wlodarek,mosaik,richtigen,wlodarek,mosaik
17ab6f18-dab6-48a4-ad7f-a46e242c4aad,dibdin,Unknown,toedliche,di.,Unknown
95012810-334c-47a8-88c8-38e36379ae09,malpass,rororo,morgens,malpass,r.
766c88f7-a051-451e-bd3b-f18b5274801e,"maurier, du",scherz,gondeln,"maurier, du",scherz
cae83979-0efe-4086-8b25-d29a2fad23cf,beitz,falken,assessment,beitz,falken
5a581f23-a0a8-4f81-aa3d-1e234d1b94fe,groessler,concord,gentechnik,groessler,concord
7035d28f-8bb9-4661-96af-df44719fa5e4,vissers,knaur,1000,vissers,k.
f473c9be-8c02-4504-9a21-550560582e32,morton,diana,verborgene,morton,diana
0b9dc91b-4e9c-40eb-a83a-ed30a2cdc042,king,heyne,sunset,ki.,h.
af1e0f42-13a2-43cf-a414-afdf7b393024,stammel,rororo,gebrandmarkt,stammel,r.
87ec4842-6475-483b-a07b-94874bdca664,"mari,de",cbt,letzte,"mari,de",cbt
704af192-4716-40af-84e1-a19ab076cb69,ziegler,beltz u gelberg,ueberall,ziegler,beltz u gelberg
7d9ab3eb-5d2d-4a9f-9720-f3667df0411e,harrison,das bergland buch,namasteh,harrison,das bergland buch
aba63af1-2a5c-4eb7-bed8-de9257563a82,knecht,dtv,vollstaendige,knecht,dtv
f0f0421a-b0c3-4089-8b9d-ca528926e787,beckmann,rororo,papalapapp,beckmann,r.
1f1898fa-cb44-4fdf-85bb-6eee9416b396,mannel,fischer,tochter,mannel,f.
2e4e3666-3304-4199-b263-a870c356c8a6,schmidt,knaur,markt,schmidt,k.
c843778f-df00-43a0-afba-5d9f939bf910,marai,piper,glut,marai,piper
ab0ff257-88a1-46e7-9459-5359572cd864,cheng,Unknown,gallische,ce.,Unknown
28ee85d4-4901-47f0-ad4f-df14cbe9caac,savage,deutscher buecherbund,tal,savage,deutscher buecherbund
9967db32-dcb3-4559-8fcf-35b9d5280c3e,grisham,hodder,racketeer,g.,hodder
d19fe994-a755-4862-b179-3ffa8cfb2cfd,tomiak,knaur,drachenwind,tomiak,k.
4048b58d-ad45-4f83-b83b-9ff360837c5c,stuart-fox,tamarind press,murderous,stuart-fox,tamarind press
1cadbad2-36a3-4bed-86e1-41bdad66c0f8,igraham-parsons,regenbogen,new,igraham-parsons,regenbogen
b50092f5-60fb-4d1a-973b-5baeb66fb38d,dick,stefan loose,kalifornien,dick,stefan loose
6345ce08-8915-4924-b2d5-5a9a152e3034,betz,heyne,normal,betz,h.
92ba9e78-6505-4bbb-9882-f6d99bdba2d4,hohlbein,ueberreuter,katzenwinter,ho.,ueberreuter
beff2447-97b4-4b07-871a-f43001e56e05,feldman,btb,unorthodox,feldman,btb
6835b9dd-a519-48da-94d2-0326630a9106,chaiton,Unknown,hurricane,chaiton,Unknown
d64a1785-1bb2-4c1e-b0bc-c666fbffff12,wittmann,bastei luebbe,aerztekind,wittmann,bl.
09365f64-a92a-40ad-b2b5-03e0cfef9695,neuhaus,ullstein,wind,neuhaus,u.
95c15880-3347-49db-947a-a8a85608f8aa,michener,heyne,colorado,michener,h.
08df3b11-57bd-48bf-8afe-f6db1741c4a8,grisham,penguin,appeal,g.,penguin
6f487cc1-9e6d-44af-addb-62e097c18988,walker,fischer,amazone,walker,f.
8dd3317f-423b-4721-9db9-78aa73fdba44,flagg,bastei luebbe,gruene,flagg,bl.
c6395b31-3fec-4f2f-bb0d-acf75012433d,wickert,heyne,china,wickert,h.
b9387b9a-5ee6-4f30-9af0-23e7ecc8e1b5,tyler,econ,reisen,tyler,econ
3e3e47b0-f333-4a25-bdeb-2fff64fae553,rammstedt,rororo,kaiser,rammstedt,r.
7c4156f4-7789-468b-9682-3325d29719c9,baar,fischer,erotische,baar,f.
e6f20a60-c596-4bbe-a5eb-bf27b8a30a3b,lanier,hoffmann u campe,gehoert,lanier,hoffmann u campe
160a3052-00a4-4fa8-888e-6c433e3a89dd,berr,galgenberg,orpheus,berr,galgenberg
8b6b78e4-fd9d-43f1-9a4e-662d23cc66a7,bauer,lingen,seifensiederin,bauer,lingen
03dc0fcd-32ba-4753-a35f-5f68023c86d7,rausch,pattloch,verborgene,rausch,pattloch
9a18b3ce-3d01-4cca-bf4f-575c09f5dd5d,travers,sz,mary,travers,sz
4f13575f-aca4-4e24-9f87-838f8fc3975a,gumin,piper,ueber,gumin,piper
61f51ece-9463-47a7-afdb-132fdf33409c,judson,ravensburger,waeldern,judson,ravensburger
78fa813c-bba3-43dd-8f4c-0c72bf6e3f47,daub,ensslin & laiblin,backstage,daub,ensslin & laiblin
2ffd114b-8d99-462f-9d1b-9c767a112a53,koester-loesche,list,hakima,koester-loesche,list
546c0022-6b38-43bc-8768-826aa94db574,schaefer,ullstein,25,schaefer,u.
8fc9239d-c825-49ea-bf4b-b6036aa85978,christie,Unknown,pruegelknabe,ci.,Unknown
494b509e-e5ee-4b28-a272-26357782a664,diehl,arche,uhr,diehl,arche
20e25e0a-17a8-484c-bbef-13a2a7155208,wouk,fontana collins,winds,wouk,fontana collins
6f0d4be6-9e5f-47cf-9717-848a2737ff15,wr.,Unknown,geliebten,wr.,Unknown
9240ded7-dcc4-4ec3-9d46-05e5d1231298,knaurs,Unknown,leseleckerbissen,knaurs,Unknown
1a7170d0-5811-4e26-aa6c-a5cd1baa752b,ludwig,Unknown,moderne,ludwig,Unknown
4a6c3b3b-01e6-4f61-a502-a6ead03e6d12,pogacnik,Unknown,brasilien,pogacnik,Unknown
2579339e-b93c-4192-971d-a0af468a90ad,crichton,Unknown,enthuellung,c.,Unknown
231bb68c-b479-448a-a59d-bd369a293371,follett,Unknown,modigliani,f.,Unknown
81588363-a235-4ec0-bb76-9d237e020d1f,conrad,Unknown,baskervilles,cod.,Unknown
be8192fa-ec23-4546-9fdc-1ff97de7f795,"ammers-kueller, van",Unknown,goldtöchter,"ammers-kueller, van",Unknown
e8c18c35-e8be-497c-9c02-1280b0cc3c0d,arnau,Unknown,menschen,arnau,Unknown
d7aa7ba4-72ce-451c-a8d0-fc3155ef637a,archer,Unknown,commandment,a.,Unknown
328e301f-9b90-434e-afc7-e3a40fd793c9,mueller thurau,Unknown,bewerbung,mueller thurau,Unknown
c2b9ef66-64b0-4e56-8826-0fa46544ff72,bergmann,Unknown,sexualitaet,bergmann,Unknown
83df0d41-79b5-41a6-80a0-874fd52e2721,blyton,Unknown,zigeunermaedchen,bl.,Unknown
90ccbd88-8f79-4d02-b41f-b12caca84f39,belfort,Unknown,wall-street,belfort,Unknown
02ce7c40-ab76-4109-ae0c-326abab51d47,crichton,Unknown,timeline,c.,Unknown
78b8a02a-c89c-494c-8706-5eef1219cb1b,coeppel,Unknown,carcassone,coeppel,Unknown
f86f4f65-9a07-485c-825a-f6fb01f03a91,cooper,Unknown,lederstrumpf,cop.,Unknown
b454b1c9-5245-450e-bb18-3f13b8f201a5,eco,Unknown,foucaultsche,ec.,Unknown
6a2ed93b-f94e-4b28-b7be-b5765c116895,cussler,Unknown,white,cu.,Unknown
9da6dc74-fe41-4d96-87f6-fb1c4301d807,dieckmann,Unknown,magistra,dieckmann,Unknown
b3f3225a-46b3-4b3f-9416-cdb862de7d94,collins,Unknown,ghandi,collins,Unknown
a8a10436-2a91-42b8-a455-549c59f9c475,dunant,Unknown,letzte,dunant,Unknown
7da5998a-f063-4064-9f88-6179c4f471a7,cleland,Unknown,fanny-hill,cleland,Unknown
c3fe0c43-4052-4b79-8671-92f4d3aed4a7,diesch,Unknown,persien,diesch,Unknown
d0f20701-40fc-49aa-a351-53a9d885b8ec,christie,Unknown,anklage,ci.,Unknown
d4b88dad-d3ac-4273-a002-9d186b5bde8c,follett,Unknown,pfeiler,f.,Unknown
7ddbe161-010b-409a-8937-88a804d1e24c,galbraith,Unknown,anatomie,galbraith,Unknown
985e08db-fb7e-4684-b264-d19ff9160d32,gordon,Unknown,erben,gn.,Unknown
1bc95877-85df-4ea5-bec6-d35acf17c06a,felschernivow,Unknown,kinder,fw.,Unknown
8e1cbabb-7363-4f9d-8442-8c6b0134a97b,fleming,Unknown,angesicht,fl.,Unknown
4124a09c-2758-484f-b5f2-40028ff814e5,fest,Unknown,untergang,fest,Unknown
64ecb69c-a04f-476e-8cde-525403cb61db,grisham,Unknown,time,g.,Unknown
c9077297-d19e-497d-b2ce-d90dc9b456f4,gardner,Unknown,paeckchen,gd.,Unknown
c2f8287b-d942-4b7f-a329-be02dd9b8a8a,fleming,Unknown,moonraker,fl.,Unknown
649ad25d-3140-4cb9-b1b5-58b09c3df671,fontane,Unknown,briest,fontane,Unknown
87b8c78f-e315-4b90-8a4e-4a7cfd0c52cf,frederikson,Unknown,brandstifter,frs.,Unknown
011f0fbc-db94-4caa-b41f-d7024850e6ca,goldsmith,Unknown,rachegoettinnen,gm.,Unknown
88d1ae31-8e52-449c-ad64-f8043e21f2b9,fast,Unknown,einwanderer,fs.,Unknown
ce1663b7-9cb8-4680-bc25-b8e6f2b996e3,frederikson,Unknown,stiller,frs.,Unknown
f9350c1e-3bc2-4c06-bcd2-4bf26481eca5,grisham,Unknown,firm,g.,Unknown
a90bb1fc-54f7-4c70-98aa-240685677ae3,gable,Unknown,koenige,ga.,Unknown
9550f01c-83bc-4f47-a709-639650dfea4d,gilman,Unknown,legenden,gilman,Unknown
2165be11-8295-4701-b2a0-2b98ebf610cf,follett,Unknown,nadel,f.,Unknown
5ab0f7ff-d84c-42e3-9df5-494a6bbdf235,frankopan,Unknown,silk,frankopan,Unknown
800d7370-79ee-43da-bfc4-13930f8b0ae7,gordon,Unknown,choices,gn.,Unknown
6d4a3260-5717-4599-9ea8-95572f74742e,fleming,Unknown,casino,fl.,Unknown
f3e02bcf-7249-443b-a3bc-d02aa443bcb0,gill,Unknown,tod,gill,Unknown
9e0039af-2293-424e-b043-211e364eb75d,horne,Unknown,sollte,horne,Unknown
67a0723f-b157-4241-8e30-f807b68c33d6,gannett,Unknown,rosenbeet,gannett,Unknown
d424f745-4aaf-4d5d-b4e7-0de81048e1d7,godman,Unknown,inquisition,godman,Unknown
6dd306a9-1eee-4baa-91b3-b056ed7cd154,grass,Unknown,blechtrommel,grass,Unknown
2c170b87-8880-4f97-a69c-d4e6c29461dc,hermanns,Unknown,garden,hermanns,Unknown
ba0e8a01-3519-4191-adab-11607d9c9eb4,grimmelshausen,Unknown,landstreicherin,grimmelshausen,Unknown
a156b1e3-e7f0-4bc9-ac31-ac0c52aec8c0,hofmann,Unknown,wiedersehen,hm.,Unknown
bf3186bf-b4b7-4fd8-9ad8-14900f8145cd,hill,Unknown,denke,hill,Unknown
5238992f-a144-462c-b60b-36bac42dc1bf,hoerhan,Unknown,investment,hoerhan,Unknown
032831e7-a91a-497c-9c50-ecaf1eba2de6,guillou,Unknown,sohn,guillou,Unknown
93b7bad1-74b7-4e83-87f5-db27f732f48b,konsalik,Unknown,weiße,k.,Unknown
65f92f41-617a-498e-b844-d8d397ddadb5,hirsh,Unknown,kabul,hirsh,Unknown
4a241c28-c883-4d13-8935-adb985faff08,hohlbein,Unknown,anubis,ho.,Unknown
aae0a7b8-de69-4e4e-a1b2-15fe5caebc50,hannah,Unknown,schattenmesser,hannah,Unknown
674895c8-a60b-48ee-b2f5-cfa63cda8ef2,hamilton,Unknown,banner,hamilton,Unknown
d10f42ae-d617-49be-8d9e-7920d90d454d,hohlbein,Unknown,templerin,ho.,Unknown
e6da3159-1139-4385-8b5e-6ee396e11578,goethe von,Unknown,werther,goethe von,Unknown
3dae3e83-4ec4-4a6b-ab53-535c762319bb,kinkel,Unknown,puppenspieler,kk.,Unknown
0c902a8d-b97e-4aae-80e0-c8ea7c2f9d0d,hoang,Unknown,dschingis,hoang,Unknown
132fac35-a31b-4c74-a200-18d2ed944b04,golden,Unknown,geisha,golden,Unknown
ac07cc1d-10e2-48f3-a60c-11115933eb40,gram,Unknown,gladiator,gram,Unknown
367320be-74cf-4be5-85e0-c955acfc022f,hermann,Unknown,arabisches,hermann,Unknown
4f773327-40ea-4c30-bb22-1a4085eb3d90,hoeller,Unknown,erfolg,hoeller,Unknown
2c423c79-fdfc-429e-b146-9da31174adb5,kaestner,Unknown,klassenzimmer,ka.,Unknown
678f2493-b93f-4511-96e7-f35fb309cdc5,huxley,Unknown,world,huxley,Unknown
6effc240-fd34-4dd9-b9cd-8be4bac1899a,konsalik,Unknown,verlorenen,k.,Unknown
be4450e4-d21f-48c4-b471-a9014638f450,james,Unknown,europaeer,jm.,Unknown
0f7ffa96-6c77-4e16-9f68-253d420f0839,ibottson,Unknown,sommerglanz,ibottson,Unknown
42459327-d378-44e8-8bb1-d01eed56d272,konsalik,Unknown,weiberschiff,k.,Unknown
e443eee0-7db1-408c-bbb6-042be39a1d75,irving,Unknown,cider,i.,Unknown
54a45fa4-da07-4a6d-b826-5535878b3f57,jardin,Unknown,zebra,jardin,Unknown
8bc67da8-20a5-4c32-9b5b-e2525015abe4,hosseini,Unknown,drachenlaeufer,hosseini,Unknown
80d53a08-d776-4299-937a-b266c73b9f28,johnston,Unknown,calpurnia,jt.,Unknown
6ad3e1d9-f5c7-41ae-a23f-4d2b2b36bc9c,konsalik,Unknown,werner,k.,Unknown
a9162ae8-5dc5-495d-9e20-4aa83ab1ba4e,james,Unknown,shades,jm.,Unknown
f10fdf4d-3d1d-489c-97f1-0599c219b31f,kaplan,Unknown,aum,kaplan,Unknown
5a5257fe-949a-430e-8754-196adbabbbb8,webi,Unknown,anatomica,webi,Unknown
3437665f-5acb-4d24-a3c6-fb8e6387c5bc,hyde,Unknown,liebe,hyde,Unknown
2efbde14-fb00-46ab-bea8-e8677272784e,janosch,Unknown,popoff,janosch,Unknown
980c6d15-16f2-4044-b2bb-1b433b8efc8b,kelley,Unknown,his,kelley,Unknown
6518b2c8-3a4f-4fc0-8022-c28fbed35740,jinks,Unknown,narbonne,jinks,Unknown
8ce856d2-1c03-4293-9dc9-60b3646c4c6a,konsalik,Unknown,verdammten,k.,Unknown
05d6bccc-4877-41a7-ba4f-af0b742912de,kaestner,Unknown,konferenz,ka.,Unknown
06861674-b6ff-47f4-937a-bb0e061f4465,king,Unknown,macabre,ki.,Unknown
9f27e1f9-42d4-45a4-9d3e-256422350026,lia.,Unknown,arthrose-luege,lia.,Unknown
f91861d8-25e3-474f-8a4f-9536ed715048,lorentz,Unknown,feuerbraut,lo.,Unknown
4b1e91b2-aa79-442a-9bbc-1f8b0862db5e,king,Unknown,morgengrauen,ki.,Unknown
b5a510c5-4b77-40c9-97ee-4cf28e23ecb2,lay,Unknown,manipulation,lay,Unknown
a487226d-e9e2-4305-9ac6-cd4d574a85a2,ludlum,Unknown,genessee-komplott,ludlum,Unknown
d4519870-0b03-4fe6-9741-0ac0753ba0e9,lorentz,Unknown,liebe,lo.,Unknown
baf0d358-d158-461e-9b6c-ea131c418a83,knopp,Unknown,krieger,kn.,Unknown
5e8a4529-f874-4c75-acab-d0b7d99e7a91,link,Unknown,beobachter,l.,Unknown
ac58c2a1-50bd-47f8-9576-5bb022020add,link,Unknown,schwestern,l.,Unknown
111ea0b8-b701-4a20-b4f1-7bd5ee748600,kinsky,Unknown,fluss,kinsky,Unknown
f36f896c-6671-4a46-9a71-71c90abd7e94,"kleist, von",Unknown,marquise,"kleist, von",Unknown
4a6bbe1b-df00-4b5e-9096-4149230af6ab,ludlum,Unknown,genessee,lu.,Unknown
d2ac18e3-f42a-474a-be3f-837dac21e140,king,Unknown,shining,ki.,Unknown
6cf88829-7aff-4e8c-a677-309b4c507717,kosmos,Unknown,schatzsuche,kosmos,Unknown
102c9ae3-edc3-487a-ac0f-ab17bf15b421,kundera,Unknown,unertraegliche,kundera,Unknown
53c21f2f-00a3-4308-87c0-5e799f17f2a6,lindgren,Unknown,loenneberga,li.,Unknown
18c7b763-8283-4c85-b816-9a7922dbf346,leon,Unknown,blood,le.,Unknown
5c752638-5b38-422a-8729-318748bc284b,king,Unknown,augen,ki.,Unknown
121f3f56-8b05-4d6d-b850-5a0ae2516319,ksm.,Unknown,simplify,ksm.,Unknown
6e9dc4b0-5eea-4862-9e4d-e5a1dcf7b593,laurin,Unknown,kathedrale,laurin,Unknown
87d6d822-f9c8-44bc-b6f1-28aade719837,lindgren,Unknown,langstrumpf,li.,Unknown
d07c22ef-b73b-4f4e-989f-000f2156515d,king,Unknown,gefecht,ki.,Unknown
af41df10-9d58-47f9-9d1a-a1ba828d071b,link,Unknown,betrogene,l.,Unknown
eaccc02a-12f9-4d65-b501-66be6dcf37fb,lorentz,Unknown,goldene,lo.,Unknown
a4b01dcb-821e-4f42-8f80-9db14c3ed56d,knaur,Unknown,lesefestival,knaur,Unknown
1d8c2f7b-b4d3-4fd8-bf68-f878f9d35cc2,laar,Unknown,rongon,laar,Unknown
c31cdb9d-de71-433d-88b2-4fa17d53266a,lorentz,Unknown,wanderapothekerin,lo.,Unknown
98bf2da1-76b9-4d5d-b19a-491622894c62,mcu.,Unknown,kaiserin,mcu.,Unknown
17282ac4-1dff-429f-8e7f-5fcce6aadc3c,messner,Unknown,glaeserne,mes.,Unknown
2c8b87aa-cd3b-494b-99cd-8b2542e625a5,molist,Unknown,testament,molist,Unknown
7cb1bde5-58af-46f8-b969-0fe5714bed93,masuda,Unknown,letzte,masuda,Unknown
104cc582-c3fe-4ad6-997d-cded578fbd71,mehari,Unknown,feuerherz,mh.,Unknown
c8cb05fc-b048-4cb0-aa2c-043c37e55aec,mann,Unknown,buddenbrooks,mn.,Unknown
9ada00cf-aea6-4636-ba28-e91e3f36824e,may,Unknown,verderbens,ma.,Unknown
c0a4a1c6-8616-40b2-8303-e1a12bdf2e1e,may,Unknown,sterbende,ma.,Unknown
ee663c64-5797-4c30-b281-ed579f657e2a,mueller,Unknown,brillenmacherin,mu.,Unknown
8a3df3ee-9382-4602-a17f-478a87e85842,may,Unknown,geiern,ma.,Unknown
ae49f976-3bfb-4ac0-9e42-3f593bbbd863,neuhaus,Unknown,schneewittchen,n.,Unknown
505e5c15-895a-4193-b4a6-d537e7304b25,murakami,Unknown,aufziehvogel,m.,Unknown
5a6e2f87-637d-4c2e-a734-77776476aceb,maclean,Unknown,suedland,mc.,Unknown
ed011108-5eb6-48be-b744-c50a80964fb3,meng,Unknown,schmetterlingsbaum,meng,Unknown
862954c4-e0fa-40a3-a2a9-5341ec993e5d,lum.,Unknown,prominent,lum.,Unknown
0c4005cf-55c0-4363-bae8-19d683576b77,may,Unknown,winnetous,ma.,Unknown
d69bd02b-6272-4d28-89d6-a866bb3ce4a4,mod.,Unknown,giulia,mod.,Unknown
ad5cad92-e238-432a-9442-8ab35682ac9e,lutz,Unknown,python,lutz,Unknown
3c91a940-72e5-47a5-a352-f2e67df981f6,may,Unknown,geierschnabel,ma.,Unknown
1bba34e3-a500-4fa0-a3c7-1ba20f88ff23,maclean,Unknown,partisanen,mc.,Unknown
9c0127fb-9155-4dd4-b514-04cc59372d65,mueller,Unknown,afrika,mu.,Unknown
167406ff-4456-4e58-b361-903979993af4,may,Unknown,rodriganda,ma.,Unknown
997accff-4f96-4928-8aa8-2e223e78e3a1,mccaig,Unknown,schattenmacher,mccaig,Unknown
db43f15f-c0b0-451e-bc8d-9b71d7136671,mann,Unknown,bekenntnisse,mn.,Unknown
e1c04e22-c680-4337-9c25-9d50073f070e,murakami,Unknown,afterdark,m.,Unknown
1f4ee0fd-054f-440e-b185-eca11f31cf29,mor.,Unknown,dornenhaus,mor.,Unknown
ec081563-9df9-4f2c-928f-f41b4aed346a,may,Unknown,vermaechtnis,ma.,Unknown
63ff7450-3397-4a13-bb22-285cfb48b5e0,michener,Unknown,westlich,mi.,Unknown
6e0efc62-e1fb-4984-bf7f-2f40f3b39c21,motram,Unknown,myron,motram,Unknown
4d0d0fa5-c0a0-42ab-b60b-023d788f5b24,ohara,Unknown,terrasse,ohara,Unknown
dcfd0a13-42f9-4d8a-bd37-788f1e6912f6,rilke,Unknown,musst,rilke,Unknown
295d140e-9993-43aa-bc4a-75d74cd22a7c,ot.,Unknown,crash,ot.,Unknown
45761aa3-e98e-426d-b2e1-6a4331c4d335,pym,Unknown,vortreflliche,pym,Unknown
bcfa54ff-0469-4941-863c-2a9c9cd8cb35,orwell,Unknown,animal,or.,Unknown
278eb444-2ffc-48ee-95ba-84a7ab212236,prg.,Unknown,bernstein,prg.,Unknown
631d1616-1c79-4698-b632-d930ba0c38f6,osmond,Unknown,saladin,osmond,Unknown
cf48523d-4eba-4e4e-bca8-aaa831e2bcb4,pears,Unknown,scipio,pears,Unknown
8d075903-7e01-4a7b-8b75-ba25e3b51a2a,pru.,Unknown,hotzenplotz,pru.,Unknown
96aa363d-b2ac-4542-aa1f-1575e7557473,"ranke graves, von",Unknown,claudius,rg.,Unknown
701fcee9-d78c-4a5e-8d1b-e0268a8f48d4,rademacher,Unknown,koenige,rademacher,Unknown
ba927b79-923c-4307-bea6-6ca3f301bc5f,nic.,Unknown,eukalyptus,nic.,Unknown
00c9cdaf-968d-4346-bdc4-88cfbc0e04d3,puzo,Unknown,letzte,p.,Unknown
6281c6a0-c2e4-4da9-854f-8d293a075fbb,preston,Unknown,tyrannosaur,pr.,Unknown
5a66818a-b7b9-4a2a-a6d3-873d26ed9cc5,remarque,Unknown,schatten,rm.,Unknown
1c1145cf-3655-4f05-9cda-3a19c794aa99,puzo,Unknown,sizilianer,p.,Unknown
a5095c83-46f6-44c9-8762-6e4fb61fe3ae,riches,Unknown,festung,riches,Unknown
2d1dfc54-fb7a-4434-a66f-ea85190d27e3,orwell,Unknown,nineteen,or.,Unknown
430aae35-11c7-486a-9875-62caf3ce6b62,pst.,Unknown,schiwago,pst.,Unknown
57741f16-9c07-4b3f-80e7-e71c523b9fd9,nordhoff,Unknown,meuterei,nordhoff,Unknown
8bead55e-a214-4a64-ba1d-cd8f79c104b5,rk.,Unknown,wolfsmale,rk.,Unknown
b2e553a3-519d-4476-85c2-103d2359dfa2,norman,Unknown,teuflische,nm.,Unknown
57e9480c-c021-4f6d-b813-911f09152d1d,oe.,Unknown,jakobsweg,oe.,Unknown
c6e8a0cd-3e00-4110-9965-630584e2c93c,on.,Unknown,englische,on.,Unknown
2fec7a2e-e5ff-4e76-a76f-af0855bad05b,py.,Unknown,taeuschung,py.,Unknown
6d0194de-2940-4450-8e12-2586e46b39d0,rowling,Unknown,potter phoenix,rw.,Unknown
22eb9770-4f31-4d16-8466-7642580f0d30,spoerl,Unknown,feuerzangenbowle,sp.,Unknown
f33323e2-eea9-475d-a42f-60c4a738bd4c,schulenburg von der,Unknown,koenig,schulenburg von der,Unknown
9e2f1008-217b-4915-b9d9-fccaedbb513c,singer,Unknown,seidene,singer,Unknown
089e3a2c-335c-4c73-8ffc-a396128f259b,steel,Unknown,landsitz,s.,Unknown
68344332-cb72-4c4f-ab27-f82181e01530,saviano,Unknown,gomorrha,saviano,Unknown
9eb067eb-d55e-48f6-8c12-f845fb56786b,slg.,Unknown,risse,slg.,Unknown
cce732dd-53a7-468a-8cf2-f10676903744,sand,Unknown,majorca,sand,Unknown
4c3b0c17-0dd4-4560-b47c-73fa7dada427,spoerl,Unknown,keinen,sp.,Unknown
56dd2241-578a-4c7d-9e94-bb1998f90a19,spyri,Unknown,heidi,spyri,Unknown
8ba1b8e9-896b-4de1-b880-cf780a4f1312,scholl-latour,Unknown,drachen,sl.,Unknown
fad4e606-e55c-406d-b580-fef9b1e40fbc,smith,Unknown,eagle,sm.,Unknown
4d4c231d-ec8d-40b4-b4b3-2e809c9212b1,schranner,Unknown,fehler,schranner,Unknown
981d6056-3786-468e-be1c-87e363dd331c,segal,Unknown,story,segal,Unknown
7218c324-9142-467b-bfbc-5b49b7878f1f,rutgers,Unknown,kinderkarawane,rutgers,Unknown
9c6de168-6481-4dcb-9b72-84213e1677e0,schwarz,Unknown,controllingsysteme,schwarz,Unknown
13ff2421-70b4-414c-b8d8-5ecb25c1ab4a,scofield,Unknown,gelber,scofield,Unknown
5f76dace-40e6-4844-9d54-8df73f3032d7,schur,Unknown,wahnsinnskarriere,schur,Unknown
48fdefb5-cb94-4e2e-8dfb-6cb9a0d11a71,steiger,Unknown,erkauftes,steiger,Unknown
89801853-99ff-4938-9834-71b884e02b96,storm,Unknown,schimmelreiter,str.,Unknown
5903fff6-f9fe-4d2b-88e6-eaa6b4b1765e,verne,Unknown,geheimnisvolle,ve.,Unknown
190277af-ea75-41c6-bdc2-f627a65a4aef,weiß,Unknown,arznei,weiß,Unknown
d69c6259-9c5f-4a1c-858c-c8ba170ddbd8,uli,Unknown,sehen,uli,Unknown
8e2821d2-eaf4-45cd-a660-337d709ab9f0,vandenberg,Unknown,hetaere,v.,Unknown
ffa33446-702d-40c0-b41c-994346a27480,wallert,Unknown,tropenparadies,wallert,Unknown
162791fe-5d8c-4f6e-b7c6-cd544c20fdb7,wich,Unknown,geheimnisvolle,wich,Unknown
33241b9f-ffe6-491f-9bc1-09bc23a540c6,wickert,Unknown,ehrliche,wi.,Unknown
4fb58355-b1fe-42b0-b452-e7dcc0cc3dea,vandenberg,Unknown,aphrodite,v.,Unknown
cbd2711a-447f-40c8-92e0-ed05d6c4e11a,vandenberg,Unknown,tagebuecher,v.,Unknown
344138a1-3f56-48a2-b5c3-9d264b323db6,theis,Unknown,einstieg .,theis,Unknown
884c28e6-51d0-4333-8ce8-157cbc1f18b2,tine,Unknown,heat,tine,Unknown
d7b5821e-d49d-491c-9064-162cae5ad685,vo.l,Unknown,lebwohl,vo.l,Unknown
9993b457-4ad7-4366-aee5-b81013ff14c4,zurhorst,Unknown,liebe,zurhorst,Unknown
87140f14-c87d-42e7-90fc-b6abd3a0f842,zimmer-bradley,Unknown,herrin,z.,Unknown
35eb2222-e432-434d-9f33-e5baf65e4120,wood,Unknown,sturmjahre,wo.,Unknown
00edd0d1-0d0f-42ac-b616-64ff0ca39013,wood,Unknown,herzflimmern,wo.,Unknown
6999abbb-4ddd-4438-b9b6-f2da439b9c6d,young,Unknown,wuestenfuchs,yo.,Unknown
a63164fd-0fda-4d4c-9bf7-69b0f0a317d8,latzke,dumont,tuerkisch,latzke,du.
fe9f1fbf-894b-4614-ab0e-b45635cc5e4a,steel,knaur,big,s.,k.
8f1ab5ae-6eaf-43fe-8902-e3478fbb4304,backes,heyne,geburt,backes,h.
d33bf827-ce6b-4d81-8dbb-83a3919288c1,Thiong'o,uo.,fluss,Thiong'o,uo.
3c6c11c1-bce6-4a33-b3d4-7d6d04ff0e8f,conan doyle,aa.,samira,cd.,aa.
5271239b-12d9-4f94-9cad-e3160f6d480f,zweig,Unknown,vivian,zw.,Unknown
97d21021-ad53-4ece-af50-4d85f671b16e,wolff,Unknown,feuer,wolff,Unknown
2fe1e756-0e62-4920-bc7a-9728fd3dfcbc,begley,suhrkamp,luegen,begley,s.
00157548-9bd9-4699-8d6c-d06f072c2565,reid,hugendubel,weg,reid,hugendubel
1fd5a6f4-552a-46c1-bf02-f2a48301f959,nz.,schneekluth,sklavin,nz.,sk.
bf74c42c-1a34-4ad8-be3a-0cc764e768ee,long,random house,zone,long,rh.
e2e3b42c-dbbe-4f13-aeb3-fe0abe363cbe,chamberlin,Time-life,rom,chamberlin,Time-life
98834bef-18a8-4622-b7b3-b38ed28bf1ce,stewart,time-life,labrador,stewart,time-life
7dfd102e-899e-41dc-8b6a-51d4c7a91154,ishiguro,albrecht knaus,waisen,ishiguro,albrecht knaus
61ec7848-e02f-467e-96ed-f18b946f65c8,paretti,droemer knaur,echo,paretti,droemer knaur
e06f5e22-1a94-4445-b842-49bf2f9af759,michie,hay house,dalai,michie,hay house
a1d6fce6-6000-49c7-9220-75a28765d607,starke,veb,himalaja,starke,veb
260dda8b-6d71-466b-9a7a-2868656e204f,maraini,piper,stumme,maraini,p.
0e250ff5-a0e7-4c72-b0d1-88e9287adedf,cravan,nautilus,boxer,cravan,nautilus
a7b3c5b7-c52c-40df-a4aa-e5d03f0fc67f,tests,test,test,tests,test
74a65f82-2937-4643-bc26-d6041ac19067,ball,rororo,china,ball,r.
8869cce5-c091-4020-a118-43dccc63d620,fuerst,humboldt,erfolg,fuerst,humboldt
95abc461-9c0d-4809-a778-02f66468c598,schirrmacher,karl blessing,minimum,schirrmacher,karl blessing
a7143f3b-bdd0-45c0-8d1f-aa0ca97a971c,frater,henry holt & company,chasing,frater,henry holt & company
3d354ef7-a063-4c5c-b89f-e38e07eabe18,coelho,diogenes,elf,coelho,diogenes
a9f4a595-da6f-4979-a893-4b9e46ec33f8,kawakami,dtv,meer,kawakami,dtv
ec54944a-558a-4a23-b48a-ac47223cd410,rohde,ringier,freizeitland,rohde,ringier
b3427edf-573a-442c-a7dd-bded421247e6,ryan,heyne,schattentanz,ryan,h.
2f72cfe8-9cff-4c87-bf81-9f92886bb53e,adler,rororo,iglhaut,adler,r.
b7014b23-3c92-4735-b8c6-a2bab9782868,kissineger,goldmann,memoiren,kissineger,g.
68289d38-4bab-44f2-9cb1-9ad24aed8950,bao lord,bertelsmann,fruehlingsmond,bao lord,b.
0821afb7-04e3-4e1a-bfc9-c094a3f35eff,barnes,btb,einzige,barnes,btb
982afcd8-e0d0-4353-b09e-cc19dce59ecc,kolpaktchy,otto wilhelm barth,aegyptisches,kolpaktchy,otto wilhelm barth
a8abce2e-091e-4be3-8927-39f70e71b0e9,halter,aufbau,geheimnisse,halter,a.
29ef5b52-46ed-42ab-9e0f-1320c29db8df,grisham,arrow books,broker,g.,arrow books
ab1ecab4-5505-403a-b20a-462caec930ea,harding,knaur,prinz,harding,k.
3b7eb447-f6b1-4884-b9b8-17f2ca0624de,goeudevert,ullstein,horizont,goeudevert,u.
4b23c865-7319-4ea8-b988-d69c0ca23858,boie,oettinger,alhambra,boie,oettinger
23518f50-ebc4-4a23-99c2-801fb92fafcc,schloetterer,heyne,macht,schloetterer,h.
6aba7db7-fa35-48b8-913c-286f08e447be,sigmund,heyne,frauen,sigmund,h.
1acb9d8e-a429-4aa5-94cf-0d46d99dcafd,flagg,bastei luebbe,gruene,flagg,bl.
e9b49309-707e-45d2-8531-cf89718c0888,backman,fischer,mann,backman,f.
757d9797-c93a-40a0-baa3-79ca29ed6686,souad,blanvalet,lebendigem,souad,bv.
c91e2edc-6c7c-487a-a4fe-aa6a18a42e2e,kourilsky,piper,genetik,kourilsky,piper
b27a6e04-f471-4c4b-9445-7dbf04165549,fetscher,piper,ueberlebensbedingungen,fetscher,piper
e8691737-9370-4794-841b-c71de299b72a,ung,fischer,weite,ung,f.
ecfc42bd-bccb-43bf-a796-42dd4d8af970,hellberg,fischer,sommer,hellberg,f.
b978617c-b4a9-4fc9-82d9-13e9df544636,bagge,suhrkamp,schwarzer,bagge,s.
c56f7efb-508b-4c70-a396-f07bf16de131,niven,heyne,gott,niven,h.
60830b72-97a7-4316-9044-fbe9bb3735da,fraser,deutsche buchgemeinschaft,chinesen,fraser,deutsche buchgemeinschaft
ee859dad-312f-4b0c-9e1f-fb75a4201d8f,alves,suhrkamp,vermeidung,alves,s.
987a6a82-de6b-409b-b5a0-8ffe749565a1,paulsen,carlsen,fluss<,paulsen,carlsen
36646229-f539-4ce9-b3e5-ac9ec7854181,kulle,bertelsmann,strassen,kulle,b.
02994a75-eaad-44af-945c-d92035949000,norman,dtv,tochter,norman,dtv
ec72ee09-56da-4c75-9bae-67a2d3b14369,kuebler-ross,guetersloher,sterbenden,kuebler-ross,guetersloher
043fab36-f905-4793-9cd5-64092645bafa,dored,moewig,tiberius,dored,moewig
abff53f6-d130-4821-af7e-97e6e6c81079,eddy,deutsche buchgemeinschaft,kokainkrieg,eddy,deutsche buchgemeinschaft
d2784741-f8f1-49fc-b2b0-4e43a2a024a2,kohl,ullstein,deutschlands,kohl,u.
7dd59fd3-ee7b-4cab-8c1f-e150db53a240,solschenizyn,deutscher buecherbund,erste,solschenizyn,deutscher buecherbund
5ad3b5a7-cc74-464c-bc80-8a028fd133d3,unbekannt,Unknown,glaeserne,u.,Unknown
f55a8354-8c69-4367-9401-005540bd73f5,isbel,sd.,sehnsucht,isbel,sd.
be86f683-03b6-4449-a706-e8ee44ea6dbe,steel,deutscher buecherbund,horizonts,s.,d.
6da3a46e-18e8-4501-ba80-57d33f74425d,Hachfeld-tapukai,buch und medien vertrieb,liebe,Hachfeld-tapukai,rm.
62dbc375-1295-40e4-969b-3cffa28aded9,kahn,riva,ich,kahn,riva
f3bb0004-1f7e-4866-b3c5-42918abef40a,allemann,piper,portugal,allemann,p.
87320533-4ffd-4688-bff1-34b0b6da6d6f,archer,dbg,ehre,a.,dbg
641e0388-344f-4dac-bbfe-34aa41cca3fc,allende,suhrkamp,amandas,al.,s.
64ed0c5e-a050-4da6-a9b7-9263580e5b36,angres,knaur,futter,angres,k.
9ec16915-b5a3-408d-b43f-f781522cc7e7,broers,dieter broers,metamorphose,broers,dieter broers
8fffdcb8-6cf6-434e-8233-2783772b9690,benzoni,bastei luebbe,napoleone,benzoni,bl.
fccb0395-5da0-4f75-80b2-cd0223516902,curry-lindahl,deutscher buecherbund,knaurs,curry-lindahl,d.
f17bac8c-6cc1-4b89-a39d-075860e04dd3,clancy,heyne,special,cy.,h.
83997b7c-3bc9-4ee8-b025-4129703b1bbf,didion,ullstein,was,didion,u.
01ed8e9b-1312-4ca5-9c45-018c963c761c,eden,lingen,salamanca,eden,l.
7441db33-6328-4ac9-82ba-040821e0ba91,disney,bertelsmann,tierbuch,disney,b.
e7370bbe-7da4-4945-a91d-66df644d9124,doerrie,diogenes,blaue,doerrie,dg.
64dc2e6a-06b2-4234-b326-c017f4d11ffe,dominik,ts.,cheopspyramide,dominik,ts.
101b5f71-0ada-470a-9f6a-6eb0efc6027e,eddings,bastei luebbe,leuchtende,eddings,bl.
fe5bf5f9-dad6-4634-981f-925cc6f6ebb0,ebers,area,kleopatra,ebers,area
ec1593ad-efa3-4980-afe4-892425ba2380,duve,buechergilde gutenberg,anstaendig,duve,bu.
343544a2-2ee4-406f-9859-53423a751e13,christ,aufbau,indien,christ,a.
ea8500c8-f40e-4d32-a736-40cdee83075b,conrad,heyne,abenteuer,cod.,h.
b518ec4e-03a8-48aa-aa3f-574cac39db0a,crescimbene,stuertz,aegypten,crescimbene,stuertz
804db88a-47db-4f9f-8897-6c42b4d5805e,crockett,blanvalet,keltin,crockett,bv.
5b7a52a0-4e74-4731-8829-7f03048ed8d4,costello,heyne,sequest,costello,h.
2dfbb456-d4f2-4654-a4e3-0ef83a6b127d,eco,carl hanser,friedhof,ec.,ha.
0883e96b-0ac4-4503-af33-3d2b7912c184,cronin,buchgemeinschaft donauland,zitadelle,cronin,bd.
16e2bbcd-8e12-4047-b202-3344dfb84c1f,diekmann,piper,laengste,diekmann,p.
715e45c8-0c94-4160-8e39-b9f8ee4c6858,dietsch,mai,china,dietsch,mai
20073d22-6bad-46ac-8850-cc88009b14cd,donnell,heyne,pocahontas,donnell,h.
eba036bf-39e3-4a14-8e87-83bb4421e20b,dethlefsen,bertelsmann,krankheit,dt.,b.
50c4133c-4e89-41d0-adb4-6beab455c2f0,durrell,faber u faber,balthazar,durrell,faber u faber
9af3dd02-f018-4621-b581-60592ac0dd28,erdman,piper,schnitt,erdman,p.
592f27b9-2624-4246-8c6c-516cef8919fe,dragt,gv.,brief,dragt,gv.
fbe2f084-a9f2-4e99-a370-8f6b5868417d,dueringer,edition a,wohl,dueringer,edition a
c47e1804-8121-4da7-a033-70c0ed186401,duebell,luebbe,pforten,db.,lu.
5b1d1cbc-a549-4920-ab12-3db5c695100c,dimde,heyne,paranormal,dimde,h.
30d4ab0b-9ada-4cef-872f-f8cbfc029213,draulans,beck,dschungel,draulans,be.
a5ea875f-4ff9-43e5-843b-b15b73b702a8,"carre, le",kiepenheuer & witsch,blendender,cr.,kw.
6df59c6a-52f4-4b46-9c0d-02bf70124705,das beste,db.,spiegel,das beste,db.
9567c236-52ae-4b82-8997-0b6885f9553e,fleiner,pn.,was,fleiner,pn.
10b50a27-4798-41ab-91c3-8fd8be200d6d,finney,blanvalet,zeit,finney,bv.
0f2b10f1-30bd-494a-b4ab-61f2888a6776,fosnes,bertelsmann,choral,fosnes,b.
1fc74425-c641-47dd-818d-98ec9b77112f,forsyth,piper,unterhaendler,fy.,p.
a6893e06-0338-47db-bc05-2b93c4caeb35,gavalda,fischer,zusammen,gavalda,f.
986110fd-1ed4-4c9c-99a0-410bad109ffd,frank,bertelsmann,sieger,fri.,b.
929b7f31-37d8-4569-a93a-7b1010e9d0e1,grisham,heyne,jury,g.,h.
533f7928-e1bf-4c3c-aeec-35e431bf7a38,grisham,blanvalet,todsuende,g.,bv.
d4ed7331-7f28-48c7-b2a4-fa9a814ec1dc,gable,bastei luebbe,hiobs,ga.,bl.
6ecc5b0e-be0e-4c1f-850e-be863b3c7bde,gerstmeyr,weltbild,erbe,gerstmeyr,w.
3ba1484e-ede1-49b4-9420-a3a665ec7313,giordano,rr.,hitler,giordano,rr.
3d633395-9cfb-4b2e-bd31-f08d873cbc31,gless,ng.,geheimbuende,gless,ng.
6cc7e526-73f2-48c3-a04b-7401f284227d,follett,sg.,petersburg,f.,sg.
f1442ca3-b604-42e2-8ee2-0d789100b463,gaarder,carl hanser,geschichtenverkaeufer,gaarder,ha.
b0e053af-8acc-40c7-95ae-84b2f4016686,gerlach,dt.,verratene,gerlach,dt.
f9492441-92d9-4cc2-a8ac-e0ed9518a007,follett,luebbe,sturz,f.,lu.
f5cd9fb5-c835-4b9f-9f2d-650e30ee480a,follett,sg.,zero,f.,sg.
d9a1dc71-7c81-4e33-b155-2371154ccc25,follett,pa.,eye,f.,pa.
ee45e84a-7130-49a0-a8da-bf49a53009bd,gilbert,rororo,normalen,gilbert,r.
4f3f87a3-a7cb-40d7-bf78-3df1f0b43ea0,glattauer,goldmann,nordwind,glattauer,g.
aa3c2787-2b8f-4966-8800-286edf65457c,fischer,md.,siebenten,fis.,md.
0135f640-87e0-442e-ac9c-a344d0847800,foster,heyne,rueckkehr,foster,h.
1d8de2ce-7ebd-4cab-b9b8-8d55b10d7ddb,frank,bertelsmann,haendlerin,fr.,b.
24a012a7-ab2b-4d87-8c9b-b7144c340493,grisham,heyne,regenmacher,g.,h.
833a46b6-3d14-43f3-acbb-ce2ad3913eb2,fast,rororo,grenze,fs.,r.
34971420-279b-451d-a8cd-c5989659db30,gable,bastei luebbe,gable,gable,bl.
c2f162a9-4c6c-491f-a613-440fdd7dde0d,grisham,heyne,komplott,g.,h.
9cee4af0-f797-4e09-8198-0ec74b9f0f2e,gates,hoffman und campe,vorn,gates,hc.
96a12ab7-c983-4bde-97b3-cae7c80988da,gilbert,penguin,eat,gilbert,pe.
60ff8dc7-42bb-4868-bc99-f8357534e40a,faber,md.,schoenheitsfarm,faber,md.
506c6516-c879-4f46-bfce-b3b38988ba8e,fleischer,bastei luebbe,flatliners,fleischer,bl.
936436c2-008a-4d30-8fd3-f5046912f16b,muir,Unknown,hoffnung,muir,Unknown
81b94848-1671-49ba-9993-ca3f16ec9771,flatow,bastei luebbe,familie3,fla.,bl.
93532a2e-8b3f-45b0-86e5-d903f9eababc,"farge, la",beltz & gelberg,indianische,"farge, la",bg.
cf2cbb0c-331b-42b6-89a4-232fd7e6cc4e,feldmann,heyne,denktraining,feldmann,h.
4386fc8c-90fc-40e0-862f-64e38f184793,flatow,bastei luebbe,familie,fla.,bl.
00fc4f97-d1f7-42bb-9c01-90d997a8044a,glancy,droemer,geschaeftsbedingungen,glancy,dr.
aaf996bf-476c-4ba9-8488-7d23e075456d,"hirschhausen, von",rowohlt,wohin,hi.,rw.
2e0684fc-d372-48ee-8ab4-d57edc5a59ba,follett,bastei luebbe,rebecca,f.,bl.
39e4d4e7-e779-4c75-a29c-fe6ba81944eb,fleischhauer,schneekluth,regenhaenden,flh.,sk.
c277b524-138b-4dad-9060-5cde0ec86661,fontana,goldmann,brinkmanns,fontana,g.
63efeb41-7f58-4a12-9c0c-1169aaef9910,grossman,krug&schadenberg,wunschtochter,grossman,krug&schadenberg
0d85b73a-994e-442a-81fc-f774f3c8ac8f,grill,goldmann,ach,grill,g.
97a2d972-0e4a-48af-b8d4-56f3c4330c41,harris,goldmann,aufschlag,h.,g.
7d9baa3e-1902-47d0-9d91-d3e7e6cd0ecb,graf,bb.,niedergang,graf,bb.
192a8ece-3f3f-417e-b2be-a4e3a0557d56,grinspoon,ze.,marihuana,grinspoon,ze.
2132a27d-4733-46a0-b242-5a1d8b5dfe75,hanan,heyne,wut,hanan,h.
a84dcb61-7874-4688-aabd-ea9d57ca824b,green,dt.,einer,green,dt.
1ed90ad6-e2e5-44b2-b233-011ad1ba78e5,gricksch,knaur,zimmermann,gricksch,k.
fb5421ae-f0ec-46e6-9960-515626fb6280,"h., t.",heyne,roter,"h., t.",h.
a73eebe9-9439-47bf-9cc5-5598201a1928,heisig,herder,ende,heisig,he.
0d9246ba-f834-4a71-9a3f-6d65f833ce22,green,hestia,holocaust,gr.,hs.
e12282d4-c25c-4be4-ac85-9ef542cca7ae,halban,deutscher buecherbund,malik,halban,d.
2989ab34-7532-4c12-8c78-d252e7a0e4bb,haran,bastei luebbe,flammenden,haran,bl.
0a932c47-955a-4402-acc5-bf8bad30bacd,hemingway,bertelsmann,garten,hemingway,b.
c0cefd93-c1e4-4451-adc7-8d2b031acc21,grinspoon,ze.,marihuana,grinspoon,ze.
165690f7-81b1-4b6b-a1d7-323f3ce396a3,gray,publishers group west,relationships,gy.,publishers group west
7f770bde-b09a-4d6d-814a-6f82d888a3ee,grotzky,piper,balkankrieg,grotzky,p.
20c3b95f-8c82-414a-8918-1b49b1f9c49c,hawke,kiepenheuer & witsch,hin,hawke,kw.
bc3fc469-38f9-4de1-a204-e58a066b192c,henscheid,haffmans,madonna,henscheid,haffmans
a1b4bc60-0fe7-48fe-acc1-84c4c04a52c0,blz.,Unknown,kurtisanen,blz.,Unknown
146fb4db-c7e9-4820-a79b-81e3bc43ed8c,grimes,goldmann,federn,grimes,g.
7eb11eda-2e86-4fce-ba84-81053aff193c,golluch,ra.,verrueckte,golluch,ra.
f1d72295-10bd-4131-b85a-6f4c861f9aeb,groult,droemer,juliette,groult,dr.
03114635-13e9-43bf-b516-07c682c61d4f,gray,goldmann,schrei,gy.,g.
4dbb5633-0974-4078-b889-45d674a5ccfc,haug,bastei luebbe,niemands,haug,bl.
b4896e11-0787-4b2a-976f-bc894318caf4,heller,volk und welt,slocum,he.,volk und welt
c54ef8ac-a152-459f-8deb-dbe50d79e656,hejazi,irisiana,gazelle,hejazi,irisiana
a179d12f-431f-4f45-9123-d5a88b6fec10,haefs,heyne,alexander,ha.,h.
863417d0-7f05-46bf-a0f4-dc52a91d2e81,hatzfeld,psychosozial,macheten,hatzfeld,psychosozial
a80e65c5-3652-4bed-8528-3646d19ea548,gur,goldmann,sabbat,gur,g.
70f6a463-f1cd-4cd4-b24f-2bbc9a58f59c,gundar-goshen,kein&aber,loewen,gundar-goshen,kein&aber
3a6f1f5f-431e-4249-9ad6-f8b4c8d806f8,günther-haug,goldmann,fuchsspiel,günther-haug,g.
d9e20e7c-85e3-42ce-94f9-7aebdde960d2,gray,buch und medien vertrieb,maenner,gy.,RM.
ba1d9e8f-3ddf-464e-91fe-48acb2098744,hayden,sueddeutsche zeitung,sheila,hayden,sz.
eed4d51d-64ec-477a-99bb-b444156bb2e6,jacq,wunderlich,kadesch,j.,wu.
fa652096-01df-4951-9fc0-9678379e2843,ishiguro,blessing,begrabene,is.,blessing
4988f5e7-284b-4f23-8652-6c37028f3b0e,jonasson,penguin,moerder,jn.,pe.
c402bc2d-181f-4cf4-9355-9372898829e4,howatch,droemer knaur,penmarric,howatch,dk.
7bc4393f-bfc2-4e1b-b607-7b2d539fece7,ironside,bastei luebbe,kältezone,id.,bl.
32860a9f-b32a-4357-bef4-b1acd015f0d1,king,heyne,fornit,ki.,h.
7b37aad9-4278-4820-93d8-834f68f9a367,innes,list,cooks,in.,ls.
fa3eaa75-4bdb-4f9c-b7e6-7cb491d2f68b,jones,bertelsmann,verdammt,jo.,b.
bbc35f28-0666-4ee6-b63e-a0ef37c8569d,kharitidi,blt,seele,kharitidi,blt
b77de747-e0c7-4cdc-b101-23b8137c9824,hougron,deutscher buchclub,saigon,hougron,deutscher buchclub
20543ec5-8c3c-4af8-9222-f482228bd01d,huntington,europa,kampf,huntington,europa
b83d8d45-8f6f-47cd-9e8d-47c350106306,konsalik,ka.,heissem,k.,ka.
0ec07655-2699-49bb-b5d5-fd8eb500ca72,karan,goldmann,socken,karan,g.
d8a72f4c-1890-4854-8691-1a1413366c0a,holt,bertelsmann,springende,ht.,b.
67f598b0-f633-4cf5-8d1e-41b258131bdd,illies,argon,unschuldigsein,il.,argon
f4347ddd-cc09-476d-83c1-bde911ffd85e,jeffreys,frauenoffensive,ketzerinnen,jeffreys,frauenoffensive
1e8f4fa2-c0b0-4f22-b5a3-0e70443385d0,konsalik,lingen,weiberschiff,k.,l.
f9dfb7fe-fd69-4818-b777-3d89406240a5,konsalik,bertelsmann,kreuz,k.,b.
c57d3446-6894-4330-b752-2b86efe2e69b,irving,editorial escudo de oro,alhambra,irving,editorial escudo de oro
936effde-e5c7-431f-a038-02dec34daef3,jeier,ueberreuter,flucht,jeier,ub.
03bc08fb-652c-46e1-9c3f-a194e44fa536,jonasson,bb.,hundertjaehrige,jn.,bb.
0fa892c7-7066-47c8-a0aa-417835d82c97,konsalik,lingen,steine,k.,l.
5a133e03-f0f4-4458-9e0c-5dc3296dcb78,husmann,sc.,nicht,hu.,sc.
ee0e5a5f-7fea-4194-a7b0-59096e39f039,imhof,piper,seidenstrasse,ih.,p.
ed18c2d9-ddf6-4503-a1ed-a82c6fb38761,jonasson,penguin,massai,jn.,pe.
59d314e2-a095-47e1-8d97-129be41dd0a7,konsalik,heyne,erdbeben,k.,h.
05e134c7-330f-4b92-ad6f-4d46a0d565af,kennealy,heyne,kupferkrone,kennealy,h.
9e373328-317b-4706-99a6-b6011a0bcd07,janzir,carl hanser,golfstaaten,janzir,ha.
5b2f496f-2612-463a-9097-d887da482e04,konsalik,bastei luebbe,zerstoerten,k.,bl.
436357dd-d721-4bbb-b0ec-cd9237b24c03,konsalik,goldmann,gefangene,k.,g.
49d0ab45-d38a-4180-ac59-a807a68a0620,kersten,lm.,jesus,kersten,lm.
ceb5a6f8-fdcc-4a94-a844-a84324c11267,hui,ullstein,shanghai,hui,u.
956c74cb-a399-4d99-8090-2e906a937a47,konsalik,heyne,betrogener,k.,h.
f31a2a16-c2c9-40d3-864b-1b66cbe01f79,king,hooder & stoughton,duma,ki.,hooder & stoughton
4c658017-6913-4b16-80ce-0446d89808f0,jacq,wunderlich,ramses,j.,wu.
25901284-a4ec-4de3-b8ee-0f38435917a1,karsten,bastei luebbe,1074,kan.,bl.
7cc2fa7e-8ff8-4d6b-8518-6cb184c65bf0,kazan,ds.,anatolien,kazan,ds.
18696fcd-9a03-4c22-acfb-656df76183a6,konsalik,goldmann,baeren,k.,g.
3b4f8310-7931-4322-811a-2d4d9d32e8c1,konsalik,goldmann,nerz,k.,g.
a7602f5c-97e7-440c-9801-10d615842cc2,konsalik,heyne,natascha,k.,h.
3694610b-7f53-41e2-88ac-09cb3b66a1ae,king,weltbild,joyland,ki.,w.
107f39df-c6ba-4134-9b61-92e4eeee7291,gardner,Unknown,maedchen,gd.,Unknown
cd02b9cb-dfea-4262-aef0-1ebd61426793,konsalik,bertelsmann,ehe,k.,b.
9c7d0caf-56c5-460f-8ee9-d9f18ebddf37,konsalik,goldmann,strasse,k.,g.
d2d6211e-56c4-437d-9a66-00c1d9fdcd42,konsalik,eg.,agenten,k.,eg.
39f8dbd5-520a-4eea-b3f9-a3a6d6ac868f,konsalik,bastei luebbe,roten,k.,bl.
14eb7ba0-7fa5-4a1f-a4e5-72359773f4e7,konsalik,hestia,regenwald,k.,hs.
15d2745e-4e7d-49c3-808b-c5a4492bdff4,koch,breitenbach,genossenschaftspolitik,kc.,breitenbach
614c5e56-d9e1-4893-b6a3-3d5fba799273,lb.,heyne,kaisho,lb.,h.
9e7f10b7-171b-4d7e-afd6-5e0765178621,lee,blanvalet,without,lee,bv.
9fc204e1-e2da-41f5-bbcb-6948b86d9eac,lissner,deutscher buecherbund,abendland,lissner,d.
94bb624e-f1cf-40e6-b090-b8b399c87b69,leon,random house,drawing,le.,rh.
46b5864c-859d-4eb5-b796-4c2744c34cca,langbein,kiepenheuer & witsch,bittere,langbein,kw.
44f31464-559b-4dc9-bf04-a8650378d0ba,leon,diogenes,lagune,le.,dg.
9da62ce1-fc70-4d36-94a7-91c9e0153a53,lorentz,knaur,stern,lo.,k.
65627dd3-72dc-4c20-a413-aa8e4f8cec97,leon,diogenes,endlich,le.,dg.
e5cb98e6-82f3-40dd-8f00-2f58d9611ebb,lorentz,knaur,toechter,lo.,k.
d2551de0-68b7-4dbb-82bb-58063cc3fafd,kindl,dtv,verloren,kindl,dtv
fd88f356-ca08-460b-8c41-b2e456af0871,kluepfel,piper,rauhnacht,kl.,p.
6bdc6412-f3b7-4598-9988-087130b7fd02,knittel,heyne,abd-el-kader,knittel,h.
eb213cbd-4c6d-41f2-a4fe-829e20c302cc,kristof,piper,grosse,kristof,p.
a3322161-dfbc-4560-936b-516054a70653,kroker,py.,ostfriesland,kroker,py.
f6915067-d08e-4eab-bf3a-034f1fda5561,lequenne,om.,columbus,lequenne,om.
c6313c8a-3c85-4276-a0d7-51e4cd29853a,korff,dt.,brahms,korff,dt.
bb86244b-22ed-464f-84a6-d2d3a118823f,link,blanvalet,betrogene,l.,bv.
b4b3ec0a-3b21-423d-a802-91fbefc1d568,kralik,wollzeilen,strauss,kralik,wollzeilen
45647d82-e172-44ba-a128-00a25c859929,kol.,ew.,reeder,kol.,ew.
84bc9e73-279e-46d7-bafa-0dadf826c56c,lessing,fischer,terroristin,lessing,f.
61cbf952-5e86-4b13-a04b-9cb517e7b6a1,levitin,cbt,wahl,levitin,cbt
a80ffadd-0650-4f75-9ed6-bcb9cf521799,konzelmann,hb.,schiiten,ko.,hb.
c9c5d0bd-75c8-4914-ae91-6c33e2c20b71,kuepper,fs.,tausend,kuepper,fs.
79126035-a7e7-4c3c-b872-fd4cc5b048b5,ls.,ueberreuter,narnia,ls.,ub.
cd4330b7-ec7a-4b75-b151-bba74ee1ad64,knowles,rv,china,knowles,rv
76aac514-1b8a-495c-b45b-47ba37131327,kristof,piper,grosse,kristof,p.
5fdeac79-15f3-4ad7-9383-2985213222ad,larsson,heyne,verdammnis,la.,h.
2cab455f-84d2-4367-aefa-428448e0ade8,laffeaty,bastei luebbe,land,laffeaty,bl.
7848a1a1-5965-458f-b68a-21fbba70f68e,larsson,heyne,verdammnis,la.,h.
0787ae15-9243-49ca-bc6e-865faadbe835,lentz,knaur,wolken,lentz,k.
47cdd717-e7a1-4eeb-9778-80db7ad69e20,lindgren,dt.,rasmus,li.,dt.
0d4b7b1f-6dee-4896-899e-d71a218e1225,kinkel,bertelsmann,rochelle,kk.,b.
46390d40-fa71-494c-8929-59a1e50e1351,klein,carlsen,familienbande,klein,c.
f8955fb2-eadc-4b4c-8ba8-a118f1a890b2,kocher,arena,abenteuer,kocher,ar.
09a5f4c0-a47f-4508-9d2b-be9e5f0fe04e,krasnow,vier falken,zarenmoerder,krasnow,vier falken
fd954870-6f8b-4694-b976-c7282f50c9ad,may,verlag neues leben,winnetou 1,ma.,verlag neues leben
4a342fce-aeb4-4c40-9536-ee59634a7879,meade,bastei luebbe,brandenburg,md.,bl.
42d59de0-8937-4f49-ba72-72479f92be70,mek.,motorbuch,caen,mek.,motorbuch
7e0e2078-0c47-4627-8b82-ad39be7f2f8d,michener,fawcett,iberia,mi.,fawcett
40dd7140-849f-4503-9b04-89e45ed55f29,grisham,Unknown,rain maker,g.,Unknown
ecae7b01-70f0-428d-8177-e9bae6783389,massie,li.,david,msi.,li.
96ad3dc8-7310-4024-a2ac-f7897e91f764,meyer,sphere,host,my.,sphere
5c44e5bd-d660-41f8-bfa1-4e567f218bb6,murakami,v.,birthday,m.,v.
f862f0a1-983e-4700-8eac-0d4b551f7a8b,may,neues leben,baerenjaegers,ma.,neues leben
e89d553e-2d58-4bb3-bae5-218b35a2aff7,map.,sb.,haut,map.,sb.
6b47ca1e-b50c-497f-b862-280ee3ca287a,mehnert,fischer,sowjetmensch,me.,f.
597f78a8-696b-4c60-94a5-6dca82b5075f,mur.,heyne,immunsystem,mur.,h.
a72b4424-71d0-4eea-ae1d-33060421c536,markaris,buechergilde gutenberg,großaktionaer,markaris,bu.
5f8f4a17-33a7-4be4-a013-837e86b31cc7,mcgrath,kd.,eis,mcgrath,kd.
af71e524-df33-41b4-a3d3-7ec17cf10dce,meh.,droemer,maharani,meh.,dr.
cdd6c3f9-e66e-4448-8dcf-2bad7c9ad859,luehrssen,rororo,stecker,luehrssen,r.
244c4f0b-b289-40ae-ba2d-a1bf36b3e6b4,"maclean, charles",dumont,trojaner,"maclean, charles",du.
059cbb98-4b39-4e00-8aa6-b46e98cb6a91,lynn,heyne,frau,lynn,h.
40199b94-e6cc-42b7-a587-3186e0fe6d14,mailer,hb.,nackten,mai.,hb.
ecabe203-7a6b-49b6-85da-db75e074d3c8,manook,blanvalet,mongole,manook,bv.
193df046-9ab0-440b-9b19-10f6805a1ded,mehnert,bertelsmann,sturm,me.,b.
61c6753b-4f50-4778-b90a-e1ab1ea6b31c,maclean,bertelsmann,missalonghi,mc.,b.
87918b8e-5dcd-4a15-a9c9-a064672bdc1c,mcdowell,here's life publishers,bibel,mcdowell,here's life publishers
882db33e-a5ae-4ca0-ab09-abceb6285787,luedecke,sw.,fit,luedecke,sw.
731a28a4-5667-42e0-9b00-49329bfdfc60,markus,bechtermuenz,freud,markus,bm.
d0037b2b-a0f0-4765-914c-a61c4ba09305,merian,rororo,tod,merian,r.
34fcf92d-e815-4d8c-93e6-e62e73a4c1e8,merkle riley,bastei luebbe,vision,mr.,bl.
67fbcb4d-8bfa-4f90-b007-569be416830a,meiser,rororo,meer,meiser,r.
9e7906e8-2eb2-4ec2-881a-3a9c9ada36c4,mer.,blanvalet,rungholts,mer.,bv.
f8aa3036-fd49-40f6-9322-5bd7de8879b5,mk.,dt.,schmutzigen,mk.,dt.
ea48b79b-b28f-4fe4-ae76-130418fadf9e,merian,rororo,tod,merian,r.
6e2d3917-4a9e-4866-9973-02115aeab8e8,mot.,fischer,stalin,mot.,f.
421d21d4-e1f1-4f10-b563-814f7895ac32,munro,v.,happiness,munro,v.
ee2087e4-e754-4255-a1e3-96c250d3b586,mok.,by.,echtzeit,mok.,by.
51933783-f9be-4b96-ba5f-070c0dc651ab,mueller,weismann,job,mu.,weismann
79834f95-9fd4-47db-9423-510073887a84,lundgren,bb.,tiger,lundgren,bb.
968ac0fe-70be-4760-a88a-31c04c0e6e90,mahlke,berlin,rechnung,mahlke,br.
6f772112-3e62-42dd-a650-8e69dc14e1d2,may,ueberreuter,krueger,ma.,ub.
fcb795aa-7fc6-45d9-a3e6-e6735161a5d7,mercier,bb.,nachtzug,mercier,bb.
8d68326a-01d1-453f-96ed-aa13285e514d,merian,un.,maerchenprinzen,merian,un.
5d0f0bd7-459c-423e-8cde-00a06327f858,michener,knaur,verdammt,mi.,k.
d4653a1d-4e76-4d3c-9462-8a3e3b0b5e65,pc.,piper,schwester,pc.,p.
0b0a8ed5-2dd0-4c8e-9d7e-7074836f952d,olsen,dt.,erwartung,ol.,dt.
36c35ef1-d8a5-4efb-a4a2-a837cdd85df7,om.,knaur,baute,om.,k.
f0a85478-5618-4401-8db7-dbde70b09c1d,och,buchgemeinschaft donauland,paradeplatz,och,bd.
47c609dc-25ad-4655-8e19-220003eac7bc,raspail,antaios,heerlager,raspail,antaios
e5d4815f-2ae9-4390-8298-19bab17dec50,ross,weltbild,baeren,ross,w.
d7116571-d1a5-4d7c-b429-de53af742544,raittila,albrecht knaus,canal,raittila,albrecht knaus
34004d64-da9a-44a9-ac65-b6d84eaeaba2,rice,penguin,mummy,ri.,pe.
550da300-fe4b-4c93-9291-21b63b8690bf,nj.,kiepenheuer & witsch,machoman,nj.,kw.
99786b73-fc8b-4766-ab8f-92326706d60a,orczy,lingen,scharlachrote,orczy,l.
ae4aa797-6b9c-40b4-ac2f-38d290030ae5,pai.,heyne,marlott,pai.,h.
4eca0c0f-a30b-4126-843c-774c173a99c3,peinkofer,bastei luebbe,runen,pe.,bl.
49a661c6-58bd-42bc-bd7d-3de55c62f438,repplinger,bambus,sachnins,repplinger,bambus
bc7569ea-cc46-49b3-b36f-e1f60671a8ce,pullman,heyne,goldene,pu.,h.
2d348161-9f96-461b-9420-f6be3f694bcc,robbins,goldmann,seelenfaenger,r.,g.
d3e6613a-a8d9-407d-b0e8-c6ded0be29dc,richter,rowohlt,fluechten,richter,rw.
840ac04a-4f1c-47f3-a552-5850b4f532e4,remarque,ek.,naechsten,rm.,ek.
386f99f0-0b7f-490f-ac6c-79d612ae192f,roberts,blanvalet,windes,ro.,bv.
1a32083a-09ed-448a-a0b6-cad33fa9e28a,rehfeld,goldmann,zitadelle,rehfeld,g.
c905f8b0-3a04-45d6-9a19-79452b7185bd,robbins,su.,life,robbins,su.
0dd81ab4-b28e-4a27-88b3-68f1826cc7fc,ost.,db.,spiegel,ost.,db.
fec9d672-44da-4d70-927a-0273a1fcb637,pearce,ak.,grabbing,pearce,ak.
ad9ac706-ad31-485a-91e6-3109dd6773d3,peters,fe.,europ,pt.,fe.
32f22b04-fac3-4b8c-9562-82debe8592ee,patterson,vision,honeymoon,pa.,vision
d445bcae-a8b6-4c77-a0d0-143f8d9526d5,ponthier,deutscher buecherbund,phoenix,ponthier,d.
e834bc97-9ea4-4348-83d3-66a3d7cb3742,paulin,inn,hofers,paulin,inn
b8e92f93-ca3f-4e76-8bda-927072576007,perutz,zsolnay,turlupin,perutz,z.
bf960216-7558-4a97-a88a-701e33c16ecc,ptr.,sueddeutscher,magische,ptr.,sueddeutscher
f21ef574-529b-42ce-9964-cae69a47c57e,preston,dva,affengottes,pr.,dva
9e8cb13d-1f1a-46ef-9dc1-92f51520ad1b,proulx,bertelsmann,schiffsmeldungen,proulx,b.
de297035-0dd0-4011-bc8e-2896855681b8,pullman,heyne,magische,pu.,h.
1334c60f-ff58-4359-af47-e2ca358e30d2,percy,penhaligon,roter,percy,penhaligon
37b1742f-bf3b-4c22-aa90-4f72a050927f,pohl,hoffman und campe,finanzgeschichte,pohl,hc.
0c288735-6b95-4824-bee7-d99cdd202e58,redfield,heyne,celestine,redfield,h.
7c71de1f-5887-43ea-9061-2a1719af69c4,preston,knaur,canyon,pr.,k.
561869f4-1f1f-45ef-b49c-635523f74c42,preston,knaur,ritual,pr.,k.
6cd96c09-5e3a-4343-bcec-52f9c6515832,pullman,heyne,goldene,pu.,h.
95db04ca-515c-4988-9900-5059d2daa96b,rk.,goldmann,schlafende,rk.,g.
fd2c3437-22cb-464c-8358-b1715411e27e,rosenberg,al.,strauss,rosenberg,al.
95f0e7b6-3720-41c4-be58-772eb7062597,beresford,Unknown,geheimnis,beresford,Unknown
87542204-a90e-47c9-a549-f936d054665e,roman,goldmann,kreativ,roman,g.
07920180-5858-474c-8292-771339dce7da,palmer,heyne,connection,pl.,h.
fab5bf1f-b3ad-4f2c-bb27-2db27ab3a644,power,goldmann,sushimeister,power,g.
49ad735e-d7cc-482d-a520-0ba2c067d515,preston,buch und medien vertrieb,darkness,pr.,rm.
fa58df21-f7ba-4d39-af98-b94eba2bc6f9,pri.,schneider,moench,pri.,sn.
d8387c32-1967-40c5-be33-f2c2427b2e70,samson,ullstein,traeumer,samson,u.
d661ed27-a80c-4e6c-a558-fa1f34f9e674,schacht,blanvalet,goettertrank,sc.,bv.
87cd7b7c-c839-418f-94ea-f795fd27b929,scotson,knaur,doran,scotson,k.
e5d65499-a4d0-44c4-a20d-fc73e60960cb,serno,buch und medien vertrieb,campodios,se.,rm.
e275f290-1012-4ab7-9ba8-988b32145839,schi-dscheng,non-stop,djin,schi-dscheng,non-stop
ffcb7d87-bd1f-449e-b80e-71e4932efefe,serno,knaur,apothekenhaus,se.,k.
42cc0085-e332-4019-a446-875cfb6ebcd0,scholl-latour,ullstein,koloss,sl.,u.
2a7c6e2b-959a-4fe2-afdc-ce36ae955413,smith,zsolnay,delta,sm.,z.
9789a515-cab3-4026-a657-8d98916d959f,sheldon,bertelsmann,fremder,so.,b.
bf7e6550-d473-4c73-b833-96a23a2c304e,stern,heyne,wildtiere,ste.,h.
165224c7-2394-4b5f-8c4b-5c36fd66b1a5,rz.,suhrkamp,windes,rz.,s.
b9b317f0-bcb6-42e4-b8cc-c6afb5fd7957,steel,knaur,rendezvous,s.,k.
5e81cc41-a985-4d31-87f1-1bdd284f6121,slg.,goldmann,intensivstation,slg.,g.
f901a01b-6efc-42f7-9030-b0ab83a2c2ec,sheldon,fontana/collins,windmills,so.,fontana/collins
121e227e-9e15-4770-ac68-23f723a85a69,speidel,ullstein,sardinien,speidel,u.
9b57fd0e-a5d6-43e6-8ff2-4d48eb96e750,st,piper,anleitung,st,p.
69f98147-41ac-4dea-97dc-f329941810d5,steel,goldmann,vaeter,s.,g.
ef3e9f32-14c0-4bea-9517-9f4212e6ac7e,sheldon,goldmann,diamanten,so.,g.
69b08850-9e7e-4fe3-9c7c-d85e66c86e0d,stevenson,rd.,schatzinsel,st.,rd.
8094a34e-4636-4210-8649-0286bfdb6a15,Sapir,goldmann,2000,Sapir,g.
c1c6f5e9-fa89-4b74-8259-46f6bc90138c,schalansky,suhrkamp,hals,schalansky,s.
3fb3f922-2044-4b20-8dfc-976d29cc3275,schuhmacher,deutscher buecherbund,filmte,schuhmacher,d.
8fee9792-fd25-4f67-bce8-6b92f3e98ed6,steel,goldmann,einmal,s.,g.
0f9a844c-2aa9-40fe-ae70-3608dd9f3540,steel,bertelsmann,regenbogen,s.,b.
ad1d8e12-9131-423f-a339-ad17cc7e058b,sangal,btb,identitti,sangal,btb
4724b9fe-06cb-40ef-8ccf-9a576566b78d,safier,rororo,karma,safier,r.
18cc0f16-4ff5-450f-9061-3753ae8513c2,safran foer,kiepenheuer & witsch,tiere,safran foer,kw.
4f891eef-58ea-4a20-a4d0-a278a8987a52,scheibler,bo.,bergdoktor,scheibler,bo.
bda19eca-0e0b-433a-aca5-b5caf2f37e74,saramago,bb.,zentrum,saramago,bb.
6df3ea49-8285-4099-b3f9-d786fc2c8cbe,schlender,buntstein,mitsukoshi,schlender,buntstein
1ee52559-8836-41be-bf91-08a0bbb47770,sperber,europaverlag,wassertraeger,sperber,europaverlag
f816779e-e4fc-4154-9074-e0a348dea574,ryman,buch und medien vertrieb,shalimar,ryman,rm.
880f4b4d-2eaf-4e2d-9cf7-32c4585997f8,smi.,kegan paul trench truebner u co.,chinese,smi.,kegan paul trench truebner u co.
f05a6553-4702-48a4-8b9f-067024ebcc91,stb.,heyne,schlund,stb.,h.
18bb67c3-18c5-42a7-9005-543d905d2175,reichs,blanvalet,knochenarbeit,rs.,bv.
21f0deb6-8ac5-4599-8d44-82bebab701ee,steel,bertelsmann,familienbilder,s.,b.
e3ae1b2c-8027-4603-b9ce-177d078eb5b6,scheunemann,goldmann,dackelblick,scheunemann,g.
1ebf715a-6076-4936-91a1-4676e0e1897f,smith,kegan paul trench truebner u co.,chinese,sm.,kegan paul trench truebner u co.
9e1c2d0e-92b8-4312-989f-5c177b55d4f0,roth,rowohlt,makel,rt.,rw.
ed1079f3-2566-4889-ab2a-05a6b4b31489,sharpe,ullstein,puppenmord,sharpe,u.
c1363059-3398-4eaf-9499-fa287cba627b,shea,goldmann,drachen,shea,g.
bc3d8a68-cf30-47e9-9f7e-4a2f69cb5131,simpson,fischer,lusitania,simpson,f.
4bd6d8b4-db30-455f-9bfb-8858cdf2c59a,sr,cr.,enchantment,sr,cr.
115b5a24-908b-4212-b343-e18991453991,vandenberg,bastei luebbe,sixtinische,v.,bl.
85902df1-c8b4-49a0-a4ec-3d90439a71eb,west,goldmann,meisterwerk,w.,g.
d653444f-18dc-45b3-9ae3-ad9d59bd1d7b,wallraff,kiepenheuer & witsch,bild,wa.,kw.
51b495bd-ba15-4b49-bb8e-97e6e22a1dda,verne,fischer,propellerinsel,ve.,f.
ab3cca4d-96e5-433b-9a72-0b3cc4430300,vazquez-figueroa,blanvalet,maradentro,vf.,bv.
154e9889-108f-4a89-a562-8f9ec9921c83,west,goldmann,lazarus,w.,g.
d4592ec5-a001-48a4-8b1c-57a24d849734,wangden kreuzer,arbor,kunst,wangden kreuzer,arbor
7e963213-effb-441d-8501-14fa9adb7e39,weisberger,goldmann,prada,wb.,g.
fd3a3a94-41cc-4974-9144-033713c6920f,white,dd.,merlin,wh.,dd.
93797a90-a04d-494e-a062-382cffc1a0c0,tietze,bastei luebbe,abschied,tietze,bl.
11797ba7-3d0e-4f4f-add8-b40507e922a0,verne,fischer,geheimnisvolle,ve.,f.
d1b6a2ca-0da4-4f0b-804f-207b0bcdd751,volpi,kc.,klingsor,volpi,kc.
8208f55f-8752-48b0-ae82-b9af1d5df4a2,welch,hp.,winning,welch,hp.
125146d3-af4d-4047-aac1-ef4ded95935b,tp.,bertelsmann,zapfenstreich,tp.,b.
2c52b3f3-f8ab-47ff-bbaf-1160ceb459d0,turow,wa.,innocent,tu.,wa.
68e021ad-70b6-4b7c-8f61-e0192245b610,stp.,goldmann,confusion,stp.,g.
7df07836-ee4c-4b41-9653-a5603eb34000,tenberken,buch und medien vertrieb,tibet,tenberken,rm.
fa8229c5-432d-41a3-ad3b-c79bd8ac98ba,texier,list,manhattan,texier,ls.
c7050cfc-a045-42c8-9e26-2568e9f4d603,sul.,heyne,kate,sul.,h.
b4033a79-a2ca-4353-9663-a84e1715550a,treutwein,sw.,uebersaeuerung,treutwein,sw.
983a48da-2153-44a2-9c20-aec1d3666f40,strauss,ullstein,rumor,strauss,u.
25483308-aee3-478d-afbe-00c136e1b9b6,schweikert,knaur,hexe,sw.,k.
f7274de8-5da1-4a00-a4ed-f764e5a0177d,sueskindtorm,ullstein,geld,su.,u.
0a029ff3-89f6-45ee-8968-241d17a87af5,tobias,bastei luebbe,nervenkitzel,tobias,bl.
923cfcf8-3731-4aed-b316-025498437133,verne,fischer,ferien,ve.,f.
1338edd7-342d-4f6f-8079-ba65c50358c3,thorwald,deutscher buecherbund,chirurgen,th.,d.
f4413758-c507-499b-90cc-b5c4986ac55c,tidyman,pendragon,shaft,tidyman,pendragon
003ff718-097d-48ea-ac16-de80a82a4592,unbekannt,rv,rv,u.,rv
34bffe51-fd94-4169-94da-1944cfded37c,tan,bertelsmann,himmels,t.,b.
5b0b3fd3-58fb-44b1-bf66-a73a5c05dbd8,ts.,buechergilde gutenberg,peter,ts.,bu.
9a3529e2-9853-441b-a511-e1066a514fce,verne,fischer,eissphinx,ve.,f.
12a86c5f-e83d-4562-8343-de6736c56157,strout,lh.,meer,strout,lh.
77f406b2-bb0a-4e14-8384-7d830937d1cb,tschenze,goldmann,vetucha,tschenze,g.
74c7a182-b87f-40c9-9802-aa116ceda115,tan,ballantine,bonesetter's,tan,ballantine
0f5ab5a9-9496-4e15-a3ee-5e7068c9dc48,turhan,knaur,pascha,turhan,k.
1da168a6-0fc3-45fc-8109-95a98797521d,unbekannt,fischer,schuelerladen,u.,f.
41729cdd-f262-41b5-8ece-e4a752c82750,vandenberg,bastei luebbe,kopernikus,v.,bl.
31ea8b3e-d6d7-4f1b-badc-73338718dad3,verne,fischer,kurier,ve.,f.
bac676a6-0468-4cc4-9750-38fede419d11,thelen,copress,schaefer,thelen,copress
2fdd4dcb-9df0-46b5-935d-318cd301c331,thayer,heyne,woelfen,thayer,h.
14dd7b03-8b0d-4364-985b-ee07c137ddce,turow,droemer,geld,tu.,dr.
84d842f3-23a4-43f1-8610-8a55d8837510,veryan,knaur,anders,veryan,k.
def393fc-9810-470e-aedf-7f46d0ff4786,schweikert,weltbild,salzsieders,sw.,w.
0711544b-9570-4ece-9c4c-3bdcf067ab3a,schweikert,knaur,salzsieders,sw.,k.
2e64ad73-cf45-4da0-97e4-6f8b84cbd64c,thorwald,d. stuttgart,patienten,th.,d. stuttgart
6c657f72-d8f4-448a-9d49-f3e12acb6e73,tz.,goldmann,asien,tz.,g.
f25ddd91-db70-45b7-ba88-802280ab2824,verne,fischer,mond,ve.,f.
af8311ce-b132-4d19-8483-18fb9de462f2,wood,fischer,seelenfeuer,wo.,f.
2c1e651e-2b23-4dd5-bb4b-34367cafc630,woolrich,diogenes,pfad,woolrich,dg.
e78012e2-d780-4776-9dd2-c2f7cfece21c,wood,fischer,traumzeit,wo.,f.
b6455385-1c1f-4232-aa29-2188be4bb6b6,wischmeyer,rororo,bregraebt,wischmeyer,r.
1ac51788-c587-46f8-a1a0-7fa59e18a04e,wood,weltbild,prophetin,wo.,w.
a1beb0f3-9459-40eb-a867-9a56a8f7bed7,yourcenar,fischer,liebeslaeufe,yourcenar,f.
ccf5ad98-124b-4fe1-b42b-c33e70fcc926,zeller,bz,gesundheit,zeller,bz
09bd7e07-26d8-4542-86c9-e85b7778c225,wood,fischer,herzflimmern,wo.,f.
421737d2-6c0a-44dc-b838-4ecd899e279c,young,whitecap,forests,yo.,whitecap
37bfba1b-484a-4668-b476-ec868e81ee4d,wood,fischer,nachtzug,wo.,f.
02e417d4-6160-44f6-94d9-41807fae51c4,zweig,heyne,irgendwo,zw.,h.
152c3a99-0112-4782-963e-4aa59ce0ec53,wood,weltbild,lockruf,wo.,w.
4b4ff17a-1edf-4c8a-92a1-139e65c5b0c9,wood,decaton,vorgeschichte,wo.,decaton
d9c22732-f656-445c-9a20-12f400d0ad11,womack,cp.,revolution,womack,cp.
5ecb754b-681c-412d-bb5a-eee20303ba56,av.,Unknown,fluechtige,av.,Unknown
45488feb-e215-4bc8-8d24-26c0d731712e,archer,Unknown,kains,a.,Unknown
07d62a47-ab96-4db0-9248-1bf40d7154b2,twain,Unknown,sawyer,twain,Unknown
16ed6778-7b2d-43ee-b002-6e6622f649c2,archer,Unknown,aufstieg,a.,Unknown
f28ac1b0-4997-4676-a8af-6dc91bda0d1b,brown,Unknown,da-vinci-code,b.,Unknown
24857103-f9ba-43ff-8e7c-c0cb46ddff5d,artus,Unknown,franzoesin,artus,Unknown
0e7d97c2-aac1-4311-9ea6-72cd0e21b9c6,bartsch,Unknown,betriebswirtschaftslehre,bartsch,Unknown
a0187665-33bc-4a1a-aa05-73be2294d43a,crebillon,Unknown,sofa,crebillon,Unknown
c1b696d6-85c8-41b4-9f29-ad816079bfb1,cussler,Unknown,flammendes,cu.,Unknown
eddaf4b1-d1c4-40e3-99c5-f9611907f2b5,clavell,Unknown,rattenkoenig,cv.,Unknown
d6a8a846-d0be-4434-a6d1-fd044e361562,ende,Unknown,lokomotivfuehrer,ende,Unknown
9c4268f5-6dae-4468-b695-499d5e338278,coeppel,Unknown,carcassone,coeppel,Unknown
8cf1948f-931e-4120-9434-41ac66fbc8e8,dollinger,Unknown,weltgeschichte,dollinger,Unknown
d5181aca-6c5d-48be-81e9-b7d9fcc9e4eb,commer,Unknown,manager,commer,Unknown
cb6a7a50-f5a8-476a-ae03-6cd8bfcbdfde,elon,Unknown,rothschild,elon,Unknown
e4c2460f-3fa6-42da-859a-4d55c4f1bf8c,defoe,Unknown,crusoe,df.,Unknown
19abfc67-9dab-4b2f-b2f5-9ad51624c57d,dostojewski,Unknown,karamasow,dostojewski,Unknown
3aa3e7bb-d188-46ac-a8e2-15ea3151dcaf,conroy,Unknown,insel,conroy,Unknown
d61f6845-54f5-41b9-a0a2-e9228d8299ae,duchow,Unknown,bis,duchow,Unknown
9b1760c6-22f4-41ed-9645-f8dc2b81251b,follett,Unknown,eisfieber,f.,Unknown
fd7dc07e-2ed5-4f32-8201-fa866e3d56ff,Fis.-fabian,Unknown,alexander,Fis.-fabian,Unknown
ce024570-d621-493a-98e0-c0c2d9ed0ec3,gifford,Unknown,assassini,gifford,Unknown
0751dcf2-a6b4-4acc-bc27-4e0be23de4f7,gegde,Unknown,pharao,gegde,Unknown
711113bc-a5b6-4abb-8635-c7152c2ee986,frank,Unknown,tagebuecher,fr.,Unknown
e4d40ca1-4ed9-41dd-847d-7d162745fb1f,grisham,Unknown,street,g.,Unknown
d2d5079f-c2e2-455a-8d2c-7457f975ca51,hohlbein,Unknown,anders,ho.,Unknown
477838da-4044-4bd7-9efa-f1ebf65ee159,hoeg,Unknown,fraeulein,hoeg,Unknown
dec8f88f-9354-44b3-a207-a39bdc031099,groenemeyer,Unknown,gesundheit,groenemeyer,Unknown
16886070-8cf4-468b-bb95-a1c5563fe5fd,"hoffmannsthal, von",Unknown,lesebuch,"hoffmannsthal, von",Unknown
f9aee0be-6115-4f7e-8106-e3d7bc5a631a,guiladi,Unknown,zypressen,guiladi,Unknown
0d8e32c9-1e02-4321-85e7-8cbbcde8004a,hohlbein,Unknown,hexers,ho.,Unknown
f49dedd9-532a-40b8-ae77-4b254b8f6a59,jeier,Unknown,einfach,ji.,Unknown
f5a3db5f-361a-4d8b-943a-ec2c7ef8556d,klein,Unknown,gebens,klein,Unknown
7bee17ce-5723-42d9-815f-950cf632b13b,mek.,Unknown,story,mek.,Unknown
0c44ad8f-46b5-45fe-8fe9-7beb9d43045a,holt,Unknown,gefangene,ht.,Unknown
bccfa871-19c2-4dd5-a2d1-61c28eb6d04c,jacq,Unknown,schweigsame,j.,Unknown
5ccda7a3-935b-4c7b-ab3b-dd18b64c3b4b,link,Unknown,schattenspiel,l.,Unknown
bb7040b2-ff70-4cb1-a65d-effac687597f,juul,Unknown,kompetentes,juul,Unknown
1b92d125-5ff2-4e62-94d3-b57c0ffc4132,konsalik,Unknown,toedliche,k.,Unknown
e2eed91c-468c-4fc1-9be6-cac1f416c67a,keyes,Unknown,entzuendeten,ke.,Unknown
cd2a5590-d081-4240-bbb3-759c2d07bd48,lama,Unknown,glueck,lama,Unknown
f2656840-0547-43fb-b077-5397a3c91785,leon,Unknown,venezianische,le.,Unknown
d93171c1-74d5-4c60-91be-cd39ccc1ddf2,krause,Unknown,fuehrungskraefte,krause,Unknown
043e038c-f5b9-400e-b585-c8a80640f381,lagerloef,Unknown,wunderbare,lagerloef,Unknown
2ee54520-2200-4c8c-8e0f-b9dd7043d4a7,lorentz,Unknown,apulien,lo.,Unknown
23f50d42-963f-4a30-a965-64f152970774,richter,Unknown,gewissens,richter,Unknown
b685b254-410b-493b-8233-0ee242b55ec0,link,Unknown,ohne,l.,Unknown
4939283d-7737-487b-856a-d671252dea1d,koeppel,Unknown,carcassonne,koeppel,Unknown
ecc1faa8-f1b9-498a-9d10-827e7d15907e,link,Unknown,fuchses,l.,Unknown
7f18f452-a4b2-48da-a6de-c07455096648,knopp,Unknown,kinder,kn.,Unknown
dddba01a-f86f-42d2-945b-f94267088696,lorentz,Unknown,tochter,lo.,Unknown
48199ffa-7528-4c4f-a99c-74a54a21b432,link,Unknown,entscheidung,l.,Unknown
48c652af-a458-4f14-ad9b-d7b2935ce8d0,lorentz,Unknown,ketzerbraut,lo.,Unknown
154b288e-55b1-4185-9f1d-987cba064dde,lourie,Unknown,wissarionowitsch,lourie,Unknown
475f6995-bd36-4a79-aa92-b1d69bf466a7,kuehn,Unknown,schulversagen,kuehn,Unknown
2ab2c74d-4567-43ca-a7a2-5d5321db3522,kihn,Unknown,asshole,kihn,Unknown
da9d3bfa-4bca-4565-a2f3-ba5505b3c87a,knaak,Unknown,karpatenbaer,knaak,Unknown
4c349050-4383-4169-87df-26ebc584430b,lang,Unknown,aquarellsommer,lang,Unknown
84685069-5fce-4bcd-bd1d-53ff91343af0,luc.,Unknown,wars,luc.,Unknown
36065413-392c-4a8c-a871-1bd0a1b1c120,link,Unknown,lupinen,l.,Unknown
66c1f22a-b5f9-4488-9f2c-2393d63cc035,larsson,Unknown,verblendung,la.,Unknown
64a77eb5-5ed7-424f-bcff-24b71b960a6c,lindgren,Unknown,loewenherz,li.,Unknown
ea389210-7be6-439e-a085-098a7a2f8087,king,Unknown,langoliers,ki.,Unknown
16e0ac2c-7c90-455f-8f18-c7d56ef792a4,liss,Unknown,kaffeehaendler,liss,Unknown
b8133950-f8dd-4460-99d8-c856896dfe3a,murakami,Unknown,beben,m.,Unknown
2a553d1a-cd6c-42e1-8d37-4c5b31b59440,may,Unknown,skipetaren,ma.,Unknown
fbf8762f-82fe-454a-99b6-52f9a18b317b,molloy,Unknown,bekenntnisse,molloy,Unknown
75add922-0937-4f9a-9446-82a770fef280,may,Unknown,surehand 1,ma.,Unknown
a1fbe5e9-ea3e-456b-b3f5-0cfa9cd05f4c,morillot,Unknown,orchideen,morillot,Unknown
a0be9967-4d2c-47ae-97f0-e9d2dbba393d,mco.,Unknown,wasser,mco.,Unknown
5d2cc0f5-ddce-402e-8b86-6add8d612d73,murakami,Unknown,sheep,m.,Unknown
67f0b2fd-544f-4cb5-b85d-9b088f1d2bd4,maerov,Unknown,copykill,maerov,Unknown
4fbfe790-29f5-444b-bd95-10ddfb4ad404,mercier,Unknown,nachtzug,mercier,Unknown
2d87c410-f6d8-487a-9751-470b4da0d244,moi.,Unknown,verschenkte,moi.,Unknown
4e14b668-91b6-4651-ab4d-310eac4ac3b7,murakami,Unknown,singt pinball,m.,Unknown
dee7678c-40b3-4f42-bf0f-a482c39fa51a,pas.,Unknown,giftkoechin,pas.,Unknown
ee8e3460-6d4e-4a53-b903-5d81c25d035e,mos.,Unknown,arche,mos.,Unknown
6fdacb76-902c-4ac6-b853-167f9e6d0d18,may,Unknown,firehand,ma.,Unknown
8e267d22-291f-47c2-9091-4d894ad058b6,millerd,Unknown,pathless,millerd,Unknown
48eed19c-1e9b-4609-beee-3ad283bb663a,murakami,Unknown,gefaehrliche,m.,Unknown
7224feae-85b0-4ae2-8db2-859bebe40b9d,may,Unknown,oelprinz,ma.,Unknown
ec9fa20b-1b50-42a8-ba9a-b245b8570c50,march,Unknown,ringeltaube,march,Unknown
0ff049fe-52bc-417b-9ac2-85be766e99ad,murakami,Unknown,1q84,m.,Unknown
96d37a05-402f-4d24-8e4a-9c8dd7ed406f,maiwald,Unknown,spion,maiwald,Unknown
2f22165c-726d-4078-a45b-1598da463c72,michener,Unknown,torremolinos,mi.,Unknown
13e09e4c-17a0-460e-ab96-ffea3bbbef33,mason,Unknown,suzie,ms.,Unknown
f0424184-2586-4bf0-9625-181abe9077c6,pem.,Unknown,vergessen,pem.,Unknown
5fcaca2a-4ba8-4cdd-a4f1-b68463d04b0d,pronzini,Unknown,schattennaechte,pronzini,Unknown
9506cf43-6668-42bf-afda-816f85f8af11,rohrschneider,Unknown,bewerbungsmuster,rohrschneider,Unknown
e383603d-a2df-4632-bbce-97a70e972771,singer,Unknown,kraenkung,singer,Unknown
bb2434e0-85fb-452b-a3e3-28b0e18e6c7e,peinkofer,Unknown,thot,pe.,Unknown
c5647bc5-5c16-4951-8d2e-f0509a2ca062,preston,Unknown,canyon,pr.,Unknown
064a4b5c-53ef-4ec5-ba06-23ef518f0285,schraven,Unknown,deutschland,schraven,Unknown
4797a0cd-7b9b-4717-a157-67b4c421a148,slg.,Unknown,kisscut,slg.,Unknown
cdb7b854-a7d1-48d2-b7e2-ce2b97598832,steel,Unknown,stiller,s.,Unknown
43109e8f-bc64-46f3-9fe8-40b0d3be88df,smith,Unknown,river-god,sm.,Unknown
e0cbf80c-91b9-480f-92b8-1e518eea9245,we.,Unknown,maorifrau,we.,Unknown
79718dc7-1c55-43f6-bb15-7ee03576a383,zy.,Unknown,teufels,zy.,Unknown
4945a3dd-6ce2-414f-a9c3-80f8464ac6ba,schroeder,Unknown,schneeball,scr.,Unknown
28b1c6c9-9aa7-49f6-aecd-cc01b74041d9,steel,Unknown,petersburg,s.,Unknown
1b1d8264-a4df-4fb6-a050-c90888b52a7f,roth,Unknown,martherspruech,rt.,Unknown
d533ea18-7688-4709-8654-22175beffe7b,schacht,Unknown,badehaus,sc.,Unknown
85ebc59e-4a99-49a7-b7de-b409f71b9d47,schenkel,Unknown,kalteis,schenkel,Unknown
11dbf5df-73f2-4d32-b232-22e9ea496e7c,shakespeare,Unknown,macbeth,shakespeare,Unknown
022913a5-ac55-4a03-8818-8688d499b479,sievers,Unknown,bauernkrieg,sievers,Unknown
729803ff-092a-451d-904b-730e194809ad,shaw,Unknown,brennender,sa.,Unknown
be466d08-b956-42b1-a566-f9b647909958,vandenberg,Unknown,pompejaner,v.,Unknown
cced7c5d-c3b3-467f-bded-0e01e51f9d15,suyin,Unknown,erwacht,sy.,Unknown
404bbd5c-3c4a-4860-b00e-36928a276a79,vandenberg,Unknown,verschwoerung,v.,Unknown
f051c00d-631b-42b0-9e28-d4eba17f1b3a,trump,Unknown,rich,trump,Unknown
fb451add-4a05-425e-b64e-4c7309e633e6,weidenmann,Unknown,junge,weidenmann,Unknown
dc5f90a2-abf9-450a-b695-92ff3e97fb7a,tremayne,Unknown,pilgerschiff,tr.,Unknown
6ea2cdd6-d986-4ddc-8d97-c4ccf9e2071e,verne,Unknown,kurier,ve.,Unknown
7abd8d92-8f46-44f8-bc8a-59bc0c1c41c2,tan,Unknown,toechter,t.,Unknown
9a5a6b80-feec-499d-813c-ea70e3f3c7ab,unbekannt,Unknown,sand,u.,Unknown
90414832-9f20-47e6-b9cb-518111c20acc,vandenberg,Unknown,pharao,v.,Unknown
64f5f623-5637-490a-8694-31719d32546d,vu.,Unknown,weihnachtsgeschichten,vu.,Unknown
567d2d78-427b-4ee8-9e7d-04a21daf34df,sweigart.,Unknown,python,sweigart.,Unknown
08c4fd46-26ae-45a0-95e0-5af8d3680dea,wm.,Unknown,caspar hauser,wm.,Unknown
21626812-2ee0-4a47-a166-3382c622f7a7,waltari,Unknown,aegypter,wl.,Unknown
f77797fc-3230-47ae-a9fe-4e6adc22b55d,zt.,Unknown,tausendundeiner,zt.,Unknown
669f1213-1edc-4162-aa00-75c4234f58ba,wood,Unknown,schwarzes,wo.,Unknown
c6410768-640a-46a9-afa0-ee4726a4e7a0,zweig,fischer,frau,zw.,f.
b71d8703-fadb-4fc7-ba6b-fdad94514510,schweikert,knaur,hexe,sw.,k.
addb0a08-080e-4852-9132-d86676f1c499,linner,rosenheimer,tagebuch,linner,rs.
fbbeaff1-039b-4303-8db0-9450cc571890,duve,goldmann,entfuehrte,duve,g.
a2ff8223-3d4c-4568-a43f-1f929c29dbba,konsalik,weltbild,gutachterin,k.,w.
d4108d47-fdfd-491a-a148-49d002abcc62,gowda,kiepenheuer & witsch,goldene,gowda,kw.
dabad1ca-21dd-43d5-86b3-2aa5364e8d40,peters,Mi,suche,pt.,Mi
6aa55a9c-feb9-4d23-984f-a5fe62f308f6,konsalik,bastei luebbe,tiflis,k.,bl.
90093bdd-fd47-4dbc-9268-6e1f13990fb2,schirach,btb,tabu,schirach,btb
048635a8-2445-4f37-be15-540d34080761,michener,econ,klondike,mi.,e.
8e848ede-fb4c-4817-af90-fadfc4265df8,greiner,ullstein,verschieben,greiner,u.
7d2167aa-2899-4d84-9d13-81a95505e897,kothmann,rk.,vietnam,kothmann,rk.
e60dafcb-ec26-435a-af99-53bc8dee6b58,maly,ullstein,salzpiratin,maly,u.
551f17ed-8bd0-4837-ab7d-3349d48d4623,puzo,ullstein,letzte,p.,u.
5dcacddd-a304-48ad-aa29-94715503b5d8,butzko,rororo,geld,butzko,r.
d7af896f-3f80-447c-8a79-b070c1ddf31c,konsalik,EBG,gestohlene,k.,EBG
4ba56c4f-5c89-4786-bf3f-fe6ab4e52177,kentow,seehamer,rohkost,kentow,seehamer
84e32d5a-64de-4f1f-affd-9737781f0f34,heim,hestia,menschen,heim,hs.
fd6cb6e0-28de-4dfe-9566-f3feabcdd71d,reichert,wagenbach,krypto,reichert,wagenbach
0a529b7b-0b5b-447f-9353-733e164f65ef,archer,heyne,wege,a.,h.
9543e72b-8cf0-4d36-94bc-1dd1550863ac,konsalik,heyne,tochter,k.,h.
a86d4857-d9e1-4e24-a409-30dd83e3cdfa,fried,heyne,verborgene,fd.,h.
1dc3b038-5438-44e8-952a-b352cbb54a96,duke,goldmann,nahrungsmittel,duke,g.
4b362073-cb0a-40c4-afa1-b6cb62b54c14,echenoz,carl hanser,pjoengjang,echenoz,ha.
a36520f0-7e63-4f14-bde3-449cbe6ffa28,george,goldmann,wahrheit,ge.,g.
25b9d513-f6e7-493c-b90d-d9e18bdef5df,gordon,random house,salomon,gn.,rh.
cb3ff28a-3b26-4133-af26-4a4195402b23,hohlbein,heyne,sarazenen,ho.,h.
dba2539e-7196-4061-96be-a6e48b73925d,huston,heyne,killing,huston,h.
d02c41eb-7c35-453c-9817-c9f8bcb768eb,konsalik,heyne,bittersuessen,k.,h.
5acade16-b82c-4a45-9111-5acf65395714,link,blanvalet,betrogene,l.,bv.
759d9982-abab-4a1d-8811-93ba0d079b3b,ross,heyne,schottenrock,ross,h.
f5be81a8-8933-4668-8a80-7544808b2bf1,romer,goldmann,dornental,romer,g.
f509acd2-3ed9-4cfe-b560-f6efb82d1077,schwanitz,goldmann,bildung,schwanitz,g.
dfd2d324-62b2-4148-87ea-aa5db162eddf,walz,blanvalet,herrin,walz,bv.
45e33afe-24cd-421c-ba99-693181358aad,phillips,blanvalet,verliebt,phillips,bv.
28edff10-e486-479f-968b-36d15a8fcdae,link,blanvalet,ende,l.,bv.
4f09929e-92ac-4008-89a5-e2b4db26c2cc,cognetti,penguin,sofia,cognetti,pe.
e04bec50-1ad7-4103-991c-d0e87427253d,konsalik,heyne,airport,k.,h.
83352644-216e-42ae-8dad-3aa65df12800,link,blanvalet,nacht,l.,bv.
b71e359c-089d-4fac-9155-9d6bf93ea83e,clark,heyne,tausch,clark,h.
91cc436b-211c-4a75-a27f-d9eec9f3dc5c,mueller,heyne,machtbeben,mueller,h.
3e8029b2-a817-41f4-ac92-dd7783e3c944,grisham,heyne,manuskript,g.,h.
43ced8de-0dfe-4a5a-983c-38373eaccc6f,brand,heyne,revolution,brand,h.
dbab8026-28cd-4a9d-8776-b262e66b2f1d,clason,goldmann,reichste,clason,g.
ec721d37-c4db-4afe-8324-27a94aeee4b4,grisham,heyne,gerechte,g.,h.
1a6c8293-c0aa-4524-b90f-13f1b8b1c1df,haran,blanvalet,schokoladenkuesse,haran,bv.
3ca09b52-70d8-48ff-9dc2-174616b3864e,james,random house,freed,jm.,rh.
26d78f6b-5889-4ab7-bb95-b542d1c24c78,archer,heyne,schatten,a.,h.
73333082-f774-4b61-8129-bc32557bd72f,wolf,goldmann,salz,wolf,g.
6bec8246-f760-48ea-80c6-6875d2df2419,bertram,blanvalet,tochter,bertram,bv.
47887dc2-c78a-4189-ac58-32b359e7981c,winter,goldmann,wolkenfischerin,winter,g.
ddd83768-eae5-49e9-ba94-c2aac66c052e,wolf,goldmann,salz,wf.,g.
b6e3ed2f-0fd2-4b06-a602-02cf206fbd0c,jacka,blanvalet,labyrinth,jacka,bv.
43503c0e-49cd-4a48-80d5-1e093bb5830e,bolton,goldmann,beste,bolton,g.
0f4b4a78-e4b2-4eae-8f38-918b77ed97f4,galbraith,blanvalet,seidenspinner,galbraith,bv.
39fc8ce7-edbd-49d7-be15-50e2fc634d05,fiorato,blanvalet,kriegerin,fiorato,bv.
06153686-5eb1-40d9-bfc8-4877b6a80f74,harris,heyne,muenchen,h.,h.
eb626ed7-4afc-4303-87bc-fa296c912b33,heym,bertelsmann,ahasver,heym,b.
75f9f6ec-d137-46b0-9cab-77d66bc65973,harris,heyne,muenchen,h.,h.
ae47346a-aaf9-4363-a24f-473ab2f7893d,halmer,bertelsmann,fliegen,halmer,b.
406a89b9-e384-4d17-b3e5-afd369ccd235,harris,heyne,dictator,h.,h.
ef7b8086-bbbe-4195-9c83-40369f5811bc,konsalik,heyne,liebesnaechte,k.,h.
6e39e9b3-e5d2-4de1-a838-814de6d7207d,konsalik,heyne,liebesnaechte,k.,h.
712ddc3e-f165-4abc-a0de-c9137266750f,liu,heyne,jenseits,liu,h.
a4875a8a-cade-4591-b41d-a96424895b9a,walters,goldmann,wellenbrecher,wt.,g.
2cf856bb-4a46-45c6-8cf0-a0370b4f3176,bank,diana,dinge,bank,da.
735ded1d-4daf-432d-8832-3e5713554ffb,obst,dumont,florida,obst,du.
9f50d336-373a-4187-8939-4b396dda953f,price,Unknown,cash,price,Unknown
df34341d-82bc-4671-a70d-28fb4443730f,eco,dt.,rose,ec.,dt.
bfef9064-3860-4bdc-a27d-bcbf7835ecc8,new,diana,shanghai,new,da.
bedfa73e-06e0-470e-94eb-db6ba3f43b8f,schwarzer,kiepenheuer & witsch,alice,schwarzer,kw.
4db7ee74-bc40-4b4c-a042-66c7e4cb7f6f,eco,Unknown,rose,ec.,Unknown
