id,isbn13,isbn10,full_title,match_source,match_confidence
cd3f6564-bf2b-47f6-98bf-2715dab9f358,,,,openlibrary,0.0
f7a3dd39-b0dd-492a-897d-c5b7c8e6efca,,,,openlibrary,0.0
6f84d85c-7874-4846-9592-138beeb33e56,,,,openlibrary,0.0
cfa52da5-86d0-4e6a-88bb-915a264225cd,,,,openlibrary,0.0
26c65f75-5db1-4fd0-a166-77667714c17e,,,,openlibrary,0.0
9c6afed4-849d-4460-91a2-215dbb8cc651,,,,openlibrary,0.0
34515ea6-a9eb-440d-abfc-150548a0b06c,,,,openlibrary,0.0
2b56d06a-fc59-44a0-aa68-6c7377572048,,,,openlibrary,0.0
3b228cf3-52c0-4312-8db2-96a5fd907ef8,,,,openlibrary,0.0
dd374f07-630c-4d3d-87c5-b7bb92819a76,,,,openlibrary,0.0
32d5f0d6-26af-446b-a4de-5400be3c697a,,,,openlibrary,0.0
21b1a712-40e5-4fe1-a665-d05a86de7181,,,,openlibrary,0.0
7796fe60-4f0b-4c59-9efb-876e4b7fffe6,,,,openlibrary,0.0
d1320be3-890d-4099-91c2-2be916379dfa,,,,openlibrary,0.0
d72a372f-2a5b-4099-afd7-8d32bf891a0e,,,,openlibrary,0.0
a123c015-e48a-4aaf-a662-257d2c3b6221,,,,openlibrary,0.0
8af7d0a1-0a23-4d4c-bfef-c776c1d9f208,,,,openlibrary,0.0
92fd3133-8ee5-40f6-8baa-a18fa1376ebd,,,,openlibrary,0.0
d4cdb798-32c7-4f8a-96aa-83daeb5f9267,,,,openlibrary,0.0
dbd7991b-a9a5-4fca-9f0b-168d2c52c9e1,,,,openlibrary,0.0
7e7b96a4-c636-49e9-a940-ca53aff9bb04,,,,openlibrary,0.0
c3b7a7e6-67a6-4da1-a3a3-b31ddf79f639,,,,openlibrary,0.0
8d1bbcc3-bb3b-45bb-9493-c130707f210b,,,,openlibrary,0.0
ebaf63ee-bda5-4317-966c-3cd81af706c1,,,,openlibrary,0.0
a4351295-fa6c-4007-99e4-43ac5acd7a06,,,,openlibrary,0.0
6cad4f3d-9cb4-4030-88f3-519a93ce1bcd,,,,openlibrary,0.0
a343289b-668f-4390-a30e-4447f9a0c717,,,,openlibrary,0.0
68d695ce-7a9d-4245-bb7d-2d5385f183ce,,,,openlibrary,0.0
0b0a5e15-5968-4eb4-9caf-8eb660fd8ff1,,,,openlibrary,0.0
28de42a5-da11-45fa-bb98-e547a5e1e7ea,,,,openlibrary,0.0
42659094-1808-4fad-bfb9-7614919ecee3,,,,openlibrary,0.0
24ede7e5-16e7-45ca-8690-98c16c866c3e,,,,openlibrary,0.0
d1c30ec4-6919-48e9-b32b-4339722ceed0,,,,openlibrary,0.0
4a18c225-0b29-46ff-b645-376373a8f7bd,,,,openlibrary,0.0
b9a0b4ef-675f-486c-a3e2-4ca7729d7e5a,,,,openlibrary,0.0
e3b792a4-ebee-4dda-9906-4cb9fc043cdc,,,,openlibrary,0.0
6aedf94a-9664-40f0-936c-2be52fe08564,,,,openlibrary,0.0
ee7ac3c4-5bf7-4cf5-b81c-d75efaf37fcd,,,,openlibrary,0.0
6aafa864-f1a6-4af7-96ae-28b38549b1f3,,,,openlibrary,0.0
dccb9ed2-960e-42c0-ac5a-67a0088c2fc6,,,,openlibrary,0.0
ca1fa92d-28b6-4ab5-8971-cdb111c21602,,,,openlibrary,0.0
f51cac86-e9dd-4622-9cca-59eb0217d581,,,,openlibrary,0.0
811a2df3-ed0d-49bc-b8d7-df8c5446a9c5,,,,openlibrary,0.0
a61a96d6-f059-48b5-91f0-3f776d7a7204,,,,openlibrary,0.0
4c801804-bc0a-4f86-aae9-26322e0e1c11,,,,openlibrary,0.0
5dc45e6e-4bb5-4559-95bb-0d761a69bbc8,,,,openlibrary,0.0
5b4306d3-40dc-4eda-b75a-a70e11556558,,,,openlibrary,0.0
6336851f-5317-404e-ae76-64c336b841fe,,,,openlibrary,0.0
7eea9bfb-d598-4cfb-af4c-36643e823a22,,,,openlibrary,0.0
a1c378bf-7e06-4db9-8172-1dccdcb4f2a9,,,,openlibrary,0.0
a451cac5-d379-49dd-8f6b-8f403259db24,,,,openlibrary,0.0
928cc763-fdfa-49ff-b226-7ff271b74119,,,,openlibrary,0.0
7cb94dab-7645-4d59-a485-0cca2b4aee08,,,,openlibrary,0.0
b726b12f-c517-446c-9538-fb8e1c82c1cc,,,,openlibrary,0.0
73278300-8c18-425d-9a89-6e3381ab0aea,,,,openlibrary,0.0
a9793400-f05f-4b01-aabe-b90152dd07e3,,,,openlibrary,0.0
1c67a7c5-097b-4ed1-bf4b-dc54c37b97a0,,,,openlibrary,0.0
864ce4d4-ad96-407d-b238-414c7313aaba,,,,openlibrary,0.0
dfbdec28-82e0-4456-a545-5f944d012536,,,,openlibrary,0.0
3482b52f-02d9-4257-837c-9d27c5f43e6c,,,,openlibrary,0.0
5e7c4fed-5838-47b0-9a4f-e1609db63190,,,,openlibrary,0.0
0736e419-5347-49d7-b5eb-eb044ca02827,,,,openlibrary,0.0
176193de-9647-47f6-bfa5-d75c654db7e3,,,,openlibrary,0.0
e41dae98-b545-4fe0-baf4-4285d638a222,,,,openlibrary,0.0
6869ed5c-64f0-4801-be86-52b401abab91,,,,openlibrary,0.0
b6df19a1-1883-44b4-8983-74927be6a5fd,,,,openlibrary,0.0
3104cf98-b844-4039-ae61-e0ab352e81ec,,,,openlibrary,0.0
c3ea267d-4ba3-474b-8d5b-0d80828ef7ff,,,,openlibrary,0.0
13c4799f-e18f-4fcd-893d-14f99207815a,,,,openlibrary,0.0
42848d52-a85d-4378-af46-3c5bee6ec3f4,,,,openlibrary,0.0
f8b8efca-5e94-4a2a-be41-eae5666ee03d,,,,openlibrary,0.0
133bfb4e-b4cb-427e-9b8c-2d055d527312,,,,openlibrary,0.0
85789e4f-8b0f-4a86-bdd0-48a5e6cf68d0,,,,openlibrary,0.0
8fd3d5da-41be-4949-b017-ff960fcc41e1,,,,openlibrary,0.0
d957b373-b0a5-47f8-9f42-b64c7c123307,,,,openlibrary,0.0
dab6a98e-5b61-4e7e-bfe2-c07002406a75,,,,openlibrary,0.0
bb48ab0e-f348-48c7-896e-07d8cef5ae0d,,,,openlibrary,0.0
9f07d475-317e-4807-a421-69ff9ccef985,,,,openlibrary,0.0
9a4234b9-3e5a-4025-a4f4-dd65afde6b5b,,,,openlibrary,0.0
c1a11d6a-ceeb-4978-adb4-3ec37c32af6a,,,,openlibrary,0.0
9d25132d-89c7-467c-8097-aa6686a2a115,,,,openlibrary,0.0
894ccacc-788d-4bb5-8ef0-66481d8f99b8,,,,openlibrary,0.0
e2edc8cf-5d09-4c39-923b-5c98b5842a27,,,,openlibrary,0.0
5d137ce8-bf46-46e5-bbc4-18f74acf7ca0,,,,openlibrary,0.0
d48f2b8c-fe87-4566-a8f9-fa2e2bad5800,,,,openlibrary,0.0
707e3ec5-4ac2-4b04-8049-318c345c27df,,,,openlibrary,0.0
d0dc564b-28f1-423b-9114-5e103965291c,,,,openlibrary,0.0
bfd3adf2-e2b7-467e-b041-feeb5259a7d7,,,,openlibrary,0.0
e9fc95ae-1ed0-4e5d-994d-c664493acab7,,,,openlibrary,0.0
660e18b8-eb4e-45c0-892e-0569177056a2,,,,openlibrary,0.0
12072e1c-b428-43ca-9836-680a0e0a5161,,,,openlibrary,0.0
0b63bee8-7359-4e3a-9b15-df7051d923b8,,,,openlibrary,0.0
20d8a58f-a014-4fe5-892b-c78606d1ec76,,,,openlibrary,0.0
6d203315-3c87-4923-899b-80aa8c45ef12,,,,openlibrary,0.0
83fa6b62-2b5c-439b-847b-964647fdd326,,,,openlibrary,0.0
2dc04aee-e617-4818-930e-e2c7066ba57a,,,,openlibrary,0.0
de4f5a9e-fb93-41a9-88e8-c36222c6b4e9,,,,openlibrary,0.0
aef80ce9-f555-427b-988a-db61cce41cf1,,,,openlibrary,0.0
14f97f4a-45a1-478a-81d2-ed0f20a1fc1c,,,,openlibrary,0.0
459c18a7-19b2-4b71-90ab-eeb2e918c392,,,,openlibrary,0.0
62a9a939-7d2d-417b-bf7c-b55750c6504f,,,,openlibrary,0.0
d185f070-f526-40d2-afa8-0535885962cf,,,,openlibrary,0.0
5868c31c-6575-4621-827f-d6f0b8d533f2,,,,openlibrary,0.0
f7c6c68c-9599-4777-ac8f-2f571eca76a1,,,,openlibrary,0.0
91f24e5c-4bac-43ac-9133-82ccd9abff26,,,,openlibrary,0.0
a230dcde-cf3f-4139-9503-d1390a05ab35,,,,openlibrary,0.0
a43653a2-4b43-4e83-aa29-ba099ef321b5,,,,openlibrary,0.0
f709b5e6-cdb9-40b6-8f4d-29c338afb84b,,,,openlibrary,0.0
ce632239-0001-4923-8b31-eb0b1d88d725,,,,openlibrary,0.0
fd3caeef-7733-44e5-ab17-97d297a3b05b,,,,openlibrary,0.0
1a45191c-fa09-40c4-9172-86c50696876b,,,,openlibrary,0.0
c5c782b7-f616-4857-88c7-f6d050c1496e,,,,openlibrary,0.0
6d266f6d-111c-4b27-a72c-466106336c5c,,,,openlibrary,0.0
cde01b01-bea3-4a76-80a7-f3cd2b7217b9,,,,openlibrary,0.0
4704275c-3e2b-430a-9710-19910c93fb6f,,,,openlibrary,0.0
33b4e191-eeac-4792-b8f2-6380f68b6634,,,,openlibrary,0.0
d9f3e26a-2740-4b68-aa55-c73bc76f9832,,,,openlibrary,0.0
8d18ff03-3990-48ee-a8eb-5a6b42df76f0,,,,openlibrary,0.0
3a899748-0249-4db4-9255-5ad6fdcd89d7,,,,openlibrary,0.0
204fb8fc-07c8-40d4-a0e9-785c6098d095,,,,openlibrary,0.0
ebda72b0-de50-4b8d-834e-ab64d7fb15ec,,,,openlibrary,0.0
0753ce6b-eca2-4214-8e8a-bb2aeeee8e43,,,,openlibrary,0.0
93a0c862-ccab-45de-98c4-7f5577fdfa5b,,,,openlibrary,0.0
6012687f-4fff-4261-ba2a-080c630745a2,,,,openlibrary,0.0
635b2616-35d1-4852-ba7b-0934ef0a71fb,,,,openlibrary,0.0
b9fd6542-dc8a-4bd9-ac6b-569555ee6c05,,,,openlibrary,0.0
43accdd1-0329-4aa2-95fb-908a9cb4e212,,,,openlibrary,0.0
2d935076-bfc2-4fb2-9c2d-fca61f515100,,,,openlibrary,0.0
ccdf9984-f557-4ff2-bad7-7bb7ef3be4fd,,,,openlibrary,0.0
ae54ea61-133e-41c7-8bc1-2d565ced04ff,,,,openlibrary,0.0
52d631a0-6a14-4654-a457-267e35fdb642,,,,openlibrary,0.0
f054f099-b711-4ade-ba28-0d75f2a4076e,,,,openlibrary,0.0
cf75be94-cb12-4bf4-a8a8-bb898183c718,,,,openlibrary,0.0
bf3f78c0-4470-44f5-8d1d-fd745e02184c,,,,openlibrary,0.0
955dc610-2964-488b-a700-2bd5eea14b4b,,,,openlibrary,0.0
45160749-5b69-4e1e-8360-1be7f45441e9,,,,openlibrary,0.0
005a96a8-7484-4cff-b095-db5f19f4649e,,,,openlibrary,0.0
831b820e-a019-4416-b5bf-93e9b2ae2ca0,,,,openlibrary,0.0
4fc6b549-1c6d-41f7-9387-752b83f9a31d,,,,openlibrary,0.0
0af857f1-80f7-4a04-ae9f-2629160e48f5,,,,openlibrary,0.0
490191d0-fad9-4e9a-ac3f-1cd97950113a,,,,openlibrary,0.0
070a903b-3497-4327-8658-e1936a995305,,,,openlibrary,0.0
e5002a07-bf07-4d47-9fe1-3234a421a2c8,,,,openlibrary,0.0
297df1b6-0334-414e-9ac2-8adf63bed66e,,,,openlibrary,0.0
dc54c37b-a4ca-46b0-96e3-7644a561ca86,,,,openlibrary,0.0
e10bc4e7-3781-49eb-944f-71a0b60d9b72,,,,openlibrary,0.0
8db281c4-0daf-4abd-8f66-c7a7737d7775,,,,openlibrary,0.0
d804fe67-b81e-4e07-97fc-bd1213b5ed03,,,,openlibrary,0.0
0f79f59e-f7fb-4423-9d6e-511f42e85a0c,,,,openlibrary,0.0
36bd04ea-02d0-46ea-90c8-43a3b8e53b47,,,,openlibrary,0.0
d5e43cf1-2b3f-4920-b2ca-8377fb76d382,,,,openlibrary,0.0
c695f087-3737-49cc-a4da-d30b9458151a,,,,openlibrary,0.0
35b1054f-b721-44d7-ba83-ccfffbaac8b1,,,,openlibrary,0.0
eed1eb39-1f94-4a84-8e1f-90d40469717d,,,,openlibrary,0.0
4b2f35a7-c3c0-4646-a477-59d736ad9eec,,,,openlibrary,0.0
5eb4fdef-d105-4acf-aef8-b0d6a3829685,,,,openlibrary,0.0
54e51156-e7e3-4ae4-bf32-971e3700a384,,,,openlibrary,0.0
72260d6b-781b-4863-97d6-f3721def0652,,,,openlibrary,0.0
e2007e80-157c-47eb-9bb5-29cb5f3bf79c,,,,openlibrary,0.0
6af5f52f-357a-4ba1-806a-864fc4f6f593,,,,openlibrary,0.0
a505f92a-5187-406b-8bf0-d815fad67f5b,,,,openlibrary,0.0
7529536f-753b-4402-992a-ecffe82f6230,,,,openlibrary,0.0
91f8dd1d-f659-4f11-b964-22ef4d157c52,,,,openlibrary,0.0
19a884ea-06d0-4c9c-97b1-88f0c4a62425,,,,openlibrary,0.0
a36378ec-752e-4d59-b889-81875efb923b,,,,openlibrary,0.0
08b40fd6-d4ef-4b29-b7ee-4d1fe433df1c,,,,openlibrary,0.0
2cf3c95d-4fcf-4116-9c75-5ac99534939c,,,,openlibrary,0.0
271b9419-8ab3-4d11-bcea-aa5b79c9f60c,,,,openlibrary,0.0
4ac3fa3b-cc9a-44ee-9d8f-6a37e8b98dcf,,,,openlibrary,0.0
cefc2c57-f310-4712-aafd-b2c99aa96930,,,,openlibrary,0.0
35834ed1-6075-464f-ab23-7258f95a4ee5,,,,openlibrary,0.0
ceb4532b-bd53-45cc-a212-b41748794578,,,,openlibrary,0.0
28b2d493-8c38-4760-bffc-c74d4a7aced4,,,,openlibrary,0.0
e09f86ee-87c1-419e-b020-036bae3fcba8,,,,openlibrary,0.0
5e9158f9-d85b-4911-95c3-3ecdf918304e,,,,openlibrary,0.0
dac2138e-91e6-4426-aeb8-ca5139f4d57a,,,,openlibrary,0.0
a964c2c4-b4ba-48ff-8830-4bf3393abd48,,,,openlibrary,0.0
88edac53-0562-40a9-9a9d-31363282e600,,,,openlibrary,0.0
0530cfcd-bf26-4c28-b13f-6953bb2f54dc,,,,openlibrary,0.0
d7dde952-98ba-467f-9ee5-f3f0f4fe6ed2,,,,openlibrary,0.0
58362a85-8c33-42f9-b7c1-13a302ecdd25,,,,openlibrary,0.0
21865078-83bd-4a3c-8c67-7ecf64d7cbf9,,,,openlibrary,0.0
8c92aa04-4978-47da-9aca-b2a30e9923d8,,,,openlibrary,0.0
8a7c95de-2281-4547-9ae1-4dd2b7b5944d,,,,openlibrary,0.0
b7826824-995c-474c-a55b-32559563a71b,,,,openlibrary,0.0
6da42f1b-6aba-4404-b47c-68fb9b9df560,,,,openlibrary,0.0
4afb56c4-706f-4919-bd0f-caa4ee7be66b,,,,openlibrary,0.0
ce4e23c5-cb15-4b6b-9955-8ccc088986bb,,,,openlibrary,0.0
b599e9f8-f643-4432-849c-053c83765b38,,,,openlibrary,0.0
a96e6645-f2fd-453b-938a-2baa235b9092,,,,openlibrary,0.0
ef8cb724-2285-40e8-a0cd-7ed659020ea9,,,,openlibrary,0.0
99165e1a-0e20-498d-9af4-7c4d403e5254,,,,openlibrary,0.0
72e88333-af09-4e67-84d6-414ffc7f1237,,,,openlibrary,0.0
152867ed-2a29-4acd-83e3-875bccdaaa16,,,,openlibrary,0.0
13ac437d-7f84-45c9-a16e-188586ba9ee6,,,,openlibrary,0.0
84174b42-0cfd-4829-a0e2-c48ecf1dd07a,,,,openlibrary,0.0
63cb25da-854d-4416-9dac-c5b57d5c8e42,,,,openlibrary,0.0
cc9898bb-807e-4af5-b6de-35a82d584d40,,,,openlibrary,0.0
9748e49f-ff00-410e-b317-a526e06b82d0,,,,openlibrary,0.0
f00320e4-c7f9-4cce-8906-3d5863a452ae,,,,openlibrary,0.0
4ceca265-1aff-4259-8b96-2670df21f355,,,,openlibrary,0.0
5b467b20-6e5e-4a52-82d9-0ad3c0a6d5a8,,,,openlibrary,0.0
a9faf8ab-e6e8-4116-b3c8-19a32c17b7f9,,,,openlibrary,0.0
0819e547-275c-4483-a8c8-b11344b0def7,,,,openlibrary,0.0
60c1a18c-8e18-4bfa-92f8-0cf515648ddc,,,,openlibrary,0.0
a349ff4f-d41b-4e1d-ab97-376116fecffb,,,,openlibrary,0.0
7f13db6f-79b1-4c27-9db9-449e44c30347,,,,openlibrary,0.0
11c0a245-faba-457a-b53f-8d0d4acbec80,,,,openlibrary,0.0
f571826f-10fc-4280-a934-ff6627fdbdf9,,,,openlibrary,0.0
cbed0cf4-a234-417c-b6bc-462fbd0d3f16,,,,openlibrary,0.0
50721cdd-5b0a-4c36-9992-97d63cda90b8,,,,openlibrary,0.0
155dffad-6c7e-4688-b827-628c7e1e12ae,,,,openlibrary,0.0
4ea9e75c-67f3-4ec1-9911-c3a3c89b1812,,,,openlibrary,0.0
20d877bf-0a43-4bf7-a8c8-dc2c84f67c1c,,,,openlibrary,0.0
a480468a-df0a-420f-80a5-888bab709dd5,,,,openlibrary,0.0
debbeb42-9fb6-4b7c-8be7-178a2eae4284,,,,openlibrary,0.0
a7c16976-5c3b-4cf0-9241-f1cf155e58cf,,,,openlibrary,0.0
b6b557b6-12c2-428b-b5f8-bfd8ea597268,,,,openlibrary,0.0
2a4a7f55-09e6-4e0c-a277-585af7e1b31c,,,,openlibrary,0.0
2384745d-6585-4320-8c62-e6b4873d4390,,,,openlibrary,0.0
d92c707f-f19e-417e-94c4-108cab317e92,,,,openlibrary,0.0
946f9074-6b55-4193-9217-66cfba7f09a8,,,,openlibrary,0.0
a4cdbf08-e699-4e22-b175-356b3add38ac,,,,openlibrary,0.0
5738cfe1-4c49-4f97-8df1-64b38f6cc75b,,,,openlibrary,0.0
7e1c33ce-5826-4336-8a8b-2710f4b5f963,,,,openlibrary,0.0
19e446e0-49e9-4c84-9316-a5a71ac5ba9b,,,,openlibrary,0.0
633ccdaf-be82-4550-b15b-c1de8925b38a,,,,openlibrary,0.0
ca6f10d2-b475-4df3-8732-b68f6dfd433f,,,,openlibrary,0.0
d801d796-f94c-402a-bb8e-275847f2b5fe,,,,openlibrary,0.0
4a5edd2e-ce58-41ba-a57e-04adaf445501,,,,openlibrary,0.0
5aa80499-ff90-4ce2-9be7-6598179dcdff,,,,openlibrary,0.0
7e8e76a3-2fc0-4229-9ff6-f6d17cfdd15b,,,,openlibrary,0.0
f5e315d8-1683-4938-8dc4-67a6e683e17a,,,,openlibrary,0.0
227f98db-8593-4e04-b9c3-e114d859fa0d,,,,openlibrary,0.0
18d8be0d-c935-4dde-be81-84b4b1569cc5,,,,openlibrary,0.0
9ab916d2-2f6f-405e-8857-0574785c958f,,,,openlibrary,0.0
3909faf2-2cb2-4a97-8606-274b66e32f8b,,,,openlibrary,0.0
314b3772-d5cc-4de7-b4b5-c39cc0bb6046,,,,openlibrary,0.0
6465fc82-a061-4c78-abcd-cef4a579b2fe,,,,openlibrary,0.0
1fbca184-ccbc-4753-a9c2-348862c6eaca,,,,openlibrary,0.0
6cdf4418-9f4a-4f62-9886-2c85f7bf56d4,,,,openlibrary,0.0
52b60d29-41c8-44c6-ad9d-09ee804dcecc,,,,openlibrary,0.0
e429b7bb-5e9b-4de3-8a10-6c1ad7efb7a8,,,,openlibrary,0.0
bbee6ef0-97fa-4a95-bf22-0bc1890d022b,,,,openlibrary,0.0
6d53de65-b9ab-40c4-852c-039dd8dc632a,,,,openlibrary,0.0
39d7e2fa-c3ad-4c25-8bf2-d84f93cb8387,,,,openlibrary,0.0
e1210c82-9318-479b-b4a5-de7053d680da,,,,openlibrary,0.0
8ddbc1ba-c1a5-4186-b82d-19d0fda2ce9f,,,,openlibrary,0.0
0aed2351-14e7-4725-b961-ca6886596a68,,,,openlibrary,0.0
439be03c-e2c5-466d-b453-7e59c79ac1cd,,,,openlibrary,0.0
fd8db3a6-2472-47e3-8b39-b8353b416300,,,,openlibrary,0.0
e26742b8-3589-46e5-ab98-b059b0a44c88,,,,openlibrary,0.0
2124e8b8-c8c2-4404-ab96-b2296d8475b6,,,,openlibrary,0.0
5e642ad4-4469-47c8-a701-d01bb2dcae85,,,,openlibrary,0.0
9a01b8ae-d99c-4f79-b838-e722cb3f52e8,,,,openlibrary,0.0
c5cf62a3-d9d2-4f4f-8df5-a16270f8e8b7,,,,openlibrary,0.0
2a64a4df-f309-4041-9445-25bbf81e8084,,,,openlibrary,0.0
1ab76728-f0c9-42b4-8804-50ff673282a0,,,,openlibrary,0.0
ecd438bf-e0c6-4b51-84db-9d423df3ed0b,,,,openlibrary,0.0
c9b52061-9015-4e2d-9529-c2dace6b8c4c,,,,openlibrary,0.0
dd266a1a-d930-4c26-89e8-e9b3e1b85c52,,,,openlibrary,0.0
95822a46-4373-4f3c-b9f6-99bd7d2b05f3,,,,openlibrary,0.0
6f9986bc-1344-4845-8edf-c25bf80f877a,,,,openlibrary,0.0
f642a55e-69b1-4e56-9cc3-e186180ffe22,,,,openlibrary,0.0
c2dbfb66-bcf3-476b-898c-e1192b856a6e,,,,openlibrary,0.0
6b289801-c6ec-43a9-97c9-a9e0a721fea6,,,,openlibrary,0.0
9f647aa5-ba48-4be1-ba84-1a0bab94279a,,,,openlibrary,0.0
27c476c9-63e5-4139-817b-86ddb56f557c,,,,openlibrary,0.0
d39836c0-8027-4276-88a4-e065eb8ce86a,,,,openlibrary,0.0
57619505-ed82-439a-8e28-0d5fa710435b,,,,openlibrary,0.0
2caea6cf-2873-4fac-b2ce-12f41496ee29,,,,openlibrary,0.0
6101e668-36da-4a3d-a12a-069b4c717d82,,,,openlibrary,0.0
a33b628d-b07a-448f-b75d-52c1e5ace749,,,,openlibrary,0.0
061464b0-9a8a-4e13-a210-74c957c0a9d3,,,,openlibrary,0.0
638716c1-7ec4-4d7d-8b07-23bfb657221e,,,,openlibrary,0.0
5a1a10a0-fc82-4614-a310-a6b4e785b4b5,,,,openlibrary,0.0
02794508-8fed-489f-9893-59b5b36a2bfc,,,,openlibrary,0.0
3ebdc2cd-e924-4080-bcfe-18a837e83b7f,,,,openlibrary,0.0
bba724a6-5a7e-41b2-b037-f4941a08925f,,,,openlibrary,0.0
24fac115-0848-4b00-8ed5-05460227c425,,,,openlibrary,0.0
1cf6d772-431e-4d87-9d3a-a50e03eab92e,,,,openlibrary,0.0
574361dd-a1cf-42cd-a56a-00b6f9b31378,,,,openlibrary,0.0
c2884c20-4210-444f-8de9-543881e7b415,,,,openlibrary,0.0
3a6758b7-094e-427b-b328-e6187faf7eeb,,,,openlibrary,0.0
44ea3c74-989b-4ab8-8499-b319dc1246a6,,,,openlibrary,0.0
df0fb527-cbd3-4d5b-8cc9-8495d62721cc,,,,openlibrary,0.0
f553bf8a-0549-4e0c-b6a0-56c1e5fa34f8,,,,openlibrary,0.0
5332697b-34cd-4df4-8c46-18749b76b91d,,,,openlibrary,0.0
5a54c048-af94-4419-b5d4-a48440be68d0,,,,openlibrary,0.0
1afefabb-eb45-4474-8bbe-21b66c81fbe3,,,,openlibrary,0.0
b7585b65-abd3-4dd5-a47b-fa92496531ce,,,,openlibrary,0.0
1baebebc-9695-4822-ad37-e451f5f67107,,,,openlibrary,0.0
606e9268-7fb7-4717-84e1-c6de71b43ded,,,,openlibrary,0.0
87c5f705-c4fe-488b-8ba0-7f9bbaea23d1,,,,openlibrary,0.0
2164219a-afbf-41f4-8d71-38f03746aecb,,,,openlibrary,0.0
a1835735-94d5-4441-ad71-bdca1475ce87,,,,openlibrary,0.0
60242fc8-d7c0-4c89-8247-96169f6d614c,,,,openlibrary,0.0
a40df950-60e6-43a9-9bdb-1432080f4185,,,,openlibrary,0.0
e2c5123c-936f-427a-8a07-e303c472ba77,,,,openlibrary,0.0
5edf66de-3f90-42f6-b288-0ccf272bb091,,,,openlibrary,0.0
d42ee96a-549b-4033-a03f-1618a8f3c04a,,,,openlibrary,0.0
0980327b-0a01-4dac-95fa-616ab62ca522,,,,openlibrary,0.0
e54f4a25-dbb4-4a38-9e77-fa5350bc5aa0,,,,openlibrary,0.0
72e60514-6ab4-4575-a964-56bba58a075b,,,,openlibrary,0.0
dcab52ec-eba0-4cd9-8ea4-d04fba6124d1,,,,openlibrary,0.0
6cdf127b-0a42-47c7-b06e-0ba71fe0d385,,,,openlibrary,0.0
7c0fd5be-ed1a-43d5-9d25-8a562c88cce2,,,,openlibrary,0.0
b970c1e1-a6d8-43c4-b2d7-b5594d08114d,,,,openlibrary,0.0
2a2d6053-faa5-4b70-b791-aa494fda92b8,,,,openlibrary,0.0
de29ced5-92b5-4e5e-9d23-53c6458012df,,,,openlibrary,0.0
f151f7ea-c658-431e-9f8c-c7ce52d3f292,,,,openlibrary,0.0
744d7e86-8470-408c-86c0-9109521a55b9,,,,openlibrary,0.0
fec14817-2494-4fef-9a27-834b569bec17,,,,openlibrary,0.0
90ce1708-6bc1-4d8a-b5d2-86cdfa9e610b,,,,openlibrary,0.0
76be9c03-0655-4239-afa5-821a20ffd8ad,,,,openlibrary,0.0
164e9554-7a41-45d3-a8e6-7c4f7986298e,,,,openlibrary,0.0
c7ddb1f2-5a83-40dd-9979-edd8882d0d05,,,,openlibrary,0.0
f3f51a27-ceb1-4c7c-9b73-8bd47730523b,,,,openlibrary,0.0
d582c092-e3e9-451e-a412-77c5e59f62da,,,,openlibrary,0.0
a0ee0fa5-94fd-44e5-9c6c-0a67d105b7e9,,,,openlibrary,0.0
8537357f-5cc2-4c09-826d-b3803f6addf9,,,,openlibrary,0.0
47700589-28eb-41af-90ec-fcfd799d07d0,,,,openlibrary,0.0
b982cae3-36d1-4ba6-b5cf-2394d7715bbf,,,,openlibrary,0.0
69a44740-7857-4f38-9764-d33813b119c3,,,,openlibrary,0.0
cca39075-9513-4ee8-9825-f9a336b90afa,,,,openlibrary,0.0
4888445d-81c0-4124-8e0e-8c8c0ef061d1,,,,openlibrary,0.0
4c2b4112-e426-4b6d-9534-6951d43e42d2,,,,openlibrary,0.0
bf74f996-0a0e-44fb-b13a-c1a2dec7cd1a,,,,openlibrary,0.0
bbe14a8b-9b71-4784-8247-bbf7f3086792,,,,openlibrary,0.0
855e46af-0eb7-4fca-8125-9743f0b54e4a,,,,openlibrary,0.0
af81ee4a-147e-4b61-b7e9-66880007f1c9,,,,openlibrary,0.0
72c07ac9-d139-4234-9c01-4cdd90f93fde,,,,openlibrary,0.0
4ee3455a-b7f1-4dca-9b04-1b2b5e4c38c4,,,,openlibrary,0.0
42dc947a-c058-44df-8ecc-6101082e4c89,,,,openlibrary,0.0
13793b5c-3eee-41ae-95fb-9ddb00e8cd0b,,,,openlibrary,0.0
f7a65775-d9a7-4760-8cd9-80642c99f0dc,,,,openlibrary,0.0
783997b0-102e-451a-a0e8-6176c4ceb6a4,,,,openlibrary,0.0
38229196-c15d-498d-b44d-cc3fe4d45f8f,,,,openlibrary,0.0
1eb15b7d-c3f7-4db4-ad60-69a30466d5cd,,,,openlibrary,0.0
63fbbee9-ecb2-4ce1-9852-e2d07dfdf479,,,,openlibrary,0.0
79d51875-8e50-4723-9ba2-9dee624901a2,,,,openlibrary,0.0
e9b511bc-98d5-4a98-bd39-65da8fbf0e1e,,,,openlibrary,0.0
c0ec25cf-05ad-4e4e-8c91-92674092b37c,,,,openlibrary,0.0
24df7321-926a-48fc-a72a-34b920a78daa,,,,openlibrary,0.0
438faaf8-55a5-4865-af56-338252a9506d,,,,openlibrary,0.0
57fd50d5-33b6-48b7-a522-6f06a8e86f20,,,,openlibrary,0.0
046c8863-5693-4be7-a230-4db59aca3cdc,,,,openlibrary,0.0
4ea713f2-43b5-40e0-aaae-db75cd7f23d2,,,,openlibrary,0.0
a2d241de-a5b8-486b-9544-03263ddeb84d,,,,openlibrary,0.0
27ece895-6312-4dfa-8166-61df558068ca,,,,openlibrary,0.0
00cc817d-d252-4273-8291-f445c24b1def,,,,openlibrary,0.0
cac7e503-d116-4d76-bd58-7f95f0ab7733,,,,openlibrary,0.0
3c891ee2-f5bf-4b59-a2d6-175f48383b94,,,,openlibrary,0.0
f460f442-e4e6-4a1a-97d6-6a94c0313ffc,,,,openlibrary,0.0
f341794d-9534-4b0d-be0b-23cb07f088a4,,,,openlibrary,0.0
e16a9495-abe0-437b-964e-ef3abb35b252,,,,openlibrary,0.0
fb977b34-d754-48d4-b751-db7f9fa788e1,,,,openlibrary,0.0
337e9518-1ab2-412f-8032-cacc652d54bb,,,,openlibrary,0.0
7ba26b2f-2db1-4876-8ab5-ed0f54c0b9de,,,,openlibrary,0.0
3cf59e7b-1d60-48b7-86d4-4dd750097a1d,,,,openlibrary,0.0
9c189cee-9ebd-4f10-a628-8e111dc102b2,,,,openlibrary,0.0
d27e5520-8ec9-4fea-af1c-a984b5e3fe82,,,,openlibrary,0.0
1e543a33-903a-42ad-a35b-ceeca454e626,,,,openlibrary,0.0
d9e8e6da-f3a7-49f6-ba11-7da1c4e21ce4,,,,openlibrary,0.0
9a8b3b9e-012a-44af-b3d8-48af9696a5e8,,,,openlibrary,0.0
295566a5-e875-4a02-89e6-1650476a5e52,,,,openlibrary,0.0
36c0f083-5efa-4e62-8376-412d8b8517cf,,,,openlibrary,0.0
574c72ac-c967-4daf-98a3-3f0011e538aa,,,,openlibrary,0.0
7d92541c-fe60-4cd4-83f7-54e29c565a5c,,,,openlibrary,0.0
ce24a84e-ebda-4c5e-a038-bbfb8fce4470,,,,openlibrary,0.0
572d31e8-0e9b-41ff-91bd-5b586a38cc0e,,,,openlibrary,0.0
554a178c-ddcf-412a-87b9-6d19f4c30558,,,,openlibrary,0.0
bbabdf8c-0b0a-4fa5-b018-4a8877a9c496,,,,openlibrary,0.0
468e7ef2-0e29-4998-bb41-f41d4b9e3a08,,,,openlibrary,0.0
ef018643-b301-4daa-b53a-68c8b4d66685,,,,openlibrary,0.0
fd26c52e-19dd-439e-b109-2ceab7e15a47,,,,openlibrary,0.0
d23812bf-78c9-47ec-bd50-3d6bfab87db6,,,,openlibrary,0.0
5187dfb2-1698-45da-8e3e-554021bb6fb7,,,,openlibrary,0.0
869e4abe-f936-4689-9192-711b767dd962,,,,openlibrary,0.0
4ceb1a18-06fe-436c-845e-86e5b6518ebf,,,,openlibrary,0.0
2d84c1ca-e418-46e3-8c42-78762caa0ce0,,,,openlibrary,0.0
eec7514f-9fbb-45a4-8738-cf2c736f076d,,,,openlibrary,0.0
e05e9356-9c8b-4c1e-935c-90cfd6b45564,,,,openlibrary,0.0
7ec3ecb1-1cd7-4ad1-999c-3c13af15f1cf,,,,openlibrary,0.0
653e30d4-6d64-4033-aef1-2a7fa04cc0d0,,,,openlibrary,0.0
acee41e8-840c-486e-8551-73feced80035,,,,openlibrary,0.0
559a646a-9db1-4789-a321-90bd9f1cec44,,,,openlibrary,0.0
369d4800-0eb5-4d07-9943-f8897dafa26a,,,,openlibrary,0.0
2d0d827c-4335-47d8-a2aa-20348dfaf539,,,,openlibrary,0.0
5e41ca39-dc58-4d91-9995-f1f3ce08395f,,,,openlibrary,0.0
799786fb-8094-4e7b-b5da-6cb530e1e7df,,,,openlibrary,0.0
0de2a12f-7556-4c15-9ac5-a2b6ed74261a,,,,openlibrary,0.0
4ada3b2c-fa72-4d97-aa34-fd4e80265c06,,,,openlibrary,0.0
260a412d-5387-4763-8714-b30ec9a82e74,,,,openlibrary,0.0
52e8fa99-d035-4f29-a6ab-898d1e42471f,,,,openlibrary,0.0
aaf5ab5d-4df8-4796-b605-6739fcc168ba,,,,openlibrary,0.0
c4e8793d-dd9f-440b-a7d0-5c12a4b4b919,,,,openlibrary,0.0
e7276609-f02e-47d8-bb62-fd42d27c91a1,,,,openlibrary,0.0
fc894ff6-96de-4b59-a612-a020d54e6da6,,,,openlibrary,0.0
d2294d38-25cc-4b66-b908-edc7a9b9d541,,,,openlibrary,0.0
0fa7b248-9b3e-4afa-8fe3-37bb0159a2d2,,,,openlibrary,0.0
15fb96b8-d4f6-408e-80b9-a3bada970475,,,,openlibrary,0.0
00aa1b45-da90-494b-86a7-8b0a2027a4ed,,,,openlibrary,0.0
f5b06bb9-c6e8-4156-b3fd-3d65d03a6f06,,,,openlibrary,0.0
187530fe-6403-4f6c-8cbb-d9ec48cb9cea,,,,openlibrary,0.0
46d33b06-5363-4555-b90f-50fd5bd8dd93,,,,openlibrary,0.0
42e69993-dbea-4a54-a5fa-d09688f031ca,,,,openlibrary,0.0
182dfadd-37a2-4297-9a81-a093ec48b416,,,,openlibrary,0.0
4a1f6f94-b7ee-4e4a-b9d6-f729561d9722,,,,openlibrary,0.0
8a7ce0ea-8a77-4650-810e-a6a4587c0884,,,,openlibrary,0.0
2a0c3b1a-4b05-448c-9fee-0664fb1622cb,,,,openlibrary,0.0
3575091a-a0a1-472b-b6e1-dd07336e8751,,,,openlibrary,0.0
4de9dd1a-9a57-45b7-8572-8c9d295f0e70,,,,openlibrary,0.0
e7327405-20ea-4778-82a4-2d3350c2872c,,,,openlibrary,0.0
ba3fecc5-7243-4bf7-a954-fa0acde3a377,,,,openlibrary,0.0
347a401b-188f-4c2f-9ef3-7d1f8cf31ef5,,,,openlibrary,0.0
2c6ebeea-5325-463f-a1de-7837c35a45c5,,,,openlibrary,0.0
2e414b65-7df6-4b19-b7f5-fd24124c992c,,,,openlibrary,0.0
a0e5ffe8-c7eb-4aad-92e5-ac8cf5cc49aa,,,,openlibrary,0.0
add21fd1-42d3-427d-9ba6-7089426b10b9,,,,openlibrary,0.0
7e164f75-68e7-4fbc-ad60-3819636a9865,,,,openlibrary,0.0
e2aa61f1-f231-4f6e-8318-c6c637ecd1e8,,,,openlibrary,0.0
1f30f503-2a75-467a-bce4-f7b50969e9c7,,,,openlibrary,0.0
c4e9facd-93e7-4193-b03f-c727c367f42c,,,,openlibrary,0.0
09f44ed9-e75e-4123-952c-959fe088bd88,,,,openlibrary,0.0
87c7b52c-41b2-4625-9512-ab9016b993aa,,,,openlibrary,0.0
2ddbd916-d570-4edf-8e33-dd4952341be6,,,,openlibrary,0.0
20403868-7024-4341-a898-d7ae8926b975,,,,openlibrary,0.0
b2a62ee8-9d4c-413e-bf1e-613598568c39,,,,openlibrary,0.0
ce311a48-cefc-4e3e-ae6b-4db6384c54a4,,,,openlibrary,0.0
f3b24fed-cb58-44c5-a086-7436033dcd6d,,,,openlibrary,0.0
b650d48c-e2f1-4356-90ab-6ac9682d68f3,,,,openlibrary,0.0
051a898f-5d33-42c7-b3b6-df2106abf641,,,,openlibrary,0.0
50a86f7b-3f72-48e9-9c75-cc70f3c1e4fd,,,,openlibrary,0.0
d9ea3b3d-7208-4f0c-a312-b8a2a01fcb13,,,,openlibrary,0.0
9491c591-f1bc-4d1f-b696-8219f9069b35,,,,openlibrary,0.0
97ddd409-8aac-42f3-8af7-f9c86c540898,,,,openlibrary,0.0
df99ef7e-f595-42c2-8e7c-0823ffb9b569,,,,openlibrary,0.0
1efea5d5-e994-4a88-b191-f97232e36ccc,,,,openlibrary,0.0
01833a79-322b-42b1-b107-c773979a656e,,,,openlibrary,0.0
45492031-3b84-4016-a18d-d2c38f64e968,,,,openlibrary,0.0
b3cd154a-4a7c-4c17-aacd-5bb835fa47b2,,,,openlibrary,0.0
f960e908-0acd-460c-83ec-64fc1666af10,,,,openlibrary,0.0
d3fdba50-9edd-447d-8940-5e6a0dd2f4eb,,,,openlibrary,0.0
3cf99d6f-6021-462e-9c86-11323af30858,,,,openlibrary,0.0
3dc3b690-8086-4cd7-a7e0-f73fb739aedb,,,,openlibrary,0.0
f3eda613-d144-48c5-bff9-9f85133bfbfa,,,,openlibrary,0.0
5e66370e-7073-4bdd-ab29-2c9f415391e3,,,,openlibrary,0.0
af45ddc2-dfb4-445c-9943-4a943c7f0284,,,,openlibrary,0.0
4a18190b-8f67-4167-b6e9-5a51e0caef8e,,,,openlibrary,0.0
e9aecc41-e0ee-48d5-b99b-abf8cca6e8be,,,,openlibrary,0.0
d6cb1147-9923-46e1-a454-a5598cb2704f,,,,openlibrary,0.0
47cc2138-47d5-47fd-a43a-6b791b169520,,,,openlibrary,0.0
79404dec-11a7-43f3-8a26-8dbcbd360fc7,,,,openlibrary,0.0
a69a83b8-27d8-4267-b4ef-9c80b4efa743,,,,openlibrary,0.0
23118018-4f7a-47bf-b0b5-6bcecf475c6a,,,,openlibrary,0.0
dfce602c-4b8f-41aa-a659-ac5fd818d145,,,,openlibrary,0.0
66b47137-4df5-4b45-9ff3-04b5190c33a3,,,,openlibrary,0.0
44e03751-d0e8-4e45-b593-b537cb02b162,,,,openlibrary,0.0
44ad5b28-cfbf-4072-aec9-189aa922e986,,,,openlibrary,0.0
df24e6bb-d113-45f8-b979-2efbd3295dbc,,,,openlibrary,0.0
65e376e7-88f4-4eed-9e1b-77a9c3aaf172,,,,openlibrary,0.0
1fd304e5-c3f5-41ba-9d4b-8715df5178ed,,,,openlibrary,0.0
789d34f9-355d-4b7b-9568-2783e96da171,,,,openlibrary,0.0
192fbfc5-90f7-4adf-997a-9722fa87f90a,,,,openlibrary,0.0
3a1810d7-cba5-46fb-973a-d0671df84c5a,,,,openlibrary,0.0
041e740a-574f-4d46-8d2f-954f908339f1,,,,openlibrary,0.0
9eabcd89-38ee-4575-babe-0bdc2b3a4c0e,,,,openlibrary,0.0
3fd71aac-8357-4699-afbd-209c2ae78679,,,,openlibrary,0.0
fe42abb1-dd2c-40f0-80d0-1a3b1b9c174a,,,,openlibrary,0.0
b2b528cb-b2c8-4c00-b2d9-9a5489cd825d,,,,openlibrary,0.0
2f77914b-6d01-48df-9e1a-e38967d5ad27,,,,openlibrary,0.0
cdf824c5-49f5-4c83-84d2-27363dd14c02,,,,openlibrary,0.0
11376e85-3138-44b4-abd2-a13b3a6991f9,,,,openlibrary,0.0
9b3bd7e0-7e2f-4796-aa60-8ddae0412e9d,,,,openlibrary,0.0
f60766d4-588e-408a-9e9d-c61a35dfc43e,,,,openlibrary,0.0
b2a13e8e-137a-4fab-ab45-b7c02518e854,,,,openlibrary,0.0
d8c3e7e3-030e-47af-b23f-a101fa54ce41,,,,openlibrary,0.0
423a3876-97d9-4404-8b3a-88be19f25f91,,,,openlibrary,0.0
4ecb4386-9fc3-42ee-8458-31648385227f,,,,openlibrary,0.0
234d4b96-ca77-48cc-af10-03e4a1b662be,,,,openlibrary,0.0
e67d9bd1-9fc8-4c96-9d93-ee6abe478084,,,,openlibrary,0.0
752d5d3f-0ceb-4445-b51d-26af02690fdf,,,,openlibrary,0.0
4c653fe7-7d61-4248-a136-36ccda9397aa,,,,openlibrary,0.0
4e360493-50a6-4c2c-813d-e28f7cffbfcc,,,,openlibrary,0.0
15b9053d-93dd-4f36-9c3a-c85d377c1bb8,,,,openlibrary,0.0
f36f7c77-12d7-4df1-abf0-bad81c7df3cb,,,,openlibrary,0.0
fb0fd5ae-fbbf-4bb1-ac92-51cd24ee5a2f,,,,openlibrary,0.0
1c13492c-f7c3-4761-9c34-b02b07c643e9,,,,openlibrary,0.0
60203379-12d5-4ceb-961e-7ecd7435298b,,,,openlibrary,0.0
f10bebcf-193f-4be0-8bc5-694a39881783,,,,openlibrary,0.0
474e8d78-69eb-43e5-8d3d-1724dd6a42ce,,,,openlibrary,0.0
b021eace-b831-4b3f-a4f0-ba03c3c7a28a,,,,openlibrary,0.0
7709a13c-38a9-4a35-ab61-d231b3ac909b,,,,openlibrary,0.0
9c0f8c21-af62-4b6e-89f2-3d3fd113893f,,,,openlibrary,0.0
8eaec1f7-4723-4810-9f70-4f8ab3c65830,,,,openlibrary,0.0
9b22109f-5b94-4ce5-b70b-3d180c2b5084,,,,openlibrary,0.0
1eba05c1-713f-4992-83b7-54068fa687e7,,,,openlibrary,0.0
b0f53e6a-93f6-499b-af40-bc184f878603,,,,openlibrary,0.0
2172a1e9-8154-4245-afe4-9c510ecf1051,,,,openlibrary,0.0
cf551210-e9d5-4a41-a3de-3e7e321ee80e,,,,openlibrary,0.0
aca275e9-71c0-44cf-8056-799631682518,,,,openlibrary,0.0
9e374b8c-8162-430d-9eab-08d038a1637e,,,,openlibrary,0.0
5b16d693-49a8-40e6-9f86-95a6004e5c44,,,,openlibrary,0.0
26f55b40-e166-43c0-8d01-00626451b84a,,,,openlibrary,0.0
aaf4c1b6-abb9-48ca-9fb3-53790791839c,,,,openlibrary,0.0
5ce622ee-a65f-4fbf-8a2a-0bc30298b912,,,,openlibrary,0.0
4d532c2e-4be1-4672-912f-b3c8213c9a7b,,,,openlibrary,0.0
004a0f8d-0ace-4b5b-88cb-b415be4c9aff,,,,openlibrary,0.0
c102dcde-23ba-4196-bf7e-33a5cdc3053f,,,,openlibrary,0.0
018d1551-69c3-46b5-9732-a4e63e4c20be,,,,openlibrary,0.0
413e2f2b-c6b5-486a-9b8a-d354bd1810b2,,,,openlibrary,0.0
cd60b582-ef47-4254-ac2c-e1e4b463beb6,,,,openlibrary,0.0
f330adbb-81a1-46cc-aad2-b9494336995b,,,,openlibrary,0.0
a91cdf92-dd3b-4c78-8cca-c7e69cccd46e,,,,openlibrary,0.0
217e137e-3850-4c26-94ec-260dd8ec7190,,,,openlibrary,0.0
3c192cba-f2f6-4f98-b0b4-38457bdb43f0,,,,openlibrary,0.0
08dcdc2f-8413-4889-92b9-fcb5b820daf9,,,,openlibrary,0.0
e115772a-43cd-413c-b5f2-3acf19d108f5,,,,openlibrary,0.0
d0489186-163a-4b66-b2ed-2035a8aea1c8,,,,openlibrary,0.0
16999e5f-dff4-4ef9-a13f-97ce54221f52,,,,openlibrary,0.0
9ca847ea-a2b8-401f-9e60-9d9e837e748e,,,,openlibrary,0.0
ad2229e0-e0c7-46be-8ffd-d5a65da5d02b,,,,openlibrary,0.0
e4676ef0-64d4-4dcf-b890-66c318ea83a7,,,,openlibrary,0.0
52e86820-9fa4-43d8-8301-e22cbd3ae3a4,,,,openlibrary,0.0
96ae457c-9c7c-4a7a-845f-8a9dbc81257e,,,,openlibrary,0.0
485632d3-a526-494e-9942-5e802816a964,,,,openlibrary,0.0
0e171b84-6684-4c92-8d9b-bb9ed2c081f3,,,,openlibrary,0.0
4fef0caa-2cc5-436a-ba36-c528ff60e2e8,,,,openlibrary,0.0
b052d6bd-e322-4f44-a31b-0003de9818bd,,,,openlibrary,0.0
eab2c7a2-d56a-4010-ad84-da85ffc1c32f,,,,openlibrary,0.0
00aebc3b-f80c-46b9-83f0-0c7589df8bd9,,,,openlibrary,0.0
7b651239-1772-42dc-b512-dc336d60cdf2,,,,openlibrary,0.0
4b85861d-c09d-4609-9ac2-155fd3f36c12,,,,openlibrary,0.0
67f1eed7-5f81-4ac4-8919-2334b3493a13,,,,openlibrary,0.0
d9c20691-cb4d-4fe5-9468-70aa2dfc2150,,,,openlibrary,0.0
b377d09f-c9e2-42a6-b19b-d80109a30ffb,,,,openlibrary,0.0
723534c4-adec-4fa5-b43a-685d5fe9dabc,,,,openlibrary,0.0
8875d8db-2fae-4ed8-8cdb-2a74590e4e5a,,,,openlibrary,0.0
c1814a96-83bb-46b1-bf83-565ab08db866,,,,openlibrary,0.0
7f61a32b-b85c-4a8d-b3f0-8b26b230e5fb,,,,openlibrary,0.0
2267471f-8ba1-4c5b-a77e-28d69889c93a,,,,openlibrary,0.0
3824ba0f-0f64-44f5-88e9-9a0c7e2a7ea8,,,,openlibrary,0.0
fd806113-b0ba-4d22-9524-6055a483b516,,,,openlibrary,0.0
4a60d5a3-d0d6-40b9-bb91-681212f9734e,,,,openlibrary,0.0
59bc9cbc-098b-4d07-af89-18f9c3fb801d,,,,openlibrary,0.0
f0f22014-b677-4380-b2d9-d81e8b8206f4,,,,openlibrary,0.0
f226369b-eecc-4bcf-8168-33f255684a76,,,,openlibrary,0.0
a22757bc-49ea-4fdc-8d69-714d83242ebb,,,,openlibrary,0.0
2938b48e-e8c6-4cf4-b256-1d6a98e79189,,,,openlibrary,0.0
4ba1d01b-6f3b-432c-90d1-c922cfb36347,,,,openlibrary,0.0
e6f84fec-8f87-4d2c-a3ed-455413a5eacd,,,,openlibrary,0.0
33246f0c-9f1c-40d9-b767-0b6c040314f5,,,,openlibrary,0.0
72f8b0cc-1f61-4ef7-b546-99c81c78c7ef,,,,openlibrary,0.0
f38c0b61-b52f-4018-9729-9cefa44adebc,,,,openlibrary,0.0
815d7788-941e-4bf5-8980-60db78c12224,,,,openlibrary,0.0
ba107d1a-c484-4a38-b98c-4432cf296919,,,,openlibrary,0.0
b1bc1d0f-bbbe-4b14-823c-12fc6e9da03f,,,,openlibrary,0.0
f8d033e5-4d25-4646-b696-398bb85aaa0a,,,,openlibrary,0.0
e209c066-50ea-434c-9d53-8e7bf1760126,,,,openlibrary,0.0
bc828e89-db52-44eb-a5e1-f05805251051,,,,openlibrary,0.0
f3034384-a2f4-49f5-9d4e-576534c7e3e4,,,,openlibrary,0.0
a510967e-7246-49e9-a173-bf1cb9b244d6,,,,openlibrary,0.0
51b2f037-49f4-4e68-9f54-5e19a9847559,,,,openlibrary,0.0
55e95a98-8607-4651-aafc-ccc4995b0cb3,,,,openlibrary,0.0
b6ccf22c-d7fb-4f5f-8d48-324f9694c3e1,,,,openlibrary,0.0
5bfcfa2d-2d91-457f-b7ed-86fa35a3963c,,,,openlibrary,0.0
279d0af0-d44b-4249-a48b-4319df9d59c9,,,,openlibrary,0.0
f01c48d2-b9d9-4a96-a6ec-3c25b35d8ba7,,,,openlibrary,0.0
7c054d29-5fd9-4e64-9f54-4fd512033eb3,,,,openlibrary,0.0
9396474a-2b37-4724-8d27-7c148494adff,,,,openlibrary,0.0
a6e8e7cc-b6e5-4bdd-91b5-8f7436c7e0d5,,,,openlibrary,0.0
be921403-a134-4298-91f3-199f6dcecbba,,,,openlibrary,0.0
2dfc6c1d-0a78-49d4-ab5d-80e972cc8bbd,,,,openlibrary,0.0
c78fc592-6d5f-4d72-92b2-6ad34d959981,,,,openlibrary,0.0
609eef59-b91e-499d-8efc-a252e94c0622,,,,openlibrary,0.0
3741edfd-22ac-48a6-a382-49c50eb2de8d,,,,openlibrary,0.0
9c656b74-39fb-441f-91ee-e2d997558993,,,,openlibrary,0.0
f60ec1f9-94ad-4dc0-aeef-86b8385d7a31,,,,openlibrary,0.0
aeb6719d-7aa6-4513-b1ab-469bb5598900,,,,openlibrary,0.0
7104a0d0-c064-49f4-8779-7a49efcf40ca,,,,openlibrary,0.0
e8d222f3-5a7c-478d-ba20-525028f8839a,,,,openlibrary,0.0
267dcdcb-21b9-4fbe-b10a-a0e03e977581,,,,openlibrary,0.0
cb0f2aa0-7728-4f96-b4af-bd36bfdf3894,,,,openlibrary,0.0
c1f6755b-da65-4c09-ba83-48abe6faa7c9,,,,openlibrary,0.0
e3c84aac-66e3-4e62-b6ad-efc8d76a8c85,,,,openlibrary,0.0
cb80280f-8d93-4ab7-856e-d10788adcaa4,,,,openlibrary,0.0
491bbbd1-eab5-4fe5-9b53-161091ad94b4,,,,openlibrary,0.0
cc77b184-e8bd-487a-acd9-def16f829268,,,,openlibrary,0.0
11b11037-bac8-4958-99b0-8c13e1dae46c,,,,openlibrary,0.0
94a398f3-d7ec-4992-8431-647e8b06c9d1,,,,openlibrary,0.0
91732164-1ebd-4307-a0c1-288033e7b63c,,,,openlibrary,0.0
95a91815-4c7c-4167-be26-15583ee9cb2a,,,,openlibrary,0.0
eccda2f2-447a-4956-b574-229312e3a645,,,,openlibrary,0.0
aa57f8de-05a5-4096-aa6d-597fb4b31396,,,,openlibrary,0.0
fc368a1d-387f-4364-b84e-cfca95c460a2,,,,openlibrary,0.0
8bbc607c-7d79-4277-9889-4ac9536b3eb4,,,,openlibrary,0.0
259cdd26-fd58-4527-980b-3b6fc74bb173,,,,openlibrary,0.0
c86ac891-0c7a-4e73-84b6-58b136b77001,,,,openlibrary,0.0
d95dc379-12f0-4f89-ba3f-0cf33cffd00c,,,,openlibrary,0.0
f0effd05-1d29-4ec8-ad9f-508536029136,,,,openlibrary,0.0
c4bf3b43-6c1e-4956-a22e-13eb5f3e6d4b,,,,openlibrary,0.0
f2233d82-95e0-4d43-85ce-fe4aea9fc965,,,,openlibrary,0.0
047a1b07-4480-497d-94ac-570f6f7f6420,,,,openlibrary,0.0
5a4b88fd-c19a-4aa8-80e8-e67abbb8a386,,,,openlibrary,0.0
7b90dbbe-e80b-409e-aa58-14f3c5400dfb,,,,openlibrary,0.0
f2e22f72-6d89-4169-aa79-5f2a3501c193,,,,openlibrary,0.0
16a21b91-8942-45e4-b50b-291fae781235,,,,openlibrary,0.0
1c76c6c9-9bbb-40a6-8300-e45223e78f03,,,,openlibrary,0.0
c5d2b468-ad08-42ef-99d7-13bd6f5194cd,,,,openlibrary,0.0
fc192949-c5ac-45cc-ae57-33802e134bd3,,,,openlibrary,0.0
0eca1201-6481-436f-921c-d40b3118b658,,,,openlibrary,0.0
744d10b2-6caa-4c8f-80ef-26b00f3f3928,,,,openlibrary,0.0
f2c3c67b-1c35-4048-b769-752d041405a3,,,,openlibrary,0.0
2b9b6ed1-cf6a-4a66-9578-de9173b9133c,,,,openlibrary,0.0
7c55e0cf-0ba9-453a-9fdb-4ae17034ccfc,,,,openlibrary,0.0
17ba0e29-d76e-4779-b0b9-ccdb182642a9,,,,openlibrary,0.0
ee00ea36-5fcb-4188-b20a-216a2c47a0ba,,,,openlibrary,0.0
eb1e6859-12d8-4377-b45c-08d0b04dd8a5,,,,openlibrary,0.0
bc5545dc-c6a0-481d-ab97-1fc1263fce3c,,,,openlibrary,0.0
a3c7bb1c-1f2d-4bc5-ba4e-4593ac22bf20,,,,openlibrary,0.0
cb1b27fd-7fac-49ec-9a30-c22b6e7bcf21,,,,openlibrary,0.0
d5dffe2a-67b6-4f5a-b124-959e0d6a0baf,,,,openlibrary,0.0
d39b2d83-839f-4fc4-a795-44203594b9fb,,,,openlibrary,0.0
cc7a1154-a6bd-4d4a-a30d-b885878a53cc,,,,openlibrary,0.0
deea9034-6ff4-4d25-81fe-5ce7a9a5bfe0,,,,openlibrary,0.0
dd0ca6d7-682a-4e50-97d4-b9cd48ffd2c7,,,,openlibrary,0.0
9ecc8999-c9ed-407e-8c62-0f9b521977aa,,,,openlibrary,0.0
b8ead7aa-f3c8-4678-a71a-375e90847603,,,,openlibrary,0.0
2d8a6c44-a3ca-41eb-81c2-c358f5795d51,,,,openlibrary,0.0
84a27b0a-1cd3-40ce-935a-6e07eff43ccd,,,,openlibrary,0.0
234c9b86-e2da-46b8-b291-ba5b9be2664a,,,,openlibrary,0.0
6af98fde-c280-4fbb-8e25-d0b73c913e88,,,,openlibrary,0.0
431caa62-679e-4bc8-9cdd-60f469c3d41f,,,,openlibrary,0.0
4a2b6d87-ec5e-44a0-b4e1-cc812700ec78,,,,openlibrary,0.0
daf2eadb-6c0b-47e6-b8f1-bc202ee5db91,,,,openlibrary,0.0
d2828fa3-043b-47e1-9f37-85b651ff803d,,,,openlibrary,0.0
50f5a538-a906-41bd-ab09-4977f3c749db,,,,openlibrary,0.0
680c9dd5-f368-403d-b632-0044e9a6b9b4,,,,openlibrary,0.0
20e8c754-13eb-4d58-8220-fb4dfc173d30,,,,openlibrary,0.0
9cdf97d6-794b-462e-a54f-109746361285,,,,openlibrary,0.0
39c2e904-b740-48e7-ad45-51f9c97ecb27,,,,openlibrary,0.0
2099229b-fa97-4794-b19e-98ed4f5d5e5f,,,,openlibrary,0.0
9f78ab2c-0367-4639-a384-c4573e27c868,,,,openlibrary,0.0
7c5eddc2-89cd-4062-9f46-dc19068b3f38,,,,openlibrary,0.0
4b5b7170-513b-49b0-bfe6-5a308abd3084,,,,openlibrary,0.0
33f43c9b-4306-4f68-b2b9-fe801f8636ca,,,,openlibrary,0.0
32c30708-32b3-4831-96d7-0f1d0d45d533,,,,openlibrary,0.0
edc091ea-0ed2-4c0c-9f30-2afb4c4e6f08,,,,openlibrary,0.0
f0343b94-23ef-480a-ad42-313af06f1f57,,,,openlibrary,0.0
617592f5-4a35-4e82-bf62-90cac17a795b,,,,openlibrary,0.0
69070ae7-bdf2-42cf-a894-a78526bfc808,,,,openlibrary,0.0
bdd1ff69-b775-437c-b31c-c58e8916791a,,,,openlibrary,0.0
69b94b17-3319-4181-a99c-19d213444ff2,,,,openlibrary,0.0
741ab510-d347-4ff1-ba9a-dd873c08d5ee,,,,openlibrary,0.0
726ea33c-00d3-4562-8dbc-6920bde4b982,,,,openlibrary,0.0
d8da3b82-deef-4661-8a01-7c1534bb139e,,,,openlibrary,0.0
b50c772f-2d07-46cc-9dd0-0ebe2f10c910,,,,openlibrary,0.0
db502cfe-e323-460c-922a-b029a01cd869,,,,openlibrary,0.0
bbb5d451-9c91-4c98-bf1a-f4b3f554c914,,,,openlibrary,0.0
991bab7c-e218-461a-b2b5-0b32d970a22d,,,,openlibrary,0.0
da1a7a2a-6675-469b-925e-8f4a3936720f,,,,openlibrary,0.0
6ec5ba33-ef8f-48e0-8b80-17ba0869f8fb,,,,openlibrary,0.0
2fa23e8f-7241-49ed-af54-d3b1836db606,,,,openlibrary,0.0
927fe257-6167-414b-8485-6f1eebef0db1,,,,openlibrary,0.0
847ebbf6-3fec-4884-bcd2-314033741f57,,,,openlibrary,0.0
623f2a05-904e-4588-b950-724c427818d2,,,,openlibrary,0.0
e1b8605a-081a-4767-9092-dc3d4b0061bf,,,,openlibrary,0.0
57051ee7-0ba1-4374-8860-fd2cf05948ff,,,,openlibrary,0.0
fad745dc-bbfe-4b4d-ba54-cd63b756710a,,,,openlibrary,0.0
3409e08f-1498-4dc8-881b-405216d4f6b4,,,,openlibrary,0.0
a5380ee1-fe39-402f-b07e-8ebaee33f770,,,,openlibrary,0.0
19232925-7a46-4c2c-9f2e-1a156ff8cfa1,,,,openlibrary,0.0
984ef4c6-ce9a-4b9c-8566-9c23a32f03eb,,,,openlibrary,0.0
c2444b1d-6261-44dc-9ba0-925befca51e1,,,,openlibrary,0.0
762e2e5d-f8bc-4b0a-881e-5aa75ad93016,,,,openlibrary,0.0
9ef653ca-be48-4f18-9344-29617bb18e49,,,,openlibrary,0.0
921d3c5a-7918-4b0c-8375-d24114290418,,,,openlibrary,0.0
f835b5db-9639-4961-ad0a-1f4cafa7e59a,,,,openlibrary,0.0
63584500-190d-401b-be87-78a6f57741f6,,,,openlibrary,0.0
12e06e2c-3284-44ca-bdd0-3797ebd0f1d8,,,,openlibrary,0.0
89d58abb-5299-4000-9a5f-3b8c50983a1f,,,,openlibrary,0.0
33dd9998-9008-4633-bf6a-bc51bcb18522,,,,openlibrary,0.0
2be9c443-cd45-44f1-b415-012ac6a18af4,,,,openlibrary,0.0
e1e5b945-7399-43a6-8650-a0a24fe6ccd9,,,,openlibrary,0.0
144e82cf-e2d6-4b25-a425-2070326275d1,,,,openlibrary,0.0
06c2f979-f23d-4f75-9ec1-34eff6f966b9,,,,openlibrary,0.0
1b630abc-57c5-40b0-bcff-db0445405985,,,,openlibrary,0.0
d1839d28-30b1-42b5-8cd6-ea0ce1e1e957,,,,openlibrary,0.0
ea49f3c2-e1bf-4ae4-a821-bbd198975093,,,,openlibrary,0.0
d59fe909-51bb-4d60-b88c-a58107db8c9a,,,,openlibrary,0.0
ff413df4-01e1-4473-bb29-70e4feddf710,,,,openlibrary,0.0
4c59ce4a-64d2-43c3-ab71-2260401bd888,,,,openlibrary,0.0
f81ce524-b56d-42dc-9c08-03f7d514d08a,,,,openlibrary,0.0
880f8a95-73f3-42c6-9500-3fcd397b19a0,,,,openlibrary,0.0
9566f821-01fb-4f5c-8889-51b21fd6cace,,,,openlibrary,0.0
30dc6fc7-badb-4956-a20f-7163c47cce5b,,,,openlibrary,0.0
8c3a8419-9f57-409c-bbce-0c7163be9e1f,,,,openlibrary,0.0
829252a7-9649-4a6e-a73d-b1cfe68cde8a,,,,openlibrary,0.0
c948b2d9-59e4-4eec-839e-928906584c7a,,,,openlibrary,0.0
dff547f1-6e13-433d-a57c-b32430832a46,,,,openlibrary,0.0
4a592f52-768d-4dd5-b9f2-042518492089,,,,openlibrary,0.0
86377a62-727f-437a-8808-b85b60327440,,,,openlibrary,0.0
16f30b6f-d1de-442f-bb3d-d6af3f92cecd,,,,openlibrary,0.0
1bee5828-bd76-49a4-b2ab-fd78dd7bd456,,,,openlibrary,0.0
1d8a3ddc-d74e-4aa0-801a-10fb6fe26785,,,,openlibrary,0.0
c766cb9f-f00e-4e79-b131-c37640fe849b,,,,openlibrary,0.0
5bbe81d1-b5c9-46fa-a1e1-d56a08dc9556,,,,openlibrary,0.0
6d98b51a-bde2-4769-9e43-ff282da5f310,,,,openlibrary,0.0
e7e4dc0b-a154-4986-b51d-e4e7899f857d,,,,openlibrary,0.0
0fc1f58e-23e6-4822-bafa-7147f464bebc,,,,openlibrary,0.0
b8e0de49-c655-413d-9669-160289e6be1c,,,,openlibrary,0.0
d3ad1dd9-c9c4-414e-aaa7-a5276f2fe84f,,,,openlibrary,0.0
69013521-501f-40ca-bf2d-7436cf2efbb5,,,,openlibrary,0.0
cb33d4ff-3035-4521-93e1-fdc7f4c7d72a,,,,openlibrary,0.0
072731e0-6eff-40b4-bb1b-855a56e41d8f,,,,openlibrary,0.0
dd8d35f3-355d-45da-9af4-d2631f77ab92,,,,openlibrary,0.0
7d064b3c-a505-45fb-80df-8463e618278a,,,,openlibrary,0.0
1d3ceed5-aac3-4286-9540-8806e3667a72,,,,openlibrary,0.0
b39202d8-770d-47f6-994d-00ab9a811da9,,,,openlibrary,0.0
56085be2-583b-4a32-a011-645f7c03a8d9,,,,openlibrary,0.0
ffaa099a-cd17-49e0-b382-5d2f2888fe2e,,,,openlibrary,0.0
aa87aa25-6e64-48bd-913b-5a3d278cf1e9,,,,openlibrary,0.0
a85a9048-b6d8-4f4a-91ce-d714de572f74,,,,openlibrary,0.0
95247489-baa0-40ba-99c7-210a5f2fff64,,,,openlibrary,0.0
2f55b7a7-1008-4bc8-b455-aef9ae4987e6,,,,openlibrary,0.0
e21ab3f7-a2f2-4a11-95cc-0c320906140a,,,,openlibrary,0.0
9896282f-bcac-4872-a8a8-b057b46e448a,,,,openlibrary,0.0
c9d1d34d-f47e-4dd2-a2c1-46f308baf1e8,,,,openlibrary,0.0
29dfbc39-43a2-4bc1-ab8a-be29fd8efc36,,,,openlibrary,0.0
ec1d2207-219b-4c94-a792-f29f55a207fa,,,,openlibrary,0.0
b7af46bf-2491-4a9e-96bf-699a2433d23c,,,,openlibrary,0.0
2987b3fd-a043-4026-8e3b-50058ecdd954,,,,openlibrary,0.0
4d1cd10b-4b6c-4ae8-8aaa-9afe1deea107,,,,openlibrary,0.0
aa6d346a-c074-43d2-a230-dfe2cbf57992,,,,openlibrary,0.0
74e1bd81-415a-4ca5-b4a6-0ef132ff1e0d,,,,openlibrary,0.0
1fe76b9a-e7ed-4ce9-906c-98934adb02e3,,,,openlibrary,0.0
e9dcc6bd-91eb-4007-9470-bfbfceedd70a,,,,openlibrary,0.0
4aa4f03b-a59a-42fd-afb8-188e040db1a4,,,,openlibrary,0.0
2999748f-d61d-41d7-ab2a-a808cbdeb08d,,,,openlibrary,0.0
30832e9d-bde6-4743-8052-18fe234a2085,,,,openlibrary,0.0
8efb030c-56a9-4eaa-aecd-f00d0a16117d,,,,openlibrary,0.0
658222ad-5202-4a3a-9f8d-8ff9073543ce,,,,openlibrary,0.0
e5991643-f88a-4dd1-8309-87832b6f4a5b,,,,openlibrary,0.0
f67d9b61-6dbb-4817-bcf8-9f773582fa8a,,,,openlibrary,0.0
79f4da82-f015-470f-88b3-df844663c423,,,,openlibrary,0.0
7d9496f6-63a2-4fd0-8705-653d387c6986,,,,openlibrary,0.0
c7732c6f-5e28-4aa0-9cfe-9ab8291d5c32,,,,openlibrary,0.0
8ddef534-1a1b-4bc7-8c51-78cccec47390,,,,openlibrary,0.0
9245aa1c-d371-472c-9082-77326d2bbee6,,,,openlibrary,0.0
2611d447-7f26-49d8-9326-6ff36d3f70e6,,,,openlibrary,0.0
36f44541-1f5b-4c95-9e78-4110474d0c7c,,,,openlibrary,0.0
5f7df36a-92ad-4d88-b1fd-c63aeb1ceed2,,,,openlibrary,0.0
88fcc3f9-9026-4f33-b408-e86aca79494b,,,,openlibrary,0.0
ab7aef1a-cc6b-42b3-a2dc-fd30c157e2d0,,,,openlibrary,0.0
0acb17cf-821e-417d-8562-2ece81cc72b3,,,,openlibrary,0.0
9a9f5f0d-f719-4123-a1e7-886d8510fa99,,,,openlibrary,0.0
8dfe6223-17bb-472e-b3c7-ad8d4ebc6a18,,,,openlibrary,0.0
02ebcf37-c801-4658-8de1-689723081d75,,,,openlibrary,0.0
aea11199-fac3-402b-87c6-09631e4490b4,,,,openlibrary,0.0
198f8dc4-9cc4-4557-95d4-d5242837c672,,,,openlibrary,0.0
b7bcadb8-9ead-472f-9a97-e936156257bd,,,,openlibrary,0.0
869cd9c8-c966-4a54-b652-7feff9de1216,,,,openlibrary,0.0
c5b92388-bbc3-4c83-8048-198c032dea4f,,,,openlibrary,0.0
48472d00-236a-4089-b23a-f000e37b1df6,,,,openlibrary,0.0
9c3f2d9f-ea84-455b-a4a8-5cc7d5f4e8f8,,,,openlibrary,0.0
31b3cf04-ba2f-4e64-923e-dcf9b5bc1b5c,,,,openlibrary,0.0
6aef1aca-02da-4e2f-871d-5946581af50c,,,,openlibrary,0.0
9b5634df-01b8-4a66-922e-bc32f633c301,,,,openlibrary,0.0
fe894fe1-4e91-4be1-ada5-a4559d85828a,,,,openlibrary,0.0
e4728ede-fee0-4a09-8453-30a7f2773b53,,,,openlibrary,0.0
841793c5-924c-4c85-849d-eea7686a8651,,,,openlibrary,0.0
2edf7729-0ef8-402d-9cb8-b9953c6b2b94,,,,openlibrary,0.0
7ad820fd-ba1b-4977-bbe4-18292c5b1b5f,,,,openlibrary,0.0
da61639e-9f0d-4a2e-adf6-d10531e530cf,,,,openlibrary,0.0
f29e98ae-334a-4f0a-875b-4d936147c0f2,,,,openlibrary,0.0
3387dad4-1130-45f6-83b3-deb8ad02b5bd,,,,openlibrary,0.0
bf57c59f-53e2-4b93-853d-264fba90ddbf,,,,openlibrary,0.0
36546688-c51d-4979-af34-ba88287b4ef2,,,,openlibrary,0.0
e1541270-7048-4286-9dbe-ba10079c98ab,,,,openlibrary,0.0
be94d004-dc72-41f6-9bf4-4096d157a1c1,,,,openlibrary,0.0
3442dedb-9fe5-4173-bb08-b69d29e017e1,,,,openlibrary,0.0
c34d2e18-8101-4488-9d14-087c1a02efb7,,,,openlibrary,0.0
f4abf6a6-ee08-4aa7-98b4-90b63e5baf10,,,,openlibrary,0.0
020d30c5-d76c-4037-bb5e-d7ae022dc275,,,,openlibrary,0.0
9c8cbb60-e615-4047-b04b-f52281b5930f,,,,openlibrary,0.0
33ea9290-83de-42ba-b1cc-c2463e499664,,,,openlibrary,0.0
af2f2cab-371a-4812-8393-a0074c67aae5,,,,openlibrary,0.0
b6af15b0-0847-4e91-bc60-02b68cdeed31,,,,openlibrary,0.0
bbaac4eb-40ab-4ffc-9535-6f24958950b3,,,,openlibrary,0.0
d35958c4-d4b4-4275-9e9b-7f46ddf1e978,,,,openlibrary,0.0
9cd21e46-5763-4f0f-9472-a1a898eb671f,,,,openlibrary,0.0
ac32ed60-3126-4441-96bc-4594ecc36b57,,,,openlibrary,0.0
3a682668-985f-4069-ae7f-13ccd5ac65e6,,,,openlibrary,0.0
8f0302de-13aa-4cbc-bb53-08279acf285f,,,,openlibrary,0.0
54d45aec-9016-42c2-aa85-8592fa89a7e7,,,,openlibrary,0.0
5f9a7ca7-6681-4720-b130-a3f9535f5997,,,,openlibrary,0.0
2753f776-80e8-4133-8f06-4c8556bd1b67,,,,openlibrary,0.0
74cbc951-f945-4144-bda7-f71e2005dc36,,,,openlibrary,0.0
a1c37f50-45d9-41d7-9de7-8124f8bfe0b3,,,,openlibrary,0.0
7bd89851-6885-4c7f-9495-1132cd4e5917,,,,openlibrary,0.0
749f91b6-6924-408b-96e2-7f04e73e3948,,,,openlibrary,0.0
5494b668-91a1-410d-bee6-c1e3f3a868c4,,,,openlibrary,0.0
e7761c74-2447-4741-afc3-8b09fffe9116,,,,openlibrary,0.0
1618bd82-255f-42c2-aab2-5cdf4a7f501c,,,,openlibrary,0.0
0577f4a7-c191-4bdf-943d-69024afaf53c,,,,openlibrary,0.0
3de1e92f-05af-48fb-bd95-bec1b759b52e,,,,openlibrary,0.0
cab9cdde-7476-4a21-a57b-470388d4b97a,,,,openlibrary,0.0
d9a5f38f-270d-4b95-93ca-91cda48754dc,,,,openlibrary,0.0
31a0d250-9155-423b-bb4d-656c4f78c1fd,,,,openlibrary,0.0
ea779c83-f223-4159-8562-5d3ac66ef960,,,,openlibrary,0.0
664eeecf-3c62-450a-94a6-6a44669da8d1,,,,openlibrary,0.0
d89343f8-c782-449e-af85-3c3af4640b00,,,,openlibrary,0.0
c7385f85-858c-4f77-87d4-31cf4e47e258,,,,openlibrary,0.0
ecd1c3e0-3257-40e9-aca2-1e4d420ff12c,,,,openlibrary,0.0
3cf72457-e35b-4bcb-bf0e-806814f4d22d,,,,openlibrary,0.0
231937ee-a7f9-485c-a18b-30430e8fbe42,,,,openlibrary,0.0
71692f12-fbd7-4ae9-b36e-e0978b81c8e0,,,,openlibrary,0.0
3a1ae246-2c74-4980-8fdc-5cf163f8844b,,,,openlibrary,0.0
9cebbbb4-dbac-4810-8767-4f79e3d0cc98,,,,openlibrary,0.0
f93e3ee6-53e3-4e11-bd7f-d023bcb7f06e,,,,openlibrary,0.0
cdb8e8cd-2667-4263-b487-162ddcd8febc,,,,openlibrary,0.0
b73dc5c6-ccd3-4be2-ba24-6e610b9d6685,,,,openlibrary,0.0
c8a3b09e-4f04-4a0a-b977-dbdd47ae7073,,,,openlibrary,0.0
dc3197c2-fe02-4314-af74-a698fdf4b07a,,,,openlibrary,0.0
b6188b4d-2a40-4ead-a9e9-f14e2a1cfa42,,,,openlibrary,0.0
1717bf61-ec6b-4e3b-af6c-e7e951419140,,,,openlibrary,0.0
b47c18f8-be00-4e95-860f-b42f023f0e8b,,,,openlibrary,0.0
0013c7cb-c5ee-4ac2-85b5-a3481cc20940,,,,openlibrary,0.0
e26e22db-9174-4051-b0f4-8ce1911153fc,,,,openlibrary,0.0
3395c0f9-39c9-4a49-909e-22d4f4ceda7b,,,,openlibrary,0.0
7e07ae3d-6f52-4992-b202-a51ca73963d9,,,,openlibrary,0.0
f9a20b71-fb64-4616-bb84-cf9e2cd6f769,,,,openlibrary,0.0
796dd8de-4c3d-4fd5-8045-c7ebba032240,,,,openlibrary,0.0
1db063b3-0eaf-4f94-891b-70c1606d60a8,,,,openlibrary,0.0
65902443-ca94-4917-80d8-f905d854a84d,,,,openlibrary,0.0
ebd0c1b1-27c0-4644-9844-d8c1b1b79adb,,,,openlibrary,0.0
4b99e40d-3afb-47d5-b495-644632f944d0,,,,openlibrary,0.0
30b4e724-902d-4b24-aaaa-b84d76209063,,,,openlibrary,0.0
4b27ed68-14a7-49bd-8d35-366d62ae22a5,,,,openlibrary,0.0
4b46dfea-9f26-4ba7-9f48-f97b2a1995a8,,,,openlibrary,0.0
e3236f1c-c6a6-480b-a4cf-d86eb7ef7acd,,,,openlibrary,0.0
bb89cad4-0177-40a5-9209-0291410c76e5,,,,openlibrary,0.0
b85e23f4-a9ea-4281-a53d-39c8bb17ac4e,,,,openlibrary,0.0
325627ff-fb6e-4576-a152-00be593ffdef,,,,openlibrary,0.0
88f30980-efdf-415f-a95e-0fc87f470608,,,,openlibrary,0.0
ed05f2e4-7583-444c-baf0-5a070ffdf1f0,,,,openlibrary,0.0
93ea2eb2-dd53-40aa-b30c-d0458d12318e,,,,openlibrary,0.0
62df4c9b-23d3-4f2d-923b-7e3434a709f4,,,,openlibrary,0.0
d103c26e-32b8-470c-ac30-b2dbab6c6190,,,,openlibrary,0.0
891971bf-6918-42a2-8cab-a19e4945a3a3,,,,openlibrary,0.0
d9c5fbc1-36d3-4822-8830-4425a8e1cd31,,,,openlibrary,0.0
8fefad19-7626-49de-ac1c-53a528fa8877,,,,openlibrary,0.0
0df098b7-b97a-4bf6-9a60-552cb27e0a5c,,,,openlibrary,0.0
39ecafd6-d304-4295-b681-81824dae438f,,,,openlibrary,0.0
f3996648-11a9-4ec2-859c-a010c77afd3a,,,,openlibrary,0.0
427173eb-7f4e-4618-b536-1c55ed872b64,,,,openlibrary,0.0
3205d17d-5b9b-470d-a147-83ad68d22a3b,,,,openlibrary,0.0
cb6d2a08-02b7-410a-aac3-762e431adedb,,,,openlibrary,0.0
058b85c8-165b-42a9-a11a-7f219c788bc0,,,,openlibrary,0.0
61290af8-fa2c-4c53-b030-cef3fa437569,,,,openlibrary,0.0
465394f8-4766-4232-a1f4-a154a00196db,,,,openlibrary,0.0
dc7621fb-229d-45ad-a150-76f199f46d0a,,,,openlibrary,0.0
6e3fb364-d28d-4727-84ad-ee92a3c6fd8f,,,,openlibrary,0.0
2b63b134-c11e-4632-a133-75bcd6218c73,,,,openlibrary,0.0
5b5afa05-e82b-4770-92ad-03c2814bab0e,,,,openlibrary,0.0
6ebd9503-af75-44a0-b1fa-88afc5b484f4,,,,openlibrary,0.0
2617df38-9772-4df7-b458-c1779dcb0d42,,,,openlibrary,0.0
1595d865-5f8d-41ae-8bac-775e03aeb5eb,,,,openlibrary,0.0
ee1624e5-e788-462d-9c07-300e55040c1d,,,,openlibrary,0.0
c59f8ecd-cacd-430a-9c29-f7d629a2ab69,,,,openlibrary,0.0
6c44cfb9-23b5-4e66-b888-6b2fcd29de03,,,,openlibrary,0.0
dfac8332-7a4f-4957-b991-6dde72a97d9f,,,,openlibrary,0.0
4f040499-84d2-44b8-b4e4-7d3fff8dd6db,,,,openlibrary,0.0
bbbfd43e-21a1-4866-b43c-686185deda52,,,,openlibrary,0.0
d25b7b53-ddff-45ba-8cfa-e049607fc4f7,,,,openlibrary,0.0
69ae00cb-ca22-4df5-8f64-93742f6be204,,,,openlibrary,0.0
db608da5-44e7-48ad-ad64-194b60c13ac4,,,,openlibrary,0.0
78e9ec10-42be-4ecc-a263-034fe65b4d4d,,,,openlibrary,0.0
3b0603e4-e37e-4a35-9da8-8af72f36471a,,,,openlibrary,0.0
34c3051a-9985-4a36-811b-d7b42ff8a093,,,,openlibrary,0.0
95cbdec4-ab38-4f69-b724-ae6a95743573,,,,openlibrary,0.0
42bb30b5-65c1-45cd-9b0d-b758fd9cfed5,,,,openlibrary,0.0
9ab4c682-b310-4233-9e84-3c610eb881ad,,,,openlibrary,0.0
4b2050cb-f265-40d4-894c-72f82f972dd8,,,,openlibrary,0.0
86e2726f-1a77-4ff9-91b9-cf1d40f4c791,,,,openlibrary,0.0
63fb365e-d013-47a3-9127-82f14e84c34c,,,,openlibrary,0.0
d4eb91f7-f62e-4b18-ab9e-01d7abebdb1c,,,,openlibrary,0.0
e15ee4a5-323b-4f6b-8949-acc0392efcf2,,,,openlibrary,0.0
b02e478b-b913-464d-a5c4-df8dd2c1ccb0,,,,openlibrary,0.0
9dd7f04b-4352-49b8-8c92-48dce60a0f10,,,,openlibrary,0.0
bdbdb4f9-aacb-4af9-8202-5c43b4136018,,,,openlibrary,0.0
fc769e6a-079e-4823-b509-3c1b4ca1041c,,,,openlibrary,0.0
c1086c0b-0461-4ada-a595-d4d41fe2f8ba,,,,openlibrary,0.0
6a4a9815-6e39-4b38-8561-c122d03b1fd7,,,,openlibrary,0.0
2e56b7dc-767e-4b91-bb11-092fc3b40074,,,,openlibrary,0.0
1349ffc0-a5b2-4f13-a1f5-04e7708d7f97,,,,openlibrary,0.0
11a9b487-1e15-4750-b646-b3ad04f61801,,,,openlibrary,0.0
1677f769-0d75-474e-a350-f0c71777dcd4,,,,openlibrary,0.0
0bc37533-7ace-4c87-90ad-8924e8290a07,,,,openlibrary,0.0
e64a24a1-007c-4f13-babc-92b75b9a4136,,,,openlibrary,0.0
996c0f99-ca84-45fe-a751-d7d0853f5321,,,,openlibrary,0.0
4095659d-ec3f-4105-96f2-e86a2301e7c9,,,,openlibrary,0.0
2f6f2bc5-5c55-455d-94ee-5d2b8cd73368,,,,openlibrary,0.0
5bf1bdce-8100-4202-bf11-edd3a8a2b17d,,,,openlibrary,0.0
1063fe82-0f30-41ad-93c5-a382aa3d78a7,,,,openlibrary,0.0
4481c77b-6025-4b8a-acb4-d908ec75e640,,,,openlibrary,0.0
cd01974e-b7d3-4ad6-b7a8-eaa6a0383ee1,,,,openlibrary,0.0
d6da1255-beee-4493-b2cb-0bdba905da45,,,,openlibrary,0.0
0fc88e6d-0923-4e29-b94c-65e411e1855d,,,,openlibrary,0.0
e276b3bb-1326-4d9d-9828-aac5b66eb2f5,,,,openlibrary,0.0
7d3aca89-03a6-4888-a2be-7784e8487386,,,,openlibrary,0.0
401045b4-f791-4b4a-be88-0cb83f985d88,,,,openlibrary,0.0
17cfb143-878a-4425-88e1-2eae7aad36a4,,,,openlibrary,0.0
f47b8c59-3ed6-453c-bd51-9d5ca943fca0,,,,openlibrary,0.0
7bf5bd8c-b93e-4c4a-b5b5-b8cd215b7b69,,,,openlibrary,0.0
b56623ad-9479-4ea9-a15e-383196a2bc5a,,,,openlibrary,0.0
c8d39bb9-b6e5-4bc0-a816-3c52189fa7e2,,,,openlibrary,0.0
87a09e03-5aef-42cb-8807-ebea9c2dc101,,,,openlibrary,0.0
5d86aca2-932e-4254-9c56-8bcdf41ccf52,,,,openlibrary,0.0
c7463316-3d96-4f9a-9821-fb75c69b566e,,,,openlibrary,0.0
2cb0e8ea-e27c-4003-8e9e-ca34d04487ed,,,,openlibrary,0.0
f189e392-a378-4d4b-8214-cf14e99ba363,,,,openlibrary,0.0
058e9b23-13a0-496e-aab8-e63736b31abd,,,,openlibrary,0.0
27c75e3d-816e-4c43-98b9-707c9133b7f2,,,,openlibrary,0.0
cadf70ee-2d21-4bb4-b6a9-c648849452d9,,,,openlibrary,0.0
e5cf54aa-6a77-4e93-998b-a946fb460173,,,,openlibrary,0.0
84f1834b-dafa-4dd1-b720-9dac4b066dea,,,,openlibrary,0.0
34593aed-6cb8-47b5-895d-d128e3c73358,,,,openlibrary,0.0
82d49da8-d600-466c-885a-f4c0db1219f9,,,,openlibrary,0.0
da67244e-5fc0-4b37-859c-f8d5e42ad737,,,,openlibrary,0.0
92073fb2-2520-4de8-8390-67af1b6f140a,,,,openlibrary,0.0
6a89846b-040b-422b-a721-40b3987a5fd3,,,,openlibrary,0.0
9d3307c9-c785-402f-a684-9ba2c9c9269a,,,,openlibrary,0.0
89e8e8a3-f0bd-437e-88ca-34028fb1bc81,,,,openlibrary,0.0
541c5fb7-506f-44f3-8936-6986da69e711,,,,openlibrary,0.0
d548a6ad-2ec9-4283-96ac-89fcd6fc9cff,,,,openlibrary,0.0
545eeb44-c558-4f75-8d3d-67d0a6095978,,,,openlibrary,0.0
83034959-cc41-4587-bf28-0d2dd3cceb5b,,,,openlibrary,0.0
a699fa22-b7b6-49d0-9dfc-11f6877cb710,,,,openlibrary,0.0
eb8c909b-3286-467b-9225-79ef788de5fe,,,,openlibrary,0.0
46f88a7c-124e-4452-b2dc-1ce332f61ae9,,,,openlibrary,0.0
9466110e-28e0-4de2-a8a8-8d4855ca7565,,,,openlibrary,0.0
2ab5a691-780d-4514-b87a-b38c1b138ee8,,,,openlibrary,0.0
9d0ed8e8-6397-4623-bf1a-d8fda496dd90,,,,openlibrary,0.0
a29f735d-6d31-4c23-bdcc-252ee44a27ab,,,,openlibrary,0.0
c1b1612d-3559-44df-9634-62372058ccbd,,,,openlibrary,0.0
15d7e787-e5f0-45b9-bd94-84d46973cf8c,,,,openlibrary,0.0
507f8e21-4841-4f51-b231-adf13324323c,,,,openlibrary,0.0
5de34966-8d6a-4b30-81d9-4cd969d855ff,,,,openlibrary,0.0
a0520f4d-b468-42f4-a95b-cafe0aff3376,,,,openlibrary,0.0
c31a6bac-84ae-4d6b-ba79-d18de2e80c26,,,,openlibrary,0.0
dd8f49c5-f52f-418b-ab65-bce1cbef9767,,,,openlibrary,0.0
8c3092e8-3eb3-4db8-bbcb-247798efa672,,,,openlibrary,0.0
2bd6b792-d7b9-4157-bb35-1238843a8d68,,,,openlibrary,0.0
df650e2e-445c-4f58-aeff-59ef5b91c38f,,,,openlibrary,0.0
c66d5e33-4fec-4af4-b269-d256104ffac6,,,,openlibrary,0.0
987024ee-551d-456c-9a68-e691fa04fc9b,,,,openlibrary,0.0
cb316623-bac9-4b15-bff1-3dfffe4805fc,,,,openlibrary,0.0
ad396d59-fcea-4da4-893a-dda658bcdde4,,,,openlibrary,0.0
a9a871df-47fc-43ae-b9ce-583f05f67294,,,,openlibrary,0.0
4da172e8-2423-4fac-bf22-d077244afa41,,,,openlibrary,0.0
3ceb7e36-5e55-49a2-9c50-085eba4718b1,,,,openlibrary,0.0
bcc43e2f-85fb-4cf1-bd06-aa9d259bf97c,,,,openlibrary,0.0
128c4334-d922-49c5-a092-cd7e79561f88,,,,openlibrary,0.0
0758265f-4ca5-4507-8e0a-9df81f25d777,,,,openlibrary,0.0
c5146365-75b3-4f46-b5f8-fae33b48447c,,,,openlibrary,0.0
889fcf9a-0234-44dd-9fe7-423c0b0535eb,,,,openlibrary,0.0
b8e8f84d-2dcd-46d2-b116-867b4f15321d,,,,openlibrary,0.0
d1fe842b-f2b2-43e2-9f75-e0fb28ae0506,,,,openlibrary,0.0
dc3a28bd-eac2-45a0-bf53-e127022afcdb,,,,openlibrary,0.0
96884dff-83e1-4f16-9689-8ac488e50534,,,,openlibrary,0.0
f3fe1198-d2a1-4e6c-94f3-80cf8dc9a87b,,,,openlibrary,0.0
5b878658-9896-4a78-bc79-8d4eebf89967,,,,openlibrary,0.0
707f960d-495c-4b42-bd84-ae4003cc5f3c,,,,openlibrary,0.0
c467a04d-02f1-4a10-a2ce-64aa99ce739f,,,,openlibrary,0.0
655268c4-7a37-454d-bbbd-5326b759b690,,,,openlibrary,0.0
af711a4e-fc9c-48cd-b00b-2b9c5092dc91,,,,openlibrary,0.0
0d644492-90e3-4ba9-a65d-0a1dc84e9d4c,,,,openlibrary,0.0
fdabfcaa-c08d-4e0d-9149-44e5d4ef9c71,,,,openlibrary,0.0
30533603-6ff5-4949-856c-17875fcc46fd,,,,openlibrary,0.0
276e3223-0074-41ec-b92f-aaafb2343857,,,,openlibrary,0.0
f7902851-36b7-49a7-8b33-08a174dc4275,,,,openlibrary,0.0
c3fcd8b6-ddcd-4e76-a396-37825055c9d5,,,,openlibrary,0.0
08371e9f-0ad8-41a8-83fc-065f2892685a,,,,openlibrary,0.0
9eddf116-b37d-4e8d-a7a4-69e67f637d58,,,,openlibrary,0.0
6526e505-1a0a-4f16-ad5a-553b879ef8c4,,,,openlibrary,0.0
567872c6-d8fd-4e88-9c9c-3d644c242bc7,,,,openlibrary,0.0
22e49284-c58c-4ff8-b5e5-e9f431d01d78,,,,openlibrary,0.0
5a382077-1d5d-45a2-ae9b-423a4bf0aaee,,,,openlibrary,0.0
822ca2e3-6b4c-4ca6-a79b-e5ad09f29234,,,,openlibrary,0.0
44668486-d3cf-42bd-92a7-dfb61a7546d8,,,,openlibrary,0.0
649248e2-039d-446b-9f9c-00dbc353dbf6,,,,openlibrary,0.0
4ec6f552-5208-465f-b7ac-f67c7428e4d9,,,,openlibrary,0.0
1d9fc864-2516-4426-b586-7ce8e3c19634,,,,openlibrary,0.0
3187152a-f5b9-4d54-ba37-3991ccf54a40,,,,openlibrary,0.0
f6dbbb74-6cb8-4acc-9d5a-b7528312c800,,,,openlibrary,0.0
44982cfe-e7ce-4531-a8e6-a55a191cbe86,,,,openlibrary,0.0
5b71e3b8-763a-48c5-9db1-590753e3e81a,,,,openlibrary,0.0
1abe97ac-c8f3-4fc1-b828-2f33a1114bac,,,,openlibrary,0.0
8b000abb-023f-4f7e-89f7-dd8ab96284dd,,,,openlibrary,0.0
c68524d5-a6f8-4a89-acef-0547ab4e79d2,,,,openlibrary,0.0
b9ed7b10-1126-4785-9a65-c6a933dd7a34,,,,openlibrary,0.0
ff7ae553-fc80-47a9-b38c-37d08872a4df,,,,openlibrary,0.0
c3061c4d-49ad-4bd2-af58-277ab03aaa4e,,,,openlibrary,0.0
6e468a29-b6fb-4cb1-a498-05de334a0dea,,,,openlibrary,0.0
1fb08205-9179-4ca7-9721-594317032784,,,,openlibrary,0.0
afea32bd-4ee0-4726-bb0c-a5da599c94ef,,,,openlibrary,0.0
75e5f657-98ae-44c4-a40e-a9706ad63d92,,,,openlibrary,0.0
548268d0-d905-42eb-a558-d77109ab47ce,,,,openlibrary,0.0
950ff338-cd31-48cd-b094-f997c12b9f46,,,,openlibrary,0.0
b43ccac9-5cb7-4e2f-9c17-5235f9750b67,,,,openlibrary,0.0
eaed44ab-110f-413c-a17c-2206c952e94c,,,,openlibrary,0.0
269f9140-71dc-4f7d-8eab-49094bd809ab,,,,openlibrary,0.0
70d905f9-94ef-480d-86d0-548ef443606c,,,,openlibrary,0.0
ea6c5aef-b00a-4e62-ad2f-af5f880e5533,,,,openlibrary,0.0
404247f0-aa14-4e1a-bb3e-6bfd5d782fe0,,,,openlibrary,0.0
09efb349-1661-4233-ba28-5069137ae051,,,,openlibrary,0.0
1019910a-9abd-4069-b5ba-8c10fd5d964a,,,,openlibrary,0.0
ea8b972c-ddc8-4500-a0c5-7b6ae46b95d2,,,,openlibrary,0.0
a36aec34-77ee-4c8b-afcb-c7c6ba5893ae,,,,openlibrary,0.0
ba712803-40bc-44f5-9154-68d3f25d7930,,,,openlibrary,0.0
18e83736-757c-4b14-8e8e-f027098d4d9d,,,,openlibrary,0.0
a35c3d7f-a8f5-46e6-8c71-233e3ed9983b,,,,openlibrary,0.0
7015102b-10bf-4b8c-95a6-873f58de0004,,,,openlibrary,0.0
a1916765-a7af-4b8e-b070-766c8d4d146e,,,,openlibrary,0.0
437a48e9-1350-4457-b1ec-ec49cf6665b5,,,,openlibrary,0.0
f0e01e89-3d59-40d8-aa78-7a08ac33d785,,,,openlibrary,0.0
3dbd0dee-0d10-4ed2-b910-79d77d0ecfb6,,,,openlibrary,0.0
12775e4e-c3b9-4c0e-8073-0b2e91671498,,,,openlibrary,0.0
1cd5b00c-8244-4faa-a5ab-e499f93a1d3f,,,,openlibrary,0.0
6b883706-c64b-48e3-8571-48da2c616dc4,,,,openlibrary,0.0
44fc71c8-5ce7-4241-9193-03fd7cfbb4a5,,,,openlibrary,0.0
fae077ba-8753-433f-abbe-e1c7a06291c5,,,,openlibrary,0.0
7fe855cb-a23b-4761-8cba-20b0c1da2c9a,,,,openlibrary,0.0
5dc0d543-e465-4e4e-975f-862e6814e230,,,,openlibrary,0.0
ef27ebae-a241-43dc-989c-e28f83777032,,,,openlibrary,0.0
eeb79eda-76a4-4bff-8667-a0798b32ad6e,,,,openlibrary,0.0
77029f99-e3b3-493e-b5f5-d76166f8c368,,,,openlibrary,0.0
b54b8124-0950-4fb8-81f2-80c06684f801,,,,openlibrary,0.0
077a7fd1-f31d-4af7-b98b-3d7fe1702ff1,,,,openlibrary,0.0
26d08fad-c37a-4f01-bcf7-66d78892e18f,,,,openlibrary,0.0
45cb8311-8a7b-45f3-94f2-61a64570390e,,,,openlibrary,0.0
2edc6f25-8c09-4785-9d8e-576a6e52ba9e,,,,openlibrary,0.0
9e02873b-bce7-403d-b492-7e2af2ca7c9f,,,,openlibrary,0.0
6465bf33-d3f0-4366-9b01-492015e8ff05,,,,openlibrary,0.0
85499c79-006c-4647-867e-fdf4676beaa4,,,,openlibrary,0.0
f708cd8d-0162-4d21-873e-48b75ca22bcf,,,,openlibrary,0.0
61557ece-4f3e-49e6-b225-e1ed6f59968c,,,,openlibrary,0.0
ae9e1ebb-07e3-441b-b522-2374a3b95d9c,,,,openlibrary,0.0
dfa32ed4-4217-40ba-9c1b-9b414898e3e0,,,,openlibrary,0.0
36c70225-23a0-4222-b146-45750592724c,,,,openlibrary,0.0
cb42ba86-7ddd-4c65-b6ba-8dac31c25c22,,,,openlibrary,0.0
718c500f-897c-4acb-a757-32b7a5479afa,,,,openlibrary,0.0
3974be94-afcf-4e81-8574-fb69f056b610,,,,openlibrary,0.0
da6c2eb9-a0d9-4df0-870e-1abd3261349e,,,,openlibrary,0.0
eb7329a9-687e-4403-b7f0-88117146ed6c,,,,openlibrary,0.0
661f1414-c6f6-4f66-acd3-efd5ba51245c,,,,openlibrary,0.0
5fa051db-f59f-4caf-bc20-d7330d77d17b,,,,openlibrary,0.0
1088c90a-08ca-454a-9e52-49d488ea0ece,,,,openlibrary,0.0
8d0ea58b-1bec-4a28-a083-4763e7633599,,,,openlibrary,0.0
f0bd15aa-9dc5-42d6-a12c-f202e543cbaa,,,,openlibrary,0.0
ad1f963b-5bb1-4c5a-a6df-f6bc8f4d948c,,,,openlibrary,0.0
2ee021cd-c9c9-4b4c-9d43-d753c5048bb8,,,,openlibrary,0.0
f0047937-4657-49fc-bc77-c5d45a3ad9bc,,,,openlibrary,0.0
57372e9b-7e17-4512-8026-f51db7113df6,,,,openlibrary,0.0
77125a30-3fab-44e2-a28a-3b4c0a13fe73,,,,openlibrary,0.0
c3f618aa-191e-41be-bb19-7e3951e0f2a0,,,,openlibrary,0.0
510dafb3-c595-44ca-87b1-76d16d46535c,,,,openlibrary,0.0
b9dc597f-bed5-4f59-b734-68fa65c45589,,,,openlibrary,0.0
2668d0a7-152e-4afa-945e-eced41f9f441,,,,openlibrary,0.0
c6ac1196-6621-40c8-a16f-1709163b87eb,,,,openlibrary,0.0
d8305fd2-6f5e-4cb8-a705-bec7c9550696,,,,openlibrary,0.0
c3e1f223-d23e-4064-b5a6-6cfca30cb191,,,,openlibrary,0.0
1c5a207b-d075-4e7f-832c-04de02ce124f,,,,openlibrary,0.0
07e4fd13-25bc-45d7-a41e-c5272024c60a,,,,openlibrary,0.0
2f47a508-87d1-48b9-b7b1-678cc98f327b,,,,openlibrary,0.0
afb9287a-45ec-4dea-be70-96385738b13a,,,,openlibrary,0.0
75e39c8b-3acc-4b00-83ad-9e5bf606b81c,,,,openlibrary,0.0
483e57d0-ab12-42e7-b276-c5794b225789,,,,openlibrary,0.0
77d93580-de77-4ad4-96ab-57797e06abb7,,,,openlibrary,0.0
fa797a54-88b5-481e-a3db-106bc14f9bdb,,,,openlibrary,0.0
a0aada86-7af1-4ec9-979d-5e4149216036,,,,openlibrary,0.0
b15fee9f-1806-45b4-a376-ae35e7127e77,,,,openlibrary,0.0
b491fac0-8217-4a00-9fce-26d128cf8a0e,,,,openlibrary,0.0
8fee7417-01ab-4f30-895c-13ea43b261a3,,,,openlibrary,0.0
d633c93c-c80b-4798-aa6e-5692b08b17ca,,,,openlibrary,0.0
64535486-54fa-4aab-9877-bd6a1e18262b,,,,openlibrary,0.0
5a63d63c-7082-4508-ab92-3aa5bf31cf3c,,,,openlibrary,0.0
c7470eb4-9b78-4170-8e21-70f6589596c0,,,,openlibrary,0.0
8351ebbe-6559-4926-a619-a9cd195cae25,,,,openlibrary,0.0
7d7139bc-69c0-43e9-b589-6f9e22e44c12,,,,openlibrary,0.0
2c63b772-1af5-4b89-b15c-0b8126ad37c8,,,,openlibrary,0.0
428bda90-0664-4407-9643-4e4146e43af2,,,,openlibrary,0.0
670dfc7d-1d40-485d-9277-8bb8d93d276f,,,,openlibrary,0.0
e000d921-e022-4fff-90a5-6ae13d63f12b,,,,openlibrary,0.0
5a15adeb-5858-42b6-920c-cb210a183549,,,,openlibrary,0.0
5de448ff-02e9-494b-8945-707090d8550f,,,,openlibrary,0.0
605f72d8-a95e-43e2-ad61-83dac3f41fa8,,,,openlibrary,0.0
f697e072-e239-4fbc-9b1c-4e00576b88b8,,,,openlibrary,0.0
27196404-75c1-431b-923f-601b969d04f7,,,,openlibrary,0.0
6d161b2e-0c0a-41c8-b342-82d449339b0a,,,,openlibrary,0.0
34963d4a-d985-40e8-ad09-17c2b9616b74,,,,openlibrary,0.0
5d66b4a2-e2bb-480a-9489-80675d00bb27,,,,openlibrary,0.0
ce749abc-1e33-419b-bbdd-c400f6bc159b,,,,openlibrary,0.0
0794ba3c-47e5-4cc4-b154-2880dd594c23,,,,openlibrary,0.0
d8b34355-2fed-452a-865a-b578c2aecb5e,,,,openlibrary,0.0
4f1aa19b-d5a0-4025-bd94-0095bb4b3a65,,,,openlibrary,0.0
7e81d245-7216-4228-967c-989d89881d85,,,,openlibrary,0.0
6792b19b-dd5b-444c-ae15-97d4028bb6d5,,,,openlibrary,0.0
bbe3d8ea-715c-4eb5-a12a-403f9029c876,,,,openlibrary,0.0
a4448d89-4261-41fe-8da1-227b39eef71e,,,,openlibrary,0.0
978a8b97-28e7-467a-9e5e-556665e9d2b4,,,,openlibrary,0.0
1bf44025-3e07-4913-9c69-8a25631cd042,,,,openlibrary,0.0
332618ef-9893-4011-98c8-d9ab83b9e12b,,,,openlibrary,0.0
46044f39-97e0-41a1-85b1-3aaf97f48d88,,,,openlibrary,0.0
77eae581-a837-43b0-ad9d-db5e8cec49e5,,,,openlibrary,0.0
25a5b332-9635-43fa-af78-0bdeb152102c,,,,openlibrary,0.0
689e4639-02b4-4688-8b36-bcdd97881754,,,,openlibrary,0.0
23e3ec69-afb5-43e9-9027-8e15be104619,,,,openlibrary,0.0
d93426f0-2c1c-45ef-9741-0180da351f95,,,,openlibrary,0.0
e4a22a80-76ea-4644-9c78-be84423506da,,,,openlibrary,0.0
ce128709-b633-4485-bf34-57d64713a08f,,,,openlibrary,0.0
821b54b3-e444-4d3a-a2f2-9337a14266f8,,,,openlibrary,0.0
c5802b0a-4f2d-4bda-8f89-6e8529a79a48,,,,openlibrary,0.0
1f682ccc-a4dc-49fd-bbda-ceebb9394061,,,,openlibrary,0.0
8a0e0a7b-367c-40d1-8a4c-b0060f4c9e9f,,,,openlibrary,0.0
f960a755-f04f-4ce7-a95c-27b460938371,,,,openlibrary,0.0
3955dae6-259d-4f7c-a7ca-0895655a8a9b,,,,openlibrary,0.0
5d2a0fc1-4439-47ee-bc1e-fa45191b3ff5,,,,openlibrary,0.0
5d9e930f-e766-4637-ac09-f5563aae7d00,,,,openlibrary,0.0
c1fcd098-42bf-4f26-9bf6-c24f9d52f3c9,,,,openlibrary,0.0
1e5a933a-8cf9-484a-b419-2bba8edbb10b,,,,openlibrary,0.0
e49590b2-c249-42a9-9f28-60f874319f2b,,,,openlibrary,0.0
b2f5999a-63bc-460a-9f0b-d92d801ed684,,,,openlibrary,0.0
8e378379-df4b-4deb-8d14-841533ff4027,,,,openlibrary,0.0
f92f0ee8-1a1b-4a1c-a659-eebbc97a5382,,,,openlibrary,0.0
37d4485d-98ba-466d-8f9e-81e29aba894c,,,,openlibrary,0.0
15ac5cfb-3442-4c83-8a81-6a8cbfb61312,,,,openlibrary,0.0
807ff386-0ec6-48b9-92b8-082bd9a62a0b,,,,openlibrary,0.0
23dc168f-a731-477f-997a-347c30cd7fa6,,,,openlibrary,0.0
397c6156-b1cd-4c5c-b218-796505295143,,,,openlibrary,0.0
bc6b07f5-f3f7-4ea6-87ac-ff62ff90dc9a,,,,openlibrary,0.0
17220cbb-1338-46b5-b6e8-0583ec4ee666,,,,openlibrary,0.0
ff2549aa-43d3-4d6a-8ba5-74c6119c8978,,,,openlibrary,0.0
8e22cc71-d978-416f-9a03-a3233b6b5f1f,,,,openlibrary,0.0
17e4917d-d7e8-419f-bde4-020e868bdf0b,,,,openlibrary,0.0
3a468b74-5296-4494-b6c8-5891e4655376,,,,openlibrary,0.0
07bad3cb-839f-41d2-a210-1e1644821eb7,,,,openlibrary,0.0
6319403e-100a-4cff-88cc-0d719c53de14,,,,openlibrary,0.0
841a1259-a2da-4165-998e-892a14ba563f,,,,openlibrary,0.0
0bb06d47-eeae-42ce-ad5b-abfb24a71934,,,,openlibrary,0.0
f4d7b005-da84-4701-acca-36a0f533f3ff,,,,openlibrary,0.0
3eb44da2-beec-4919-99d8-61a5f5898fd2,,,,openlibrary,0.0
d4e0436e-1b7e-41c5-b939-c593a0cc2492,,,,openlibrary,0.0
22eb12d9-f51c-4bc3-bf5e-58c9c4fad5d0,,,,openlibrary,0.0
0f9cc230-3993-4c9c-8e80-b30b8509082d,,,,openlibrary,0.0
671c1c80-8143-4251-9ad1-097c4554c264,,,,openlibrary,0.0
5ab7d28b-d929-43ea-b8ec-db15e7b96b86,,,,openlibrary,0.0
5517a11b-7a7b-45a2-9488-f7b4a883353d,,,,openlibrary,0.0
b808cd37-24ff-42b7-8944-026643556eab,,,,openlibrary,0.0
c553ae6f-adca-491f-ad5c-37fdfb0b79ef,,,,openlibrary,0.0
264d1e8f-2540-48e0-9e5d-933c7138f8ae,,,,openlibrary,0.0
03a79e47-306a-4ca4-afca-74a8f912b306,,,,openlibrary,0.0
fa0ee729-3e28-4e27-add8-de6be78fbfb6,,,,openlibrary,0.0
9f1cc315-4d04-4932-a55a-b462df5e7fce,,,,openlibrary,0.0
49bc5110-125a-473d-9d00-bb7e1dfaa581,,,,openlibrary,0.0
7753c491-a149-42a4-a2e0-77f6d6340a25,,,,openlibrary,0.0
ab6de092-b638-471d-a383-3a8213d62356,,,,openlibrary,0.0
2140b083-7863-4ee3-947e-84b00a230392,,,,openlibrary,0.0
308667ea-7f57-44e9-a1cc-61002842da28,,,,openlibrary,0.0
6fcb11b3-e6ef-4ce8-ba59-583baf11a5b3,,,,openlibrary,0.0
ec04953f-c152-4ea9-b449-fb55f992e328,,,,openlibrary,0.0
461d957f-0d09-4fe2-8b32-08275f69f66e,,,,openlibrary,0.0
1a35ac64-52d2-4067-843e-d75f8e3ef4f5,,,,openlibrary,0.0
a730fa60-bd45-43c8-8bb6-3306787ed2ff,,,,openlibrary,0.0
de915726-737c-4b23-990e-95c3cdfa03f7,,,,openlibrary,0.0
ccdf9c59-a787-4ab6-b2c6-c350d4060248,,,,openlibrary,0.0
619288f6-cbe9-4ff7-87b2-11785f47cd28,,,,openlibrary,0.0
05cce6ae-eb4b-4877-9c9b-a4e344acf882,,,,openlibrary,0.0
e1d79b76-1b9b-47d1-91d7-b50f91748200,,,,openlibrary,0.0
d9bb7bca-b7ec-401e-b91b-2140bc51d1db,,,,openlibrary,0.0
a09d4c3d-6391-4535-a2b8-48e27538e2af,,,,openlibrary,0.0
4cb9b948-fc87-43a0-ab32-a6ad5972778d,,,,openlibrary,0.0
9a17cbda-5b28-4684-8599-30a94e8c7158,,,,openlibrary,0.0
0474e79e-e55a-48b7-9d1b-9e4e1fee6682,,,,openlibrary,0.0
1c107e18-dd5e-4069-b39c-86c8c5ac672a,,,,openlibrary,0.0
ea1cb4d9-03ca-4342-8a93-9019640ea3c7,,,,openlibrary,0.0
c7e4eb8a-b171-40ff-b524-ec2da8cf08d1,,,,openlibrary,0.0
82f19ea8-f282-49a0-b9b5-f515c332c579,,,,openlibrary,0.0
fed4433a-a425-4338-af7f-0d3b8f787f7f,,,,openlibrary,0.0
098bfccb-7f92-4039-8255-87536198d492,,,,openlibrary,0.0
e124032e-1535-4a8a-bc93-3a8e073ce5a5,,,,openlibrary,0.0
7d32a187-d88b-4c1f-b55f-3e3d22517742,,,,openlibrary,0.0
61261942-77be-4b85-a7de-f69572242b2a,,,,openlibrary,0.0
ecba28bc-f8c9-4087-b3f0-3cf4b739cb86,,,,openlibrary,0.0
2b600a86-c952-4e58-9853-b98e5970c471,,,,openlibrary,0.0
63bbcfde-6488-478f-af61-083f53ecdb22,,,,openlibrary,0.0
1bf55841-a0bf-4bf8-bbd2-737de3b0d3d6,,,,openlibrary,0.0
81fec6a1-99e5-4f32-8841-1b87038f6dfe,,,,openlibrary,0.0
08848653-80b2-4558-b9b9-9a7c0cea4608,,,,openlibrary,0.0
a4525f0e-ca32-4909-9ce0-8c1852ef74d5,,,,openlibrary,0.0
6b05d016-4342-45d4-91c1-5678ef85d99a,,,,openlibrary,0.0
9a1d42d2-e898-46db-8c8e-c345af639154,,,,openlibrary,0.0
c7a2db65-2022-4e15-b30e-5d31af316ddb,,,,openlibrary,0.0
2f17b490-4ecd-4204-8c93-b507d84d2b52,,,,openlibrary,0.0
6fa1cf57-6c3a-464f-b0fb-83fdf816c298,,,,openlibrary,0.0
b258a3db-425c-426c-a7ef-fe4290bf66de,,,,openlibrary,0.0
d6cef32b-9eff-45b4-9116-58b106cb3978,,,,openlibrary,0.0
68cf7510-dd8e-4e45-8c7d-1c2c72e6881d,,,,openlibrary,0.0
d4d54ff2-5919-4242-b862-299e6211d2c8,,,,openlibrary,0.0
450b509d-f7bd-4445-b9d9-3672d0367c0a,,,,openlibrary,0.0
b61d9b2e-da17-4615-ae41-5af4d6e861a9,,,,openlibrary,0.0
d55c31ae-4218-4e37-8a5f-e3bf5cb54fd4,,,,openlibrary,0.0
45b1b2a8-de9d-43c8-94b8-b0b85f603fff,,,,openlibrary,0.0
d93576ee-38e1-454e-8d8d-ef78f33d0076,,,,openlibrary,0.0
0dca88d9-3be6-4342-ba49-73e8445f0000,,,,openlibrary,0.0
2914a8ac-f635-4ce2-be0c-40897a4f3916,,,,openlibrary,0.0
0d2a47eb-b7db-4155-8e64-8230ce34c144,,,,openlibrary,0.0
1ae8d88b-2160-4f2f-8f8a-a742203df2f1,,,,openlibrary,0.0
99afe0e4-9a08-4311-bc1b-4dfd822afe46,,,,openlibrary,0.0
4778156d-9f92-46c2-9e2a-912ac96e6648,,,,openlibrary,0.0
87684f61-d70e-4aae-815f-580dbbdc0579,,,,openlibrary,0.0
c91017de-e094-4196-ad4c-e98e085db5fc,,,,openlibrary,0.0
3af6c2c2-7b01-4685-be3a-1eeb776c36db,,,,openlibrary,0.0
aca55398-70ae-4feb-8716-b49cafd2deb9,,,,openlibrary,0.0
a0093f2e-abab-4dcc-b675-22564a2849a4,,,,openlibrary,0.0
6535ea56-16e5-4458-bc1f-58d677e3e158,,,,openlibrary,0.0
842d5692-ee96-40d1-8e6e-766b91374295,,,,openlibrary,0.0
578ac105-9534-453c-8eab-26d90a1a9135,,,,openlibrary,0.0
dfd5e6ae-7fa0-477e-876d-7015266f74fc,,,,openlibrary,0.0
abcc8356-c213-417e-bbc4-5f1d65644176,,,,openlibrary,0.0
5f240904-0417-479f-8a6a-3cca4a16a980,,,,openlibrary,0.0
b9d13704-4b41-455f-9d81-21ed7e1907e7,,,,openlibrary,0.0
d44841e6-2408-4da5-98fa-4bb890e3d5ee,,,,openlibrary,0.0
408bd784-f0e2-4f5a-a3dd-72026871e737,,,,openlibrary,0.0
8e112bf8-a16e-4aea-aeaa-fa02ae17f70b,,,,openlibrary,0.0
ae4010ab-0556-46e5-9432-059f3c9ae7ff,,,,openlibrary,0.0
1924f139-d317-45d9-b9cf-31a9ed5423eb,,,,openlibrary,0.0
254b389c-eb78-4e4d-b648-8b2896d4476d,,,,openlibrary,0.0
8f407b49-6429-4996-9bfd-f7f5d4d8d08c,,,,openlibrary,0.0
517cf999-3fea-4d9c-a51d-69b3ce484308,,,,openlibrary,0.0
1f4bb051-653c-4af8-9117-c79044f5c83a,,,,openlibrary,0.0
2648c14e-e7c3-465c-9e5e-eeaabf84688d,,,,openlibrary,0.0
19f26a1f-16a8-4043-91ba-8c6a0893e4ef,,,,openlibrary,0.0
d168b731-bb89-4621-8223-d45c362d8e68,,,,openlibrary,0.0
e7dd373d-de24-4868-b02d-76bb5428aa02,,,,openlibrary,0.0
a7346578-7879-4812-ae31-f3e32a72de22,,,,openlibrary,0.0
99afa1fd-26c7-4e79-9491-21ec7e7694c8,,,,openlibrary,0.0
5e9e62e7-6754-4c36-950b-53f9e9885961,,,,openlibrary,0.0
3642b2fd-437d-4fd2-be44-af8c4742367b,,,,openlibrary,0.0
2ec2151e-e17e-4994-9704-866cb9d2c3b0,,,,openlibrary,0.0
f65ee820-a76f-4090-8398-82350257b7a7,,,,openlibrary,0.0
290f2ce2-1d9f-4c7f-9a8a-b8f40c906504,,,,openlibrary,0.0
983ea312-27bc-4eaa-9fe2-78d0dc07bba3,,,,openlibrary,0.0
c95e72af-3e5b-494a-8f57-1801e3145aaf,,,,openlibrary,0.0
6cb0e911-ddc4-4dcb-a352-13c72a8c5acc,,,,openlibrary,0.0
63763b0e-961b-461e-a010-787fbe8eb07d,,,,openlibrary,0.0
567417d1-7ec3-4393-8bd9-258283e1739a,,,,openlibrary,0.0
60bde6d0-8431-4870-8b27-a086d77f1ed5,,,,openlibrary,0.0
88aba72d-724f-4fd9-be2a-5773f0414387,,,,openlibrary,0.0
10894d53-e7cd-4b37-a0c8-158dd14fc775,,,,openlibrary,0.0
10839271-c08c-4ba3-9152-2c72ac4e06e1,,,,openlibrary,0.0
6706965b-14aa-4e0f-8b96-49cdb6c6054c,,,,openlibrary,0.0
2c0374b9-a423-4a55-9366-b53c7b6ccbde,,,,openlibrary,0.0
da451748-129d-4f15-8b83-622cc70509d9,,,,openlibrary,0.0
193ba672-7803-4db0-9886-a4b61fa0c6a8,,,,openlibrary,0.0
f81c1658-45f0-4a91-a3b6-06693676c693,,,,openlibrary,0.0
2feeee76-27d9-4cd0-8d04-763b692e518f,,,,openlibrary,0.0
c0aeb160-0f9e-470e-825b-dd9b2347567a,,,,openlibrary,0.0
bc2cad64-4dc2-47b1-86ca-b319c3050d2d,,,,openlibrary,0.0
a585eba6-776a-47bb-9187-a7e221dbffc2,,,,openlibrary,0.0
1d227361-c1a7-4c95-99ac-e1b53e9cbe48,,,,openlibrary,0.0
a66a702e-9830-4369-bf59-722f027295fb,,,,openlibrary,0.0
e0beabf8-0577-4a3c-85e1-7b4096a20560,,,,openlibrary,0.0
9f4e9c94-392d-4a14-8676-55cfdfcc9286,,,,openlibrary,0.0
6a4428fb-c43d-4648-a6ca-0120c17df280,,,,openlibrary,0.0
6018cb00-8ef5-42c3-881a-dd642197a662,,,,openlibrary,0.0
ecbf7e7d-7bec-4289-9874-a8ef7e9351aa,,,,openlibrary,0.0
0793ac03-82be-4681-8ece-18e2eb04e62b,,,,openlibrary,0.0
2aed489e-01ef-4cf8-9923-ef4e6c279a52,,,,openlibrary,0.0
b1c7b560-b56c-4c98-b882-31ef4b08da77,,,,openlibrary,0.0
c4b1508c-9f15-4b46-b855-e5050319eb92,,,,openlibrary,0.0
6e5a0869-08b4-4bb1-baa5-6cacbc0af0f1,,,,openlibrary,0.0
f330209b-de8f-45f3-a56d-f6e4d70bd229,,,,openlibrary,0.0
2fd216bf-bf0c-45b5-8521-05839d3db630,,,,openlibrary,0.0
108699a8-c8f3-4df0-aedf-6a8bc9428c6e,,,,openlibrary,0.0
2eff603e-abe4-41d4-87b1-069685a133ba,,,,openlibrary,0.0
672053f7-caf9-48c6-a010-0d79241e1c39,,,,openlibrary,0.0
7d3b11f3-73c6-4976-abad-ea58122d65e7,,,,openlibrary,0.0
76c7e9ee-392c-44f1-af67-06ef0344a33d,,,,openlibrary,0.0
9dce022a-1d51-44a4-b3d4-2723b919f019,,,,openlibrary,0.0
7c8ed632-194d-4ea3-a2dc-9000b3a01dda,,,,openlibrary,0.0
ee5430e4-a12d-4ac4-9142-1254580e018d,,,,openlibrary,0.0
6a43ddf0-52a7-4cb0-b4d9-8d87a53493d2,,,,openlibrary,0.0
bea24932-9049-421f-b3e9-774b9ea617b5,,,,openlibrary,0.0
a4f12068-2188-4218-9319-8aba15215612,,,,openlibrary,0.0
e9e59457-cb71-45c4-8c97-576ab24df008,,,,openlibrary,0.0
31a0077f-d4f7-4cc5-aa2b-a9e3285765c9,,,,openlibrary,0.0
86fe201d-9169-4661-8711-281a7d032334,,,,openlibrary,0.0
417fbcd9-0757-4693-8be5-86ffd66bc65c,,,,openlibrary,0.0
9ff450fb-57f5-4e2d-aced-08fc00ce2d68,,,,openlibrary,0.0
f05c1beb-bfe0-4d77-b0b8-5864d3661d5a,,,,openlibrary,0.0
9bb4baab-cf50-4cbf-a43d-b4b6b73b4474,,,,openlibrary,0.0
af5e8186-8b54-4500-89cd-9f4d5f695d86,,,,openlibrary,0.0
b6e6787a-6ba3-4753-ad7b-bfb031910b78,,,,openlibrary,0.0
3573050a-a7c5-41a3-931f-6256dedb3af5,,,,openlibrary,0.0
f3bf279d-7076-49c8-8e59-0edf94b94f19,,,,openlibrary,0.0
789d04ff-608d-46dc-a65f-44be7abde9ec,,,,openlibrary,0.0
3ef2cb6d-27ad-422f-b051-662915779f68,,,,openlibrary,0.0
83996e0b-038e-418d-aad7-6a25a01db23f,,,,openlibrary,0.0
51c91ab8-a9ab-4e22-b4ab-f5f0074260f7,,,,openlibrary,0.0
2a231c54-0528-446c-94e9-161948d5611e,,,,openlibrary,0.0
64a00dfa-5184-43a2-88a7-49fba77abef7,,,,openlibrary,0.0
1069bafe-9e1e-4971-b71b-603a4f938e60,,,,openlibrary,0.0
56bf0ea2-02f6-4b43-b4d1-70d810b6715d,,,,openlibrary,0.0
4eeb1c0c-6c2c-476a-a7fd-f132cfb4ab6e,,,,openlibrary,0.0
56d12a53-062b-491e-94da-8dca850c5a91,,,,openlibrary,0.0
e3ea3cd0-bdaf-416b-b65e-555e145b67e9,,,,openlibrary,0.0
d226b93d-6751-4d10-8126-f71d000d895f,,,,openlibrary,0.0
8962d7a6-66a7-4896-9b8b-34d4173a601b,,,,openlibrary,0.0
722f3266-9560-4502-8684-c25dc2dc4b3e,,,,openlibrary,0.0
3a72179e-f778-482e-a483-74a65966c4b3,,,,openlibrary,0.0
c6eee2d1-0f68-468c-842a-613313a3f7cd,,,,openlibrary,0.0
0441e766-5599-45fd-9ca4-7697db77230a,,,,openlibrary,0.0
847d88ea-1e6d-47bc-8ca3-b043349f9b54,,,,openlibrary,0.0
011b59e4-fbac-441a-86b8-cea0d1930010,,,,openlibrary,0.0
d816c728-390d-4292-8cb7-8630872bde03,,,,openlibrary,0.0
6b17a23b-7ec1-4510-9e6f-c82b7a075910,,,,openlibrary,0.0
24cd6a1b-f00c-4212-9634-6c0391fc1485,,,,openlibrary,0.0
53b0a10d-5f72-4022-9328-26147fbcf9cc,,,,openlibrary,0.0
42568c53-2f5a-446e-83fb-a5291db6c350,,,,openlibrary,0.0
e49e1f18-5b23-4714-8d59-3834c51f4616,,,,openlibrary,0.0
758b7e5c-19b4-43dd-8e1c-60c83eadb29c,,,,openlibrary,0.0
4178699f-1f2d-407a-aa2d-97d0ea1a0c72,,,,openlibrary,0.0
fee009f3-7f79-4153-8367-7c07d4b1ab07,,,,openlibrary,0.0
bc87cecb-c2b4-4011-83f9-e037c8790b19,,,,openlibrary,0.0
b498bfbe-c9d7-43a8-a329-bce549963b5c,,,,openlibrary,0.0
a98a5427-261b-418f-86d6-41acf5338aca,,,,openlibrary,0.0
9e420362-8378-42d5-b34d-19310c4272fb,,,,openlibrary,0.0
2cae5583-9359-42dd-9c16-d263b2872601,,,,openlibrary,0.0
becfb450-19ea-43f5-bb8e-f7f1352981b0,,,,openlibrary,0.0
b09edabf-1ead-43ee-8546-c686d479f9ec,,,,openlibrary,0.0
debd7eb8-a0c8-4ba1-86f9-72c4bd9b77c9,,,,openlibrary,0.0
9c16d9cf-8ae1-43ea-93a0-e294188ccc33,,,,openlibrary,0.0
0cfa6952-b539-46fd-bde6-bb3c6aa5a3d6,,,,openlibrary,0.0
7b04daec-de19-4e0f-a96e-adb1be8a8e41,,,,openlibrary,0.0
0aa14756-7351-4e39-b020-2bd53fd20f3d,,,,openlibrary,0.0
0125325c-1d1e-4ea0-bdf5-4b5b628a489a,,,,openlibrary,0.0
2b4a84bd-ff71-4d1e-b43f-9e02becd830e,,,,openlibrary,0.0
52044831-5713-4ec0-b467-3d16c3ffd05d,,,,openlibrary,0.0
bc60ff04-df07-49b3-a210-9aeec94e2583,,,,openlibrary,0.0
ec51c9d3-beec-4c58-b91c-aa66d923ffe0,,,,openlibrary,0.0
df684206-8da0-44a8-afed-a7d3d4706702,,,,openlibrary,0.0
0cc7d402-b6ad-4912-9433-3bb1d4680e96,,,,openlibrary,0.0
4e794f2b-ca95-448b-b22d-f31480cb00de,,,,openlibrary,0.0
8e88dddf-65d6-4260-9ac3-5e94a2321c8b,,,,openlibrary,0.0
ed64693b-1222-4277-a481-a7a2929b0685,,,,openlibrary,0.0
0ad5535c-335c-4028-9c3c-5a39a8702651,,,,openlibrary,0.0
5f22c836-a066-47c7-b008-78a3528afa19,,,,openlibrary,0.0
5ec4581b-2618-40ac-9e0b-49e8fbc107b0,,,,openlibrary,0.0
b4be74c0-5ae9-4d84-b706-fcdb6ede2892,,,,openlibrary,0.0
51c91fe3-753c-4bfd-9b8f-7a93e93fec55,,,,openlibrary,0.0
039126ef-608b-454e-aa51-e88f7f2491b6,,,,openlibrary,0.0
2fc6bea1-071f-413d-be64-5a1181734824,,,,openlibrary,0.0
d2640434-a11b-4cab-98bc-02a07c26190c,,,,openlibrary,0.0
39e16d97-a90f-4f81-bfe8-1cbbf7198e6c,,,,openlibrary,0.0
7ae62b82-cd26-412f-bb10-07f51a97f870,,,,openlibrary,0.0
cc553099-117a-498c-af90-1a4b01224aa2,,,,openlibrary,0.0
ea35763a-721e-490c-b863-e1b941997009,,,,openlibrary,0.0
623e71f5-66a3-4cb9-8ab1-42e01b86f229,,,,openlibrary,0.0
81d287af-ed52-465b-b7d8-69896499bfa0,,,,openlibrary,0.0
a48583b7-5673-4094-ad0d-82b7954d1c64,,,,openlibrary,0.0
000f5913-ed44-460b-9658-189453c6ba40,,,,openlibrary,0.0
628aab2b-d0e1-4218-9852-1d9a599d8eb2,,,,openlibrary,0.0
5b738aef-423b-4a72-90d2-7c06d436a275,,,,openlibrary,0.0
83d14829-2e6b-4b9e-aaba-ca7e8652c3cd,,,,openlibrary,0.0
6d99f3e8-c3a6-4500-a590-dbdbd8773a22,,,,openlibrary,0.0
7018d87a-afd1-462e-ab8e-4c4f34cfedb2,,,,openlibrary,0.0
cba8baa2-4f5f-42bf-bea4-3ac97888fd21,,,,openlibrary,0.0
f7a97eec-165a-4b22-899b-8545aabe828d,,,,openlibrary,0.0
b4a9bcbd-4abe-4d97-bf18-1815dd07ba65,,,,openlibrary,0.0
077c0c81-4fc7-4712-b4c3-b47897aaea1e,,,,openlibrary,0.0
809e4719-8d8b-4d54-bea0-3e762292d7bd,,,,openlibrary,0.0
432cca71-d7fe-4de0-991f-7854a90693c1,,,,openlibrary,0.0
ef50428f-ec38-46d8-a36d-5bf1d91cc92b,,,,openlibrary,0.0
273c5c19-20e3-46eb-9f80-95dbae0998eb,,,,openlibrary,0.0
81b4778a-ef0d-4018-a63b-5fc33fb61344,,,,openlibrary,0.0
a33565df-2a0d-469d-bc45-94a62ca918e1,,,,openlibrary,0.0
a108c538-eb01-4b5f-8fc5-6c332d1d6951,,,,openlibrary,0.0
2742f211-b50f-42de-ba45-fefd3a83d10f,,,,openlibrary,0.0
b975c440-4e89-4ee5-a897-b7157ee002f8,,,,openlibrary,0.0
483e1b0d-7625-402e-ad17-f606f4070762,,,,openlibrary,0.0
c9544605-a0b1-4e76-b945-fbb48c91751d,,,,openlibrary,0.0
7710beb9-fc89-468a-b3fd-c0e34ed0d1d2,,,,openlibrary,0.0
c72ac24f-847a-48ad-b89b-e6a57c695c2c,,,,openlibrary,0.0
655f8e2f-15a8-432f-a62b-f3b526eff7c1,,,,openlibrary,0.0
271ff831-493a-4652-b650-543596708928,,,,openlibrary,0.0
64df504d-5c97-40c5-a723-262be6b71607,,,,openlibrary,0.0
8ec4ccea-ded0-4342-9fce-78c237cdf1ac,,,,openlibrary,0.0
01dfa1b5-e8a6-406f-91f7-c6a7934cbced,,,,openlibrary,0.0
05adcea6-0256-4726-a870-0bd3c3c7d4fd,,,,openlibrary,0.0
6c63de33-f903-4221-bc14-34a7a9919f5c,,,,openlibrary,0.0
26d1b53a-82b6-4a73-b566-602361524dfa,,,,openlibrary,0.0
f0f50186-d4be-48b1-a426-f03e7971a1e9,,,,openlibrary,0.0
bc08bda9-898d-44b5-932f-52e5583f5880,,,,openlibrary,0.0
a3ef912f-97ca-4895-b0ae-69633c73f426,,,,openlibrary,0.0
c759ee39-e54b-4bfd-b3f8-72e2edbf3e08,,,,openlibrary,0.0
1fd7b99a-a52f-473b-b40f-129fc69595ad,,,,openlibrary,0.0
0c5cb660-3abe-4410-804a-c4a4a0e16623,,,,openlibrary,0.0
844538a6-d9f0-4b86-a7cb-6481fafcc9d0,,,,openlibrary,0.0
d041427c-3747-4dcb-ac10-df922b99718c,,,,openlibrary,0.0
722c5596-1de5-49e6-9a31-f3667682c4a2,,,,openlibrary,0.0
5901d57e-e2b4-4c59-b37f-a5a825275316,,,,openlibrary,0.0
14c3c210-e99d-4530-a9f5-9083723f2faa,,,,openlibrary,0.0
e6200be8-b587-4199-906c-c839714a2a2b,,,,openlibrary,0.0
9e8edab8-c2e8-4456-9536-93d2343f4f62,,,,openlibrary,0.0
60edb5cf-0905-486f-a60f-bbf509c5c1b1,,,,openlibrary,0.0
81d4c5e0-1de6-43a0-9bfe-1eba820b6936,,,,openlibrary,0.0
baccdd45-9401-4e78-a025-189af7751022,,,,openlibrary,0.0
d1d8a9ee-e783-4f5c-b4f1-4b2353ff36c2,,,,openlibrary,0.0
1381b6ac-3a6f-4f61-b201-81dc039d269f,,,,openlibrary,0.0
0736f71e-a1d7-4863-bef1-3d5c57685a8b,,,,openlibrary,0.0
39668753-bdeb-487b-8b51-82b46f3bc186,,,,openlibrary,0.0
aec19395-15ba-4c8a-a119-300ef3953b1f,,,,openlibrary,0.0
08f2fa28-5cd8-400b-b49d-b10b6ec0d318,,,,openlibrary,0.0
e8b77cdd-32ad-4937-8953-9a2db75a6adc,,,,openlibrary,0.0
73eddf25-bd76-4f71-a416-18326fbda725,,,,openlibrary,0.0
2bc53480-452a-41eb-9f2c-11b83bcdea7d,,,,openlibrary,0.0
d618c3f0-c52d-4100-b870-1fe41a513695,,,,openlibrary,0.0
d22ddb89-581b-4a8c-b351-ce989bf1a250,,,,openlibrary,0.0
555847d9-aeb6-409c-a69d-ba5a72cb6e3f,,,,openlibrary,0.0
a75414da-11b0-40b6-917e-37d380b77a28,,,,openlibrary,0.0
f4de1357-1017-4a9b-9a7a-f3f7c5901e9c,,,,openlibrary,0.0
8253656a-c992-4351-900b-360c8d764820,,,,openlibrary,0.0
a1b5bdeb-1bcd-4c63-bdc7-d25455c4dc22,,,,openlibrary,0.0
f687a923-a2a9-40c1-9fb3-c4cb7a5a3c0c,,,,openlibrary,0.0
593662a2-eb47-475c-9c0f-26b711db5ded,,,,openlibrary,0.0
788cd5cd-9b2f-4c53-ba40-03f6229e27ef,,,,openlibrary,0.0
a046e4e3-e976-4855-b947-aea6a59d4928,,,,openlibrary,0.0
7db0c1c5-2beb-4a4f-aea3-9b15bd2ababa,,,,openlibrary,0.0
4f356264-251f-4cf0-bc0b-7cb7d2ab8b7a,,,,openlibrary,0.0
4241bbcd-7db2-42d3-81e2-c42566339db0,,,,openlibrary,0.0
88e343b9-aa07-4f95-b7e7-392354a2782e,,,,openlibrary,0.0
45a75f7c-0732-482c-a505-5669521ad616,,,,openlibrary,0.0
9f73cfa4-8249-4ef8-8afd-9fa2669cdbf6,,,,openlibrary,0.0
99905bd3-9170-4b52-a3b5-3cc0ffa4bf78,,,,openlibrary,0.0
0332bc56-fe14-42fd-9362-916b53798376,,,,openlibrary,0.0
ade914de-5be4-4b27-ae70-057eb5261602,,,,openlibrary,0.0
f70d8a43-b3eb-46d6-b9f8-5284697fb599,,,,openlibrary,0.0
6cdf864f-3f55-4eec-992b-57fd7c7211e5,,,,openlibrary,0.0
755300d0-a3b0-4bca-a12b-aed7f3345143,,,,openlibrary,0.0
fc32ff1f-dc49-4b2e-b609-3284f37c8491,,,,openlibrary,0.0
5ddf7ca2-6fa6-478d-9dbf-2dd454266ee8,,,,openlibrary,0.0
ca01df0c-19ab-497c-9c98-6bc3c67245c1,,,,openlibrary,0.0
f6f5b612-baa1-43c1-9768-7b7e89d1fca7,,,,openlibrary,0.0
57f24bc1-6c3d-4b80-a557-54f7e16d1c39,,,,openlibrary,0.0
0bb6eb4d-d622-450e-abf0-08cfedf230ee,,,,openlibrary,0.0
f28d17d0-33fe-4fa7-87c7-eb07c439567a,,,,openlibrary,0.0
f710b884-4817-4b14-a1e4-fcf4f23b9579,,,,openlibrary,0.0
e4842f9b-dcd9-4c07-9482-9a655e4b9f01,,,,openlibrary,0.0
40a1e444-434e-49a1-824c-351c6df93f77,,,,openlibrary,0.0
e3ccfa5c-584e-45d5-aaaf-9f73916624f1,,,,openlibrary,0.0
99a8c4f1-616b-4608-ae94-85d15ff36382,,,,openlibrary,0.0
c9bb1bca-f183-461e-869c-d32fb8244fae,,,,openlibrary,0.0
87bd519c-e2c0-4345-9521-d00f4028f8a4,,,,openlibrary,0.0
6695fc00-c16a-440d-9fe8-95746f44de30,,,,openlibrary,0.0
5678446c-eed5-4139-828b-37502f9f0274,,,,openlibrary,0.0
44601bea-1e45-4b0b-a44b-bcc6354120ca,,,,openlibrary,0.0
e1eed694-f641-48dc-8e09-cb79b4d48d15,,,,openlibrary,0.0
cf7eaf28-26da-4269-b27d-b7cfb9d64ab5,,,,openlibrary,0.0
cba63012-2cb9-485d-9592-b5d79bf37f61,,,,openlibrary,0.0
b95af2fa-56cc-4152-9333-c8b2dcf0b8f7,,,,openlibrary,0.0
848d4d46-5a0e-499a-8fce-971724a53bd1,,,,openlibrary,0.0
cf986a6b-2c97-455d-92b9-a0c29590fa7f,,,,openlibrary,0.0
880218aa-bccf-4432-9eec-032ba475795a,,,,openlibrary,0.0
30569708-5f61-4f67-8eaa-9c4518ad2a89,,,,openlibrary,0.0
7f2a9fa1-0fbe-45f5-ba98-3b8660b5bae6,,,,openlibrary,0.0
890d211e-dbda-4187-8720-d45ed3cdd1b6,,,,openlibrary,0.0
70e86188-7158-426f-9628-d49f24a45bfe,,,,openlibrary,0.0
a1e1339e-a3bf-4839-8923-3fc2a54062cd,,,,openlibrary,0.0
7353f6a5-1997-4c96-8276-d6540326a1dd,,,,openlibrary,0.0
75d3d9e3-76d7-4075-805e-b656ab5ac645,,,,openlibrary,0.0
e82d8d76-003c-40a2-b295-b628eb689630,,,,openlibrary,0.0
b231df3a-2f78-4cd5-98b3-3e752fc5d950,,,,openlibrary,0.0
4fe7ec7e-bd2d-44b4-8a7f-700ee09f99d3,,,,openlibrary,0.0
2a369b6d-674d-497d-97bb-e1f6f2667fe9,,,,openlibrary,0.0
e15adc1d-6713-4a98-ad3c-dcb59ceb4e1c,,,,openlibrary,0.0
fb828fa7-a16d-4381-a3f7-97badd711a25,,,,openlibrary,0.0
d071ff5b-6b44-4f1c-9107-21cde22df160,,,,openlibrary,0.0
761a3ffb-2641-45a3-a3ca-4647164760d9,,,,openlibrary,0.0
677c6269-4f1b-4123-83a6-949a02e83e82,,,,openlibrary,0.0
a8a04b59-74d9-4f20-b757-6e4614b0c9fe,,,,openlibrary,0.0
16ac8749-0055-47aa-9196-7358e0310fb6,,,,openlibrary,0.0
d293ebe8-5393-47b4-80fb-fb6a4fa3cf4e,,,,openlibrary,0.0
32b58505-88be-4111-9160-56c290a5a830,,,,openlibrary,0.0
315f2307-fa5a-4b4e-a82a-98092aad1c47,,,,openlibrary,0.0
2656a4aa-6f17-4f81-821c-cdc124ab7ad4,,,,openlibrary,0.0
c17c277e-9140-4da2-94f3-604f43fd49bb,,,,openlibrary,0.0
550f99ca-9940-4422-9440-10d7bc7b660f,,,,openlibrary,0.0
af5e9055-a0b3-4302-a339-3ad7132e9c3e,,,,openlibrary,0.0
2e418d0d-f395-40fb-be15-3c3e7179cdbe,,,,openlibrary,0.0
a92088cc-e5ee-4849-954b-0d5ea749e9c7,,,,openlibrary,0.0
a66e1e8b-07ef-4a78-a0c4-529fdd33ac15,,,,openlibrary,0.0
e84f0474-0831-42c5-a9bc-95d85895a98f,,,,openlibrary,0.0
7069a4a8-ce17-46d2-b8c6-c6937c58bb4b,,,,openlibrary,0.0
7b1ddd7e-4339-4deb-b81d-4e7501c5148f,,,,openlibrary,0.0
8544cdb2-feb7-4417-8555-01fbde80021e,,,,openlibrary,0.0
402294b9-8dda-4962-8dbe-9ab5a9bab9c8,,,,openlibrary,0.0
0438639a-0658-43b2-8387-1e448156deee,,,,openlibrary,0.0
bfa8ee45-73a2-48c4-bb75-ad3e711898f8,,,,openlibrary,0.0
569cca7f-8a2f-4ff7-b7ae-83c48fbb57a7,,,,openlibrary,0.0
5927af77-09e3-4af7-a390-ef55606a0d74,,,,openlibrary,0.0
f8e75610-0d9d-4b6b-8ab2-dbe047b2a859,,,,openlibrary,0.0
b47159ad-32f1-442f-8b29-ab86546f65e1,,,,openlibrary,0.0
d6e84221-cf23-4234-9379-b13002d7a620,,,,openlibrary,0.0
8a00fb8d-18b6-4935-8ec9-2c6d898f80db,,,,openlibrary,0.0
aa3f9aea-7d87-409f-b7c7-8bfb0f062452,,,,openlibrary,0.0
19036bc9-ff06-4fe2-9ac0-e95f6811e3f0,,,,openlibrary,0.0
1d427ce9-ce77-4b96-baba-bde7e4b121ae,,,,openlibrary,0.0
8e9daebe-3fbc-46b0-8bf8-033c44149944,,,,openlibrary,0.0
fc451540-5be0-4a43-a26b-e3f6ed7fbbf4,,,,openlibrary,0.0
e63e7562-2275-4508-bf80-85b844ae4bf0,,,,openlibrary,0.0
82162a07-2742-4d1d-9c4d-c47e3fad2674,,,,openlibrary,0.0
465e4d24-e87d-4dbc-b9b2-f5dd47ecf316,,,,openlibrary,0.0
591931e9-4a48-4fa2-a7ec-e9b13de5dcc8,,,,openlibrary,0.0
3fd0381c-6410-4a5c-8ff2-97699148a98f,,,,openlibrary,0.0
34af9561-4b6b-4d98-b5c5-6d8f809a167e,,,,openlibrary,0.0
e3b5d85e-22de-4219-be3f-9a8f4c84e29a,,,,openlibrary,0.0
48c88133-3741-466a-a382-b459c31b7ffa,,,,openlibrary,0.0
eca8fb86-02df-4adb-932a-f11eeefa4fa2,,,,openlibrary,0.0
685bf392-0c6f-40d2-8f8f-d28beab6e165,,,,openlibrary,0.0
c268c5f7-b9ab-49f0-abac-bc34bde7473b,,,,openlibrary,0.0
9aa2069f-a1d1-4b66-9af3-7522e00896cb,,,,openlibrary,0.0
404abdb4-53a4-43af-9a4a-b78eb93d9d3a,,,,openlibrary,0.0
81a149ee-d840-4de1-b192-df350c44fe81,,,,openlibrary,0.0
49298b48-4a43-446f-b4b7-3548a3bffe2a,,,,openlibrary,0.0
c7ecadc2-290e-4346-b364-c94f76aec85c,,,,openlibrary,0.0
a90f7fbb-9489-42ee-b5f9-857cc0374dc1,,,,openlibrary,0.0
7f90993c-392b-4b7e-bfdf-44c3641a5f33,,,,openlibrary,0.0
207b2161-6a1f-4419-b23d-265c9b00cb65,,,,openlibrary,0.0
a6869e5f-2c07-4fec-8c6c-171719f9da2f,,,,openlibrary,0.0
cfd59e46-62c1-4a65-b81e-993b6aa4cde0,,,,openlibrary,0.0
1494851a-18fe-4f43-a423-17acdb5e2c1a,,,,openlibrary,0.0
abded31b-e355-4482-bda4-2e8ca07da4fb,,,,openlibrary,0.0
eab37547-6139-45da-a00f-da45936aeafd,,,,openlibrary,0.0
2bf2bbc3-e6f7-4ca5-86cb-9f1751833f0f,,,,openlibrary,0.0
11896c08-cc1c-4758-baee-948bdbd13540,,,,openlibrary,0.0
84b64c47-034a-4078-871e-757df75b3ce3,,,,openlibrary,0.0
a71cf571-d62b-495f-9a8c-71f290a75dca,,,,openlibrary,0.0
2d4d19b4-1ef6-41bb-9e41-1474f721ef58,,,,openlibrary,0.0
44a1498e-3efd-444f-92a3-5f9652950678,,,,openlibrary,0.0
e0ca2152-26c5-4b45-9a28-1dec46003a2b,,,,openlibrary,0.0
214b99c5-48db-4d07-8eb5-64659e6b3d91,,,,openlibrary,0.0
1aa3d164-6727-4b7d-a925-e2e46581bc6a,,,,openlibrary,0.0
902d6c32-607d-4ad6-bcfa-e5aae2ed341d,,,,openlibrary,0.0
81b48073-c131-4607-b23b-3fca3eb51edc,,,,openlibrary,0.0
86b805c7-3a95-4d70-a267-e902ff5c95fb,,,,openlibrary,0.0
0af96dab-c41d-40ae-8a53-83ecb88b2bd7,,,,openlibrary,0.0
e229eeed-4837-4e42-9bd0-601cde44e07e,,,,openlibrary,0.0
0310e3b0-2875-4d9f-baca-f0305470e331,,,,openlibrary,0.0
a145c75c-0334-4053-a567-9f36a67b27d0,,,,openlibrary,0.0
975e3c07-0384-4074-abfa-052d29f8f817,,,,openlibrary,0.0
0ee82437-35b3-4270-a17c-3d24a4e149bc,,,,openlibrary,0.0
97327027-83de-4719-800f-a2a53e020970,,,,openlibrary,0.0
1c043ff9-938e-437d-a3cf-35277f7b577f,,,,openlibrary,0.0
de2fb3ff-344c-4b53-9d1f-173ee08063b5,,,,openlibrary,0.0
16abbc56-90e0-47b0-8840-e1b5bc7d830a,,,,openlibrary,0.0
2bfb5c85-833c-45b9-bb82-501fa73c509f,,,,openlibrary,0.0
db449c78-b7de-4438-bbe4-a0f42ac309b9,,,,openlibrary,0.0
865959f6-360e-4908-a6a9-445e5c044c9c,,,,openlibrary,0.0
de93c75e-9695-457e-8128-a62cbe865084,,,,openlibrary,0.0
9252417b-6bbe-4d9e-973a-ec85ace3fe47,,,,openlibrary,0.0
2909b65c-6520-4a99-89b6-0f61c19e99cb,,,,openlibrary,0.0
1b37c318-8937-471f-a460-0b686433990e,,,,openlibrary,0.0
92bb8ab1-1fe2-49ec-bfc0-4dbf0d213bdc,,,,openlibrary,0.0
f30752d3-ed20-46c3-87cd-2b78ab27eae1,,,,openlibrary,0.0
c661ec62-ce20-417d-8330-4c2eede95ff5,,,,openlibrary,0.0
c9e2c61f-70e6-4a07-b95f-d5bd3ad57c86,,,,openlibrary,0.0
766b3b12-831d-4f7b-8842-a1ea9aa25df6,,,,openlibrary,0.0
67ad24cf-9899-4359-8a75-f29cc74aaada,,,,openlibrary,0.0
0a1c61d1-1230-4866-bf54-2249f3df04e2,,,,openlibrary,0.0
49ad0c2d-8d1c-46aa-a92b-eadd587c82c0,,,,openlibrary,0.0
f8f2a758-db58-4b7a-82a7-a7823ed7c6bd,,,,openlibrary,0.0
72afa50f-ec03-492d-a0ee-b8fa82fad9c1,,,,openlibrary,0.0
0c251eb0-2971-4c48-8988-a021619049a3,,,,openlibrary,0.0
c9111206-bd51-4f43-a2bb-5af5c2f568c2,,,,openlibrary,0.0
29a8469a-dd5f-4771-ad6a-7ba6e66080f6,,,,openlibrary,0.0
17eb5964-8b08-47d2-a098-93c4c7a871c9,,,,openlibrary,0.0
7ba52680-179e-46d1-b947-bf8cab8b2a57,,,,openlibrary,0.0
b0518453-2a6c-4ff6-bd95-17da59634628,,,,openlibrary,0.0
9faf55a0-977e-40e8-9417-3e732689c78d,,,,openlibrary,0.0
6b985668-5f38-4f55-820a-8b5f0a7019d6,,,,openlibrary,0.0
95da0d0f-05b2-4531-980d-4e2d72f8066e,,,,openlibrary,0.0
dc2f0724-afe5-4a23-815b-1d99d5f99926,,,,openlibrary,0.0
4473670e-f2fa-4b7a-9eb3-bafea57b160a,,,,openlibrary,0.0
65b3207e-13e7-4c28-99e2-3ea3fbb9a9e6,,,,openlibrary,0.0
2aeb7a49-fdca-4376-be5d-111d918265a2,,,,openlibrary,0.0
4cb753bd-c9a2-418b-85db-97063f0f9ad2,,,,openlibrary,0.0
d77784ad-0576-4f92-9c7c-430e16f7ec98,,,,openlibrary,0.0
9fc23abd-0fc6-463a-99f7-62a98537e33d,,,,openlibrary,0.0
9d2bbfd5-f51b-4c9a-b864-ea6c4b7ef9ef,,,,openlibrary,0.0
d485cc3b-735f-4a47-8437-49b3d2de9cbc,,,,openlibrary,0.0
e4e8d578-e3b1-4003-9b17-3506e8b1d297,,,,openlibrary,0.0
a7d8f405-24dd-4c21-8d9a-9f477bc038f0,,,,openlibrary,0.0
e989ee00-67c1-415e-a8bb-610e1db66d09,,,,openlibrary,0.0
09daba11-997c-45ca-b355-728a689ed456,,,,openlibrary,0.0
e1eb52ff-34b3-4497-ba01-b9294f5e5a37,,,,openlibrary,0.0
7888ea33-a927-4196-bd11-f2311c0af83f,,,,openlibrary,0.0
48189615-01b5-4a22-a25e-d47cece7547e,,,,openlibrary,0.0
1de8b259-51fe-48ec-a85a-3dce10d67c8b,,,,openlibrary,0.0
22a1449e-49f8-4bb6-a03d-7f46b1d65c3a,,,,openlibrary,0.0
25a017cc-02d6-44ed-b695-85658e1bfba0,,,,openlibrary,0.0
b37942cf-1321-4648-93eb-5bb4da31ee2a,,,,openlibrary,0.0
8235c761-8c6d-4a75-b6df-42ac02ceb462,,,,openlibrary,0.0
4148b50a-cbcf-4632-b5bc-bfe0afd7d058,,,,openlibrary,0.0
47ba3544-6028-4dfc-a295-5b54be945db1,,,,openlibrary,0.0
130665fe-2b42-44fb-9692-244f774b877a,,,,openlibrary,0.0
9821ab51-5778-4df3-9dfa-024b40d3a404,,,,openlibrary,0.0
3ff7335e-24a1-418a-907d-7d2c8039da00,,,,openlibrary,0.0
010c33e4-8f6e-4372-a760-ed31da613298,,,,openlibrary,0.0
42366071-249d-4222-a7f3-3b43c9436b85,,,,openlibrary,0.0
0809aadb-4de7-45ba-b49b-345001fd6964,,,,openlibrary,0.0
5eab8d64-97a7-419a-87a4-8913ac0a2c9d,,,,openlibrary,0.0
a9f1bf35-09de-43a0-a259-b5b843ae61f4,,,,openlibrary,0.0
4e54fa7e-1868-4b2d-8590-5bf0a4257ac0,,,,openlibrary,0.0
393bff74-b950-4d4a-b03e-d76314e24907,,,,openlibrary,0.0
177a6c2d-cc93-406a-95b0-9611910df2e9,,,,openlibrary,0.0
dddf2a23-d1b0-41c2-9276-c68d81470cc6,,,,openlibrary,0.0
05128f82-2268-4ea2-9506-968b8a6bd928,,,,openlibrary,0.0
e34149bd-50d6-4f2a-af7b-577b07b1b298,,,,openlibrary,0.0
e8e89840-b2b8-4978-b72d-2bd627413ab5,,,,openlibrary,0.0
1f6fd85b-157b-4164-a71a-b78715331d44,,,,openlibrary,0.0
55876786-a323-4719-932d-ce6effd9bb90,,,,openlibrary,0.0
5f50ebaa-2d87-49f6-8cd1-481a9f3747ee,,,,openlibrary,0.0
7850a81d-fb52-41c7-ba3f-aa4d066750a4,,,,openlibrary,0.0
73b476d7-83d8-41a9-8c96-491145183cba,,,,openlibrary,0.0
000c4813-2227-4b84-99a1-d3d514b007c2,,,,openlibrary,0.0
709fa06a-5d11-403a-b51b-395edca54ff3,,,,openlibrary,0.0
077561b1-6229-423a-a9d1-fa70570a93bc,,,,openlibrary,0.0
2da44639-3073-4bf7-9112-a42dc88fd07c,,,,openlibrary,0.0
29f08ac3-52f8-4800-8ff9-b2e61a19b788,,,,openlibrary,0.0
4a2d9be1-cffc-4232-a91f-0545d580a0bb,,,,openlibrary,0.0
d2399aee-71fb-438b-8534-ac899366d1e6,,,,openlibrary,0.0
879d9147-9284-4383-94e2-6bef9cbdd176,,,,openlibrary,0.0
09573960-90a2-4568-bbe7-3e0e3c9c47c0,,,,openlibrary,0.0
32d1ff87-754f-49d0-bd6f-916c42723634,,,,openlibrary,0.0
c33046ef-6901-4a3b-9c20-90ff75dc7c0d,,,,openlibrary,0.0
9d7db05b-1ae1-4bbe-bd1b-b94a135961d2,,,,openlibrary,0.0
4bb3e874-50e2-437f-ba9d-345e231b7d9f,,,,openlibrary,0.0
a6a40b3c-b79c-4c61-abb8-76884e6a7c6d,,,,openlibrary,0.0
98b846bc-c00d-495f-94b6-3ba3d830ac54,,,,openlibrary,0.0
0328fae0-ebf4-47ec-846c-cf109ceb4516,,,,openlibrary,0.0
fcbe7199-c097-42d8-a5cd-8b4f2043a2bb,,,,openlibrary,0.0
e54a6789-e237-4c7d-aa63-ea2007c35da6,,,,openlibrary,0.0
6fb82304-e2ee-45af-a832-1f3fe589c06a,,,,openlibrary,0.0
c378d404-0022-4121-99ab-fba3bce9f6bd,,,,openlibrary,0.0
45503836-2e7b-4882-9a16-52ecd32451ae,,,,openlibrary,0.0
98f32a8e-70cd-4997-abf3-5756476295ab,,,,openlibrary,0.0
2f11431a-0038-43ec-8764-b9ae357ec643,,,,openlibrary,0.0
eba8eb34-e6e9-4a03-bff5-90fa99d18fb5,,,,openlibrary,0.0
ecc815e4-4c9f-45e8-9f38-8eb85e302f45,,,,openlibrary,0.0
79b997aa-4011-4264-a529-59746f2b0ed6,,,,openlibrary,0.0
a260d691-67c5-4e51-b26d-387c034940b2,,,,openlibrary,0.0
0292fd2e-9f4d-4550-8569-205a8fa9b305,,,,openlibrary,0.0
1767714a-2c9c-403f-8254-425d34019765,,,,openlibrary,0.0
8b08a41c-83db-40dd-9e2a-2c5ca6764864,,,,openlibrary,0.0
00404229-d675-4909-953e-1a86e48a4e55,,,,openlibrary,0.0
be1f2b94-5927-486e-96a0-48f617a4295f,,,,openlibrary,0.0
adf6df47-48df-46d5-a44d-48335912fb7e,,,,openlibrary,0.0
25ad889e-79c5-490d-a061-49199ab4b27c,,,,openlibrary,0.0
6fd2e260-f0bf-4408-b478-dbf7b6085811,,,,openlibrary,0.0
ecf54ed0-0d85-48c2-8484-35d8ab7dc29c,,,,openlibrary,0.0
f14f76e0-33bb-494f-b588-df7fea3780e3,,,,openlibrary,0.0
a2b9c943-15bf-4272-b9c6-b74d4519c5ba,,,,openlibrary,0.0
730402f4-a550-4314-96f0-f774dce11b30,,,,openlibrary,0.0
a0ab4412-2a7e-4283-8aa7-be8e22e675ea,,,,openlibrary,0.0
3f35afda-fce4-443e-b928-33376189708f,,,,openlibrary,0.0
8f4626f9-1bdc-4ecf-88f9-9b7f0c9a9876,,,,openlibrary,0.0
701056b9-e5ca-447f-acde-2d4d73813f91,,,,openlibrary,0.0
bbdf5b07-3ad2-4e10-9751-f6ddb66f60c2,,,,openlibrary,0.0
51c8f25f-ddf2-4a18-b57f-2af55736d89d,,,,openlibrary,0.0
72824b44-10e9-410d-a86f-2f6543ea6a40,,,,openlibrary,0.0
c4a31a51-32da-4d23-af6a-633bd81363a7,,,,openlibrary,0.0
6c0e9ce0-eb94-46c0-acb6-757e13ae647e,,,,openlibrary,0.0
08a65bfd-ba32-485f-9b67-5670d7b1831b,,,,openlibrary,0.0
97392c4d-d6ab-482d-a63e-cead39e5d991,,,,openlibrary,0.0
0ad91243-8ce3-482a-9593-1f68aee4d380,,,,openlibrary,0.0
e08c00b4-4916-4f1c-b3d7-9a0561116fcb,,,,openlibrary,0.0
113656aa-dfc9-4aab-b6b5-0c9895a09aa9,,,,openlibrary,0.0
5de46f8c-e883-4a8c-8685-5d12d9bf8aa3,,,,openlibrary,0.0
aa53c03e-653b-4d21-b10b-c56b74fceac9,,,,openlibrary,0.0
2d495a9e-3818-4433-aba2-88da56fedff0,,,,openlibrary,0.0
846b7914-d3a7-4ab0-b265-1b086ffb0ada,,,,openlibrary,0.0
110d1d9c-34f1-4293-adda-a4cb5784e177,,,,openlibrary,0.0
dedb764d-fffc-44d6-a80d-f2b2b0c72b5b,,,,openlibrary,0.0
4bde5c3a-c1a9-4b03-9195-2d127726a9e3,,,,openlibrary,0.0
9146582f-245d-4bda-b977-ed3b8c81f8bb,,,,openlibrary,0.0
2bb9b90e-60f4-4ff4-b8ec-c62a039b4d04,,,,openlibrary,0.0
c50b3428-bf8d-4168-8057-27f16c64915d,,,,openlibrary,0.0
ae11da3c-5c46-494e-94db-5c16d61d29a4,,,,openlibrary,0.0
304fb6cc-7df8-44be-b1f7-36f2fab924ad,,,,openlibrary,0.0
a4109c5c-6f35-4c22-a7bd-b65bb982f204,,,,openlibrary,0.0
d88f965e-275f-4566-a3a7-2f28a2e38c27,,,,openlibrary,0.0
bc17b134-686f-4278-9912-401c84f92bf8,,,,openlibrary,0.0
90e8f354-6047-44c1-8394-f7dffe6cd5ed,,,,openlibrary,0.0
0f54a5ef-cf4a-43b1-a6e3-a0f659c40cf8,,,,openlibrary,0.0
db4dba13-d987-482e-8644-ca6ab303fed5,,,,openlibrary,0.0
507d1609-0ab6-476a-8889-4ec18984f8c1,,,,openlibrary,0.0
a548f3a9-aa2e-4208-a48d-a03f6c036cdf,,,,openlibrary,0.0
3331a468-ada7-4ae7-856b-bfce52c529c2,,,,openlibrary,0.0
b1b7e08d-7a61-44ae-bb3c-2f511a1d44c6,,,,openlibrary,0.0
df0e4f63-94e9-434a-92af-30062e82ff84,,,,openlibrary,0.0
26617312-afa2-4bf7-9622-2360b845b4b7,,,,openlibrary,0.0
1e008760-4381-4ba2-acc9-e776668c5191,,,,openlibrary,0.0
05ab2213-8ea8-4634-8237-383c85672773,,,,openlibrary,0.0
2cfa5f17-4378-4ca3-9369-141fb294f143,,,,openlibrary,0.0
03feccb0-ebbf-47d9-8d15-996f78112752,,,,openlibrary,0.0
239129d6-177c-42c4-b099-4f5bef6ffaea,,,,openlibrary,0.0
0a361380-6a9b-4aa5-8ed4-2f48dbb3cee7,,,,openlibrary,0.0
35e64d5a-509f-4804-a97c-f2b7004ddce1,,,,openlibrary,0.0
ec0cc8a2-4d16-4b72-b8bc-1961905b34e4,,,,openlibrary,0.0
d9744b49-8d18-4e5a-a476-1f7bdbe65379,,,,openlibrary,0.0
6492f312-88fd-4538-b8c5-26841ea7fec5,,,,openlibrary,0.0
e61700a1-6438-49fb-876f-db85ba4d8074,,,,openlibrary,0.0
b7b2a19c-3c46-43d9-9849-c2d1a799ad55,,,,openlibrary,0.0
918dd111-5413-4d21-ba29-fa7708c290d3,,,,openlibrary,0.0
e50fe492-7d65-461f-b9be-54062be3032f,,,,openlibrary,0.0
e0bcc4fa-458b-4202-8def-49b28b24f4ad,,,,openlibrary,0.0
de944dba-acaf-4c88-91d3-cd7a1ef5694c,,,,openlibrary,0.0
a7b51c60-13df-4745-a29a-7424060db1ed,,,,openlibrary,0.0
c408db07-f7c7-44bd-b073-e051163afaf0,,,,openlibrary,0.0
66e755d6-61b0-4c3e-b724-2255cc8808b2,,,,openlibrary,0.0
c0d9a8d0-2d63-467a-b44b-d10fb0c93744,,,,openlibrary,0.0
77b3e25a-f57c-4601-b9dc-2cb541229743,,,,openlibrary,0.0
42181596-1166-4c29-8ad2-1c9a00bb07f7,,,,openlibrary,0.0
715fadab-433d-4fb0-ad1e-a253a2f1803e,,,,openlibrary,0.0
eea02378-6224-474f-8ccc-8e73b62e6156,,,,openlibrary,0.0
1e10bf5e-b9bf-4bdb-8ce4-bf59af432972,,,,openlibrary,0.0
2257070d-c602-419f-98c0-ae86305d3b31,,,,openlibrary,0.0
37ddfab1-61dc-4695-b081-a83a42fd2306,,,,openlibrary,0.0
3978776e-8d72-4bd6-80bd-339906dbd489,,,,openlibrary,0.0
f7bec144-f119-48bc-bc1c-43489e754716,,,,openlibrary,0.0
2a8748d5-941f-4b96-9212-94922de087ab,,,,openlibrary,0.0
fe2803f0-27d1-4f6a-b8fc-d49d90a0020c,,,,openlibrary,0.0
fdd6a6fa-4648-4c1d-a9fa-9eb65b22a8b9,,,,openlibrary,0.0
ce6f7b3c-397d-49cc-ad54-c2c42ec767f5,,,,openlibrary,0.0
e3607b6d-c66c-4fa2-99b6-e52c4874c517,,,,openlibrary,0.0
8b6292e7-8b9f-4e9b-bc56-b68eeaaf1917,,,,openlibrary,0.0
d169d5e9-a29f-4178-8ec0-dd99046dd9d3,,,,openlibrary,0.0
384d61bc-0588-4fd3-a296-42bc34755a7a,,,,openlibrary,0.0
f4b27b24-b204-4832-a776-6b04953ace1b,,,,openlibrary,0.0
7baf68ff-a16f-4414-aec0-d61d30dabf39,,,,openlibrary,0.0
68032a46-4b82-49a3-82f2-d8a2e3ad23ce,,,,openlibrary,0.0
7f013730-e90e-4dbc-9477-d08f0418bc29,,,,openlibrary,0.0
ba390f28-edb1-463c-a684-03e8b121f322,,,,openlibrary,0.0
c89b9212-3e2c-4872-8715-7a8cee900622,,,,openlibrary,0.0
17c8fe94-f05b-45bd-aee6-36e6c1b7d1bb,,,,openlibrary,0.0
27563abc-aa16-41b7-9301-226b8ca62778,,,,openlibrary,0.0
52cb420f-7c91-465b-8697-65bfafa2c443,,,,openlibrary,0.0
03b7b07e-8b83-4c7b-8f55-64fc11408f6f,,,,openlibrary,0.0
33ec041c-653e-405f-892c-3fb60c467f67,,,,openlibrary,0.0
123aaf48-ae1f-439e-9e71-b8a3baa9206d,,,,openlibrary,0.0
f81fcc68-d6e3-433a-b581-8c358d20e5d6,,,,openlibrary,0.0
01421a97-6423-4e84-a8e6-720da1352eef,,,,openlibrary,0.0
69a39d0a-c573-4395-8d67-edbd0585e975,,,,openlibrary,0.0
fbbf390d-b27b-41ef-a024-97de3d42314c,,,,openlibrary,0.0
36dc0e42-d588-4cab-add1-77970d844527,,,,openlibrary,0.0
7f2a59f4-e927-456d-8e10-1a2c74a04a23,,,,openlibrary,0.0
a8ee3761-a024-4079-902f-f8765961b5a0,,,,openlibrary,0.0
fc02522a-514d-417c-90d3-23827691eb22,,,,openlibrary,0.0
be6deeeb-37a1-4de8-82fa-cb194364750b,,,,openlibrary,0.0
2a57ebc7-699b-4fd1-bcce-8de87d3f7316,,,,openlibrary,0.0
941b5029-da76-4edb-80c3-4e67a2d32d3f,,,,openlibrary,0.0
cef660de-b712-4367-939e-aae3421c106c,,,,openlibrary,0.0
7983be16-e3ca-4ebb-aa68-5a16546ac58a,,,,openlibrary,0.0
9f1f9840-5596-4ab2-af47-4b9e7397e0e5,,,,openlibrary,0.0
5ed27b84-af02-48c2-851c-d35f833d6ad1,,,,openlibrary,0.0
3e517712-290f-4fad-b4bd-585540baf56f,,,,openlibrary,0.0
f51d203a-d320-41d7-884e-b518095d02cc,,,,openlibrary,0.0
82433631-3a67-4fb4-97f3-70d3cde07158,,,,openlibrary,0.0
dc9c4009-927e-411c-9ca8-3515de5bfcef,,,,openlibrary,0.0
d0b480f7-4f56-4770-98d6-488f2cb052e6,,,,openlibrary,0.0
dd602dc7-bc93-4f29-99c0-fc4cd638790f,,,,openlibrary,0.0
c29699ad-9be8-4ea1-81e2-650d74f831a7,,,,openlibrary,0.0
8a52342e-88be-4097-adb9-5fdfe0d4eca0,,,,openlibrary,0.0
5fa48be0-aa36-430f-b739-e688cf074299,,,,openlibrary,0.0
8996f97b-2d41-491d-9f76-b0a7f53f389f,,,,openlibrary,0.0
834b7a46-2829-4400-b356-987a55b26536,,,,openlibrary,0.0
c4bd1327-c46e-40e3-9bd2-c527eabe0a9b,,,,openlibrary,0.0
14dad1cd-afad-46e5-91d3-8f99c5aef489,,,,openlibrary,0.0
5680603a-bdb1-43b5-8430-e6a16088989f,,,,openlibrary,0.0
4d39dcb4-1b2d-4c9e-8c92-ffd56b3f06f5,,,,openlibrary,0.0
99e6656a-12d9-4c58-9d7a-e18be48988b3,,,,openlibrary,0.0
3160eeb3-448d-4db0-b97b-bdd5f04c19ec,,,,openlibrary,0.0
06c87a10-5b19-419b-bf9e-56dde3f45779,,,,openlibrary,0.0
96d1bf9a-562e-4d95-95e4-3645a033e0b5,,,,openlibrary,0.0
e8b8625b-37a0-4784-b8e1-7621ee65838b,,,,openlibrary,0.0
787d5ddc-4b05-416d-83d0-f772f1d0d13b,,,,openlibrary,0.0
b50fd0ec-988c-4285-b921-d69a8b450d53,,,,openlibrary,0.0
309b0d83-58b9-4acd-a615-6e87e52c2e58,,,,openlibrary,0.0
4a42ccee-92fb-427c-9066-55b29b8e89e3,,,,openlibrary,0.0
0a8d074c-4c3b-4fe2-95cc-3f7addfd2dc8,,,,openlibrary,0.0
1666e652-93bf-4da9-bdc7-88e98a375d2d,,,,openlibrary,0.0
77707c60-45b1-4bf6-987d-ec30db8261e2,,,,openlibrary,0.0
399d5864-fe2d-40d5-bc12-bb69636113e7,,,,openlibrary,0.0
6904e0eb-237a-47c6-9cd7-f41807e9f77e,,,,openlibrary,0.0
1f1df755-ac42-4bd0-9673-e5a7f59187de,,,,openlibrary,0.0
2dcfca18-a0d3-4b5c-a198-6caae2e6eb31,,,,openlibrary,0.0
79202474-4614-40e9-877e-1fc0d9ce98f0,,,,openlibrary,0.0
27d93f68-b54d-4c82-bb0a-0dd43c503eb7,,,,openlibrary,0.0
5faedf97-35fc-4113-bd0f-037abdfa830a,,,,openlibrary,0.0
fba2b6e3-0a9a-4776-a7dd-44c70bb091e2,,,,openlibrary,0.0
64f1aa7c-bdf1-4b23-8d13-303ffaee9208,,,,openlibrary,0.0
3a2dd678-8960-47ce-a077-cd16cc0a998a,,,,openlibrary,0.0
58ed26db-3c2a-4a50-b454-e6ab888d8818,,,,openlibrary,0.0
6637e2e7-478d-49b5-b982-f5f8a35441e1,,,,openlibrary,0.0
796614cc-4edd-4002-8505-166712e4f673,,,,openlibrary,0.0
9805d6e1-eff9-4f02-a50f-14f442cf01d4,,,,openlibrary,0.0
88fd8089-4d0b-4bf1-86f4-9db8928a5df5,,,,openlibrary,0.0
99651c72-4417-4057-8e57-20df39f74f91,,,,openlibrary,0.0
bd9d00fb-7662-4232-83dc-918bebcde4c4,,,,openlibrary,0.0
3e438ec8-b82c-4570-b3a9-b9c52ef9d3dc,,,,openlibrary,0.0
e2be4e86-1a66-42cf-a3b8-6fd0c749877e,,,,openlibrary,0.0
954cb8c4-98dc-4905-8ad5-26788e1606bb,,,,openlibrary,0.0
aa12844b-28c1-48ca-9cf2-9c469eff126a,,,,openlibrary,0.0
9d279ff1-aa2b-4062-9ebc-07c7bdcaeeb8,,,,openlibrary,0.0
8a9f4088-5e8e-4cfe-9d96-dfe43bed09bc,,,,openlibrary,0.0
37798349-fb4a-4402-b6b5-b7d368ba3015,,,,openlibrary,0.0
fd360b4f-4d3e-4f5e-b955-a843a4e59a4e,,,,openlibrary,0.0
7f320a8a-af20-4fda-bad3-33a5aa7c1640,,,,openlibrary,0.0
c79be7e0-1519-417e-8a2d-af674eacab37,,,,openlibrary,0.0
c6cf76b8-4f9b-40d0-b454-ddcc6e2367cf,,,,openlibrary,0.0
2f994f12-946e-41f8-ad02-e6b2369e2bd4,,,,openlibrary,0.0
fbdfd425-1fe8-4d0f-8f5d-1aed051693fe,,,,openlibrary,0.0
db053c80-c9b1-408e-bf8c-3181563c348d,,,,openlibrary,0.0
3b3eee8d-cbec-472d-8801-d32043a40840,,,,openlibrary,0.0
f8b775d5-ebcb-4273-8cc2-f4ed55d6ef6b,,,,openlibrary,0.0
922cfcbe-28a7-45cc-a9e3-03577c18540b,,,,openlibrary,0.0
8f376518-8ccf-4fbb-be56-ec4dc85451d1,,,,openlibrary,0.0
3d6b0625-e741-4e63-b7dd-59d6bd3ee82d,,,,openlibrary,0.0
98e2bf12-a9ea-4c30-8936-8aed2b51e893,,,,openlibrary,0.0
2784b9c2-f301-4b2b-817a-9502db332b08,,,,openlibrary,0.0
a1ac07c3-c823-4286-8e2e-f635e9af214d,,,,openlibrary,0.0
e4eeb129-d270-413c-8761-936a57f6e08b,,,,openlibrary,0.0
4f27d180-7a1d-4c70-a112-97a8d80b967a,,,,openlibrary,0.0
c5497fd2-00e9-4fdc-a319-8c2437934049,,,,openlibrary,0.0
6c6f944b-89aa-4c7e-9e96-eebb9d1f355b,,,,openlibrary,0.0
b9a207f3-2cb6-479e-bf22-7746df87364f,,,,openlibrary,0.0
096d1982-01fc-4d89-968d-23526066936a,,,,openlibrary,0.0
b9f284db-e2a9-4014-8aa5-258b6fa9698b,,,,openlibrary,0.0
2f52a95f-9df0-4303-ba49-9dc710c0fc36,,,,openlibrary,0.0
36f271f6-ad0d-4445-9009-d3d6d523ead0,,,,openlibrary,0.0
1512adcf-3b32-4ad0-b3fe-966b886055f6,,,,openlibrary,0.0
ebf2184f-7964-4bdf-837e-0d4b90088060,,,,openlibrary,0.0
ff8dff35-2637-436b-a080-a0c145e8e2c5,,,,openlibrary,0.0
f9f195c3-4ecd-487c-9c15-f0070f315795,,,,openlibrary,0.0
b86a5875-bc53-427e-b6ff-6880e3db31a7,,,,openlibrary,0.0
8ab52d30-3148-46f5-b0db-fba873b3468e,,,,openlibrary,0.0
2f575c87-03c3-4105-8970-95883f118720,,,,openlibrary,0.0
c84afdac-05d8-4f57-a762-06c4c8c94e9f,,,,openlibrary,0.0
435e9fc2-297a-4a18-816c-78a4a84b5dee,,,,openlibrary,0.0
07818152-7a46-4fab-8e89-34a4851bb25d,,,,openlibrary,0.0
23f1f6de-9e20-483d-88e0-17fdddd573df,,,,openlibrary,0.0
5389d454-568b-4b0e-bd91-c05e71e9ab72,,,,openlibrary,0.0
d785acad-c446-4fb2-adfe-9dec2efc5375,,,,openlibrary,0.0
a73df555-264c-400c-a2b0-be0c9048940f,,,,openlibrary,0.0
a5d02556-acb0-446f-babc-1d68b257864b,,,,openlibrary,0.0
195e0974-2af6-4734-8add-878dce2ce1a7,,,,openlibrary,0.0
835734c4-693a-4816-9617-e8fb811ea51b,,,,openlibrary,0.0
ea17ed42-ef25-4103-922b-b39259457d2f,,,,openlibrary,0.0
804bf24e-105c-4dc0-bcff-b0d766f26d28,,,,openlibrary,0.0
3c9ecde6-007c-4040-860e-e8fc94a5d0d4,,,,openlibrary,0.0
2027e025-fa3e-4b13-a496-53642d4730ba,,,,openlibrary,0.0
0236828f-54c7-4d16-ad78-4b3d8224f4d6,,,,openlibrary,0.0
a445ca1b-a7af-4678-827f-9ade296de888,,,,openlibrary,0.0
227eca27-6645-419c-8de1-55f7c79b9738,,,,openlibrary,0.0
955cdd5c-e530-4a53-bbe3-790e03f50215,,,,openlibrary,0.0
3f3cd676-ce93-49ab-ab47-c82568fe8223,,,,openlibrary,0.0
618b7437-4465-4766-8b1c-b7bee25b542b,,,,openlibrary,0.0
d4913245-a173-4747-a636-1f4db008ea50,,,,openlibrary,0.0
01cb5626-5c22-4781-9ec5-8b14d283757a,,,,openlibrary,0.0
62a3abb2-9698-4c79-81b5-ca1044241989,,,,openlibrary,0.0
e714a244-d98c-4cfc-990a-f891f4b995cc,,,,openlibrary,0.0
6e4258df-2cb4-48de-8f9c-e7e932a17f74,,,,openlibrary,0.0
681d0949-2b92-4ea9-a903-1d3d66c4d89d,,,,openlibrary,0.0
cedccdf8-ab44-487b-9914-0f2048c7ee37,,,,openlibrary,0.0
af7b2539-feff-4aab-a57d-2e8d5e6c6ab3,,,,openlibrary,0.0
c68243e6-d6d4-4379-9e19-ec349c0785e9,,,,openlibrary,0.0
1df078a5-a0c5-4f31-9bc1-168e5a5187cb,,,,openlibrary,0.0
ea574d46-502d-42c7-9c61-c79ad54b083b,,,,openlibrary,0.0
40d06e6d-9d22-403a-b277-10c9cbfd716d,,,,openlibrary,0.0
e9026680-dda9-4471-8c83-8f5ae9e25622,,,,openlibrary,0.0
63522961-2409-41f4-ab28-03cbbcc174d8,,,,openlibrary,0.0
6057dc6a-a9bf-4a63-a2ee-c841a47c2c20,,,,openlibrary,0.0
d99cb3be-a981-43f4-98ef-013662665753,,,,openlibrary,0.0
006d156d-105a-4cc5-967f-11320995d3f2,,,,openlibrary,0.0
51646642-0529-46ca-b645-8666076f4349,,,,openlibrary,0.0
4ad49e15-fd6f-4cd3-ad81-4d23fd1f37bf,,,,openlibrary,0.0
ee954130-ca44-455e-9c69-6f0291de344d,,,,openlibrary,0.0
382b0349-3772-437d-aa16-981f0ca9425e,,,,openlibrary,0.0
a3755555-ac3a-4863-9930-59b24766a3cf,,,,openlibrary,0.0
55c3490a-3390-4181-9f41-00e19aa1d970,,,,openlibrary,0.0
f801095e-06d4-43b3-88e7-a9c97e1984c7,,,,openlibrary,0.0
d7d0a0d1-91e5-4bd3-9086-92d45469e29d,,,,openlibrary,0.0
7d81c2ae-f51e-4314-a970-f58c1454487e,,,,openlibrary,0.0
aa492338-4fb8-49e9-a827-87cee71ec15e,,,,openlibrary,0.0
eb466d06-8f08-4708-b3af-06b962c977a3,,,,openlibrary,0.0
62de93d8-a1ef-4fc9-a4cd-dc84e8cb276f,,,,openlibrary,0.0
c0347396-788f-4826-8eeb-d04a5703223c,,,,openlibrary,0.0
d23d918e-95d5-4ef8-9419-998e0d5a4969,,,,openlibrary,0.0
5f79a216-ff0c-4807-93c0-64e736a1afdd,,,,openlibrary,0.0
ac4813ed-cb29-4c77-ab31-f84b1a6bf097,,,,openlibrary,0.0
87d484e6-5bff-4c44-87fe-ac781552ce7e,,,,openlibrary,0.0
8625a97d-fa6e-43b0-8d2d-450637e0a216,,,,openlibrary,0.0
a0ffc7b1-39c3-482a-8df6-6e407ec7f046,,,,openlibrary,0.0
7b326d22-639e-40fb-bd14-1cf737353594,,,,openlibrary,0.0
9a5b1b44-dd25-47b0-b413-1ecaceafffab,,,,openlibrary,0.0
83f3f3eb-f015-4696-929e-39d9aa547d9c,,,,openlibrary,0.0
939b539c-1c1f-4b7d-98b9-e6071fc55c26,,,,openlibrary,0.0
9abd2274-0cc0-4a1d-81f0-84f4dc6797fe,,,,openlibrary,0.0
2ee3eec0-dffe-49ee-b1d5-12c09eeeb592,,,,openlibrary,0.0
58018847-0681-4ea9-8498-a2b2c64f6db1,,,,openlibrary,0.0
767273b6-a0dd-429a-a4eb-02a1ed45ddba,,,,openlibrary,0.0
55bf253b-cb96-40a4-8703-933f9242a101,,,,openlibrary,0.0
d53fabfa-2142-4855-bf5a-d3bdd2510dd3,,,,openlibrary,0.0
f8589cd1-a7e7-429f-8d88-7359789be0c3,,,,openlibrary,0.0
a7d269cd-3e38-4568-9958-ef34ced93689,,,,openlibrary,0.0
19604bed-de04-4087-9772-dd43cd1a3c7b,,,,openlibrary,0.0
ad64cfbd-c812-46b2-ae64-44c27510ef26,,,,openlibrary,0.0
93ba65b6-8e8a-4405-8f04-e9118873deed,,,,openlibrary,0.0
7794c848-9523-4533-b0ac-bce41940b6ff,,,,openlibrary,0.0
e5603b62-dfea-485c-928c-218b802f478c,,,,openlibrary,0.0
fa206951-9cd4-4953-bbd0-bf7b7f12b982,,,,openlibrary,0.0
538cc528-7606-4b3f-909d-3797465831da,,,,openlibrary,0.0
3d56f8df-69be-40b0-a399-22dfb4fb43eb,,,,openlibrary,0.0
8fb58f6a-8066-4db5-bb36-d83322ceb1ef,,,,openlibrary,0.0
9a80fcbc-0eb4-415d-bde2-dd0fa2d55ef5,,,,openlibrary,0.0
2d98aea8-3bf5-456e-987e-09de2d5de1e4,,,,openlibrary,0.0
4e080351-2d9f-4187-81a9-271cb3e0a078,,,,openlibrary,0.0
ca7043f1-1c35-45b3-8744-94fbb74c8f8f,,,,openlibrary,0.0
8772b2f3-9fb4-4be7-bda4-39665f3a0473,,,,openlibrary,0.0
4e8db8bc-0447-4739-b5e6-d4b7c347e257,,,,openlibrary,0.0
f94eb30c-e255-4992-8813-ee3ca0327e29,,,,openlibrary,0.0
3ceb34ea-9b71-462c-b509-3bd4a0e407fd,,,,openlibrary,0.0
41ec1831-94a1-40e4-b4b7-c3c024644da1,,,,openlibrary,0.0
ec1ed5c5-4bde-46dd-a8d7-0e335b711797,,,,openlibrary,0.0
c0a1ba2f-5937-40f3-84f3-edbd1f2e5c88,,,,openlibrary,0.0
3270111b-d747-476c-b591-e1d346f7cf33,,,,openlibrary,0.0
76b37666-36aa-44e3-8800-2d1fe822f115,,,,openlibrary,0.0
8c13fac1-7af8-42e0-bda3-530dbf41c375,,,,openlibrary,0.0
289e0765-3069-47b5-86b8-59f9b7a0383b,,,,openlibrary,0.0
d3870c08-9a7e-4dcf-bb3e-af43be6664dd,,,,openlibrary,0.0
8231f4fb-bfa1-428e-8d92-9aac05dc6248,,,,openlibrary,0.0
bff2dd57-b5f6-4282-a932-596a40702ea5,,,,openlibrary,0.0
d7277680-2d97-475b-8661-af2d76be8c7e,,,,openlibrary,0.0
514021aa-f1e7-43ab-a0de-c612a99b2b0b,,,,openlibrary,0.0
090a8955-830f-4e98-881d-827eefda9e34,,,,openlibrary,0.0
c911f7e1-03cb-4bc4-9650-a50b2072e0dc,,,,openlibrary,0.0
3d700083-63c5-4d8e-b4ef-a2afee618efd,,,,openlibrary,0.0
1f74c7d8-d2d9-40f7-8cb5-c3c32249cbcf,,,,openlibrary,0.0
fcbfe157-b5b8-4626-8b79-e629e0213567,,,,openlibrary,0.0
ccb94299-cb34-451e-816d-8ac8f7e03f65,,,,openlibrary,0.0
7d8289be-cbe0-4a67-a2b4-3102fb3d3777,,,,openlibrary,0.0
b36fb324-0404-4a3f-94e8-ecf703523d8f,,,,openlibrary,0.0
be413f05-74d0-4379-9b00-45bfdf625ade,,,,openlibrary,0.0
2c73987a-d222-4323-a70b-34094e5b112c,,,,openlibrary,0.0
243d8832-46c3-4caf-8fcb-a852d1b744e4,,,,openlibrary,0.0
8530e881-5149-4162-8313-72717f5f8856,,,,openlibrary,0.0
8fb50e68-d17f-4069-a618-743cb66b168b,,,,openlibrary,0.0
491e9ff4-28d7-4916-bcd3-3308ee2bd668,,,,openlibrary,0.0
83489346-ae93-4433-9030-ddc9f0938285,,,,openlibrary,0.0
b57d8dbc-2034-43fb-86ab-81740b716e06,,,,openlibrary,0.0
bc2510d3-37a7-4c1f-9445-88acadd34636,,,,openlibrary,0.0
8ba96235-7013-4e3b-bd25-79cc26b9c58d,,,,openlibrary,0.0
aba508b8-c369-43c8-8c19-a0b8e67814c1,,,,openlibrary,0.0
216357ac-17c1-4160-aa68-2993774fd3a5,,,,openlibrary,0.0
30af7012-23ec-4bb4-acf0-ca5b5d6e646d,,,,openlibrary,0.0
552e1872-85a7-4720-9ab7-ab4ffe54455c,,,,openlibrary,0.0
643dd88c-0aa4-4ef1-ac44-31756a50f26d,,,,openlibrary,0.0
a49c741a-2717-4384-b4ab-df6b4f1b25c7,,,,openlibrary,0.0
26a2cbbe-d5e0-4d13-9882-62441ef5b289,,,,openlibrary,0.0
0ce61bf8-2190-4dad-8422-803c299aa4ed,,,,openlibrary,0.0
7593f10b-0c8f-4775-bfba-451264c67a2f,,,,openlibrary,0.0
82f0e456-0157-481a-91f9-f1f9334cfb61,,,,openlibrary,0.0
d087d40e-b10d-4272-b757-ab62251c2132,,,,openlibrary,0.0
d2c29978-051e-4834-97ab-f25b368a3858,,,,openlibrary,0.0
034dbe6b-861a-4abb-889c-f86b0aed2c1d,,,,openlibrary,0.0
fb78e826-2f74-4b05-bea0-26bf42d5d745,,,,openlibrary,0.0
e29ada5e-710e-4651-87ca-1c2de75a1a95,,,,openlibrary,0.0
7ca739b7-de12-4203-acd9-be2efdb43b7c,,,,openlibrary,0.0
6177b73d-754e-479e-909b-897c94de0f35,,,,openlibrary,0.0
338786f9-eef7-4a00-92a6-ad95b128b304,,,,openlibrary,0.0
adcd0411-6027-4273-bdfa-07d53165b0da,,,,openlibrary,0.0
7ccce193-481c-45e4-b1a0-a7d21380a59d,,,,openlibrary,0.0
c03b4af6-c8fa-4abb-9bbb-83592d29662a,,,,openlibrary,0.0
189aa266-7c3b-4269-b823-bf7850989e06,,,,openlibrary,0.0
c7997ba7-9f7d-4fd0-8ad7-31cf410e1602,,,,openlibrary,0.0
9c5e5683-8db5-4fe3-a330-a9ccd282837a,,,,openlibrary,0.0
fbf77b35-cfde-4347-9c3d-6bef7c445ad5,,,,openlibrary,0.0
5dce785c-2ba0-4140-88db-3ec0a17d8a6b,,,,openlibrary,0.0
e01638b7-3937-4a1a-b7b5-d46338127c28,,,,openlibrary,0.0
53774012-c681-470e-b55f-68e15bacdc44,,,,openlibrary,0.0
1753569e-58a5-4846-9c7c-ab6f8bcd6cb4,,,,openlibrary,0.0
1a0f5fe7-2ac2-4ca8-8216-8ae77af99848,,,,openlibrary,0.0
679686b7-b10c-4306-87fa-1043cbde42ff,,,,openlibrary,0.0
4c7a5427-b15a-4c7f-ac13-dd903a96a7a5,,,,openlibrary,0.0
21307140-c468-41c9-b669-d3dbbd758617,,,,openlibrary,0.0
8b564491-5d9b-477b-82b4-432e1db5ce66,,,,openlibrary,0.0
aa2ef279-e782-4e39-94d9-7a74488353db,,,,openlibrary,0.0
797ba4f2-47a2-4a65-8909-dd95c1e6b4de,,,,openlibrary,0.0
954c154e-c964-4b2b-89a6-22ad8babfef8,,,,openlibrary,0.0
0c362bf0-9aa0-42e5-949b-1f08971cc045,,,,openlibrary,0.0
3521e6c5-cf4e-414f-9f57-f254cdfa661f,,,,openlibrary,0.0
33a5bda5-ae84-4b29-b15a-8fed60aa2bd8,,,,openlibrary,0.0
34505c7d-eaec-49b5-86c0-df013def810e,,,,openlibrary,0.0
e8bce759-418a-426a-973b-00233c07bdfe,,,,openlibrary,0.0
4bbc4b29-79ad-4484-97d1-baee136547c9,,,,openlibrary,0.0
39d84a78-a24a-4f30-bf24-6f91c0b593ca,,,,openlibrary,0.0
125d8730-b00a-4ef7-87dc-dda4c81d36b6,,,,openlibrary,0.0
ce23d2db-a3e2-4f4a-bd5c-8e973a35f51f,,,,openlibrary,0.0
f8b6d118-e2c7-4fca-90fc-06c61cbe85a7,,,,openlibrary,0.0
4752d247-2826-44c0-8741-7705e1c7062e,,,,openlibrary,0.0
a4dd0fca-fb50-4c6d-a0a1-bdbf3dc6d008,,,,openlibrary,0.0
fcf968c2-e6d8-4fa2-89cc-5fe17da27f68,,,,openlibrary,0.0
839e13a7-1273-40dc-bcbe-e315d7da691e,,,,openlibrary,0.0
59785296-e538-4b64-a1d9-2221efbb61b1,,,,openlibrary,0.0
252993d1-f866-4120-9161-47e371d47ed4,,,,openlibrary,0.0
a08999d7-1e2f-4449-b8d1-87d3661cd995,,,,openlibrary,0.0
e1a709bc-a73e-4a63-b955-2a54d947ca9e,,,,openlibrary,0.0
76e0fac2-f98c-4eb0-b1c6-6d5eda1760a9,,,,openlibrary,0.0
1bb179c7-2e21-4495-883d-a7624264bb13,,,,openlibrary,0.0
9b5cfa91-1e16-4dcd-8f31-ef77b4805f53,,,,openlibrary,0.0
28fb01f1-5e48-41eb-9e26-09032f84a5fc,,,,openlibrary,0.0
7172eef5-5dfe-4f3d-86fe-8dc843448e1c,,,,openlibrary,0.0
ff2e71be-5897-4744-a1ea-1b32a8c72693,,,,openlibrary,0.0
333996a9-e1f9-4019-ba5d-abcc6652fe62,,,,openlibrary,0.0
8e6abac6-e37a-4bd5-a33b-3d2afd61b2df,,,,openlibrary,0.0
f672c6bf-228c-498d-a113-96dff12c3ff0,,,,openlibrary,0.0
493458df-8281-42e2-9c0b-236f000fac2c,,,,openlibrary,0.0
c82c4d12-dc84-4f4d-b7ea-31b26113660a,,,,openlibrary,0.0
4c474090-4fd9-4940-9746-c9828ca95160,,,,openlibrary,0.0
6a140c1a-2033-4956-8859-4f860b123958,,,,openlibrary,0.0
9d697453-0f59-464d-9883-93589e87836b,,,,openlibrary,0.0
c6446c48-c9d8-4c6b-a739-bec4c871c95a,,,,openlibrary,0.0
978a0bba-a66b-4771-ba08-dcf9d3e8e22c,,,,openlibrary,0.0
de193dc9-3503-4601-af22-e1741a47626e,,,,openlibrary,0.0
f35117a0-b4cc-4e10-a62a-9e4b32b0c84a,,,,openlibrary,0.0
386bb0eb-9e30-4d02-b70c-4e4b291227b6,,,,openlibrary,0.0
b6d498f2-bdd3-406c-8a6e-3f7e45c46da4,,,,openlibrary,0.0
20976748-3ada-4b85-b83e-8646fc8f97dc,,,,openlibrary,0.0
41ec3afd-2a70-4b49-ba5e-37bb76db1c50,,,,openlibrary,0.0
6f74417e-0b99-48f2-a8e6-781c876fda5c,,,,openlibrary,0.0
f429d0f9-6c4d-4949-8d58-0d544999ddbe,,,,openlibrary,0.0
1100a633-1a51-4cc4-91d7-28b3ca33ddd8,,,,openlibrary,0.0
de4c0fcc-0966-4517-82ea-5c7bb1534029,,,,openlibrary,0.0
d1bfe420-b1cc-4a1b-9993-3acf177a25bb,,,,openlibrary,0.0
f3742aac-de63-4519-83fb-5c73be82e0f0,,,,openlibrary,0.0
b4c11578-be1a-4ed2-b39e-8e5c5ab70b3f,,,,openlibrary,0.0
75501a31-59f8-409f-9e49-8dea95274d03,,,,openlibrary,0.0
0f78f2a9-e3a1-4ea2-be61-f627f1048232,,,,openlibrary,0.0
6361b0a1-0b61-4e58-86c6-6b09915090cc,,,,openlibrary,0.0
d950664b-e6cf-4624-a193-a8630635acc0,,,,openlibrary,0.0
576937cf-fdb4-4b4c-b89a-2844044cfeb9,,,,openlibrary,0.0
39429351-f805-4e19-bc56-f1524928b32a,,,,openlibrary,0.0
8dfb6280-2cbd-4ae1-bd98-e02c38245880,,,,openlibrary,0.0
b5bc264e-3342-426d-b7c0-bbe37c463918,,,,openlibrary,0.0
e39d414f-6ea8-4469-88f5-a08317c6911d,,,,openlibrary,0.0
4f4886e6-8fd7-4b47-b96b-c4b9ce1a1236,,,,openlibrary,0.0
cf261265-a8a3-4d7a-8ff1-4486a758a3a4,,,,openlibrary,0.0
f23c55a2-c43b-49d0-b50b-5c8f00130864,,,,openlibrary,0.0
43ddb27b-740f-4bf5-8265-e2ec9efb3399,,,,openlibrary,0.0
b5ef13d1-8083-4667-8254-5f9eddd0fd3d,,,,openlibrary,0.0
06f71b52-2cb0-46cb-9823-3a3881e9d43d,,,,openlibrary,0.0
9a844a23-4e0b-4c23-bc6a-54c9fe7e70b4,,,,openlibrary,0.0
7583eb9d-22b7-4036-adaf-ba53887b7ad9,,,,openlibrary,0.0
3199ca08-ebcb-4bfd-b8da-aa96896cb851,,,,openlibrary,0.0
674b947c-82d1-4a54-92b1-54020492a268,,,,openlibrary,0.0
477f145e-5ab4-4786-904f-0a18d6279fa4,,,,openlibrary,0.0
9f6301b8-d774-48bc-a398-b79dd0dbd228,,,,openlibrary,0.0
e9269620-9516-4314-a151-c4fc5e355a1b,,,,openlibrary,0.0
d4f80a7f-9394-494c-8946-f0e386d13595,,,,openlibrary,0.0
890f16fe-65d1-49e2-8718-9feae659f454,,,,openlibrary,0.0
8c31d1a1-3a59-4a8f-9990-0d5e85a4502e,,,,openlibrary,0.0
25bcfb47-8abd-45c7-b999-df6928945acc,,,,openlibrary,0.0
2d394788-55b6-4823-a548-7d318532456d,,,,openlibrary,0.0
58ae8efe-c635-4e0e-a87c-8f4e43da3c44,,,,openlibrary,0.0
a93e8c67-7a15-467a-b9da-fea741091b08,,,,openlibrary,0.0
cbbe7fe9-950a-4d19-9886-2fcf1f7172c1,,,,openlibrary,0.0
f48ec100-087b-48e0-95d4-0d469a2f7e9c,,,,openlibrary,0.0
dc37593e-58af-449d-be80-d4fec15f8725,,,,openlibrary,0.0
5c2b1f57-038f-46af-ba53-2f8db964f9c8,,,,openlibrary,0.0
367edaaa-260d-4cc8-8d63-4e67401dd472,,,,openlibrary,0.0
07a22033-5436-449c-8b24-13d8c8bde43c,,,,openlibrary,0.0
8b885568-e24b-4745-afba-43d8ad45575e,,,,openlibrary,0.0
0a5898cf-340d-4afe-8398-09f4e29657d7,,,,openlibrary,0.0
331c7b88-ce8d-4c62-9866-a0057640f707,,,,openlibrary,0.0
fb6ef903-5f26-44ab-be57-69e4f073eee2,,,,openlibrary,0.0
24f291de-7de9-46f0-bc62-cf1a43804a07,,,,openlibrary,0.0
9caccf38-5ddc-46fe-b210-6c5d7d3d89e1,,,,openlibrary,0.0
39896c2c-c2f8-4068-94db-da15b0d748ca,,,,openlibrary,0.0
7ffd2654-1301-4200-8318-a573b75c0b12,,,,openlibrary,0.0
a2aac775-5336-46b7-b6bc-46a5b3b32424,,,,openlibrary,0.0
a4045493-af75-4067-a1d8-c722091c9521,,,,openlibrary,0.0
426249c3-7f13-4771-8b70-2e4b0edba0a5,,,,openlibrary,0.0
6b7d1ca0-94c5-4bec-bca5-6b18a35280da,,,,openlibrary,0.0
71b77e03-7f58-48bd-8d30-3100790c0863,,,,openlibrary,0.0
9622e1fe-64cc-4be0-a058-50a4631d3e06,,,,openlibrary,0.0
9297a2e2-bbdd-4180-9a43-1cfc85ddf387,,,,openlibrary,0.0
52e2fa6f-65a3-4a5d-ac15-ef914d3eefd5,,,,openlibrary,0.0
368cf4c2-9ae2-4e65-b5d5-3ede6a03ef9c,,,,openlibrary,0.0
66015f0f-f41c-421b-ba40-781e4b238da5,,,,openlibrary,0.0
b00f1cfd-3bdd-48c0-8f13-84bac503bf21,,,,openlibrary,0.0
477fdf99-7c02-4905-9099-4b92cee62b6f,,,,openlibrary,0.0
c9b6dfb2-d63e-4c03-9d71-d041b2d3df25,,,,openlibrary,0.0
336e6355-295c-404a-a397-e103fb7dbb57,,,,openlibrary,0.0
cdce1874-abd0-43f2-8dfe-762f9c4031ad,,,,openlibrary,0.0
3d1a81cd-5b3e-427f-952b-b52fac5e7d1b,,,,openlibrary,0.0
eb23b886-96ee-45a5-bb7d-26dac1ed2e65,,,,openlibrary,0.0
90ce7efc-91b2-4e84-9555-3465f1e21b5f,,,,openlibrary,0.0
8207e583-5751-4874-9d55-c62f99f1a95c,,,,openlibrary,0.0
8a34f994-d651-4e42-8970-e096782b00fc,,,,openlibrary,0.0
b1fab5bc-e522-4f1c-9274-ad77296b9ec0,,,,openlibrary,0.0
87856f1e-d6f9-40e2-9603-00db3e35f719,,,,openlibrary,0.0
202df646-a12c-41e7-8ca3-78195a790524,,,,openlibrary,0.0
8e7f01f0-2261-4233-bbe9-b49e2ae57405,,,,openlibrary,0.0
c0b60a94-327c-40ea-9fff-422b09b0edd7,,,,openlibrary,0.0
aac97312-3720-4ee2-8456-25252633cbd3,,,,openlibrary,0.0
56e43cb6-45fe-4228-bc1c-997b16c7dad8,,,,openlibrary,0.0
84efcd4a-614e-4695-9858-67aec6311b57,,,,openlibrary,0.0
32f0f1fd-4796-4f6f-9a48-27a53a116c97,,,,openlibrary,0.0
744e11e6-c9b2-4931-baea-3121e85a9035,,,,openlibrary,0.0
f18ec704-217f-4c46-b770-129127bfa453,,,,openlibrary,0.0
6f5e2dd4-450c-4d81-ac78-9f2e9dd9dd4e,,,,openlibrary,0.0
576181c7-6a3d-4b96-bfbd-cefb4222e2f5,,,,openlibrary,0.0
e170107c-56e1-4213-98a7-696ad95196f6,,,,openlibrary,0.0
3067ba9e-ed4c-41a2-b34b-bc4ed27d4e6d,,,,openlibrary,0.0
ac3df0c9-580c-464d-82a0-df9642f3a4f6,,,,openlibrary,0.0
5e443147-142c-47d7-9a4f-87d9085d76c1,,,,openlibrary,0.0
ac9b605d-9711-471c-9f6e-7aeb1a710270,,,,openlibrary,0.0
2e5aef52-cd04-438d-a6da-cf646f0110fd,,,,openlibrary,0.0
e81e696e-7d6f-45ff-978e-d518153a706e,,,,openlibrary,0.0
712a80fd-346e-4cf7-a460-f3baa9144b17,,,,openlibrary,0.0
dfb67ece-6788-40b1-8169-8b44f731d115,,,,openlibrary,0.0
effaeff1-7c40-4cd8-9b03-3d7762f8244f,,,,openlibrary,0.0
b01b1bd0-21bd-4693-9860-25290fba427a,,,,openlibrary,0.0
958e863c-d99d-4aca-bd67-7c7a1da52d86,,,,openlibrary,0.0
35e3fa47-27d0-4da7-ba3a-827ede4b27ce,,,,openlibrary,0.0
c40ba859-8a5f-47c3-9743-5346b8ea498f,,,,openlibrary,0.0
b56f008c-9acb-4533-9c61-ca42f65e3941,,,,openlibrary,0.0
b87765e0-669d-42f2-b41f-010717aa9cc8,,,,openlibrary,0.0
cd1b7ab9-fb0c-464b-8549-60859c20f968,,,,openlibrary,0.0
bcf68e3d-5f9d-492e-9425-d2861507684a,,,,openlibrary,0.0
3b3045bc-a6e2-46fa-bc60-e7480adbaf47,,,,openlibrary,0.0
792e92d9-f591-408c-837f-a4b90ddeb9a1,,,,openlibrary,0.0
161d2aac-c241-446e-a9a5-0fc2383f1e4a,,,,openlibrary,0.0
92ca7036-30d0-4361-b4e3-3d98d13036a4,,,,openlibrary,0.0
cd9e40ab-311a-4025-b393-15348c73f172,,,,openlibrary,0.0
7d7a4321-30ff-4112-a0fa-755dd9d28502,,,,openlibrary,0.0
41c28197-f86d-4009-9be4-4a850634d13d,,,,openlibrary,0.0
2375764b-4b6b-4cfc-b839-b74414858fe4,,,,openlibrary,0.0
0953491c-71aa-4b96-98bb-3d27c90139e1,,,,openlibrary,0.0
75d00120-9348-4263-a835-5e13b42a9cc2,,,,openlibrary,0.0
58fb3ef5-93f5-4711-8e9e-8722b379c779,,,,openlibrary,0.0
e6583be2-5401-4722-a365-a3757c7e47ab,,,,openlibrary,0.0
36c3a237-e85d-4f14-8dfc-41ea46626eac,,,,openlibrary,0.0
0316e403-885b-42b4-ad40-dee8d4757a33,,,,openlibrary,0.0
2794c091-590c-4c11-a055-20d214765e10,,,,openlibrary,0.0
14b5431f-f16d-43ab-8b97-2ca0696e1312,,,,openlibrary,0.0
b92627d0-4eba-46e7-b04c-a77b86320aab,,,,openlibrary,0.0
3f456e79-f068-4ae3-8bbf-58c370a48dbc,,,,openlibrary,0.0
3a185e91-f1b0-49cf-bb97-0eee84aecbb5,,,,openlibrary,0.0
f1b5b87c-1fae-49ec-abb7-3324eee9a0d5,,,,openlibrary,0.0
f0b91551-afab-4b49-bdc1-bd6550e9e501,,,,openlibrary,0.0
ee1b2c82-e43c-4b8c-a1cd-fa4648b4a25b,,,,openlibrary,0.0
c268eb23-4a77-480f-b3d2-a832b4e333f9,,,,openlibrary,0.0
4fb29639-710b-45f0-9517-396db9084c26,,,,openlibrary,0.0
392b69e4-3283-42c4-8f57-1614665b2b7f,,,,openlibrary,0.0
6506ffc9-557d-4652-b2a5-a03f008843b5,,,,openlibrary,0.0
038f747b-4c99-45f7-a1d1-0a57954c36aa,,,,openlibrary,0.0
9d44b4aa-324c-4537-bc3c-876cd8113cbe,,,,openlibrary,0.0
787cae68-fc71-4cc8-8df9-992933137e50,,,,openlibrary,0.0
6065289f-1d3c-40fd-b79e-f28b4a72656b,,,,openlibrary,0.0
d69c0bb9-d97e-4373-8aee-f66d735e0b8e,,,,openlibrary,0.0
94f78558-e959-4505-b5bb-8aa677d7fc47,,,,openlibrary,0.0
5731b1c2-f38b-4b5d-977d-fb296b86bcb3,,,,openlibrary,0.0
a2878819-a3ff-4868-8b29-f0175b06266c,,,,openlibrary,0.0
7f51e61d-ec7c-4ccd-a9ab-1854b981cd7d,,,,openlibrary,0.0
0ec3fc7d-3806-4d6a-b47b-e2d968f3f538,,,,openlibrary,0.0
7acffe0a-698c-4b4f-b159-5afa1f93ac07,,,,openlibrary,0.0
f457b30e-0e9d-4988-a660-aadc5b11e26e,,,,openlibrary,0.0
b2952c27-9666-4f0f-8031-abb9e097104e,,,,openlibrary,0.0
25465255-fb6e-4207-8833-ae18a89c5f84,,,,openlibrary,0.0
6f44badc-bf41-44a5-977f-03b92936d118,,,,openlibrary,0.0
fda8242b-7376-4bae-892e-615cb2819f53,,,,openlibrary,0.0
8adbe1ac-f1d8-4406-bd93-3d1c3921a6b4,,,,openlibrary,0.0
b2f1ca11-86c0-4e72-b241-40e19ee2802a,,,,openlibrary,0.0
5198d039-1284-4c41-816e-86d5a3818e6a,,,,openlibrary,0.0
b91a673b-7a80-473a-8b76-badc1d2befdf,,,,openlibrary,0.0
5a94399f-3987-422a-9536-dcaf0f5d59da,,,,openlibrary,0.0
08709054-38ab-4ecd-b6ed-37ad462c55ca,,,,openlibrary,0.0
3dccb3d6-d9ce-4ed1-ab47-b4bd20379f73,,,,openlibrary,0.0
2b30acd6-65e3-4692-b8e7-e4839a888802,,,,openlibrary,0.0
2407166c-835b-44ed-bc9c-680e07aa60fb,,,,openlibrary,0.0
84e17e6a-1d43-4f76-a898-c9aa77b27db8,,,,openlibrary,0.0
ecb38c0c-ca02-402d-a30c-86b1328f4c74,,,,openlibrary,0.0
a3245a15-471b-4677-96eb-4c3822db2948,,,,openlibrary,0.0
0ab1783b-0e00-436b-b529-30aa60c9f6e0,,,,openlibrary,0.0
5a06230e-dfb7-4f00-84a8-80537e1f1a3b,,,,openlibrary,0.0
10f0f407-99a9-4698-9c2a-ee10ac60c5ac,,,,openlibrary,0.0
913d6a3b-539e-4538-8e8b-fb4d35d73832,,,,openlibrary,0.0
21bf2183-7998-4ff3-953f-f8535e7c5519,,,,openlibrary,0.0
849cf26c-8694-4004-985a-53f82ad0b3b1,,,,openlibrary,0.0
4e7bb0d6-95d0-466d-b52d-01910a54db80,,,,openlibrary,0.0
7e68eb30-c65b-453e-9f90-34ea1520c462,,,,openlibrary,0.0
b2227d29-541a-4617-ab6b-9b3db42b6153,,,,openlibrary,0.0
f562f877-634e-44ce-9bd7-744320c765c1,,,,openlibrary,0.0
1086ef17-915e-4876-93a5-06616e12c4f7,,,,openlibrary,0.0
12d35a7b-6757-4ca5-a998-8893a68d870e,,,,openlibrary,0.0
bf86f63f-b548-40c3-9e17-2c57d098aabf,,,,openlibrary,0.0
b8da94eb-fd7a-4666-bb55-ca0ca8d3382c,,,,openlibrary,0.0
3818df88-d135-4572-928d-fc5425f66c03,,,,openlibrary,0.0
7e911d85-bbdf-4311-abdd-3a22253fc1e6,,,,openlibrary,0.0
4abf611a-7a71-4025-9279-93a235e63090,,,,openlibrary,0.0
029a4d47-034b-48c6-90ba-702916e4083a,,,,openlibrary,0.0
2757e8b6-72a8-4625-be05-fee197e55686,,,,openlibrary,0.0
9ae01cea-675c-4c54-aa2f-e59a263fe871,,,,openlibrary,0.0
81aef746-9cee-4551-af0f-116a62a89716,,,,openlibrary,0.0
53d95ce9-aaec-4687-b816-9880802f9b4c,,,,openlibrary,0.0
cb63725b-ee0d-475b-acca-589b809e8ad5,,,,openlibrary,0.0
0deb743e-9ee3-4e27-8de2-e932ddda6142,,,,openlibrary,0.0
819297de-1a05-4bea-8003-0c44f612f7ec,,,,openlibrary,0.0
0457af65-a776-4af4-bf27-a765b7e723f4,,,,openlibrary,0.0
fd53b7d0-000e-46d6-8b88-5b26d5b4858e,,,,openlibrary,0.0
8c6c9231-85af-4a0d-ae50-1befc4c882ab,,,,openlibrary,0.0
e7f872d1-cd22-4356-bd5b-6ca9e57e7405,,,,openlibrary,0.0
34d4f7fc-e8ee-4098-9fa6-3575723daac2,,,,openlibrary,0.0
e5b681cb-a463-44e8-bd6a-dfb0b025fa9d,,,,openlibrary,0.0
93c8d054-f52a-4712-9d80-55cd03e7511c,,,,openlibrary,0.0
aa185a76-89dc-4966-ac4a-b50ad7f5d5e6,,,,openlibrary,0.0
68d2dfa2-adb3-43db-960e-f690b285e7c8,,,,openlibrary,0.0
56bfaadf-3375-4360-bf65-0062f6f3342a,,,,openlibrary,0.0
b80185b1-3226-4351-865b-e7a7385acea2,,,,openlibrary,0.0
c25209b2-0a02-46eb-9ac2-7d9bda363e3f,,,,openlibrary,0.0
25d6aad8-7d9b-4b93-a4f7-33f62cc1fb92,,,,openlibrary,0.0
e915938d-9ac8-4f21-81e0-d75eb61b0c86,,,,openlibrary,0.0
a306a30c-b856-4618-b659-8291c8a83785,,,,openlibrary,0.0
fe24580a-bdcc-4869-a26c-18aafb604cc5,,,,openlibrary,0.0
42c6d351-46c0-470d-bb12-e0a47ca5fb4a,,,,openlibrary,0.0
535b1241-7ca2-4f0d-9a77-c5cc5ebb70c7,,,,openlibrary,0.0
21073310-5ebc-4af5-ad79-4a79ba2fab30,,,,openlibrary,0.0
6b2173b4-f7de-4867-8279-ceb114222aa2,,,,openlibrary,0.0
ed7ccc73-6553-484f-a84d-2c8e9c50289d,,,,openlibrary,0.0
5b5c9abf-a2f8-468a-8a77-cf4755e03320,,,,openlibrary,0.0
e9140e61-4b54-4a3b-80c8-c0b32b37534a,,,,openlibrary,0.0
8aa67fc0-7648-406f-97e8-84ee41afa5e2,,,,openlibrary,0.0
8683acfd-5df7-412b-9b67-0e9758631124,,,,openlibrary,0.0
cb5caea0-2302-48bb-9606-1a656d171421,,,,openlibrary,0.0
1f7d80e1-3621-4f64-a2d8-0eb00446bc57,,,,openlibrary,0.0
7790e2c3-cd6b-49e9-bca3-345d9c7e23c7,,,,openlibrary,0.0
53f97660-5b97-4d7d-b263-4353427cb2eb,,,,openlibrary,0.0
d71fc06a-f491-4f30-be63-896643cb05d7,,,,openlibrary,0.0
f70bf888-0e29-444f-b209-f5a5e3b27c86,,,,openlibrary,0.0
1fbf2309-cf46-4c94-a68d-7f8e77863076,,,,openlibrary,0.0
8f1080ff-fb1c-4990-89e0-e3331f4add39,,,,openlibrary,0.0
d4087bc6-61aa-4afd-b443-752b55ab36a3,,,,openlibrary,0.0
969d497d-9c11-42a0-b916-fb616f58c249,,,,openlibrary,0.0
0a618223-397c-4480-b760-114e2c92864e,,,,openlibrary,0.0
b86f96eb-ac3a-4b70-8136-1c4448f8e1b3,,,,openlibrary,0.0
9c6bbb37-ec71-4b23-9294-1e438d96fd46,,,,openlibrary,0.0
f510ae57-cbf6-498f-9b8f-8f21afd6837e,,,,openlibrary,0.0
0395ddb9-7f59-4830-a288-74667132212d,,,,openlibrary,0.0
00f75f2e-c515-464f-b410-46d720f1d52f,,,,openlibrary,0.0
201c8709-c9ab-4ea6-baac-bf7a4cefe77e,,,,openlibrary,0.0
02273ce8-e159-4913-9646-7b2bccd462ff,,,,openlibrary,0.0
143cbfa0-7499-45e9-af9d-d8ae1cbadae2,,,,openlibrary,0.0
dfffdbf3-3735-4a83-a962-1f76aac1f6c1,,,,openlibrary,0.0
6aa409ba-9108-4c65-a35d-403901c068d5,,,,openlibrary,0.0
635beba6-a208-4772-af47-2c813baacd70,,,,openlibrary,0.0
f54c63a5-ad4d-4677-80b7-58919fed2695,,,,openlibrary,0.0
a758df94-5585-48af-9d40-15ae5809a744,,,,openlibrary,0.0
fb75c6ab-dea3-4c2e-ba92-ce08fa44b4c1,,,,openlibrary,0.0
6702825f-af5d-4d86-89cf-c6b738736ccd,,,,openlibrary,0.0
57873b45-017e-450f-8377-94df39e90aa1,,,,openlibrary,0.0
b0111391-c4d5-4e8a-b858-b1b443def75a,,,,openlibrary,0.0
788ea39b-438b-459e-ae42-54e9de3c4eff,,,,openlibrary,0.0
90d9730c-7393-423f-a069-9541071667f3,,,,openlibrary,0.0
3b3587e1-3828-4864-b918-16ed7bcd8e2e,,,,openlibrary,0.0
4c2fe6fb-39fa-443e-9751-418e2ca098cd,,,,openlibrary,0.0
a3b37d66-d071-42f0-bb7c-d44b913dfae3,,,,openlibrary,0.0
a15ec978-1cc6-4a72-96a6-fa485b493185,,,,openlibrary,0.0
8c93d65f-6220-4f17-8fc7-3046b2edd038,,,,openlibrary,0.0
3f5c162d-6727-4972-b428-4632475809b0,,,,openlibrary,0.0
d153297c-ca13-44d9-bb23-22bfc3c85bb9,,,,openlibrary,0.0
a53500eb-bb3b-4eaf-8abc-0c0e00dea694,,,,openlibrary,0.0
d0cf4b7a-49fd-43e6-a95c-9674cb2cb14b,,,,openlibrary,0.0
644fba6e-c2e0-4f7d-b04f-d1727425bce3,,,,openlibrary,0.0
1ffd8ce8-46ef-43b8-8a63-55a6920f4352,,,,openlibrary,0.0
a5bdb335-384a-49cb-9008-6d8639e8b9ec,,,,openlibrary,0.0
7980b7e7-c4f7-4dcc-a105-922264309f5e,,,,openlibrary,0.0
c4b8f267-09fd-4a28-8a30-9d7f570467d5,,,,openlibrary,0.0
2be3735e-0e97-4e4b-b754-a6b2bfd08cd5,,,,openlibrary,0.0
ab70356f-1565-405a-915f-96a92420b561,,,,openlibrary,0.0
73bf5505-ee2a-43d0-9fe4-d99ce3733ff1,,,,openlibrary,0.0
a525dc21-c775-4b60-a559-216b548ae90e,,,,openlibrary,0.0
93333bd8-a5bd-4b78-a813-36718d23013a,,,,openlibrary,0.0
030c220c-4cb6-4f71-9a2f-111fa7da5f31,,,,openlibrary,0.0
96943118-6f37-4d20-bfa3-776dc7e1bf58,,,,openlibrary,0.0
e8fe4875-6e20-4f8c-88de-42e1d182f70f,,,,openlibrary,0.0
69f73ac7-6262-41f1-af2c-90fa073e9dbb,,,,openlibrary,0.0
9c3f4b79-ffe1-4a9b-87bd-290a078e1671,,,,openlibrary,0.0
389cff1c-99a7-4efb-804a-d95681516951,,,,openlibrary,0.0
6586589f-7ecf-48fc-a577-7656851fc57a,,,,openlibrary,0.0
478a87a7-6f80-4f74-b3d7-640d8a24a6bd,,,,openlibrary,0.0
cd89541f-6c1f-4dd8-aa75-13b37ab4adc0,,,,openlibrary,0.0
d0b1147e-6ddf-42df-9b81-983368256e48,,,,openlibrary,0.0
5ffd94d0-1a6a-4aaf-a3e5-a4491c8322ed,,,,openlibrary,0.0
143b8768-a64b-4c84-92b8-fdfe03ee1959,,,,openlibrary,0.0
8658b6df-6124-4499-b7d6-8a3ca61c48e5,,,,openlibrary,0.0
eb17fa6b-64d5-4f86-96e2-dcbcfc141e3a,,,,openlibrary,0.0
d38ace84-8898-4571-ab14-5737bee8c4c3,,,,openlibrary,0.0
c7a55025-a7d9-4ba7-a0be-7da8ef16fb7a,,,,openlibrary,0.0
1041311f-d565-42b9-9451-1698da400058,,,,openlibrary,0.0
654789b7-5acd-433f-aac3-b729d8e71488,,,,openlibrary,0.0
e39878fc-2787-498b-bc19-2e0f89431b44,,,,openlibrary,0.0
7e75004c-cc7e-4a80-b940-5b55d0bd3ec8,,,,openlibrary,0.0
defbced9-391d-4750-a278-8a71005ea3a6,,,,openlibrary,0.0
4105af05-e1a3-4a03-84b7-14d22b37c925,,,,openlibrary,0.0
ae02a0dc-1d7e-4568-a1f0-e53403245e5d,,,,openlibrary,0.0
27a21401-7a53-4da7-977b-996e41f86120,,,,openlibrary,0.0
c79d6078-22ab-4aa1-b2cc-9ac2a2eececb,,,,openlibrary,0.0
0aaaa6db-15eb-4a33-b458-35c063ddfdcc,,,,openlibrary,0.0
ae3453f9-efe7-4140-a2b3-17ba3ccfb603,,,,openlibrary,0.0
d6c6d84a-c985-4fcd-8e4b-23f50d4deea5,,,,openlibrary,0.0
f03bd8eb-5aac-4b58-9a9b-fabd4fbb4a0b,,,,openlibrary,0.0
fea03b3d-109a-4465-acde-1292a9fc5b67,,,,openlibrary,0.0
6b9027ba-f0d7-45df-83d0-5beb690af13d,,,,openlibrary,0.0
7364c12b-dad1-441c-98ab-04cacaf1d1a0,,,,openlibrary,0.0
e47fc202-569b-4569-92bb-ed108c9aa3e2,,,,openlibrary,0.0
511c2156-658c-450e-915c-5de16c3c73c1,,,,openlibrary,0.0
969ea887-7bb3-4831-b37e-f85c89ca71bc,,,,openlibrary,0.0
eea96aa1-ee38-4cda-bb0f-0c2c0aa8df4b,,,,openlibrary,0.0
183ccb4b-9e10-49a0-950f-85cb29a41a69,,,,openlibrary,0.0
eca0d974-5d74-479c-97a8-5baa0cd5770b,,,,openlibrary,0.0
174f39b3-ebf3-4963-83e6-06ac14264d51,,,,openlibrary,0.0
b7eb595f-8720-4e34-8527-bebe019dc470,,,,openlibrary,0.0
d04fa6f5-c4d5-4caf-b8fb-6aa71ec44c5d,,,,openlibrary,0.0
0d672979-03f8-4ce6-a8a9-7f77ba6f9db0,,,,openlibrary,0.0
2edd1de8-d544-4e81-bc77-f64bddd84f27,,,,openlibrary,0.0
d232016e-f775-433e-950e-b830a2a15dcb,,,,openlibrary,0.0
1618e34d-1d17-46e2-9035-aada83343ecc,,,,openlibrary,0.0
0205e6d7-c0d9-4722-a14e-b4ba2f9bde20,,,,openlibrary,0.0
5f97b4be-dab9-4520-90ce-455917fb99fd,,,,openlibrary,0.0
435ba56f-41a8-41d3-87e0-22d2d68d0333,,,,openlibrary,0.0
98bdd947-0233-4198-a952-65798d5de159,,,,openlibrary,0.0
fd5fa925-d759-4eb2-a423-3a909407fb94,,,,openlibrary,0.0
f3283ee2-4962-40f2-ba07-e3f61c787053,,,,openlibrary,0.0
3c42ed38-0160-413a-9b10-49b7cd21c9b8,,,,openlibrary,0.0
2c4f2e88-3aab-46a7-8946-45050f43d620,,,,openlibrary,0.0
ad60ef3d-854a-4a11-8130-0033fe3f9e7e,,,,openlibrary,0.0
2da57256-10b7-4e34-9c54-4ac4d740ffeb,,,,openlibrary,0.0
3623ae0f-011e-46ad-8a0a-78ab8c5ab8a0,,,,openlibrary,0.0
b8005a5a-f031-4d91-8b88-14d85dc4b236,,,,openlibrary,0.0
9e9ab6bd-4564-4f07-aaec-d07436c6f631,,,,openlibrary,0.0
8925b1ee-2185-413a-87e3-60c029858d55,,,,openlibrary,0.0
fe5d2e7f-957b-4e20-9d7f-407f3e76e446,,,,openlibrary,0.0
ecd0436a-f77e-475c-b18f-51f3d561f2e1,,,,openlibrary,0.0
fb6ee6c5-983b-4e00-b742-c11f60d2d127,,,,openlibrary,0.0
6c0a87f7-d88c-4f28-8e15-2b31a3bbe28f,,,,openlibrary,0.0
5dca6249-9b9e-4d33-b656-243eb33e6d65,,,,openlibrary,0.0
035c004f-deb1-48f4-a6e8-dacf0ac80d06,,,,openlibrary,0.0
6501db00-aabf-4d3c-b7f4-af696d8adc92,,,,openlibrary,0.0
d442abaa-e0af-4f34-a5fe-51593366609e,,,,openlibrary,0.0
a43ae96b-d356-4a3d-bd16-62ec4299023e,,,,openlibrary,0.0
2c720671-f78f-44fc-9c0a-5395d239ca01,,,,openlibrary,0.0
ccea4e42-f0b2-48e8-a5f2-a3b46f871a74,,,,openlibrary,0.0
9b7dd15b-065f-4209-992f-23fc46a2cb35,,,,openlibrary,0.0
8fbef663-b98c-427b-be9a-3f8a550d3873,,,,openlibrary,0.0
ae8cf34d-5645-4632-b041-967f5c490d1c,,,,openlibrary,0.0
983d72a2-1dc5-4a58-b622-6962472eabdc,,,,openlibrary,0.0
222e96e3-682d-490f-a0bf-6666b8a8ea02,,,,openlibrary,0.0
2c53a19f-b7e8-4288-8fda-e23d53df762d,,,,openlibrary,0.0
3c837afc-94f0-458d-acc6-b60ba20aa23b,,,,openlibrary,0.0
5ccd2b7c-42ff-445d-8a0c-6feac5b83ca5,,,,openlibrary,0.0
fd951486-f714-48ab-97d0-38257f3707e9,,,,openlibrary,0.0
06ee2cc8-9d67-4c21-a97c-94c30bf6bab6,,,,openlibrary,0.0
5fd4692f-4601-4c1f-9115-a319ea57dbb8,,,,openlibrary,0.0
7e58105f-1fea-4e00-8aa9-615adab7d1e3,,,,openlibrary,0.0
40a856fd-6361-44ff-b278-addaab734d72,,,,openlibrary,0.0
c8e4dd3f-b2a0-43d3-9f72-920296f7c73f,,,,openlibrary,0.0
31004592-0e73-4dad-9728-3f38795dbee7,,,,openlibrary,0.0
5ba672dc-18f3-437c-8a6b-ed2414c09373,,,,openlibrary,0.0
692cba62-dc6f-4601-ac13-5cf7fc488da5,,,,openlibrary,0.0
f651cb5c-3a7e-4419-8431-6366be72f5c8,,,,openlibrary,0.0
9ffc0b43-f2d2-4152-8ef0-a04c502b6e34,,,,openlibrary,0.0
3c5b4875-7198-49da-8b99-b4b6ff2b1653,,,,openlibrary,0.0
f2efd6aa-256a-497a-8e6f-1b23f0d3733c,,,,openlibrary,0.0
57630e0c-5fba-493d-aa39-3c71928a3da1,,,,openlibrary,0.0
c286e2ba-8b98-46af-a642-14de9a824436,,,,openlibrary,0.0
ec4e0237-e4f7-43e3-8b01-e0461b8d7829,,,,openlibrary,0.0
1938faff-ba83-406f-95e5-2cc0abc2f751,,,,openlibrary,0.0
61c377c7-b1cd-47a2-bf75-5c751b51627c,,,,openlibrary,0.0
78dfd9f7-8949-4ceb-8a26-085eb46b98b6,,,,openlibrary,0.0
89e9e599-6d5a-4b5e-90ab-4beb5c181cea,,,,openlibrary,0.0
132aae56-4d34-4820-acb1-609bb61a67bc,,,,openlibrary,0.0
5cbe7986-a3f9-4e38-862b-32a46c061eb4,,,,openlibrary,0.0
927e1372-4906-47c3-bf15-79276a302e78,,,,openlibrary,0.0
4e3b04ec-193f-4254-a1dc-e5e6188c2cd6,,,,openlibrary,0.0
563819a4-e947-49ac-b34c-bd6683802a43,,,,openlibrary,0.0
0518f94a-8df7-4a30-99f3-72ee48eaeac1,,,,openlibrary,0.0
cfec8bd2-d1e1-4a95-bedb-1b3ae46cf784,,,,openlibrary,0.0
7775213c-ed49-4788-9010-8012534c9118,,,,openlibrary,0.0
92923ba8-12a1-455e-885e-8911937602c9,,,,openlibrary,0.0
6ea4d10b-963d-499b-95fa-6838394a663c,,,,openlibrary,0.0
be4df79c-56f6-4a00-aaec-6139e7c91678,,,,openlibrary,0.0
9da12bfc-819e-4f51-9278-82b196138a2d,,,,openlibrary,0.0
f4b9060e-bc8b-4035-a148-8ad9495ad39f,,,,openlibrary,0.0
3baae0a5-aa4a-4ed3-8a8d-db9be57093c0,,,,openlibrary,0.0
ccc2f145-2ffb-4fc0-9eda-e61bf4f82b54,,,,openlibrary,0.0
95694d96-6ddc-4174-b28b-9a32cd81ae91,,,,openlibrary,0.0
9fbe8436-781a-4884-8087-09724a1749d1,,,,openlibrary,0.0
c7138dc8-87b1-4282-a43d-00fd21ca2fd9,,,,openlibrary,0.0
2cf16e28-9d10-42c6-8dee-17a051e88541,,,,openlibrary,0.0
e0948846-3258-4878-8fd8-29f91ec8af75,,,,openlibrary,0.0
154f567f-a4b2-4a7c-ad11-d596950cea58,,,,openlibrary,0.0
740c8934-af32-4f1d-8ccb-804d4ad27b3e,,,,openlibrary,0.0
8723bcaa-77d9-45cb-b9d5-ee5ca9fa7bfc,,,,openlibrary,0.0
9b8b18dc-4397-498f-b342-6558e4add3e5,,,,openlibrary,0.0
055f3b95-63ac-467b-a153-6fbdfef46a10,,,,openlibrary,0.0
a47d0641-1a9d-401f-8279-406fca4c7a81,,,,openlibrary,0.0
42157f60-52e9-48f3-87e9-80bbc46e86b9,,,,openlibrary,0.0
1db45670-54c3-4011-a06c-863981d93e35,,,,openlibrary,0.0
96aa5715-e14b-40c5-9133-66356652741d,,,,openlibrary,0.0
6ac03d96-0d6f-4343-b5fd-a11555cc5a34,,,,openlibrary,0.0
7fe65ab9-4ad0-4826-963b-7ad15a794f6e,,,,openlibrary,0.0
c904090c-7579-41bb-b6e0-f341bdbc91fc,,,,openlibrary,0.0
f54db4e9-0137-486b-952e-4a5196f43380,,,,openlibrary,0.0
3375b52b-2424-45b9-86d2-95c86025bfea,,,,openlibrary,0.0
731bb367-0784-49a9-8d1d-3c4b071edd48,,,,openlibrary,0.0
ad579829-7415-4ac1-8eb0-f1324d33e670,,,,openlibrary,0.0
69c03633-72f0-43dc-844d-de4a51f8da52,,,,openlibrary,0.0
5d07c67d-9336-4a85-9f06-78aa4fd13b6b,,,,openlibrary,0.0
77d4759d-3884-4ed7-b825-6be12a82676d,,,,openlibrary,0.0
d3831fc0-6c57-4d9f-9faf-eb8a29e5c5a7,,,,openlibrary,0.0
8d1e9dd4-2002-4cd6-95b0-2dbf472647a2,,,,openlibrary,0.0
877d8095-7602-46a9-bc6c-9116c99a102f,,,,openlibrary,0.0
c5803cdf-d862-47a5-8f5f-49fb07d857e7,,,,openlibrary,0.0
5e199ad9-2c87-4b68-bfa2-279dd6aebe52,,,,openlibrary,0.0
9d5ad494-46c7-4e4b-b6b4-5558a4af8c10,,,,openlibrary,0.0
7c16f61a-dd61-41a2-abac-7c54ddb9fa8c,,,,openlibrary,0.0
20afd362-e970-456f-875c-dea13ca5098d,,,,openlibrary,0.0
0aa92970-bf3c-4bc2-b980-286de5f884cf,,,,openlibrary,0.0
ac8942c4-257b-4b3e-9a70-d45343fb9aa0,,,,openlibrary,0.0
2ef34d43-7ed5-47fc-b5fa-18e6e269227f,,,,openlibrary,0.0
5bbce178-2ae5-429d-b20e-b590cc35dde3,,,,openlibrary,0.0
0ca27724-21cb-4953-9d05-ae90954bb80f,,,,openlibrary,0.0
7eb6417a-900f-45a6-90f2-b2cf700f2c8d,,,,openlibrary,0.0
78e9e16f-c0e9-4405-a2f5-beb1f1c9f584,,,,openlibrary,0.0
90d59110-3688-4f56-b450-41d986069ccd,,,,openlibrary,0.0
79a34479-cf37-456f-b1ea-1746a0a083ce,,,,openlibrary,0.0
4ae0f495-c8b8-4085-a700-d7a28a2b9b70,,,,openlibrary,0.0
15d0ba64-69f7-4c25-b4c1-3acf71974558,,,,openlibrary,0.0
2c90ba51-dee7-4779-b4c5-f0502b3d4278,,,,openlibrary,0.0
5dd0c243-6798-4683-9591-19cef71cab55,,,,openlibrary,0.0
f3b15f1a-a3aa-4a7a-a813-784ede21dbfc,,,,openlibrary,0.0
1435035d-ddcf-46f6-ab7f-c1dbf8619f23,,,,openlibrary,0.0
65694cd8-d36b-437d-9930-b3ddac3f5bbd,,,,openlibrary,0.0
bde9d3ec-a1ea-4e10-9aba-fc57a57dbbd3,,,,openlibrary,0.0
20d2cac7-c8e1-4510-9a7e-b27dddb7f1d2,,,,openlibrary,0.0
00b9b22f-a654-47c1-b798-1ec2ff0ab515,,,,openlibrary,0.0
9bccf4c8-3fb5-43dc-ae6a-b56bb516274a,,,,openlibrary,0.0
5c531d8b-fb06-46fd-83ea-0a3ef1e3c99d,,,,openlibrary,0.0
78792da8-e304-4c02-acf3-b38e7c6ef34e,,,,openlibrary,0.0
bebdae56-b7bf-4c6c-8402-29c0786b3558,,,,openlibrary,0.0
d52c265b-ac24-49e3-8606-53a38d0987ca,,,,openlibrary,0.0
71e1f11d-dff6-4093-af0b-63004b8aa370,,,,openlibrary,0.0
dccd4a7a-9d9d-4fdf-aa3b-2bb03bf4b188,,,,openlibrary,0.0
2c8a2e8d-0ac6-498c-9d0c-141ec0f54bf6,,,,openlibrary,0.0
1ad241f8-3612-42e5-9427-2961965e310e,,,,openlibrary,0.0
077adcd2-e1cc-4bf0-8e88-882ea60250e6,,,,openlibrary,0.0
4e574f56-f72e-4e36-8a16-de600ddcb091,,,,openlibrary,0.0
7f370f6f-0484-478c-93e7-b1c1cf8c870e,,,,openlibrary,0.0
2f888d84-9455-4429-96d9-c602bcb51ee9,,,,openlibrary,0.0
4d254139-2bb8-414e-9318-750f532f32b4,,,,openlibrary,0.0
2eab797f-8b71-46f5-9844-00db955d9f7d,,,,openlibrary,0.0
a5e72833-beba-4e16-9ec7-229df9803841,,,,openlibrary,0.0
9f2f03c6-9e25-4ebf-9855-7c57c1dcdb97,,,,openlibrary,0.0
b96e3b9c-5780-415a-8bf3-d3e14e0aed9f,,,,openlibrary,0.0
8af2a6f6-d740-4a31-834d-21acfcaa779c,,,,openlibrary,0.0
f396e95e-0268-432e-901e-ab3731dc11e4,,,,openlibrary,0.0
2d358e74-2b35-49a9-9499-9b66de3b100c,,,,openlibrary,0.0
e0cb6568-703f-4b2a-abcb-9f212e317437,,,,openlibrary,0.0
e6def526-a117-443e-9a3b-d249af2958ea,,,,openlibrary,0.0
f0f43ae3-14f6-4475-b064-afb916038141,,,,openlibrary,0.0
d0c951ca-a950-45ee-9ee5-0cdc64a4372f,,,,openlibrary,0.0
73272643-ac5c-4923-a643-867458044450,,,,openlibrary,0.0
ee3eb1c6-a005-41d6-b226-20df6de2175f,,,,openlibrary,0.0
15c97ccb-dcda-4359-a2d6-0df22b1926ea,,,,openlibrary,0.0
e5fa5579-671e-45df-be0c-9cf565a82be3,,,,openlibrary,0.0
41094403-5200-4f8c-8d22-24042bf5917c,,,,openlibrary,0.0
5a40242c-d0ad-413a-b564-fe0a6fd9c507,,,,openlibrary,0.0
19070e03-d4e5-4106-a654-8590996c06f8,,,,openlibrary,0.0
76e6cdb5-9b5a-42a2-8240-50937ce239fb,,,,openlibrary,0.0
2b5f86ac-6073-4c42-b462-662678559c61,,,,openlibrary,0.0
86316f86-2506-4527-a564-6cd14ac78d2a,,,,openlibrary,0.0
49395990-82b4-4f11-893b-81cb122aa41b,,,,openlibrary,0.0
41a5fcc0-6a79-40b9-ab21-4e3ee26c306e,,,,openlibrary,0.0
c2ad2023-2d21-48ff-b08b-1e66f242b503,,,,openlibrary,0.0
59d8fdcc-7720-4957-9821-a2eeeb91dad5,,,,openlibrary,0.0
9abb28f3-857d-4472-81b1-9fe918fc1dcc,,,,openlibrary,0.0
7ec640fa-27cf-4089-b218-6c6f22422187,,,,openlibrary,0.0
1f19e3a4-0807-42eb-9f79-ee63ffc11d82,,,,openlibrary,0.0
fcd6a13f-b303-4efb-8d52-abbbf0e4566c,,,,openlibrary,0.0
55d0f3df-3018-47fd-b7c4-d0f4dbd03a44,,,,openlibrary,0.0
6d18f3dc-932c-43b8-a5fe-401d59524227,,,,openlibrary,0.0
0d97b8ec-094d-45b1-b1cd-244d641fe90b,,,,openlibrary,0.0
786d2f10-cdfd-443e-9d0b-a84c851f841f,,,,openlibrary,0.0
735175f4-62e9-4eae-a1eb-da44c895864f,,,,openlibrary,0.0
03b16401-0b5d-4249-b269-e50b1cd05062,,,,openlibrary,0.0
3322e166-b3f9-430f-a54a-18dae4b26f2c,,,,openlibrary,0.0
a1580c95-4bd2-4e70-ad80-b9010371ab75,,,,openlibrary,0.0
2486a9ef-9146-4c24-80c0-24a42ef554d8,,,,openlibrary,0.0
e5867308-6f8a-4879-8613-4edc374e1676,,,,openlibrary,0.0
3829fa39-5f76-45c4-a57f-a58ce8c2980b,,,,openlibrary,0.0
365673ef-9741-45be-a933-ce8caa91a561,,,,openlibrary,0.0
a495f726-cfcc-416d-b6d4-2d5c08ff582f,,,,openlibrary,0.0
68ea4db3-0866-4686-947c-38209718920a,,,,openlibrary,0.0
cf701746-f97d-459d-8af5-8092b7c20543,,,,openlibrary,0.0
1c5aa8b9-b985-4b3a-aee7-32df3f5c61bc,,,,openlibrary,0.0
b5c0fb00-ad27-46ca-abc1-9a687a7c4af0,,,,openlibrary,0.0
0689b946-0f81-43dd-8bd7-134f49f5b542,,,,openlibrary,0.0
6bc76d81-3216-4a61-aa4b-c7890f8837fd,,,,openlibrary,0.0
b1c4a855-e7bc-402e-bdd2-4e0b79210756,,,,openlibrary,0.0
8a66d446-089e-4d27-8d4e-e82aee91178f,,,,openlibrary,0.0
db071591-d2eb-45d8-8227-308b5b9feca8,,,,openlibrary,0.0
af99c235-f691-436a-9002-08ef01369c9e,,,,openlibrary,0.0
2f96b982-0169-4714-878e-e0f12f4a06f1,,,,openlibrary,0.0
8147c6b7-dba8-4872-b276-470792e98863,,,,openlibrary,0.0
172a1bb3-23c5-4891-adad-c3ddc16ad9be,,,,openlibrary,0.0
d354317e-9987-44a2-9971-e0b955547132,,,,openlibrary,0.0
669780d0-2b8d-413d-ac59-6322a1c61e5b,,,,openlibrary,0.0
b3e9a69e-7f67-4c29-a452-d74809f9cc98,,,,openlibrary,0.0
8a5893e5-ebe0-41bc-b323-e2da30c36219,,,,openlibrary,0.0
6387b3a8-3552-49ff-8aee-0feab885a090,,,,openlibrary,0.0
bce6e527-6732-4675-9307-6c6192e6fbce,,,,openlibrary,0.0
e58c6086-d703-40e6-94a5-021f34f8f43b,,,,openlibrary,0.0
a8f6950c-aa14-4fe9-b15a-58aa5cfd9a9d,,,,openlibrary,0.0
338a78e9-edd2-42c6-b6bc-7984045dbd72,,,,openlibrary,0.0
4e454f73-1076-4fe0-b920-1a3b7fccaf62,,,,openlibrary,0.0
11a3e02e-0a05-4216-a04a-c3c53aad56ad,,,,openlibrary,0.0
bf321a0f-3d4c-4425-94d9-d372ddc12ef9,,,,openlibrary,0.0
bd56cb97-4025-40c8-8958-5f5f49d3e717,,,,openlibrary,0.0
25c547ef-28c1-43c7-b51e-98efd6890627,,,,openlibrary,0.0
3d848751-9704-45a4-b80d-d7a757095a78,,,,openlibrary,0.0
271e4200-0ffb-41f3-be9e-f012277fee5b,,,,openlibrary,0.0
3c56b086-a1df-426d-b174-969256e01490,,,,openlibrary,0.0
89bbca07-a9d7-44d9-a704-14b67fb16852,,,,openlibrary,0.0
70576a15-b59b-407b-a026-4a56c9d97800,,,,openlibrary,0.0
57b27eb9-1112-4f9e-a11d-0dcf24c7fa96,,,,openlibrary,0.0
4a03bda7-8f44-44aa-a82b-c1c4118c0149,,,,openlibrary,0.0
d4e136ab-74e7-42b3-af62-06b13d19aa6a,,,,openlibrary,0.0
6026615d-9e43-4d8e-9118-f9d562d4a149,,,,openlibrary,0.0
e60bf08e-4e99-4dcb-b804-daa4deba2e58,,,,openlibrary,0.0
708d056a-57f3-40ef-81a1-5b00b537aca3,,,,openlibrary,0.0
4b99149e-0c03-4177-8e6a-1515a8c1981b,,,,openlibrary,0.0
5d1b5b8c-66e1-421f-af9f-3e55ec76dff3,,,,openlibrary,0.0
957ca870-4d41-4e07-aced-8708fccc20c9,,,,openlibrary,0.0
9ac2776e-9288-47b8-b21e-f2ef17a6be7a,,,,openlibrary,0.0
63e74c6e-881a-4955-acd1-3574a3028b90,,,,openlibrary,0.0
e7df80ff-71f6-49fd-8774-40929b98b7b3,,,,openlibrary,0.0
df1cc6b6-c9ab-4f73-a524-0311ecccc140,,,,openlibrary,0.0
ba667f43-75d6-4336-8f9c-c53be83efadf,,,,openlibrary,0.0
275ef19c-2a9c-49b3-a96a-4ee33a29f666,,,,openlibrary,0.0
050ed4c9-9a87-45ab-b939-81f68a75518b,,,,openlibrary,0.0
2e8ba469-c961-4944-9700-ebb57717ca71,,,,openlibrary,0.0
1a10fce3-afe2-46fc-a998-8a1134e4d07c,,,,openlibrary,0.0
6d4071dd-00f5-4458-a94f-dfd8f5f84b24,,,,openlibrary,0.0
9d9bd3fd-c193-47b1-99f2-4d1d5d2b6157,,,,openlibrary,0.0
691192ec-445b-4137-9d9c-916fcbbbb189,,,,openlibrary,0.0
2d022bd4-05ae-4334-ade0-5478d43fd20c,,,,openlibrary,0.0
666bbec5-6fc3-44cf-a0e4-3264de608b1a,,,,openlibrary,0.0
83ced6e9-1e6f-4cdb-be27-77fa89518b1a,,,,openlibrary,0.0
1481720e-c49d-4b63-9eec-fd64d2ab2bd6,,,,openlibrary,0.0
abef30cb-9feb-4e10-9f8f-fb24aa3bd75d,,,,openlibrary,0.0
bf140d05-e0b4-409d-b546-6d525927a2b4,,,,openlibrary,0.0
44fbbc3b-36b3-45c1-aad4-e9cf8a4ac2cb,,,,openlibrary,0.0
9dfdd3e3-19b3-488b-908d-9c03ac21ab39,,,,openlibrary,0.0
570367c8-8740-4761-9de7-046b09ec616c,,,,openlibrary,0.0
485c1fcf-789b-4b17-a6fd-b28d4ca4d718,,,,openlibrary,0.0
3ad806ac-cf23-4512-8f90-86d4445646df,,,,openlibrary,0.0
0574d773-5053-4b0f-995a-ddc7120c561d,,,,openlibrary,0.0
30a6039c-b2ab-4060-afed-de684ce96ae1,,,,openlibrary,0.0
66101d59-8d4a-40b1-bcf2-131796c02a3e,,,,openlibrary,0.0
73dc01e4-d0e5-4702-be19-dff40564ff6e,,,,openlibrary,0.0
e177af7c-8494-466e-bdfe-db5541d5aac1,,,,openlibrary,0.0
0bb3a93d-5463-4497-bef3-221adbc0fcd0,,,,openlibrary,0.0
3f597318-43f2-4137-a488-fb966c2a79c7,,,,openlibrary,0.0
7ae2530d-7d63-41a6-baa2-660deb99167e,,,,openlibrary,0.0
d4e92e8f-daff-49de-a118-49f01a0137c6,,,,openlibrary,0.0
84597d38-cff6-46a0-afd0-009690f23545,,,,openlibrary,0.0
21b01fd5-c8fa-44c3-b994-3da30b5a23c5,,,,openlibrary,0.0
82d284a4-9ae0-4362-b09a-d4832864f433,,,,openlibrary,0.0
cf5a9ad3-78e2-40fe-b6e0-60f2f10fc7f9,,,,openlibrary,0.0
77865873-913b-471a-bfb8-2a33ae018649,,,,openlibrary,0.0
e30112a1-7107-4e2b-b8f4-e351fb583040,,,,openlibrary,0.0
a3794859-b4aa-4a5d-b1da-5056029e91c9,,,,openlibrary,0.0
680a8c6a-63ee-412c-9790-7e868ec04ade,,,,openlibrary,0.0
43fa6917-4327-457f-b87b-c3d2ca2a65ef,,,,openlibrary,0.0
8b9022e6-e3f6-4185-886a-ca6a74f9e1e6,,,,openlibrary,0.0
900a1259-13f3-49f5-9f05-8239e30e2d7a,,,,openlibrary,0.0
349374be-c563-4d7f-b340-a227dd8bd9db,,,,openlibrary,0.0
0fc67be3-ba68-4227-b081-4422f25c848d,,,,openlibrary,0.0
cffbf234-915b-41d7-9631-91d5d284541e,,,,openlibrary,0.0
cb414fb4-d2c2-473e-9561-3234c89ab691,,,,openlibrary,0.0
0915d1f3-153d-428b-b4d4-3a14165a0d61,,,,openlibrary,0.0
ef4e553b-857a-4346-b935-dd0bfb8b7ee5,,,,openlibrary,0.0
12c5ec5a-c6f4-4cfb-bd64-824b124c72d9,,,,openlibrary,0.0
7cffc7cd-b36b-4db1-8d93-0bb8c292be65,,,,openlibrary,0.0
5bb67783-29e6-4f4b-ac9d-901bc6db7a43,,,,openlibrary,0.0
b08be2cf-f55d-46ae-a4f9-327f39dcc31f,,,,openlibrary,0.0
c90f7cb5-ad40-4322-93b7-4510aeb4bfb7,,,,openlibrary,0.0
8c5df476-2b49-4b51-b986-c386b827347c,,,,openlibrary,0.0
f6405a80-8306-4303-863d-372831997b78,,,,openlibrary,0.0
c9b2102e-7035-46ec-934d-c42f6ae0b55f,,,,openlibrary,0.0
74781a8c-2a80-40bd-918e-49fc8a5bc857,,,,openlibrary,0.0
8031558b-36f5-47c3-a397-23570f1fd1fe,,,,openlibrary,0.0
310009aa-1d03-4360-ac8b-22660ce15563,,,,openlibrary,0.0
8bf2bb81-807b-4177-a348-c893dbf5062c,,,,openlibrary,0.0
e6a86a12-e646-4771-b28a-390c103f08ca,,,,openlibrary,0.0
ccb40902-7ae8-438f-8bbb-5e985d98d6a7,,,,openlibrary,0.0
418d3c13-e9b2-4048-8131-c7b14ca7f471,,,,openlibrary,0.0
a16e5abd-af8a-4999-8cf9-6d0de68e258a,,,,openlibrary,0.0
b00c79bf-a428-4f52-bfcc-e1599db90839,,,,openlibrary,0.0
714b9dc2-dc42-4fea-9d93-95d71ee236d1,,,,openlibrary,0.0
a589acdf-381d-4442-b678-9fa446ff7a7f,,,,openlibrary,0.0
f752e468-7439-4743-ab7b-0c8f18c89037,,,,openlibrary,0.0
5e5e9737-bc54-4d59-bb0c-cbb8a55d821c,,,,openlibrary,0.0
61789bfb-3b28-4aed-b893-911597febe43,,,,openlibrary,0.0
cb720048-d606-49b5-840e-6532c64cb756,,,,openlibrary,0.0
9e893460-55c6-40c7-8f59-29c038ca8830,,,,openlibrary,0.0
29c292a4-05ae-4756-8f29-299aab4a41fb,,,,openlibrary,0.0
460e7519-7e28-484d-b40a-e33a7f353a60,,,,openlibrary,0.0
9bf369d3-a2a6-40b6-a2dc-dc5b23f6a4be,,,,openlibrary,0.0
43dc46ed-bbe9-48ee-90df-c49a9b36e829,,,,openlibrary,0.0
8204f307-7d32-42ff-b65b-5932bea1bb53,,,,openlibrary,0.0
a3295ed2-709a-4b75-ad66-cff4cf15e475,,,,openlibrary,0.0
15e5a80f-2495-47a1-b6fd-cbbec05bf38c,,,,openlibrary,0.0
9cd5d894-662a-429f-94b4-9ef14c2a8982,,,,openlibrary,0.0
13fc5045-d0b8-4332-9e1a-c676aa1cd149,,,,openlibrary,0.0
aa450d75-d5d9-48e8-94f0-5f3908a53077,,,,openlibrary,0.0
cad889a9-5087-4328-8639-d17127c50060,,,,openlibrary,0.0
e0c4b0ce-aaa3-4e5b-b54f-84ba4804f92c,,,,openlibrary,0.0
ecb97682-9497-4242-8cfc-7413f92497c6,,,,openlibrary,0.0
62b92f65-8bef-4f0f-a0df-274dc564fdb5,,,,openlibrary,0.0
ecc03ec6-745d-4530-beaa-69465b7c52dd,,,,openlibrary,0.0
171ba7e7-dd47-40e5-ba7b-1cba95588287,,,,openlibrary,0.0
60f48ab4-b0b9-498a-94d2-6314002b664b,,,,openlibrary,0.0
f4fc1890-a370-4477-95e7-bc681a8ac317,,,,openlibrary,0.0
15067261-5eaf-4617-875a-68773df6b6ef,,,,openlibrary,0.0
7fe6304f-1474-437c-8e74-64599d549303,,,,openlibrary,0.0
38f46985-b111-4eb5-a4f4-efb8be5fb18b,,,,openlibrary,0.0
04448b8c-b72e-4cfd-9737-679af31c92ed,,,,openlibrary,0.0
22d44cc5-3314-4e71-b3f9-61eb2bd2b61a,,,,openlibrary,0.0
b9471ba7-92f9-42ce-91d0-c7b132ed62c0,,,,openlibrary,0.0
02c7017c-8f0c-4876-956e-280862c3b6d0,,,,openlibrary,0.0
c92522f5-a090-45a3-b2b2-053fea338b0e,,,,openlibrary,0.0
87ed31e3-2b2e-42c1-bf2b-10e3242e4713,,,,openlibrary,0.0
a2a16640-ec32-4821-8323-77e2015843ac,,,,openlibrary,0.0
46a749db-7cb9-4540-a1b8-727787af9af0,,,,openlibrary,0.0
d85c4416-e149-47d3-b8ec-650ae58096d2,,,,openlibrary,0.0
c156ea7f-688c-4f10-979b-14e5b4165792,,,,openlibrary,0.0
44cbf621-ea47-4036-b377-6f956fad2760,,,,openlibrary,0.0
6a21f019-eec3-431d-9829-20cc226077d7,,,,openlibrary,0.0
d6a68825-f13d-4f25-bfb8-b47ae4a13e85,,,,openlibrary,0.0
00231391-26de-4a48-ae9a-c3156020c7e3,,,,openlibrary,0.0
f3fdb6c1-679f-4719-a600-6c03e3df1c73,,,,openlibrary,0.0
6c2161c4-4920-4d8b-8bef-52ae29228537,,,,openlibrary,0.0
b2d00fd0-bf49-4d05-9cf2-d8061396eed3,,,,openlibrary,0.0
4d07924a-a4b9-4567-b9eb-462c8c086185,,,,openlibrary,0.0
07a07084-6ede-4c3c-8622-7591225933ab,,,,openlibrary,0.0
ac05c433-ef9c-45b8-a038-921e09098c32,,,,openlibrary,0.0
c4203d56-226f-4163-807f-98dd7233f03f,,,,openlibrary,0.0
4ca3c4c0-e1ca-4401-8525-a97dde6e8bd8,,,,openlibrary,0.0
1ee4b43a-94ad-4af0-8790-6786282a7bba,,,,openlibrary,0.0
03a2351d-3591-4b34-a6f2-24bb71749cf2,,,,openlibrary,0.0
15e34f18-3e0d-44c7-812d-0900ced26fe2,,,,openlibrary,0.0
c8f05231-82de-4442-8876-ac0aa24b18c6,,,,openlibrary,0.0
68929e04-324f-4e52-aacb-bb5a3a9dfbf9,,,,openlibrary,0.0
8653a25b-8c8c-4321-8911-5ee899fab895,,,,openlibrary,0.0
89e4c86e-866f-44b2-bb61-5719ce541a5f,,,,openlibrary,0.0
a84394e8-cb0c-4b76-b2cd-45f2e4f71822,,,,openlibrary,0.0
dbc34789-f62f-4849-a521-6bb5a2b7971a,,,,openlibrary,0.0
464111e8-0278-419b-b08f-7ea261e08152,,,,openlibrary,0.0
b4b5d268-55dc-4e28-9691-d3026ba4ed72,,,,openlibrary,0.0
14287ee4-52a6-4469-b9ac-1599ebaf8525,,,,openlibrary,0.0
3c51c041-9a6c-40d7-b864-44bd530c8598,,,,openlibrary,0.0
620e6b17-0dfe-4ffa-b5e7-c1ffada52192,,,,openlibrary,0.0
0a64a12f-589e-4882-acef-51d2dfbf0796,,,,openlibrary,0.0
58bff96d-b36e-4861-b65d-4b39dc620baa,,,,openlibrary,0.0
9b449d99-5e7e-498f-ab6b-9590f04d1c3c,,,,openlibrary,0.0
32dff967-04ca-492f-9aa5-ab1212f9fc95,,,,openlibrary,0.0
5f968db7-cd50-49ca-ad05-6936b18f1e6a,,,,openlibrary,0.0
e2bc0eb5-b1f6-4a62-824e-5fdcd46d2214,,,,openlibrary,0.0
083cb2b2-5bb0-46eb-a306-cc7c732abf1c,,,,openlibrary,0.0
6cda66fb-20f5-4264-87af-63151fc7e975,,,,openlibrary,0.0
4eede4cb-c4ff-4ad3-8764-4a8daa759a36,,,,openlibrary,0.0
5d9be868-ace8-4732-8613-ab91ec2a8101,,,,openlibrary,0.0
6a66ec8d-d4f2-4421-a4f7-e695f4801287,,,,openlibrary,0.0
56df2dad-a33b-4464-a192-c35901f7c8c5,,,,openlibrary,0.0
02f83ebd-8065-4431-ab42-f9e658e42dd1,,,,openlibrary,0.0
e00eb823-6d15-4c34-954c-291da6c515ec,,,,openlibrary,0.0
4e2e4a1b-bd19-48c0-acd2-83e0e0eea6c8,,,,openlibrary,0.0
662d0130-e287-4528-bb12-0833f106516d,,,,openlibrary,0.0
499e8cba-df79-4f0f-9c96-05e4ccf411c0,,,,openlibrary,0.0
5c43ab75-9f71-494a-ae8d-6fcf26d64357,,,,openlibrary,0.0
a974af12-4e9b-4ead-a05d-d06992d4f25a,,,,openlibrary,0.0
0a45f4d3-06b1-477d-a273-2dc0e7a96d53,,,,openlibrary,0.0
4f11f281-f819-40de-a2ef-a1f56140fdcc,,,,openlibrary,0.0
3fe57f16-516f-47f4-a1a7-0d829d71f86d,,,,openlibrary,0.0
af820dcc-7665-4e48-94f3-4e50258e5a79,,,,openlibrary,0.0
f60e3e9a-baca-4e78-88d7-6f73317e283b,,,,openlibrary,0.0
320ebadd-3b33-4112-b39a-80410d95e108,,,,openlibrary,0.0
033ccc8e-7df1-4148-ad1b-3acfbf5a5d47,,,,openlibrary,0.0
ce1672ab-6d6f-4922-99e1-ca98d59c3bd1,,,,openlibrary,0.0
5f316e35-285d-47d8-9eb5-74a41ecefa69,,,,openlibrary,0.0
47f4f24c-2b99-4d35-92fd-cbae1baac5e3,,,,openlibrary,0.0
6b802299-7a3d-462d-ae91-eeeedf3a8a31,,,,openlibrary,0.0
ffb5d680-c631-4359-856c-9990c6ee0a29,,,,openlibrary,0.0
ffcbd702-e7ea-4c6c-b255-ce2d74087434,,,,openlibrary,0.0
41f4ca82-80bc-4ee1-977a-c396def59665,,,,openlibrary,0.0
cf8e5be6-20f1-4741-9fb3-9f5054ed3e47,,,,openlibrary,0.0
940cc2d4-f0ed-4ede-850e-5071bdee7c90,,,,openlibrary,0.0
dc5b9733-ecf5-4cd4-9aaf-c9dfd79e781c,,,,openlibrary,0.0
6ec96631-18c6-4049-bb86-064ce336790f,,,,openlibrary,0.0
672d85e1-3e4e-4c32-a2e2-f7a08d355c07,,,,openlibrary,0.0
7d7a098e-b501-4c5e-b916-d29589a3398e,,,,openlibrary,0.0
7080d5b1-6f4e-4b50-b25f-33db7237df54,,,,openlibrary,0.0
a019de9e-6640-464d-806b-e0b749860e85,,,,openlibrary,0.0
0b4b13ba-0266-4f04-a080-a1e101a2084c,,,,openlibrary,0.0
fa626f62-5d3e-4072-9d46-7f243c8a4225,,,,openlibrary,0.0
7354b1cc-e407-47ec-9bd7-dc9a45428f00,,,,openlibrary,0.0
576c04bb-4b89-41aa-8016-9cb1a9008cb9,,,,openlibrary,0.0
d0e9d186-81c0-4dc1-bab8-1c9d4e800d6e,,,,openlibrary,0.0
cf18e2ef-eab2-48e3-ae3b-4f7faab05533,,,,openlibrary,0.0
cd599b75-7602-4ab0-b0a4-6e2b74928f46,,,,openlibrary,0.0
e587641f-2120-4722-89bc-e980703bfebf,,,,openlibrary,0.0
08a625c4-5044-4d5c-b376-55d490b286c9,,,,openlibrary,0.0
f8b32301-56ea-4d09-8834-25119860ef4f,,,,openlibrary,0.0
9f7acd4b-a3b7-4409-8e53-27276a2a8216,,,,openlibrary,0.0
44ab35e5-9a57-46b1-a17d-19868055443f,,,,openlibrary,0.0
73d0cdeb-1cd0-4bf5-9d5c-5dd64f0e7dfa,,,,openlibrary,0.0
f796c052-6e53-485d-9358-c81cd8841eae,,,,openlibrary,0.0
f54d0b99-da34-4569-987c-044d7254c757,,,,openlibrary,0.0
16a66c9b-ca1e-4003-8a61-0148d7969f66,,,,openlibrary,0.0
7a2117d7-6c89-435c-a09d-6aeb902dfc39,,,,openlibrary,0.0
85d2f853-737f-41e9-97be-8a166d36b0cf,,,,openlibrary,0.0
181abfb2-7992-411e-a1e3-e165ef8f8c83,,,,openlibrary,0.0
f75c4810-bfe1-4f94-b64f-528c1884e993,,,,openlibrary,0.0
cec5a7d9-b9d4-4619-8ba9-3c2a7fbacd10,,,,openlibrary,0.0
cba6a597-a100-4903-9d14-e66b6b299078,,,,openlibrary,0.0
9f9c63e5-d5a4-46b5-8869-2e79764e388c,,,,openlibrary,0.0
554eb5ea-db7b-4595-9919-9794deb86d42,,,,openlibrary,0.0
873b1863-b6f9-4699-a442-78115612dc28,,,,openlibrary,0.0
2a969dfd-a4b3-4701-9174-51913c9a0ca8,,,,openlibrary,0.0
1a28430c-28a0-438a-aa9d-8a3e3f7fa8b9,,,,openlibrary,0.0
4ba07ccb-e193-4ca1-8cf3-0a487ac51e3f,,,,openlibrary,0.0
75ccc44c-dc83-407d-890f-a88e3ff8a2da,,,,openlibrary,0.0
8f3145b2-7123-40cc-bb91-172df301f9e7,,,,openlibrary,0.0
d10adf02-9029-426b-bb0e-e99849b526f1,,,,openlibrary,0.0
de2fdfe8-8fbf-42a8-9108-8ce582a259b9,,,,openlibrary,0.0
5ac8e6ba-6b18-4686-9a8e-b90555573d3d,,,,openlibrary,0.0
cc03600c-a050-40ed-ad41-7749c685c32c,,,,openlibrary,0.0
b0334c26-dbca-4c34-b2ca-b7fb26fca4d1,,,,openlibrary,0.0
3fe94dc8-89b6-4c9a-90a9-f5a04a769c67,,,,openlibrary,0.0
04c3fc8b-f52d-459b-82d0-9e7f4756311d,,,,openlibrary,0.0
58e65366-9573-4cc9-a854-10d97e075f90,,,,openlibrary,0.0
b134274b-81d1-4a65-b24d-df3738c41943,,,,openlibrary,0.0
15c1e59a-fa2d-45e8-a65e-95f2782c8ff5,,,,openlibrary,0.0
12b6d909-fe6e-4e3d-8ead-ddb36e215ea2,,,,openlibrary,0.0
537ec223-f70a-4766-944c-fd0de5da2ddb,,,,openlibrary,0.0
2ec80438-3b30-4844-8045-3b1790383196,,,,openlibrary,0.0
a6d285fd-368b-40b5-b50a-4ff77776f569,,,,openlibrary,0.0
2e8fd8d2-8039-482d-a7a7-5b23c3e03656,,,,openlibrary,0.0
64c99676-3d16-43b3-aed2-a2f2e359103a,,,,openlibrary,0.0
d3e4dd35-7af5-4d2f-af70-4b80f16fd97e,,,,openlibrary,0.0
112eb899-1921-4469-8128-cf6fe541b40c,,,,openlibrary,0.0
19e1414b-8ab9-468a-96bb-402636ba0a76,,,,openlibrary,0.0
dbd4430c-5d51-4728-bba2-769db764734e,,,,openlibrary,0.0
c8ed97d1-cff1-4ec7-988e-ef7868bd648b,,,,openlibrary,0.0
28dc4695-8825-401e-b165-9723a6fab7c2,,,,openlibrary,0.0
25e0ca9a-7efd-49d2-a7b1-dca700cd7f2e,,,,openlibrary,0.0
51dbb006-ac32-4ca1-bfd6-a53d2e61ddeb,,,,openlibrary,0.0
a17f71ae-558c-48b4-a211-a43d5cb6f491,,,,openlibrary,0.0
e61ae3f4-ecc5-40b0-ac4f-610fe16dce44,,,,openlibrary,0.0
e9be94ab-4de2-4ba0-ad4a-69d5e16b526e,,,,openlibrary,0.0
82af72ef-87fd-40de-8cf8-ffe1403b8259,,,,openlibrary,0.0
0c125f3f-9892-4ce4-9ef8-37e76e31b3ca,,,,openlibrary,0.0
4b920158-be9b-40fb-84c3-7dd91ada1b11,,,,openlibrary,0.0
2425ebc5-414b-48ef-a971-62e4c4645cfd,,,,openlibrary,0.0
348e8826-4cf2-497a-ab9c-1503797f709b,,,,openlibrary,0.0
f99ce37e-d403-4f04-8160-aafaf915bea5,,,,openlibrary,0.0
1ce026fa-2c3d-4047-8797-fe1f4becfd67,,,,openlibrary,0.0
8598bfdd-3e96-4db8-ac60-6d4150d603bb,,,,openlibrary,0.0
bb1fbbf3-08af-4ccb-af88-8d5b6b204cc2,,,,openlibrary,0.0
30ae41a1-a66f-493b-bb37-e3784a3be69d,,,,openlibrary,0.0
f40d9a45-6fa0-4bba-ae2e-e093dcadebbd,,,,openlibrary,0.0
95a90c40-6fba-4692-b541-635d54e0d133,,,,openlibrary,0.0
aea59279-8cf9-41b0-8610-50c72fe9f18e,,,,openlibrary,0.0
a6810d75-bbae-4423-8e20-3c6b97224c52,,,,openlibrary,0.0
0de2e970-0cbf-441c-846d-a096b06d2217,,,,openlibrary,0.0
d5e77503-5742-44e9-9ff8-e06b4a692900,,,,openlibrary,0.0
46ecd5f5-2271-47a6-b5fa-299dcff17295,,,,openlibrary,0.0
fd81caa7-1a17-4298-8e11-0a44810a2625,,,,openlibrary,0.0
0c5662ca-d96a-43a4-819c-bfe2be84ac9e,,,,openlibrary,0.0
ab0df242-869e-478a-9fb3-671b33629d89,,,,openlibrary,0.0
a9bae621-7472-4d82-8920-73db1bf7fea4,,,,openlibrary,0.0
b6e80282-b308-468d-bbf6-16ba18e42ec0,,,,openlibrary,0.0
78bf6543-74fc-4eea-b7e1-d3fe960777b9,,,,openlibrary,0.0
0842cbd1-f195-4d44-93a5-0d0647ecf3ac,,,,openlibrary,0.0
8f1f966d-52a8-4210-93d9-34247d802b86,,,,openlibrary,0.0
d2418357-99c1-4fc6-bf57-7f28e5a5750b,,,,openlibrary,0.0
8f4ee16b-a734-4a23-8c76-10013d3c2076,,,,openlibrary,0.0
36c45bf2-cf9b-44d7-b3be-9fc1c74ec1f9,,,,openlibrary,0.0
71bee3c1-eb5f-4f39-8932-52018ddc834e,,,,openlibrary,0.0
4c465d18-f452-4ff2-8ece-6e1a30ed4247,,,,openlibrary,0.0
29657086-a43e-4dd2-b1cd-452e7afdd06c,,,,openlibrary,0.0
15812b26-41b6-4cfe-82c6-463944fa649f,,,,openlibrary,0.0
111d982e-0772-4b36-a2af-d8a00427446a,,,,openlibrary,0.0
9287c99a-625e-479d-b3ff-06291ad203ad,,,,openlibrary,0.0
fd75cce8-48b6-425a-b203-f8fe22dac436,,,,openlibrary,0.0
548d9f16-56d9-42fe-a311-88835e424c58,,,,openlibrary,0.0
7b4880f6-b215-4969-b8c5-b6e944b17015,,,,openlibrary,0.0
9b92527a-4e33-4ab0-bedf-c558d18da27b,,,,openlibrary,0.0
9280089b-e4d4-4a6e-8b9b-66255c306350,,,,openlibrary,0.0
0593bcdb-5443-4966-bbad-d27461043a4d,,,,openlibrary,0.0
08cc7d26-8ff0-4998-bb27-7fff6c3395cd,,,,openlibrary,0.0
584ab3ae-0e3a-46da-918e-92226e41d91f,,,,openlibrary,0.0
4a8587bf-dff3-4cb3-a9e3-38fcf292e1f5,,,,openlibrary,0.0
db9f95c6-8762-466d-aa10-a8b5bc0dc8f2,,,,openlibrary,0.0
f3965ce6-bd94-4322-ae07-b667530dab7e,,,,openlibrary,0.0
f7e9e77e-4ae8-41a6-9d0b-f4a709bddd05,,,,openlibrary,0.0
a04f6a74-0bc6-4f9c-ad34-91189ff86e70,,,,openlibrary,0.0
f896d85c-2ee8-4965-ba44-4d92fb21ba63,,,,openlibrary,0.0
10958f29-9b3c-4005-91da-0cd421b7771c,,,,openlibrary,0.0
7c5e64b5-87b5-4e49-88b7-8aaf25ccfcd7,,,,openlibrary,0.0
9963a29d-f254-4c48-a48b-21feabfb0450,,,,openlibrary,0.0
f91f00a9-6413-4088-a4b0-652e75e2916e,,,,openlibrary,0.0
18951f2b-cfe8-44d9-8f5a-df5ce7217c96,,,,openlibrary,0.0
362a3a5f-2558-4817-a6ab-23a2b37ea325,,,,openlibrary,0.0
a9529ac5-444a-44a3-9fc4-1456516454ca,,,,openlibrary,0.0
dae8c7df-9218-4c57-ae85-dd290eb2ab1b,,,,openlibrary,0.0
0b06f7d6-84eb-477c-af95-988c0a70dac1,,,,openlibrary,0.0
4e15291b-efd2-45a5-9621-18856dafb7c5,,,,openlibrary,0.0
7f464784-591f-46b5-ac7a-f25559c1b289,,,,openlibrary,0.0
e5cfd3f2-1473-4f76-8620-4699edb212c5,,,,openlibrary,0.0
b8e67d70-7315-473c-a029-a2cd2aadc426,,,,openlibrary,0.0
f919d371-c028-4ff7-bfee-86080aced0e7,,,,openlibrary,0.0
fed69c66-b52d-4767-85e8-13bc05ecb7fd,,,,openlibrary,0.0
b32ab1b5-b62e-4fc2-9cad-08835e20b369,,,,openlibrary,0.0
05dd1a96-5060-4236-8882-dc3580047de7,,,,openlibrary,0.0
90124ff4-19c0-4f3a-8044-f1cac0cdd5ee,,,,openlibrary,0.0
3938c10c-6b56-485a-9152-c4ba6f334ff4,,,,openlibrary,0.0
92d7c1f4-c355-418a-b45a-183056dedb3f,,,,openlibrary,0.0
792eb956-a85b-4187-8744-fb7cff6a95e7,,,,openlibrary,0.0
53c2c383-a5f6-42e0-9544-0e2c411527bd,,,,openlibrary,0.0
9077d53f-c7b6-4a0a-bb49-f5b4df17d02a,,,,openlibrary,0.0
3259390c-7f05-4b8f-9a76-aa114dc87bd2,,,,openlibrary,0.0
4eb75209-1d62-45ff-9f03-f93b91b7bcae,,,,openlibrary,0.0
9be0de09-be7b-4f9c-b73b-db4c7a770c03,,,,openlibrary,0.0
3f2462ff-95b5-4be9-9b9e-82120c4c27a2,,,,openlibrary,0.0
b6d6717a-e629-42a1-9468-08fe1288e73a,,,,openlibrary,0.0
eb2f4cc1-3571-4063-bccf-6ad04002f9a7,,,,openlibrary,0.0
e3ecf841-0181-42dd-841e-781a75f02567,,,,openlibrary,0.0
f631df0c-9205-4017-8297-5fdfe45d6bc8,,,,openlibrary,0.0
4e6c071c-ed0c-40b4-8c7d-9b2717344422,,,,openlibrary,0.0
f3a28c4e-6554-4fb5-988b-6d2e2ee21099,,,,openlibrary,0.0
3f72c892-5cf5-4464-9617-1cb3b48203d6,,,,openlibrary,0.0
63c9eadd-0ee8-4c39-9b2a-7bbd37f0f58b,,,,openlibrary,0.0
ec71abb4-d84d-460c-9546-f548cece2c61,,,,openlibrary,0.0
e975e4f9-e2bf-4bfd-8e1d-b6cfc82085ed,,,,openlibrary,0.0
4138880a-ac99-4ee0-beff-dd9250918bcf,,,,openlibrary,0.0
fd9bead3-bc18-4e10-9d9f-5e212002eea4,,,,openlibrary,0.0
8f39587a-36ce-417d-b8ed-3447696a008d,,,,openlibrary,0.0
b3f35252-46cd-4891-9600-daed054a1beb,,,,openlibrary,0.0
89471d98-dfb5-4bd1-a52e-d9ae9bb9bea5,,,,openlibrary,0.0
963c4553-0506-40dd-8b90-53a376b8a615,,,,openlibrary,0.0
f44a9cc6-3a5d-4e58-a7eb-654279797237,,,,openlibrary,0.0
79f0f794-804f-44c5-8191-fb5ec1e5d429,,,,openlibrary,0.0
c4fd6ca2-f9bc-46e3-bac2-fa2720384357,,,,openlibrary,0.0
434a9db4-b41c-4c23-92a8-39e5c93ac7ee,,,,openlibrary,0.0
aa68f5f4-bf26-4345-a8c0-366f10a1eee6,,,,openlibrary,0.0
9be56b35-9764-4dce-bb7b-623e5f5a71f4,,,,openlibrary,0.0
677790f6-fc0c-40c8-b431-d695516d710d,,,,openlibrary,0.0
31a3ee62-3439-44a3-a379-2245eb90bc1a,,,,openlibrary,0.0
f7ff2248-205d-4d37-9875-76d1bf756759,,,,openlibrary,0.0
3f90b374-a98f-4213-9411-0b14a64bffbe,,,,openlibrary,0.0
fbf850fa-2cc9-4c34-9e5d-ad3dd05223b6,,,,openlibrary,0.0
d4d544c0-40dd-44bd-8ac5-2ab322f6f8f5,,,,openlibrary,0.0
016592ce-d634-4f9c-b5d1-6273507e8357,,,,openlibrary,0.0
726a30ba-d598-432f-bf05-c6c5e0078d4a,,,,openlibrary,0.0
8305945b-5d93-44db-a35b-ef059f03d50e,,,,openlibrary,0.0
22a07d2b-8fda-4df7-8dc6-a204caca8c08,,,,openlibrary,0.0
baf7fc1d-b946-40b7-acfb-1702f54e5f3a,,,,openlibrary,0.0
aae7aaf5-269c-4d88-83f3-200d82a5aed0,,,,openlibrary,0.0
45c22675-f530-4ca4-a58e-e963e67edbc9,,,,openlibrary,0.0
8c9c1030-0f6d-42a0-82d8-fbe43f8dd12f,,,,openlibrary,0.0
4e9e059a-6af4-4245-96dc-4e8353a537c3,,,,openlibrary,0.0
d04fa9fb-d64c-4232-bdc1-0de77ba01ce7,,,,openlibrary,0.0
9bdbcc7a-5cf1-4be2-9592-45dae3806457,,,,openlibrary,0.0
c4bd10b6-d4e0-4b7f-b530-6efc6897282b,,,,openlibrary,0.0
f812fa36-150b-47ea-8d8d-8cc95318c585,,,,openlibrary,0.0
4f333997-d6dd-422c-8534-56b03518970d,,,,openlibrary,0.0
abf657f2-b517-4194-8a9e-c78f97bab582,,,,openlibrary,0.0
f10a8c34-0178-44da-a4de-0ed32f49a731,,,,openlibrary,0.0
1ed6a58a-710c-49f4-b5f8-d99c3250700d,,,,openlibrary,0.0
e855840e-baf7-447b-8218-c0db5b1c8338,,,,openlibrary,0.0
780fa1b5-e97f-4336-ba0b-95dffb1a5ec7,,,,openlibrary,0.0
3298935e-8f6e-4853-bdf1-32363e60349c,,,,openlibrary,0.0
66a516c5-db63-4e9c-b822-72d5e9e12996,,,,openlibrary,0.0
cacc9b3e-55a4-4317-a6db-ccb82b0e5f04,,,,openlibrary,0.0
7277965f-6384-44d3-9562-bb1f01e3d7e1,,,,openlibrary,0.0
82b45b79-2f8c-4c83-94e3-14a216cdeab7,,,,openlibrary,0.0
626e3fbf-cabc-4d51-b5f1-a26dcdedb562,,,,openlibrary,0.0
5ec2b61e-48be-43b6-a599-f63aecd6ad16,,,,openlibrary,0.0
d013c1e7-a3f5-4837-9bbe-c0577baf19f8,,,,openlibrary,0.0
23bbec18-06c3-41e4-8f44-837079eda1b3,,,,openlibrary,0.0
8b0db59e-87a9-4613-b161-e520f31b70b1,,,,openlibrary,0.0
6c476265-47b3-4cc7-9d37-3721c9556a0c,,,,openlibrary,0.0
dadf6a8d-8e81-432e-a9af-529ef6727b66,,,,openlibrary,0.0
67266a3b-705e-4bb6-92f6-1d71b42a49cc,,,,openlibrary,0.0
83247eeb-8697-48b0-a150-4d2898267500,,,,openlibrary,0.0
e8f08312-851f-400a-8aba-562b477071c4,,,,openlibrary,0.0
b502e7c1-3454-4051-8b91-3c78b690088e,,,,openlibrary,0.0
618f2254-fc7f-4529-a6b3-f4583aadaa02,,,,openlibrary,0.0
bd276978-ba9c-4cff-8e73-96d64a06ccf4,,,,openlibrary,0.0
af08950b-43b8-4c6b-aa35-8c2cb275355b,,,,openlibrary,0.0
fe9c0a7e-0c0c-4029-890d-c0a29f65acc5,,,,openlibrary,0.0
e04d68f1-cac5-44f0-9a82-099eadf867fc,,,,openlibrary,0.0
8f5ae918-18e0-4b4c-a508-da116414797f,,,,openlibrary,0.0
f51017e8-6466-4edb-815d-d316c7798847,,,,openlibrary,0.0
b449b9e1-d365-481b-b7f0-956968d26d97,,,,openlibrary,0.0
e78fe2ed-ea08-4369-849d-3113acd62e77,,,,openlibrary,0.0
3ff77283-8fd4-40c9-819b-edc680566960,,,,openlibrary,0.0
147a2659-abce-4a40-b322-87a9cf96f8a5,,,,openlibrary,0.0
017a2bdf-da14-4bd3-abf1-49aff681cd42,,,,openlibrary,0.0
feec91ce-80cd-4647-a8b0-08d2dfc0bb23,,,,openlibrary,0.0
47082db9-fde9-4c63-8eeb-012fc0bb9486,,,,openlibrary,0.0
91ee26b7-385d-42a1-8e1c-2a6c2d051175,,,,openlibrary,0.0
0bb74e31-1d1c-4a68-baf7-a12be9fcac43,,,,openlibrary,0.0
fe9307e0-974e-4ea0-80eb-c738af5ea07f,,,,openlibrary,0.0
d030bd35-2a9d-40e1-bf7b-dcc37b853af3,,,,openlibrary,0.0
fc17dc59-3c67-4def-a806-ad366e272df8,,,,openlibrary,0.0
d777d303-7954-44f2-9e9e-ae234115a234,,,,openlibrary,0.0
6eb477b7-23e7-4e77-8f0a-ec2cb3562e7a,,,,openlibrary,0.0
f9dd9ae9-b87e-44ce-b9c9-0ab99b5d8928,,,,openlibrary,0.0
dba2582b-418e-4f63-81a6-f64ddf091bb0,,,,openlibrary,0.0
339681ac-4f18-43a5-9cac-add96f05875b,,,,openlibrary,0.0
2c0eaba0-3875-45c3-a6b1-21c3a22fbb5d,,,,openlibrary,0.0
3e6b1a8d-4c54-45e7-acb6-63ce5417f4ec,,,,openlibrary,0.0
aba51614-6ce4-4f42-b8a6-aca82bbe4dca,,,,openlibrary,0.0
c19885d4-8f7c-49a1-b8cb-7b23551aa526,,,,openlibrary,0.0
6589c6e7-779d-43ae-ab7f-836c7ac77fcc,,,,openlibrary,0.0
54fb7a29-1334-43d8-a075-07245c969942,,,,openlibrary,0.0
95a39cd7-4bc6-443a-990d-db287829b3f5,,,,openlibrary,0.0
40ea782e-06b2-49ba-a716-5e44048f365c,,,,openlibrary,0.0
ce9ee8ce-7c98-4643-9330-1b4ce8b9e870,,,,openlibrary,0.0
5c0978cc-8a45-47b9-a269-baf9c79d861d,,,,openlibrary,0.0
9cbfae7f-964f-4075-a345-a3fc005a9531,,,,openlibrary,0.0
906aa29b-3f76-4dc6-a441-29b8c5c2dcff,,,,openlibrary,0.0
01c6ed90-6603-4af2-ab80-7c734c7015c1,,,,openlibrary,0.0
786a2b16-18a1-4fc8-a7a8-02bc120a4fa9,,,,openlibrary,0.0
68720803-1cef-4caa-a09e-f1a70c75deb8,,,,openlibrary,0.0
cb80e367-4b25-4d00-a9e6-b2007bb9d3d9,,,,openlibrary,0.0
83342ae7-0ac8-4673-af24-10e620bddff4,,,,openlibrary,0.0
b42fb16e-1d6a-4d77-9d95-9ea7d63f620f,,,,openlibrary,0.0
d361209e-6ba0-4e72-a9e7-8fd09d18a402,,,,openlibrary,0.0
b15acfc8-bdc9-4ec3-8cd1-0ef987739287,,,,openlibrary,0.0
391b739a-fc2c-4ddc-a0d5-cb80f8dbc54f,,,,openlibrary,0.0
05486d4c-935d-4423-8348-29cf66ce802d,,,,openlibrary,0.0
5e39526c-cb42-4a4b-955f-7fe60faa1bd4,,,,openlibrary,0.0
057f3505-347d-42ac-8b63-e83aa100e02e,,,,openlibrary,0.0
3494af46-7fab-4217-99e2-437b5f708efe,,,,openlibrary,0.0
14d6dc6a-a353-4a3c-810b-3bdc3702fce0,,,,openlibrary,0.0
8f6a2745-ac50-4784-b6e2-5a30985e62f8,,,,openlibrary,0.0
0c21564f-a858-4aeb-bc80-a93a27cd7ec0,,,,openlibrary,0.0
9f387f03-3b0c-4eba-bc76-a13775747f41,,,,openlibrary,0.0
a876a1a8-9815-49ce-a454-79b3911b9dca,,,,openlibrary,0.0
5798fc9a-53f1-4ca8-a311-bf447cf3c905,,,,openlibrary,0.0
bfabc98c-61f3-408a-82ba-096e7ed764ab,,,,openlibrary,0.0
6ad745f6-8d6a-4404-93d6-eb05d1cc6ab8,,,,openlibrary,0.0
4c832d5f-2178-4e4b-bb70-15bfb98fa366,,,,openlibrary,0.0
324c704b-532f-4157-9251-f2ebf47f3421,,,,openlibrary,0.0
d510f587-5455-486b-9d36-8940bbbaf27f,,,,openlibrary,0.0
8d3b8d8e-46a2-4f11-9153-5e84aa1441ad,,,,openlibrary,0.0
b5053b51-446a-4410-a6aa-622d6b6b1396,,,,openlibrary,0.0
d04efae4-da8d-4d92-9304-7fab46b32ecf,,,,openlibrary,0.0
34361c40-29fb-4ad8-b2a1-d0a42cb1c9ed,,,,openlibrary,0.0
d76a741b-7a8e-4c94-abed-108ad0e62e85,,,,openlibrary,0.0
73814bfe-1641-4ab4-8155-e135eebe5804,,,,openlibrary,0.0
e81bd235-1f78-4cd2-9ac7-631c180ca6e2,,,,openlibrary,0.0
240c1a27-508e-4f03-8bb2-d78c77eafc50,,,,openlibrary,0.0
3e062bf4-3e47-49ff-9ab2-89368a509126,,,,openlibrary,0.0
48953da9-0c39-407c-b51f-e318d8fd917c,,,,openlibrary,0.0
53597150-674b-4dfc-9453-4d7dfecf8da4,,,,openlibrary,0.0
1ef843fa-c5bb-49d8-b751-13572e181998,,,,openlibrary,0.0
db980b42-1567-4fec-9954-b2cdc927a8a9,,,,openlibrary,0.0
559f0337-2b9a-4152-a281-5d5de2503e78,,,,openlibrary,0.0
3cfb79de-6f8d-4637-aaae-1516a868d678,,,,openlibrary,0.0
841de1b0-967f-492c-a440-864b61083f27,,,,openlibrary,0.0
f641908a-85ca-4477-ad67-880d7c06de50,,,,openlibrary,0.0
6488b6cb-512c-4d02-bd9e-e356f7be65ea,,,,openlibrary,0.0
598ddec2-21bc-4164-9af0-5d6a89f2e6a0,,,,openlibrary,0.0
2521cf87-ba74-49cb-8892-bde88885ddbe,,,,openlibrary,0.0
0f476578-6c67-452d-9ee2-869c7dd52166,,,,openlibrary,0.0
08950e71-305b-4706-9b41-8695e0877273,,,,openlibrary,0.0
d0bb7ac1-96c8-428f-ab5a-726fe82129aa,,,,openlibrary,0.0
24b228a3-7249-4109-9e3d-10a9c0480dbd,,,,openlibrary,0.0
3672d3a6-2ef7-4af5-bbb0-6368cb7543eb,,,,openlibrary,0.0
2dc51130-21eb-46ff-8095-ea8f609e4af6,,,,openlibrary,0.0
491a2fef-f4ed-4d4b-adc6-199d86b0a140,,,,openlibrary,0.0
eefccf3e-cc6f-407b-91e4-42a97ad8e697,,,,openlibrary,0.0
5ab159bd-9dcb-416d-b3f6-afa2b681a446,,,,openlibrary,0.0
096d4d92-ef6a-4cd3-baec-1978f6ef6f9e,,,,openlibrary,0.0
bd428e93-37b5-457e-9d54-fbeb0c4587fc,,,,openlibrary,0.0
7bdb9cbe-73f0-4d8d-9d1f-dadc4785359b,,,,openlibrary,0.0
f6ad365d-b1ae-42cf-949d-75bbd9787ca4,,,,openlibrary,0.0
a42d475c-9927-4465-9890-fd693d67882b,,,,openlibrary,0.0
f6d5eb1d-6513-40a6-8eb4-7a97ce44bc59,,,,openlibrary,0.0
eaf7f5c5-cd3e-4b9f-a3f0-830537fd49cc,,,,openlibrary,0.0
ec715d72-70e4-46e2-ba18-e3345fd90346,,,,openlibrary,0.0
4b6f2a8b-ef6b-4fa3-9469-01b4c53a686b,,,,openlibrary,0.0
6d023369-a58f-43a9-b034-5bbf4fc27454,,,,openlibrary,0.0
f637dd2c-2f39-43df-a2e6-d9b3005e8c2a,,,,openlibrary,0.0
1b8d21d7-dad2-4758-b664-2c55359fc094,,,,openlibrary,0.0
5754a9ce-efab-4fd4-b0cb-b3f70e993d02,,,,openlibrary,0.0
afbf318f-9904-4167-9670-115de8e6a7e0,,,,openlibrary,0.0
79857834-1e97-4031-9343-c0d210442a6d,,,,openlibrary,0.0
1d4dc5d4-9fa6-4dec-b106-de4611a45956,,,,openlibrary,0.0
a27cf436-9dae-4655-beae-c955f4a862a5,,,,openlibrary,0.0
ed9a9e22-4dae-4587-b53f-1a50301e4243,,,,openlibrary,0.0
9602dfa8-2b8b-41f1-9536-40737c106488,,,,openlibrary,0.0
89b57640-4df1-48b6-ae74-9ad02a6de8fe,,,,openlibrary,0.0
1819fc7a-f24c-4b47-94c7-94eeaf8bb251,,,,openlibrary,0.0
6f7b0d87-7e49-4679-b878-f4d56ebe6809,,,,openlibrary,0.0
7dcd94ce-5734-41cf-93c4-a4207e07bb7e,,,,openlibrary,0.0
3ecc1efa-f0bd-495e-aeaa-fad549f081ee,,,,openlibrary,0.0
d72396f1-39d0-4b54-b9c1-a278be335769,,,,openlibrary,0.0
e40c3af9-79b8-40e2-a0c3-fe21a8533548,,,,openlibrary,0.0
56c4d66d-fbb3-427e-9495-88eb5fb73cc8,,,,openlibrary,0.0
4492fa64-1110-4850-8a50-797d660870aa,,,,openlibrary,0.0
df709380-5d09-4c3a-b726-0aed24f542d2,,,,openlibrary,0.0
df85e20e-ba9e-48bd-aa17-cc104e3506f8,,,,openlibrary,0.0
bb3d082b-985e-4845-9b53-a59422756c12,,,,openlibrary,0.0
d1c6ad5c-64f9-4c2d-a575-3247168f93ec,,,,openlibrary,0.0
45a8fc08-7e87-45eb-9b02-9d4caa9a3369,,,,openlibrary,0.0
6e9ef7eb-db1b-4738-9264-d7fef0bfd769,,,,openlibrary,0.0
bd62c61a-5045-4fe4-9baa-bd815cb10eb9,,,,openlibrary,0.0
9a4f46d4-3dda-4045-a5f5-73b722d1ad3a,,,,openlibrary,0.0
ab95422c-a149-44f8-975e-dbf0842b68a6,,,,openlibrary,0.0
0a62914d-9539-4b9a-ab3c-8ae57ac743a2,,,,openlibrary,0.0
077f6f21-4e98-4359-9f26-f8c29e8dbc37,,,,openlibrary,0.0
358f8889-7c42-4038-80c3-683f6d926d7a,,,,openlibrary,0.0
4bea6fcc-9045-4891-856d-976dc6694453,,,,openlibrary,0.0
93a892e8-b5b4-4287-adc3-4a7a4e298165,,,,openlibrary,0.0
f6983db4-052d-4f98-9c17-12a72a65c767,,,,openlibrary,0.0
a45aad26-7491-411c-9525-3857ea34f1b1,,,,openlibrary,0.0
3e4cde9e-883e-435d-824f-d5ecd5af8264,,,,openlibrary,0.0
5f03abcf-c287-4165-8b28-d057c4500ba2,,,,openlibrary,0.0
eb161dd9-78bb-4e32-8857-e089f3f6b119,,,,openlibrary,0.0
042edef6-e36f-4314-8122-23e5777dd7c6,,,,openlibrary,0.0
d0fc7254-79c7-46ea-b5a7-8f57b1adae5c,,,,openlibrary,0.0
346b5c57-03d0-4f3f-b7ef-dc506c2ff6ee,,,,openlibrary,0.0
d4f27f54-4ec8-41ed-b31e-29e6eab00296,,,,openlibrary,0.0
81aa6419-46c5-4426-90db-0187d4ae63f9,,,,openlibrary,0.0
cfd277f6-cc41-4ec8-850f-0bb0a08fb8ed,,,,openlibrary,0.0
b3298cfe-5039-462d-9691-29985ec8bf68,,,,openlibrary,0.0
14654d87-35bd-4264-94a0-e5dff9dff86d,,,,openlibrary,0.0
31308096-ae88-45dd-8c46-cf32731f61b1,,,,openlibrary,0.0
fc0aa232-4f8e-4d46-afb5-fb0a727ac063,,,,openlibrary,0.0
9742faf6-102c-4c84-a6a1-fa27f6f1da63,,,,openlibrary,0.0
1d6ab2e3-0c65-418d-aec3-9acd8e901c62,,,,openlibrary,0.0
723d6f43-535d-47fd-ace6-97e17842bcdc,,,,openlibrary,0.0
6cd6a32a-c2e7-4bfe-9ba4-7e98f32bcecb,,,,openlibrary,0.0
1ba4b4a4-6adc-4695-b688-ade7d7662a4e,,,,openlibrary,0.0
5d1478d8-76af-4555-9344-b386aaa7a1ca,,,,openlibrary,0.0
339dc4e3-07ab-467b-b8ad-96aa198b4f2c,,,,openlibrary,0.0
18518ffa-e8c5-4472-8405-475cea565a5c,,,,openlibrary,0.0
e8007c13-b549-4e04-8fee-2e62e1822eed,,,,openlibrary,0.0
12521ba1-8c14-45b8-ac51-ebc360bfe2b1,,,,openlibrary,0.0
6de10359-b5e0-46bd-9ecc-1cf3f3e011f4,,,,openlibrary,0.0
5b0614e5-3c05-4c46-a312-a00cecb61a57,,,,openlibrary,0.0
4e165c59-80c3-4ef0-9000-fd6e25cf857d,,,,openlibrary,0.0
dfa0978a-c7ca-4512-a28f-66d2d9700a82,,,,openlibrary,0.0
534f5d2f-f37f-4906-833d-cb8f50c2b563,,,,openlibrary,0.0
f0d467ab-f17f-4587-9791-68dc6f24ef43,,,,openlibrary,0.0
b42e3015-bed1-490a-801e-9faad0742ccc,,,,openlibrary,0.0
716f68cd-fbad-49cc-a3dd-be189923e6db,,,,openlibrary,0.0
6d94f852-9575-4bb7-ad0f-0016b460a3b6,,,,openlibrary,0.0
35f46999-57af-4ef8-ae38-f99f83c1d6f4,,,,openlibrary,0.0
de7f82d1-08d4-4a59-90b5-77f2dc9e529f,,,,openlibrary,0.0
be6055e2-4036-4858-86b0-a8c640db2bd9,,,,openlibrary,0.0
10a37b58-c176-43ab-a59b-1e40883e1d51,,,,openlibrary,0.0
a56f0996-f403-4311-b1fb-275de7185698,,,,openlibrary,0.0
114cd6a3-1817-44b1-8e18-b838a5455720,,,,openlibrary,0.0
203cf455-9da8-48d9-b388-3051b5a983c3,,,,openlibrary,0.0
2ab9bca9-f213-404b-9023-dbd3aa540cea,,,,openlibrary,0.0
508fdf54-d211-473b-8c17-a661aced08b8,,,,openlibrary,0.0
c25d1033-5eca-4b83-ac62-4b533022005f,,,,openlibrary,0.0
e39a4e03-5624-4b62-ba68-00631c9c8853,,,,openlibrary,0.0
e452760f-6374-4610-bec2-1a272eace12f,,,,openlibrary,0.0
2ec509f0-532a-4f06-8a79-f6e92658b06d,,,,openlibrary,0.0
7642d509-6127-4e87-a1c7-00d964b68f1a,,,,openlibrary,0.0
7db19c80-351e-4174-946a-69d58cd4ad67,,,,openlibrary,0.0
403913ea-383b-445d-8bc7-5a70c1d0d8af,,,,openlibrary,0.0
37f69be2-b783-4fba-b685-abf840ce33ad,,,,openlibrary,0.0
5a0c9085-b31f-4ef0-8988-a2a12f861642,,,,openlibrary,0.0
52f927c7-34f0-4487-ad2c-bb8a9ca97845,,,,openlibrary,0.0
97c43b20-05b2-4a82-94d6-aa458c07c163,,,,openlibrary,0.0
90f0e613-6bda-42e0-bd4d-006609f5f683,,,,openlibrary,0.0
4c11a976-19da-4b52-9c7e-5913c469f82e,,,,openlibrary,0.0
8b7273c3-23ec-4208-b96c-5f70dd1bdac2,,,,openlibrary,0.0
84efdca0-51b1-4b65-ad1e-a9760d64d5e0,,,,openlibrary,0.0
5b353687-4419-4b12-b8b6-799988451e00,,,,openlibrary,0.0
6751c6cc-43db-4756-9189-1aa799a891c7,,,,openlibrary,0.0
b044e658-857a-4788-acbd-6108ed356e82,,,,openlibrary,0.0
ed9a1358-dbee-439c-a5de-9a2fe28f4f2e,,,,openlibrary,0.0
71689013-facc-4e1f-9aa7-e0ecc95c75a1,,,,openlibrary,0.0
4a5a17c7-0435-459a-811c-a6582e63f057,,,,openlibrary,0.0
9b0a7a1e-ae77-4f2b-8688-0a0cdc5a4a75,,,,openlibrary,0.0
3901eece-3c16-4060-82af-d135ae924ec5,,,,openlibrary,0.0
9ace2441-cf11-4da5-9c12-e11f1782f42b,,,,openlibrary,0.0
6704c8f8-0dae-4cda-b1ee-d935764e6a72,,,,openlibrary,0.0
5203a73e-26a7-4b30-82ea-4c1028884259,,,,openlibrary,0.0
c1321bb8-b784-4768-a947-050596014616,,,,openlibrary,0.0
0d1cc40d-1953-48f6-a7e5-08351837c1b2,,,,openlibrary,0.0
f6c195bf-1268-49d7-8705-1af1d15aee1e,,,,openlibrary,0.0
1571729a-3055-456d-9bc2-c4aef29bd694,,,,openlibrary,0.0
582fdb12-1e8c-454b-9836-5f53bc461907,,,,openlibrary,0.0
0bb463ee-f8e4-4423-8a7a-21d4c5b51c9d,,,,openlibrary,0.0
448f228d-abc0-4f11-bb4f-69f1db6ea2ac,,,,openlibrary,0.0
b7eab9d5-6811-4480-9bec-fbc67091f9e9,,,,openlibrary,0.0
cf2ad345-2c25-48ce-8f07-41c159dd3fcd,,,,openlibrary,0.0
c521dd37-5705-4f5e-9a70-1a30eb793b0e,,,,openlibrary,0.0
566e5cfc-59ba-4009-aa29-d30692902ac5,,,,openlibrary,0.0
cc90596c-f026-4447-9e0a-8206eaf30246,,,,openlibrary,0.0
e7ab6504-c5fd-43d1-9cba-2395dd304ddd,,,,openlibrary,0.0
c4db46e5-2e4b-422b-8ed8-63049847855e,,,,openlibrary,0.0
c972feb1-8e44-4d07-8beb-0e33a84e88a9,,,,openlibrary,0.0
718cd0c7-33b4-4a28-bf54-4e87c2cd15be,,,,openlibrary,0.0
0819a9ab-caf7-40ff-842f-eb21669df9fd,,,,openlibrary,0.0
b8418634-201f-44ef-b773-b81e7b9befc4,,,,openlibrary,0.0
8303afd8-7b97-4b73-8606-e4e49a8b7b55,,,,openlibrary,0.0
230952e9-bbf9-4549-9866-2f98ae5c2819,,,,openlibrary,0.0
7267c217-85aa-47e8-bd40-87cccaa328d9,,,,openlibrary,0.0
02e8dcd4-d8d1-4bf1-a623-2c4b6d9b6437,,,,openlibrary,0.0
97ee5ed6-ce5f-41b4-861b-7614a3a61855,,,,openlibrary,0.0
ca837fef-d545-4b15-9c14-86a75b15d7b1,,,,openlibrary,0.0
d6f86341-67e2-4d53-a0b1-536474ae72da,,,,openlibrary,0.0
d709e601-aba5-4434-886b-18573d82b042,,,,openlibrary,0.0
ea53a1cd-cf48-4bbd-b5ac-f9e65faf2f1e,,,,openlibrary,0.0
4fca925c-4826-4d4b-8a59-9dc413693488,,,,openlibrary,0.0
72c0b8a5-f869-444c-aca3-5d0d4d8c98f6,,,,openlibrary,0.0
8e33df48-3ed2-428b-9e38-94926837dfdb,,,,openlibrary,0.0
0f10a008-6238-40f3-909d-328ddf479685,,,,openlibrary,0.0
7d474540-f6d9-4c36-adf0-972c05b01777,,,,openlibrary,0.0
2e6f9cc1-88a2-4fb3-bc5a-2ce5284ff932,,,,openlibrary,0.0
57bacb25-22e6-4fd8-8ccd-4d53904c0ced,,,,openlibrary,0.0
7acdc997-03ba-46ca-8d28-8e8adb45d585,,,,openlibrary,0.0
b6b2551e-675b-4926-a390-9aca91e73ce4,,,,openlibrary,0.0
2498a5cd-7e87-406a-ac5b-16f92484804a,,,,openlibrary,0.0
0c295c93-db98-4df5-adef-831a3fdec770,,,,openlibrary,0.0
5227e346-7059-4415-9a3a-dae6e033792a,,,,openlibrary,0.0
d4dd64fc-4141-4f53-a6c0-073578635869,,,,openlibrary,0.0
a0d47d60-cc99-4936-994b-920737dae91d,,,,openlibrary,0.0
853b8240-b5a5-40b8-8933-fc4a189ed720,,,,openlibrary,0.0
986226cc-591f-4825-9ef2-2313075d0799,,,,openlibrary,0.0
071a7870-ffa2-4d8b-9070-851bbae237ec,,,,openlibrary,0.0
213b6008-0dfe-4961-8b59-886ee1a1f00d,,,,openlibrary,0.0
98039a9d-9cd8-4994-a68e-ec3a0b14e2f5,,,,openlibrary,0.0
2f3716d6-988c-4e7d-89b1-43cb70c1fb1e,,,,openlibrary,0.0
264629ab-5c92-41cc-a983-aee897e654d9,,,,openlibrary,0.0
1944aaaf-2fc1-4fde-ae8a-bfde70fa2b5b,,,,openlibrary,0.0
b976bdd9-3d46-4f06-a079-c4995c505eb4,,,,openlibrary,0.0
bb11a1d2-df82-402c-a280-7b5d82af5717,,,,openlibrary,0.0
d922f1dc-4fc0-44ae-a7ed-3486411a68ee,,,,openlibrary,0.0
72a34311-68fb-49fd-b4c3-8be9fbe22ee9,,,,openlibrary,0.0
e3be1403-256c-44b0-89f7-0ad22193fa88,,,,openlibrary,0.0
521fc3d0-ba6e-4b68-b8f1-40aaa9c59452,,,,openlibrary,0.0
bc029199-d4c6-443a-864b-cd201dcfdd42,,,,openlibrary,0.0
ae5b9672-0dd0-48f4-a451-31d7c3e52bfa,,,,openlibrary,0.0
707ff423-2cf0-4a89-a35d-59b471cfffa7,,,,openlibrary,0.0
cae0413a-9f77-4430-b459-5b54617f34cd,,,,openlibrary,0.0
6ab893c8-3a44-4e5b-ac42-1378b111c4cd,,,,openlibrary,0.0
4bd0d3fa-631a-4963-b778-9d15a0b69656,,,,openlibrary,0.0
9f3b510d-97a8-46a8-aa83-501741ce0ccd,,,,openlibrary,0.0
c38e53f3-bebd-494f-a127-14144476b04d,,,,openlibrary,0.0
8b5d382e-badd-48d8-b605-a12ac1ac4aef,,,,openlibrary,0.0
55202b15-8787-47a3-9025-5c526f580f6f,,,,openlibrary,0.0
0e5edea8-c0ad-4fee-acd1-b7f5701d288b,,,,openlibrary,0.0
50fa291f-fb67-47de-a22b-6ff7b0a4b117,,,,openlibrary,0.0
c44d8e0a-d065-4bc5-9a3d-58bcb418c9f2,,,,openlibrary,0.0
5a424217-baf9-4083-b8d5-19f40cd6d259,,,,openlibrary,0.0
6ac36696-5d45-40f4-93c2-1584d6071725,,,,openlibrary,0.0
2a381f9f-9cbe-4a3f-a86a-afa18a6b9043,,,,openlibrary,0.0
3802389c-f678-43db-add3-b0a8e296665c,,,,openlibrary,0.0
afc8c13b-4167-4057-ae43-21dc1dd6371c,,,,openlibrary,0.0
060c8e25-53d1-4159-9abc-3340aa812c26,,,,openlibrary,0.0
dba80808-64aa-4a21-b9af-a74d1781b954,,,,openlibrary,0.0
df34cafc-482c-4066-9a09-ac0a948606fe,,,,openlibrary,0.0
27762d9a-4e24-4c7b-b95a-0a6be7c8c79d,,,,openlibrary,0.0
eccdb552-7bb4-4cb7-97bc-e7e2b9ccae3e,,,,openlibrary,0.0
d7a70cfb-7c54-47e1-8798-04a1f6679fa7,,,,openlibrary,0.0
ebd171d2-21f6-4616-b024-d74f2334188f,,,,openlibrary,0.0
9ecf55d3-c766-4bd3-907c-d2aaa9e32c2c,,,,openlibrary,0.0
58379dea-085c-42ea-bf06-5abf6a3ec30a,,,,openlibrary,0.0
57754ea1-7da0-4df8-830a-b341cc7e7e16,,,,openlibrary,0.0
7c2ca370-eae7-4f40-ab75-35e5e4786ae4,,,,openlibrary,0.0
2021c6ca-d0e7-4517-aa0e-eea82f6de608,,,,openlibrary,0.0
f5de6f98-920c-4ce8-9de0-4a5dc4147b7a,,,,openlibrary,0.0
d2e474f3-2d57-40de-8a03-616e49a23c1e,,,,openlibrary,0.0
eedc7330-c946-46bf-8a97-b0088d4c320e,,,,openlibrary,0.0
5f45a839-7980-454d-8b93-89e39c04f7a6,,,,openlibrary,0.0
e4b4cdde-9e9e-47d1-bbcc-89873274a30b,,,,openlibrary,0.0
a0fee36e-d938-452d-aa86-6bb0725df906,,,,openlibrary,0.0
414dcec3-efd5-47f9-9ff0-dbb90f57f97c,,,,openlibrary,0.0
c5e29b83-6554-4309-b2cf-ffb50d172568,,,,openlibrary,0.0
8845db76-06d6-4402-8471-6a7af144d92e,,,,openlibrary,0.0
9c999f78-6efc-43e6-910b-6a5b60c30485,,,,openlibrary,0.0
e282a10b-f5a0-4380-b081-87d4dc82376d,,,,openlibrary,0.0
9200daba-d0e6-461c-9928-aec8c792fe50,,,,openlibrary,0.0
648da5d1-05fb-4d3b-ad08-c572b4b2f929,,,,openlibrary,0.0
27652570-d6ab-4583-b65d-b90461dc236b,,,,openlibrary,0.0
cf204a5a-2ff3-4c0b-9cf8-101fd5b34805,,,,openlibrary,0.0
a80d8bc8-9cba-4a86-a001-15af002b99ca,,,,openlibrary,0.0
99667f7e-a9fb-4882-bf6d-1e8f5f757b02,,,,openlibrary,0.0
3960ab76-132e-4d93-b4bf-16a88feae4e7,,,,openlibrary,0.0
b5361478-c3ea-47ea-bf1a-e60f20c1cf12,,,,openlibrary,0.0
cf61dd4a-29f6-4d0c-af33-6570c44bdbaa,,,,openlibrary,0.0
2dddd7a2-d66a-441f-a8be-a767b35a2a69,,,,openlibrary,0.0
098fd4c7-1f2c-45d4-a8cd-5d834539d206,,,,openlibrary,0.0
c7ac6eb8-9f3a-48dc-8043-c41a27cdc291,,,,openlibrary,0.0
402b1e8a-f54d-442d-82ee-4f44394bef2c,,,,openlibrary,0.0
deec4508-c861-4b82-99de-f5b11fc9c12a,,,,openlibrary,0.0
eb7ce26d-9f32-4fec-ab70-1bbe74112626,,,,openlibrary,0.0
f799a9d7-4940-49ae-b6a7-5b660ca193ca,,,,openlibrary,0.0
7b094efe-c9dd-437f-a0f1-7b71a8033bd2,,,,openlibrary,0.0
95b75daa-9a7f-4137-81e5-fce21dda5888,,,,openlibrary,0.0
d742e527-9cdc-4134-9bf3-2cbdd65cc5be,,,,openlibrary,0.0
e1ed0e94-671e-442a-bfc7-3f8b56f9bd33,,,,openlibrary,0.0
8df2141c-fc9b-4a86-8cdf-41f087d2d7a5,,,,openlibrary,0.0
066553a4-d8ac-40a0-8d1e-46a8589c6b18,,,,openlibrary,0.0
c835df86-a3a9-4a9c-bd7b-b564b72ef549,,,,openlibrary,0.0
e89ab3fb-a800-4c5e-93e1-09a5f2b1a1ea,,,,openlibrary,0.0
f270c2e9-58c1-449a-a057-3cd666786e66,,,,openlibrary,0.0
0f785bd4-24c6-4bb2-bb33-d3ce05246fdd,,,,openlibrary,0.0
027dfda9-43ff-488d-b479-df0551381ff3,,,,openlibrary,0.0
2176db07-ae6a-4724-8692-eadd90bf22ec,,,,openlibrary,0.0
6d120261-a465-4f7d-902c-78f91e6d7af8,,,,openlibrary,0.0
b81a19bc-bbb2-4542-8114-003da3e7b4d8,,,,openlibrary,0.0
25d5dc41-3cb3-4803-a2bf-c54d1eb58773,,,,openlibrary,0.0
edad38d7-e0c1-4144-af94-c744d2308749,,,,openlibrary,0.0
edf7770f-b9e2-4529-8992-585d79b76a08,,,,openlibrary,0.0
142a7172-6d6c-45d1-b734-ab5f86465a3d,,,,openlibrary,0.0
9ef04b1f-5440-447a-9703-ceff65cb63ac,,,,openlibrary,0.0
d08f738c-096c-43f2-8311-5e6d306bedbf,,,,openlibrary,0.0
82cffc9b-d895-4004-a9fb-effc04b43e76,,,,openlibrary,0.0
f480f64b-9f43-4812-a0aa-ca7f57f87cb1,,,,openlibrary,0.0
01359dbe-5c3d-48fb-8b32-993c5caea0bf,,,,openlibrary,0.0
2c73b139-3a57-4cfd-a142-caa55074412f,,,,openlibrary,0.0
44e218fa-68fd-4c8a-bcad-1bbc1ca54696,,,,openlibrary,0.0
26d39853-dc3c-4ae3-85b2-c793602306bf,,,,openlibrary,0.0
d626529f-7704-4338-955b-a46da06f80d9,,,,openlibrary,0.0
886abfd1-04f4-40d9-a247-3df4ff94a30c,,,,openlibrary,0.0
5e7ae8a7-89b0-41e1-b3f6-c1e39e22b005,,,,openlibrary,0.0
cc5cb195-50a4-43dd-b949-50bdc686cab9,,,,openlibrary,0.0
4d74901b-caba-4ff7-9982-90f6112fc9e0,,,,openlibrary,0.0
752d5c67-0206-493a-8a6a-f890e47360b4,,,,openlibrary,0.0
c9590ec9-9f17-48b6-902e-5029e8f9a5ad,,,,openlibrary,0.0
db6b2f17-f2d7-441b-92c0-cfc32b9d5652,,,,openlibrary,0.0
b6cc9362-6dac-40bd-a4a9-e3c4f6b0f343,,,,openlibrary,0.0
6b55f54e-0c22-4075-b026-985b0b804a22,,,,openlibrary,0.0
09dc8186-26c0-4874-8b2f-559d32597d7e,,,,openlibrary,0.0
fb75bc43-069a-4374-a037-574e30d1e56a,,,,openlibrary,0.0
3e486125-3aab-4fad-bd50-693eb814fcb5,,,,openlibrary,0.0
8cdfd31f-ee8d-44a3-89c3-88d61e55e13f,,,,openlibrary,0.0
3f939b75-baad-48b3-b2ab-3b869b9464ff,,,,openlibrary,0.0
86b99883-e2ac-4409-97cb-945905f9675d,,,,openlibrary,0.0
dbc9cd4c-acf3-46ad-a1ae-972b7a6a773f,,,,openlibrary,0.0
424cf959-1e78-4fe9-a49e-87cae6b8eda9,,,,openlibrary,0.0
f22da169-00e0-4055-9c46-49a2f4a1bac3,,,,openlibrary,0.0
db9132f3-4796-407e-8156-64b7370cbd47,,,,openlibrary,0.0
36f795e1-cb7f-4cf7-9e6b-2d07fbd3dfe6,,,,openlibrary,0.0
7582d6e1-87dc-445f-8dc3-8d0eabc39657,,,,openlibrary,0.0
9b4163d3-17ed-429b-b61e-865301f8dd40,,,,openlibrary,0.0
c954c49f-f83c-4c64-8f1c-046acdb09864,,,,openlibrary,0.0
9a362107-0836-407f-ad72-8e189a4540e3,,,,openlibrary,0.0
097d89d7-4118-4ba3-b714-7ec6244ad794,,,,openlibrary,0.0
7e2729cd-e942-4d33-9121-017bc6363d96,,,,openlibrary,0.0
3ec9bdde-f34a-4dfe-b71a-291957e092c1,,,,openlibrary,0.0
0860452a-10cd-45a0-b41c-a6813e430040,,,,openlibrary,0.0
51f16cd9-0e22-43b8-8a8c-ba4598f80782,,,,openlibrary,0.0
20379078-4019-4c43-af86-2a796183215e,,,,openlibrary,0.0
0e4b6b4f-48ce-4929-8ba5-df6e7db9e685,,,,openlibrary,0.0
a41274c8-3194-4011-b6f9-5c3263b90367,,,,openlibrary,0.0
15442534-2f7c-4657-8bd4-ff6144d415d1,,,,openlibrary,0.0
91eff554-e98c-4cdb-bc93-e5e1cf286839,,,,openlibrary,0.0
a5f3ea85-4b35-43ab-b330-706b1577b94f,,,,openlibrary,0.0
a07f840d-3548-45f1-b00c-4a586efd74a4,,,,openlibrary,0.0
7cdb05a2-46f0-43c6-8d2e-730b60cc8374,,,,openlibrary,0.0
2aaf2a54-b807-4ccb-9265-6772661d6e65,,,,openlibrary,0.0
3dd8f62b-ed34-46fc-b582-806b4ea21de6,,,,openlibrary,0.0
f9f4855f-6bc0-45be-bc80-f2fd47586e54,,,,openlibrary,0.0
8881af47-c634-42ea-bbc5-62795dcc5aa2,,,,openlibrary,0.0
5c00a318-8e3c-480e-96dd-26629b8967f8,,,,openlibrary,0.0
e1fc6806-7091-4ab8-b20d-82804b76563f,,,,openlibrary,0.0
18b2d7d3-c13e-40ae-b0da-fe952976009a,,,,openlibrary,0.0
fe71260b-f32e-4ae2-9014-9b91f6cd4b55,,,,openlibrary,0.0
acb212c4-4ced-4864-b3bc-00d70ffdf558,,,,openlibrary,0.0
81469ec2-0822-404a-abdf-cc5a80eb1266,,,,openlibrary,0.0
f52e6e06-ed76-4b02-bc48-679dd6e60554,,,,openlibrary,0.0
0e99bbc8-2f25-4835-bf8f-3f6e088ff00f,,,,openlibrary,0.0
f9bea597-4c39-4224-8a67-1304f7cb9bd3,,,,openlibrary,0.0
ec0cbef2-59fe-4a7b-8d39-9b7a9f931f8e,,,,openlibrary,0.0
71955aec-1dc0-406f-8215-eb4166ac016b,,,,openlibrary,0.0
48d3ede7-eaa3-4afc-8b63-0edf63ffecfc,,,,openlibrary,0.0
29cb1e20-659f-46a5-a6c6-d4100de7f1e8,,,,openlibrary,0.0
b0ebf786-138f-4dcf-8a58-c05749ea8005,,,,openlibrary,0.0
b18f0f9b-6c30-4bd9-87db-10a860725a33,,,,openlibrary,0.0
d0b400a8-35a5-4b1d-afb9-3edc759d6db9,,,,openlibrary,0.0
b5f6c2d8-30a8-4d5b-96be-2a77f0440b65,,,,openlibrary,0.0
eda105b2-b32d-4a4a-bbb2-427dc1b87dc7,,,,openlibrary,0.0
3eb4d7fc-1d2b-4d02-bf49-8514ab636946,,,,openlibrary,0.0
f157b4ea-c560-4445-8e7d-db46718bf322,,,,openlibrary,0.0
e02eb71e-c9bf-4538-aa49-7974e6017f8f,,,,openlibrary,0.0
7ffc6033-cf9c-4c66-afd1-c4ab1ca6ee51,,,,openlibrary,0.0
57839683-4e32-4e8f-b2bc-a82553bf5f40,,,,openlibrary,0.0
0040c29d-2e50-4d52-a294-09b0bea8dd5e,,,,openlibrary,0.0
7a51d60b-dd3b-43b6-9f30-190ce904ec1f,,,,openlibrary,0.0
30863bca-0b69-4226-9d22-f3268e98f571,,,,openlibrary,0.0
05ad0e5c-dda7-4947-ba4d-44a584fd09be,,,,openlibrary,0.0
d95bff71-0481-42a5-b13d-e50e5b3cce10,,,,openlibrary,0.0
0e533d69-5f5f-4502-8987-c0a812f029cb,,,,openlibrary,0.0
277280f1-7025-4916-8252-4008e8b57d6e,,,,openlibrary,0.0
c8465452-626a-4b33-b81d-fd7d4be2bcc5,,,,openlibrary,0.0
cbb76852-ac8e-42a5-aa3e-0a4b4f67a117,,,,openlibrary,0.0
d806641d-deb5-4ab2-8aa7-99cb028e721c,,,,openlibrary,0.0
1839a314-be17-4715-bdaa-2ec0131b7b5a,,,,openlibrary,0.0
205fc66c-7547-4fe3-8585-6e8d2d6a1412,,,,openlibrary,0.0
c823baca-1211-411c-8843-d1721065b444,,,,openlibrary,0.0
d0ed9818-caa4-4de4-8204-596936c772ae,,,,openlibrary,0.0
2a2f36fe-32f4-4749-8f42-10b5b0810c2b,,,,openlibrary,0.0
babb3089-fb9b-4be4-928f-43e4bbca7570,,,,openlibrary,0.0
ccdddb29-2a35-4c20-bb6c-b7e1a452b5a1,,,,openlibrary,0.0
6cb83b9a-5f55-4685-8bbd-3897e641e551,,,,openlibrary,0.0
50e04440-4011-40d1-83e5-c1ff3cd78260,,,,openlibrary,0.0
d47f5c63-62ab-4160-b098-45229ab1de8a,,,,openlibrary,0.0
536b6caa-1129-4052-b327-be204a3d28b3,,,,openlibrary,0.0
34f1e57b-ccae-4ef6-a273-9a323e88eccf,,,,openlibrary,0.0
a0545e7b-0650-4777-a28f-e6279c584afe,,,,openlibrary,0.0
624e4621-0c62-4adb-b6ee-7a220dc17c5d,,,,openlibrary,0.0
039f7ff4-6989-4599-a860-d48b447062e3,,,,openlibrary,0.0
c4c45e74-f72d-4a2f-ac79-a52c3872f0a2,,,,openlibrary,0.0
94818354-3c3b-4a3a-a192-ea43da520db6,,,,openlibrary,0.0
94d7279a-8180-44ed-a2a6-c37e1c7664ff,,,,openlibrary,0.0
db221259-6ecb-4ae8-b529-c40504424f84,,,,openlibrary,0.0
9dd0adb8-416c-4703-b1b1-6a57c1f8fdda,,,,openlibrary,0.0
8dd5bf67-427f-4e08-b3c2-bde3c5503d97,,,,openlibrary,0.0
afbb0b15-0106-4d62-b173-ba6fbd35e0d9,,,,openlibrary,0.0
441f7c28-c5a1-4afc-838d-471691e13a41,,,,openlibrary,0.0
f5b0ca9e-5aa9-4ed7-b38f-98231221daa6,,,,openlibrary,0.0
18f22deb-cfa8-49eb-b75a-aadf8c04caef,,,,openlibrary,0.0
c412207c-d579-4c45-adc5-7c96707a2893,,,,openlibrary,0.0
7d49e1cc-15ff-489a-9345-d64749345be2,,,,openlibrary,0.0
ab80d622-34a8-46a8-96af-2edd6d3ec8f7,,,,openlibrary,0.0
e9a2babf-e198-4ebe-b53c-1c774cfe2346,,,,openlibrary,0.0
8f2e6607-979a-4b00-abdd-8d8147551c71,,,,openlibrary,0.0
144c2d0f-cec7-4e96-900d-a032ed948680,,,,openlibrary,0.0
c9180680-147d-4717-8681-d3a0acf0ac4b,,,,openlibrary,0.0
f37d1e97-a4ee-4976-8204-1c7c50e330a4,,,,openlibrary,0.0
d6aace7a-5bb8-4c1f-af29-3c3e458ee686,,,,openlibrary,0.0
5f3326ad-b402-492a-9e61-161374453af8,,,,openlibrary,0.0
9a69eaee-6acb-460e-8e4c-d1ed376287a9,,,,openlibrary,0.0
7699abf5-314d-4c00-86c5-5a8adc39277d,,,,openlibrary,0.0
94f386c0-2610-46da-a745-2423b4a5ed5e,,,,openlibrary,0.0
d05fdcf0-6abc-40f2-8fdb-8b11fa13de26,,,,openlibrary,0.0
c2542d2b-3bbc-409f-8b27-0d6a85062a81,,,,openlibrary,0.0
ac712cc5-7aa3-4b77-a869-875d3d972548,,,,openlibrary,0.0
764877da-cbc8-4dc2-90b3-a074871be4c1,,,,openlibrary,0.0
0b8f7f61-5866-4944-99be-eb3c06562c50,,,,openlibrary,0.0
13657cb4-d2a1-4739-8d62-fc6ccf4402c1,,,,openlibrary,0.0
e8cba537-f40c-4bfd-8151-2dabf0793949,,,,openlibrary,0.0
095789bd-9870-44d5-9a74-4ae891fe5e0e,,,,openlibrary,0.0
f99a459c-d96a-4dd4-8d36-782c2e74dc8b,,,,openlibrary,0.0
0439ba54-ff65-46a7-89f9-04943911a23f,,,,openlibrary,0.0
9b2adc13-b76f-42bc-be10-6bade7105566,,,,openlibrary,0.0
9b292f8f-739d-48ea-9c41-18af6c7744ee,,,,openlibrary,0.0
5aaf779a-7b83-47d7-bf17-49742369e8ac,,,,openlibrary,0.0
25de2ed0-22de-4041-98db-2a502b0cd09c,,,,openlibrary,0.0
8b59c4bf-c8c0-4ae8-94ad-f867e2ca2366,,,,openlibrary,0.0
bd02ac0c-084f-4a39-b128-250d24545038,,,,openlibrary,0.0
312c04fb-5d72-4a22-93f9-fea859d8c60a,,,,openlibrary,0.0
895c42db-052c-4762-9be7-c4c7b8971d5f,,,,openlibrary,0.0
a5c4a9ed-8bde-4bdf-b469-dfc541d84b36,,,,openlibrary,0.0
e9ed8db7-4d63-4012-8779-27afa4141e5d,,,,openlibrary,0.0
a01c0203-40ed-4673-960b-947b6eefa7c4,,,,openlibrary,0.0
33a1d476-82a5-4d9d-ab22-6292732b5fc5,,,,openlibrary,0.0
ffa77a5c-34b8-4916-8256-9182f2fcb6a8,,,,openlibrary,0.0
76df55ea-5c28-40e5-8939-b02e1f1cc1a4,,,,openlibrary,0.0
4ca2ec26-bf5c-4db7-aea4-227e2bed02da,,,,openlibrary,0.0
ee04b4bb-e4ef-46f3-b601-e8c65bbdd2cf,,,,openlibrary,0.0
f7e1ddcd-ed5d-4c6f-833c-e849758ecb6a,,,,openlibrary,0.0
163d2f13-65f3-4e1e-8987-12fea75e913a,,,,openlibrary,0.0
9adb55d5-4c81-41f1-b4e5-6fff50d77779,,,,openlibrary,0.0
f5ce2328-5c44-411a-83ef-523d17b1c548,,,,openlibrary,0.0
aeee75d3-2b37-4833-ac50-dee20346ae79,,,,openlibrary,0.0
6f34224b-521a-4c16-9ec0-a1e86941c16e,,,,openlibrary,0.0
100dbc4d-ae6f-406a-8119-187fb111731f,,,,openlibrary,0.0
66df6e0d-c80f-4de8-bc16-127efac29105,,,,openlibrary,0.0
d889c12e-bdfd-481c-a606-f602358bb18b,,,,openlibrary,0.0
86c9bafb-fa62-44e0-8f43-5c46ed11a1f7,,,,openlibrary,0.0
a8c1dabb-64b5-4ab7-b446-3ac0b9386386,,,,openlibrary,0.0
03ebb5d0-1a8c-4fb1-b7d6-d75e099020fe,,,,openlibrary,0.0
034728b5-506a-44e8-ba2f-6ee83fa1c7b0,,,,openlibrary,0.0
1503e732-0d0e-4669-bf26-cc120b387507,,,,openlibrary,0.0
4c605f6d-90db-4591-a73f-4012c86a898a,,,,openlibrary,0.0
593701d2-690d-4d7d-9858-d121700c0ded,,,,openlibrary,0.0
1cf3e415-1172-4844-9159-aacd2a8a564f,,,,openlibrary,0.0
5b6bcc99-0609-46c4-ba4e-0f36d7256032,,,,openlibrary,0.0
4f939086-46e8-4bf8-9212-2ebb0eac9cd4,,,,openlibrary,0.0
22145771-66a9-4453-98c8-683abd0bef97,,,,openlibrary,0.0
0dcbc62a-853d-4c12-9ea2-fb40094ed593,,,,openlibrary,0.0
d0868408-5a5c-4b4d-b5db-46ff27310cc0,,,,openlibrary,0.0
eed2eff5-0bfc-4baf-bbe5-3fb12d7c7d67,,,,openlibrary,0.0
c698388e-d526-4b8b-9b00-0c0908d64c0a,,,,openlibrary,0.0
0ab25a58-4111-4353-9174-5d67ec1de223,,,,openlibrary,0.0
42995c8d-dbec-4d36-82eb-72e563ef0b4f,,,,openlibrary,0.0
e605647f-f7f6-4742-827e-1c06a745bc2a,,,,openlibrary,0.0
397b3c0b-7bec-4e67-92d4-936f3e25265a,,,,openlibrary,0.0
418e21df-f0a4-4f35-a82d-e0e7ca91dc16,,,,openlibrary,0.0
db913922-8a53-4324-9e77-5bedb23fd744,,,,openlibrary,0.0
58d35e71-0d19-4fbe-a0ab-d30e0358f964,,,,openlibrary,0.0
4930aef0-1ed8-4b1c-ba44-f5a2913fdaa7,,,,openlibrary,0.0
0bcdf54d-9720-4331-9081-15e83b439d21,,,,openlibrary,0.0
d3c56450-b754-4f03-9225-b4c6d070d226,,,,openlibrary,0.0
52f5880c-f57f-4163-a336-c3c71b269783,,,,openlibrary,0.0
72477f7d-7dfe-41dd-bba2-4e3893c4cd7e,,,,openlibrary,0.0
9fb90cb0-e219-4627-b580-c8811ca476e6,,,,openlibrary,0.0
d4fcbfe8-adb5-4f6a-9e28-b33160308503,,,,openlibrary,0.0
8f5ac7b4-64d7-4adc-a752-c64b07651b32,,,,openlibrary,0.0
b98e1350-297f-4878-b477-dc453c1f2a06,,,,openlibrary,0.0
b9968805-aabe-45a1-9f6a-84a8d3ab4d77,,,,openlibrary,0.0
c9b5bf4e-5bfe-4d5f-a614-efa0f625cfb6,,,,openlibrary,0.0
feeb02eb-767a-4865-8c37-7c9f24b5df02,,,,openlibrary,0.0
ca1e7562-6b1d-4ab9-9aa9-5516ccd41e4c,,,,openlibrary,0.0
23480159-db9a-423a-99ea-e362f8bf4b1f,,,,openlibrary,0.0
6af75cf5-2d58-4182-b0f8-75fa9b51e321,,,,openlibrary,0.0
35eeec40-ebc3-4bd2-88d5-a28017323aaf,,,,openlibrary,0.0
c0517f93-5c05-464c-898b-c2d5d40ba0a5,,,,openlibrary,0.0
6af9225b-b805-4c55-978d-e07c6d053173,,,,openlibrary,0.0
dfbad5af-23d6-4f27-9432-85e522c87cf2,,,,openlibrary,0.0
b83e70be-c982-441b-823c-12fa90e3f85d,,,,openlibrary,0.0
c6c2e1f3-ddb6-4859-859b-8064f8ce2634,,,,openlibrary,0.0
98aec3b5-262e-4472-a9fc-adb1595ac955,,,,openlibrary,0.0
66c720f8-87f7-4d3d-a3d6-af07143232b6,,,,openlibrary,0.0
080731cc-d811-4713-a18f-71e38477b4de,,,,openlibrary,0.0
1c1af93f-d7df-42a5-8bdc-9d8f01469e93,,,,openlibrary,0.0
0f073878-c6cb-476f-a63f-b29c3d0f5c95,,,,openlibrary,0.0
bd33ab8b-5a51-4381-b884-b94312716af5,,,,openlibrary,0.0
4321dd52-1ce2-450a-bc3b-725038610f8f,,,,openlibrary,0.0
2288d061-cc9f-41c9-9562-69d649326316,,,,openlibrary,0.0
a8bea96e-8def-4b20-9c7e-349f392c6ea3,,,,openlibrary,0.0
263abb88-53fa-49e2-a9d9-4ae9ea7cc2fe,,,,openlibrary,0.0
31e95150-7417-41b3-9c12-557e730e5b7b,,,,openlibrary,0.0
c2f53606-328e-4a63-a695-88131fbfd755,,,,openlibrary,0.0
2c9e83fe-876c-45f1-a3f2-8a08bea25426,,,,openlibrary,0.0
7de9c32a-b6cb-41cd-9345-bca9c69dbb17,,,,openlibrary,0.0
9ab75666-6dee-46d8-8877-e4744fb4100a,,,,openlibrary,0.0
cf36619d-2f1e-4bf4-b562-b3646264bbe5,,,,openlibrary,0.0
399d2356-4dac-4c49-98d2-1c7dbce126ea,,,,openlibrary,0.0
54cb9592-a95a-4931-baa8-b9a2485b2b52,,,,openlibrary,0.0
4f2845dc-ee16-495b-8f33-50a1d469aea6,,,,openlibrary,0.0
624f62a2-f8f2-43fc-bd16-d6bb873b4e2a,,,,openlibrary,0.0
c7591eaa-02ad-41cc-a188-2ab3b86841bb,,,,openlibrary,0.0
2a26d5e5-f1ec-465d-acbc-cef9731a46de,,,,openlibrary,0.0
c69ac61a-493d-46d9-9f7f-1b618300edc7,,,,openlibrary,0.0
dd1b39ff-a7ef-4be8-973b-8a2b3ffea037,,,,openlibrary,0.0
f7567231-a066-48d2-8610-5ccb319f83e7,,,,openlibrary,0.0
ed5d50c9-50dd-41f8-ad8b-cb59ab2fae88,,,,openlibrary,0.0
182ce21b-80b8-422b-a1c2-c284242e0ff6,,,,openlibrary,0.0
9239135b-8cd8-4834-8c9d-ab2f473fea87,,,,openlibrary,0.0
fe7435af-c227-46a6-888e-01a0de8aa56c,,,,openlibrary,0.0
bf839bd2-a74d-46bb-ab3f-6157a879375d,,,,openlibrary,0.0
107f64ed-ef99-44eb-8f42-3043dc04e7f0,,,,openlibrary,0.0
667113f3-67f9-4732-a0df-35f4d0f24710,,,,openlibrary,0.0
311a8018-a886-486d-a4c8-10adcf9240a5,,,,openlibrary,0.0
ae063fd9-bde9-49e0-95d6-23edc0b4b046,,,,openlibrary,0.0
d8038757-4e81-455d-bda5-eca1d25dc9d1,,,,openlibrary,0.0
ed08dd17-4b49-4aeb-a9b6-930233ad885d,,,,openlibrary,0.0
b4c30a67-1532-41e6-9fb4-04446aedd8a4,,,,openlibrary,0.0
c55a7dad-7569-44dd-bc0c-ad7040e0c823,,,,openlibrary,0.0
d71a13e7-c636-404b-a4bb-b72438f0e6e5,,,,openlibrary,0.0
b5fec40f-bb9d-46d1-95ff-6de6e90c36ee,,,,openlibrary,0.0
5b9b6680-f7d3-4614-87be-36dcea019ed7,,,,openlibrary,0.0
654d7967-6f9c-4588-b5dc-b95b470b9a3c,,,,openlibrary,0.0
976154f1-a3c9-4071-8cb1-6c5d8f0f5d95,,,,openlibrary,0.0
a79698c3-911c-4b11-b22a-51932e37eee7,,,,openlibrary,0.0
de2e6f17-d37d-43f9-a9bb-06edfc52247b,,,,openlibrary,0.0
44613b92-e039-41b5-b0e3-da9cfe0aba41,,,,openlibrary,0.0
a487d2f3-1a05-470a-aa44-17c0cd22ff33,,,,openlibrary,0.0
6d0b6537-5f8d-4f57-91fb-e8b169a4b64c,,,,openlibrary,0.0
4ab639c7-017f-4b0c-92f7-de80964efb07,,,,openlibrary,0.0
7ce4b664-84cd-414f-bf0d-667329423979,,,,openlibrary,0.0
ddcd97a7-bce9-46f6-8ad3-196fff516066,,,,openlibrary,0.0
19325e73-9c5a-4864-ac42-3b51b5f5c36f,,,,openlibrary,0.0
32ffe724-d323-4317-bbaa-0002b3ee7041,,,,openlibrary,0.0
7c544d59-1966-42be-8c25-e775a30d6dc7,,,,openlibrary,0.0
80871925-d72e-4ee7-b2c6-34c567fbeb30,,,,openlibrary,0.0
00605101-096b-449e-b49f-a964709614c7,,,,openlibrary,0.0
db4f950b-fbe7-4590-b6cb-9f566309e196,,,,openlibrary,0.0
86d26957-936d-49cc-a8bf-6d259eba8f16,,,,openlibrary,0.0
4407567c-a9e9-413e-b5cd-f7170c37b4d6,,,,openlibrary,0.0
4b30a220-3c28-46a1-96df-c6e0f8b64374,,,,openlibrary,0.0
46cd54e1-7b67-45c6-9a0c-db9174e37889,,,,openlibrary,0.0
20cf3895-97fa-4c33-95f9-86c8696028d8,,,,openlibrary,0.0
e9084633-c954-444e-b5b6-80cb57702233,,,,openlibrary,0.0
c015e0db-d523-4cc2-b7a1-eef3da1ce30e,,,,openlibrary,0.0
d510ece5-fa39-4dce-8b30-01bb178e7b5d,,,,openlibrary,0.0
50fe01fd-0237-4551-9539-03b22795d81d,,,,openlibrary,0.0
3c3f0853-f36f-4310-9be2-632809ea3f13,,,,openlibrary,0.0
5bce57ac-9c7e-40d0-b64e-90fdc758f0be,,,,openlibrary,0.0
26173342-f051-4a9c-a755-86834328f7d8,,,,openlibrary,0.0
7dd66d7b-2b99-4d60-8d9f-e8ac581df7cd,,,,openlibrary,0.0
5f7fbafe-2217-408e-bdc1-6714e4dd031e,,,,openlibrary,0.0
1e7c6d58-bb98-460c-8c1c-9eeb26c18725,,,,openlibrary,0.0
112c7f52-178c-4e2f-b61e-a4154f8bf6e3,,,,openlibrary,0.0
a9120459-dffc-413b-90a8-e79d4181dfae,,,,openlibrary,0.0
738b3788-228d-4efd-87de-9bb286d985b2,,,,openlibrary,0.0
954d0792-4cdb-4491-a63b-b36d9ed11c0f,,,,openlibrary,0.0
2918f06a-c822-4970-94f1-0444557985df,,,,openlibrary,0.0
b64884ee-31d9-4246-b1b3-0f08bb27deec,,,,openlibrary,0.0
c5fa839b-f449-455a-ae3b-fd9d0ae19985,,,,openlibrary,0.0
b6e5db09-fa46-401a-9774-77bca3c1797d,,,,openlibrary,0.0
75d71bd0-87c7-44b4-9e64-a845ebccc485,,,,openlibrary,0.0
5116858a-2f3a-4827-bd83-f292dcfffdbd,,,,openlibrary,0.0
c05ceafb-298d-4c4e-b087-2943249df8c0,,,,openlibrary,0.0
2dabed4c-bc56-419e-a7df-5d5cc6664363,,,,openlibrary,0.0
7c43483d-c706-4504-aaf6-dc6489c2fe1d,,,,openlibrary,0.0
7111a00c-ca70-49d5-bcb2-0ff184bf403c,,,,openlibrary,0.0
6d3808c9-54b9-478c-ae9c-d102af3f8b4e,,,,openlibrary,0.0
f1d85c75-7219-41e7-8881-b00ff6427791,,,,openlibrary,0.0
d1e124f1-f558-4b43-9c93-59b72c0e126d,,,,openlibrary,0.0
21cf15d9-b5a9-4afc-8929-c7c3a41020eb,,,,openlibrary,0.0
620f05c7-fa6b-4a4f-b68d-d317c6e3b4dc,,,,openlibrary,0.0
910ab8af-c2a9-4b1d-a0bb-a0c8f5997840,,,,openlibrary,0.0
003d004a-c4af-46d3-804c-8b005f513f4b,,,,openlibrary,0.0
a8730599-d2dc-4187-bb85-f5d948ea05ac,,,,openlibrary,0.0
d891eecb-8b38-4172-a309-e597c3a2fde0,,,,openlibrary,0.0
67757f8f-40f9-48c0-bf2c-a069a6d9900d,,,,openlibrary,0.0
a311649b-5a9e-4fc7-ac41-cac594defc48,,,,openlibrary,0.0
1766546b-fe8d-4461-8590-a729dc72200e,,,,openlibrary,0.0
479be8b4-e918-4530-b1f6-897fb426b652,,,,openlibrary,0.0
d491cad8-028b-472f-a5b5-0ea6b801033f,,,,openlibrary,0.0
a2cb351f-4029-4bde-99e7-82dae926f415,,,,openlibrary,0.0
bcab83b9-a957-4d34-b504-849e847616a0,,,,openlibrary,0.0
3987902d-8b32-49ad-b6f0-d2fc9a8132c6,,,,openlibrary,0.0
c8b849e5-3944-4625-ab18-ebe6aa31715e,,,,openlibrary,0.0
e05d6404-222f-4853-ba96-7334f3ca545d,,,,openlibrary,0.0
88e2a4b7-2acd-41f1-b654-0f1ee4ae4b76,,,,openlibrary,0.0
3480fa30-3b1e-48de-9bcc-7b6c029bb119,,,,openlibrary,0.0
4e7e5834-28c5-4eec-a961-0fd15d93be3a,,,,openlibrary,0.0
07a544e5-e82a-4977-b929-5872dfa8a0e7,,,,openlibrary,0.0
52f9c9ee-e86d-4f27-b386-fb3d3a7369f5,,,,openlibrary,0.0
c45501cf-7258-4f41-85d6-a3d5706b8850,,,,openlibrary,0.0
0108bc42-f9e2-4b93-8ab8-bf2c063aab60,,,,openlibrary,0.0
753b9406-ddf5-4bb8-b4af-455e5e2713de,,,,openlibrary,0.0
c9df6569-7fd6-415a-b805-aa492f87ca9f,,,,openlibrary,0.0
fc800202-9d94-4a1e-9a1c-c601d4aee694,,,,openlibrary,0.0
3118f3c3-74b4-4f4b-b1ca-68272de9ad0d,,,,openlibrary,0.0
037b1e73-5932-454e-8f11-7e32d7853938,,,,openlibrary,0.0
f89ddb53-bb56-48e8-a01f-3c3f62d7485b,,,,openlibrary,0.0
607d18a7-320b-40cb-a66f-75db2eb063b6,,,,openlibrary,0.0
8e265657-ae2d-42c7-a960-02fd0c671ae4,,,,openlibrary,0.0
0acd9611-8f94-4984-81ae-a0f255f38081,,,,openlibrary,0.0
8b088688-f844-48eb-87f8-3afe7e6ef53a,,,,openlibrary,0.0
961a5800-c669-4345-b4c2-022ac880c563,,,,openlibrary,0.0
9149062f-8b84-4f39-a8e1-4c29de702a28,,,,openlibrary,0.0
8ba49518-09e8-4230-a2a3-b593c3473163,,,,openlibrary,0.0
53a32121-504c-461a-b849-0930f4fd98fd,,,,openlibrary,0.0
863782f4-0d19-4852-a8db-04c18c282a86,,,,openlibrary,0.0
392f64eb-a0aa-47e6-8bb0-5803fbf7de0c,,,,openlibrary,0.0
005a76ab-9300-4fd0-aa1a-7ed23f51942d,,,,openlibrary,0.0
ea698847-56c0-445d-b05b-9644ff05b65e,,,,openlibrary,0.0
2dbd5834-a84a-4a52-9bd0-7fc1457ed89b,,,,openlibrary,0.0
faa9d657-0455-4b8c-a628-4485e134961b,,,,openlibrary,0.0
5501a8aa-5c23-44a8-a6b2-b272b26c6728,,,,openlibrary,0.0
b2eecb5d-a43a-4025-9f4f-7076be7b8fb9,,,,openlibrary,0.0
f30f4752-86cf-4a86-a880-5531beec7ca6,,,,openlibrary,0.0
b430e319-776c-403f-92b5-7a1e0bedca4f,,,,openlibrary,0.0
54e8ccd4-906b-4f39-a795-794874e4d493,,,,openlibrary,0.0
12dd8eac-8bbc-44a7-9821-86a945dc4d83,,,,openlibrary,0.0
9d3134a4-ad1a-4c84-a92c-eb76b5e02b0c,,,,openlibrary,0.0
548416f8-da16-499c-acc1-4e009ba2a314,,,,openlibrary,0.0
86ddd826-4ab4-4b0a-86d1-43cefa4e8cfb,,,,openlibrary,0.0
6bc5cc8c-b2f1-49f9-9bc5-20b8aab8d8be,,,,openlibrary,0.0
d58b436e-ea3c-4e2f-8b73-87af76855010,,,,openlibrary,0.0
42ee0757-0700-4926-90a2-e857dd73793d,,,,openlibrary,0.0
9edc2dcc-50c7-4367-ba4b-7b1c075eea08,,,,openlibrary,0.0
22562461-4323-48e6-8505-b033d822433c,,,,openlibrary,0.0
d1c5f6a7-20b3-4b03-a1a8-94eb98132435,,,,openlibrary,0.0
e60925d5-959e-4766-b482-e5a8dd66ec0e,,,,openlibrary,0.0
f4a3bfb4-7a2f-4867-bb82-1a15312e4352,,,,openlibrary,0.0
5eb14008-c515-4c6e-8959-7c7d219a7afd,,,,openlibrary,0.0
c7960a18-d57a-4f03-8395-240a85254512,,,,openlibrary,0.0
27d75c05-00bb-4166-ad3c-d40d96657300,,,,openlibrary,0.0
e5fa7d88-8afc-46dd-8122-d8d58d6909f7,,,,openlibrary,0.0
7dd270ec-922c-4556-857e-93719675e8a4,,,,openlibrary,0.0
b7004a97-47db-4028-9012-40ce4feb5310,,,,openlibrary,0.0
f488aecc-dba1-439c-bbaa-14555ee384d6,,,,openlibrary,0.0
cbc83ec7-1bb6-475e-a9ee-ef15306e0cb6,,,,openlibrary,0.0
74632052-682a-43d2-896d-1765f581908f,,,,openlibrary,0.0
05b4f5a9-e6bd-4a5b-bf91-0223ed582a8c,,,,openlibrary,0.0
584868c6-43f7-4290-872b-f4624952575c,,,,openlibrary,0.0
0537dc8d-1495-42ac-9e51-9f2eaf030e6b,,,,openlibrary,0.0
c6d2c070-4db4-41f9-8809-dd2202f28586,,,,openlibrary,0.0
c65658dd-b9f5-4b0b-9550-d22fc66bcd27,,,,openlibrary,0.0
4310edff-d810-432b-8cc7-232d0c01ae98,,,,openlibrary,0.0
be562ead-45a3-4578-92f4-fca223636bcf,,,,openlibrary,0.0
6d985c1c-f268-4ff5-aa80-622e34833beb,,,,openlibrary,0.0
175a0c3c-70a5-464d-a809-de32bcde5021,,,,openlibrary,0.0
7eb70a0a-9968-4955-b93c-fd9114328076,,,,openlibrary,0.0
25477c07-45ac-4c12-bb2f-4a927d5dc1bd,,,,openlibrary,0.0
61a362d4-5369-4328-a8e1-b74781383755,,,,openlibrary,0.0
38d13476-d0f5-48b4-bdf7-3e8c6ba6d3b9,,,,openlibrary,0.0
b38e5941-8cad-45f9-8d37-600221c1f53c,,,,openlibrary,0.0
b3e15a0c-9edd-4554-9305-160a59ca2aad,,,,openlibrary,0.0
03b908ce-7bfb-49fa-896d-d46360078dc8,,,,openlibrary,0.0
e203811e-27d3-4c8d-82d7-6bd03b550870,,,,openlibrary,0.0
362d0599-6df2-41fd-9c03-14096e014033,,,,openlibrary,0.0
4af9195b-0d52-4e8a-86fe-3def7449d35d,,,,openlibrary,0.0
be3b1f9a-32b1-49da-89d1-f8e7e28e320d,,,,openlibrary,0.0
cdb82154-7071-4d2d-9bcd-dda2b2b4ab05,,,,openlibrary,0.0
52dde81c-558f-4049-be7f-126fb31ccde0,,,,openlibrary,0.0
dd1ef905-29fc-4acf-b26d-e2291dcf16fc,,,,openlibrary,0.0
04cec0a0-ddd4-4880-86c0-831cdac4bfa5,,,,openlibrary,0.0
6dc9fb36-3bad-45a0-8d8a-33e2a6d40e02,,,,openlibrary,0.0
838261c5-421c-4021-8714-2125576a9c8e,,,,openlibrary,0.0
c07ce65e-e832-4755-a1da-44c021c0a86d,,,,openlibrary,0.0
8f3d02c6-90ca-4022-ade3-eb4f6eaca250,,,,openlibrary,0.0
432fab87-33ff-4236-95a3-c4448ff9bdd2,,,,openlibrary,0.0
84cc629d-c4c6-4f39-afe6-a3ab285571f3,,,,openlibrary,0.0
631b9fb8-ecf4-4acc-a336-51495fab9507,,,,openlibrary,0.0
cb62b4d0-fd3f-4dee-b8f4-57b3ce95df10,,,,openlibrary,0.0
6f32311e-1bf8-4caf-959a-a89315f28508,,,,openlibrary,0.0
ee04dc9d-4a39-4f65-8354-2945e5a58670,,,,openlibrary,0.0
2326fd85-bcee-441f-aaaa-69b5040dbb1d,,,,openlibrary,0.0
c80f0c48-9503-4e98-b94c-b781d24b6d0b,,,,openlibrary,0.0
7c35eb79-7c0a-4b90-8801-8f5ed8aac11f,,,,openlibrary,0.0
31f12047-988b-4845-aece-b8c2e8926fac,,,,openlibrary,0.0
bc60ffcd-d546-4bd0-b217-e95705d61a97,,,,openlibrary,0.0
61877510-1d29-4584-87c2-139b7cbc3d7a,,,,openlibrary,0.0
671967c4-33d3-4e93-bf5e-f7961b2c32b2,,,,openlibrary,0.0
a45e685e-ec12-4acf-97f2-8a0ffb21f274,,,,openlibrary,0.0
4c6ac63c-7b3a-4041-99de-aebae8728b52,,,,openlibrary,0.0
53e9c397-da25-47d5-9047-6dece6a3cc88,,,,openlibrary,0.0
47024174-902e-4d8d-8908-b6805db9db5e,,,,openlibrary,0.0
0ce4cc00-6c26-4c08-b584-2535e64d9a04,,,,openlibrary,0.0
913583cb-49fc-450c-894c-e79f07400464,,,,openlibrary,0.0
505be568-fb69-4df7-b931-b62272b9d50e,,,,openlibrary,0.0
2378f978-dfc0-4185-94c0-01bd42bdd83a,,,,openlibrary,0.0
89c50ad3-2f73-4eea-a896-f63e4c6f3020,,,,openlibrary,0.0
8eb5652e-9e22-468e-bbef-1eda4d6fa57b,,,,openlibrary,0.0
73f28fd6-8e5a-4f7f-9a3f-c5f507730977,,,,openlibrary,0.0
31c48ba2-4088-4aa8-a56d-ec1af995b0ac,,,,openlibrary,0.0
e7703eaf-74d5-4f49-8438-b33dfb7ac4e4,,,,openlibrary,0.0
23fc1d01-6fc5-4e86-9bb7-1dbb1cf69f0b,,,,openlibrary,0.0
4df1d6b3-7305-4ebc-b94c-76a0cd8840aa,,,,openlibrary,0.0
dd1b4d0e-31be-4bcf-b6c1-660b75182328,,,,openlibrary,0.0
59db76b8-54e3-4e31-b0d7-f41ba0083dd7,,,,openlibrary,0.0
0358e58d-f63d-4c7b-94e4-637fe28f761a,,,,openlibrary,0.0
b1f7ef5c-3bb4-4b6b-8412-8f3c7fb4da2e,,,,openlibrary,0.0
0e2a8534-720f-4553-a2f0-7ff1cc4646f5,,,,openlibrary,0.0
e5750037-8c48-4478-a1bc-68b0280ee943,,,,openlibrary,0.0
33ae7e12-f0fc-4500-a358-5c616d14792b,,,,openlibrary,0.0
023b1a0f-7c10-49b7-9e02-615e6f5fc8f2,,,,openlibrary,0.0
07f209f1-3d10-4a84-aee2-0348b0d582fa,,,,openlibrary,0.0
4db30129-500a-476e-962d-6e948f17a372,,,,openlibrary,0.0
7e46abe2-a1fc-4a95-80f9-26dcdced4962,,,,openlibrary,0.0
40e8b89a-ed67-4be1-b55a-e86b395a7237,,,,openlibrary,0.0
6cbaa50b-dbf5-4e72-8b9c-fd231aa147eb,,,,openlibrary,0.0
9d7c4a76-0c5a-4098-9e39-4fca75559a92,,,,openlibrary,0.0
16158a49-7473-42d0-9d92-ac7fd45f758c,,,,openlibrary,0.0
57d497d2-e65a-4625-8d7a-c24dd30d1a5d,,,,openlibrary,0.0
c5d32f4a-f508-4e3c-8e2b-b751a78e940f,,,,openlibrary,0.0
b8332823-c2cc-40da-826a-432b7d9fcf63,,,,openlibrary,0.0
65f072e7-a00e-4513-bf29-32607cb16af7,,,,openlibrary,0.0
0dad4b2a-46fe-4fcb-9780-b4f8922d7af6,,,,openlibrary,0.0
d5e8f95a-1d0b-480d-80b7-7ef325da7e4f,,,,openlibrary,0.0
df691c5c-f2e2-49a7-9d77-575cd3cc0b89,,,,openlibrary,0.0
c18fb4a8-bf0a-4b95-bae7-d6cfb397f180,,,,openlibrary,0.0
a095c53d-4b74-4a71-a04b-3c009ec81306,,,,openlibrary,0.0
5bcf58ea-2a33-4e27-8293-092c7d20feed,,,,openlibrary,0.0
93f6b0c9-8add-48a4-8391-ee49acf07a80,,,,openlibrary,0.0
946b9037-1374-49af-a63c-4acfc850ab9b,,,,openlibrary,0.0
d88a3e9c-a85f-4dac-9eca-c73aaedb1d58,,,,openlibrary,0.0
a474e67b-a055-4d33-9cd5-e5aec6baa7ae,,,,openlibrary,0.0
676fe86a-805d-4d72-bca9-6c570d3c9a8f,,,,openlibrary,0.0
eaa0fced-1d1f-4c75-a320-d6071ab6c066,,,,openlibrary,0.0
0609991c-ed7f-4741-8884-108421022099,,,,openlibrary,0.0
896a39cd-08ef-461d-be31-d16fbf397897,,,,openlibrary,0.0
2ed6ee50-989d-4f76-b0ff-0fc00ed6b45d,,,,openlibrary,0.0
a9368edc-79ae-466c-8fd9-d0ce32fc2c89,,,,openlibrary,0.0
670f5717-1f36-4168-bfa6-d9ffb40b9468,,,,openlibrary,0.0
8333de55-6047-485a-a39f-e67cd33dffa2,,,,openlibrary,0.0
8b43e03b-9628-4729-b7d1-49376864e1c0,,,,openlibrary,0.0
8446ce9a-5a81-435f-8fa9-a61bdfec7361,,,,openlibrary,0.0
9a94849f-a1af-492b-851e-b0ad7ca9ea9a,,,,openlibrary,0.0
8c0eb47e-1e06-44a5-b8c6-ce1d0e35cc47,,,,openlibrary,0.0
8cc04ca1-6555-4aba-aea8-66a7b9800b65,,,,openlibrary,0.0
17a22975-bbd5-4c45-9b8d-212fc5957b29,,,,openlibrary,0.0
8b38e79c-1296-4ca8-a14c-d2a11ae5453b,,,,openlibrary,0.0
d1c26de3-25c7-44ff-b9ea-b366c5c91081,,,,openlibrary,0.0
d3601a5f-1e28-4323-8ce5-9885425d5bd6,,,,openlibrary,0.0
58c768d7-be6e-440f-b9d2-b4952c6f14e8,,,,openlibrary,0.0
2d42b94f-d52a-44c9-8010-699962a58207,,,,openlibrary,0.0
0af7cb6d-ebd4-455d-bb1d-0c9467f8a29d,,,,openlibrary,0.0
b246cb99-8253-4d82-98f0-cb96337cc186,,,,openlibrary,0.0
330003d6-4b8e-4670-8f85-c7dcf5bd359e,,,,openlibrary,0.0
faeca5c2-6a8d-469f-9b11-ef0988e88dfb,,,,openlibrary,0.0
0bd6046b-e3f3-4f27-b303-508cb94cf397,,,,openlibrary,0.0
7287bce6-19f8-46ca-bb36-7a2f3a4c23e9,,,,openlibrary,0.0
b29bbb25-ee37-4168-b21e-404552854bc1,,,,openlibrary,0.0
1c47c291-baf3-4b4a-9414-0ed7dd876982,,,,openlibrary,0.0
3a421d28-991a-48bc-a340-67199ab15c44,,,,openlibrary,0.0
a7cb0518-4d84-470b-95d9-2e76da90d4d3,,,,openlibrary,0.0
b4da35ef-46ab-4060-baf0-92cdcf0129b5,,,,openlibrary,0.0
bcdebb10-0f58-4002-942a-db29a0d4a24c,,,,openlibrary,0.0
2a3bd76b-b5c5-45c9-b1ba-aba977e669ad,,,,openlibrary,0.0
26c9a0a5-fe0c-4dcf-bf00-0e6fc588b594,,,,openlibrary,0.0
32ddc67f-822e-42db-96c7-f0e40fb19681,,,,openlibrary,0.0
46074387-00ff-4d9a-b6ce-ced2b7d2829b,,,,openlibrary,0.0
862bda6b-346a-48af-8631-076f41450aa7,,,,openlibrary,0.0
03eabaa5-4c0f-4a0c-97c4-ae4bc49d2930,,,,openlibrary,0.0
7a41fc25-9059-4c6d-a15e-e75a4108cff3,,,,openlibrary,0.0
e75702d0-1047-40e1-af64-020dae0d84de,,,,openlibrary,0.0
a32bfaaf-7951-4628-a1ba-99b1be49b0ae,,,,openlibrary,0.0
15d3c282-36c7-4ead-9892-5c8be39a9c8e,,,,openlibrary,0.0
c4f74e3e-9fdd-4860-919c-0e4a3f01744f,,,,openlibrary,0.0
767b7237-69ec-4878-a035-0389bba2459b,,,,openlibrary,0.0
b7df3a6e-344f-4977-8633-acb645689acd,,,,openlibrary,0.0
cdb22cef-26a1-4111-a433-df57dccfdee0,,,,openlibrary,0.0
66d63f02-fde4-40d8-bf48-fec41cb5285f,,,,openlibrary,0.0
387a3ff4-9e45-4699-be5e-9a8b23f20391,,,,openlibrary,0.0
ab373099-7a20-4d57-9b82-4f4f03d758f3,,,,openlibrary,0.0
b819a201-da2b-48aa-b033-301512b54855,,,,openlibrary,0.0
acef3c5d-412b-4a0a-b41d-087011727568,,,,openlibrary,0.0
b3ed7861-6655-437d-a386-627868746a7d,,,,openlibrary,0.0
03419974-abd9-45a5-bcbe-a9e188d3421b,,,,openlibrary,0.0
5e3634fa-092c-4c65-b82a-6c835b95d60a,,,,openlibrary,0.0
857f525e-40f8-45ac-bb00-d5d9b5b2b7ff,,,,openlibrary,0.0
db310cdf-78d6-480a-90a0-8920c0be9b77,,,,openlibrary,0.0
609bde46-a4b8-4267-b160-99c108269f8b,,,,openlibrary,0.0
3b39684b-f42e-4ab4-a131-26f3fd0cae27,,,,openlibrary,0.0
a30fa533-8f6f-4f56-9379-2fb4cb11a8c1,,,,openlibrary,0.0
bf4a5234-48de-43cd-9e12-a0120ce3623d,,,,openlibrary,0.0
c61b8d08-9898-41b3-8029-a441d9399439,,,,openlibrary,0.0
1b1c7734-500b-4d13-8e7b-2801617e4750,,,,openlibrary,0.0
dd6f0629-413a-40b4-8b42-439ad4d02d4a,,,,openlibrary,0.0
ee572037-c69f-45ac-9bb9-7f20964f7d28,,,,openlibrary,0.0
db48956f-0eae-4abf-9a39-7ac164ece178,,,,openlibrary,0.0
72ba0e86-58a8-479a-8f88-b30e26286a6f,,,,openlibrary,0.0
cf2a0ca2-1627-4646-852e-9d9e01d81137,,,,openlibrary,0.0
12c379dc-179a-4678-8113-b1d740576c53,,,,openlibrary,0.0
978bbb0f-2c80-42ac-bcec-7b6e282bdf2b,,,,openlibrary,0.0
abbc9d81-7143-4206-b2a7-e0d4f7f4afa5,,,,openlibrary,0.0
7b534b77-3764-444c-b309-ed481c57706b,,,,openlibrary,0.0
4952b878-4eea-42e7-8290-c46a2fe15303,,,,openlibrary,0.0
108c8acb-0e7b-4147-928e-f4605c51e7fd,,,,openlibrary,0.0
aaff8d91-4a8a-4498-b8bb-7e750868eb32,,,,openlibrary,0.0
114ccd2a-8dc4-4e10-9fb8-55cc068b695c,,,,openlibrary,0.0
43ad9fb8-0e94-466f-985d-eb4fc45c4ad0,,,,openlibrary,0.0
28ea527a-62b8-4079-b3b9-da49374ddd91,,,,openlibrary,0.0
f17b4e41-a046-4d94-a171-d7bc33c42e16,,,,openlibrary,0.0
26d5d0bc-a78c-47ff-8806-5ce681f37b40,,,,openlibrary,0.0
8d39292d-acf8-4b70-be88-fa3487dc8739,,,,openlibrary,0.0
ca11963f-287a-41c7-9223-6d1e44093dcb,,,,openlibrary,0.0
11a1c82e-b564-478e-9b2e-bec91fe7453b,,,,openlibrary,0.0
090fdf15-f47d-4733-bc21-1211ed96b5de,,,,openlibrary,0.0
a1ced57d-b6bb-4cd9-a49d-01c7dc49596c,,,,openlibrary,0.0
811593b2-0064-40d3-9152-30cc8ea080b1,,,,openlibrary,0.0
c56a032d-e3a2-46e4-a54a-6ee2317bffb0,,,,openlibrary,0.0
f5caabc6-6779-4c3e-9e55-3cfe0a8bdb16,,,,openlibrary,0.0
788aa328-d336-4b11-b2a1-c5ede3efb6dc,,,,openlibrary,0.0
5d35aed7-307d-4c46-8b07-ff4ada1d80a1,,,,openlibrary,0.0
3890f5de-8892-47ad-92da-0ca18776c1ad,,,,openlibrary,0.0
3d2e852a-9b2f-4032-bdff-d11b3f354be0,,,,openlibrary,0.0
c0a25327-bff9-4ab4-9fad-851b140a2202,,,,openlibrary,0.0
e4a28523-a957-43f7-be7c-fb7c39c0110a,,,,openlibrary,0.0
59f650d0-9f8f-4b82-b587-2a9b5363a315,,,,openlibrary,0.0
49554060-d1ed-4372-8da6-4680bcf5e865,,,,openlibrary,0.0
cbf3bfaa-2746-4eca-86b1-ad1f4dbb4f86,,,,openlibrary,0.0
53908019-83dc-4727-be84-134cefc1898c,,,,openlibrary,0.0
1875e625-caa2-487b-93f5-003294a2c74a,,,,openlibrary,0.0
c8b96474-9c54-4064-a84d-45735e46ec1f,,,,openlibrary,0.0
7d21a532-66ad-4bc8-8da7-151b45c20b36,,,,openlibrary,0.0
148efaf0-3e9f-4067-b373-81e7cc28138d,,,,openlibrary,0.0
381f2a9e-2054-4714-9045-3072078e43c5,,,,openlibrary,0.0
102acb9c-1df4-4bfc-9be3-92bf429056e8,,,,openlibrary,0.0
21318ed2-6061-4512-bda6-9af740b76d9e,,,,openlibrary,0.0
40b55e95-240e-4b5d-9198-4cc615725018,,,,openlibrary,0.0
8be7479f-3c02-44b1-823a-1a7a6c34f8fc,,,,openlibrary,0.0
00ccf3ee-2bc4-48ad-b24f-93eaf4a761f7,,,,openlibrary,0.0
66585331-3925-4efe-91bc-38e6e253b4c9,,,,openlibrary,0.0
d0a7bcef-06b6-4235-8ff9-ceedd4c6ca3a,,,,openlibrary,0.0
711e0fe1-c7a2-4518-90b4-7ecb1fb97d91,,,,openlibrary,0.0
edf3472f-f8b4-4e4c-84ed-421f5075b76a,,,,openlibrary,0.0
44543d32-8f5d-431b-9c91-60b4fdfbdba8,,,,openlibrary,0.0
7dcade87-000e-464e-8197-83ce2f0116e9,,,,openlibrary,0.0
829320a8-fa26-482e-b7c8-fa16f6821ac0,,,,openlibrary,0.0
78137dfc-a00c-4ff2-bb02-baeb804f5f10,,,,openlibrary,0.0
ca1d1254-a921-4da7-b74d-def4e4ab0b23,,,,openlibrary,0.0
8da24ddc-c02f-4bb4-989a-7aa031f48491,,,,openlibrary,0.0
86bf0faf-8a4b-4f44-9763-de570362a432,,,,openlibrary,0.0
1ca82dbb-c735-414b-9f7c-296fe77a28ae,,,,openlibrary,0.0
f2f12bba-52ea-4138-b9dc-d15f3ea27f89,,,,openlibrary,0.0
c7fc7096-47f1-40d7-88ee-4a13ef43be59,,,,openlibrary,0.0
fa7ea97f-ba36-4117-bd62-06918331937f,,,,openlibrary,0.0
c9ce1901-1032-4489-a53a-8c6dbe5ac123,,,,openlibrary,0.0
55456272-f6f3-4956-b61f-91cd4f427c67,,,,openlibrary,0.0
136d23d6-8292-4428-a48e-b7fe25ff2d56,,,,openlibrary,0.0
b56386de-fbb1-4707-9042-fd830d695f77,,,,openlibrary,0.0
21f92f75-80e2-4f1c-b178-f20756c7039e,,,,openlibrary,0.0
ec1c0ad0-02b8-4797-85c9-a63ff0473503,,,,openlibrary,0.0
7c51576c-488e-48e8-abdf-75ad72255137,,,,openlibrary,0.0
264f21c5-3986-4027-917e-ad86d373206e,,,,openlibrary,0.0
6c095a3a-7f8e-40af-8082-09f0ed1292c3,,,,openlibrary,0.0
26d0dcfe-7ba4-468a-94a9-dad5c1fba040,,,,openlibrary,0.0
2fdebc91-6bda-46f7-ade7-87c37995a1c9,,,,openlibrary,0.0
dbfeb8cb-a07c-4225-a31b-6d8f9f637c99,,,,openlibrary,0.0
cccca9da-aa18-456c-a420-555852a482ca,,,,openlibrary,0.0
630400bc-8ed2-4a14-a72d-752cb18e28f8,,,,openlibrary,0.0
00bf20d2-2715-4fca-ac4d-c9bba8b5cd83,,,,openlibrary,0.0
139045c9-2bb7-4a1b-a155-4c8b14272a18,,,,openlibrary,0.0
e5627e63-80dc-4985-aa1d-aa3a3590b91c,,,,openlibrary,0.0
2cdee668-d35b-4f06-bd5f-63e7bb00e9b5,,,,openlibrary,0.0
65ba15b4-a78b-4d94-a503-b9ddc2b55e0f,,,,openlibrary,0.0
89680c3a-2082-4ebb-962c-2f44d3d9327a,,,,openlibrary,0.0
544a12f0-0c69-440f-b95d-b88549883773,,,,openlibrary,0.0
3b65c287-8246-483d-98c3-904ccbbf49d2,,,,openlibrary,0.0
48a3ea65-7679-4b9d-878c-46a5830563ff,,,,openlibrary,0.0
08786eb7-2d86-40ed-9e30-5b0190a6a6c4,,,,openlibrary,0.0
98b84e66-981a-429c-94dc-0ec54541d3e4,,,,openlibrary,0.0
5ac4887f-d5f2-4d37-9c92-fd23f071683b,,,,openlibrary,0.0
69161bca-684c-4717-aa23-f33a47bfabdc,,,,openlibrary,0.0
50915b05-6bac-4c6f-bd3b-f8d8ceceeadd,,,,openlibrary,0.0
99848b1d-58fa-4aa9-aa99-73332e7486a5,,,,openlibrary,0.0
dd6a027e-354f-40f1-89d2-2740e482545d,,,,openlibrary,0.0
0d7a8b0f-24c5-4b08-b93e-2317fee1985b,,,,openlibrary,0.0
c88146eb-f5c6-4607-833e-5cabadfc4eff,,,,openlibrary,0.0
c5411578-a10c-456f-8924-1f7505793550,,,,openlibrary,0.0
d5fad560-3340-4bc4-ab28-97ecc5893637,,,,openlibrary,0.0
59eacfbe-454a-4e38-9bf7-51d3b1716bc5,,,,openlibrary,0.0
9a83eb82-7588-4b61-89bd-6b3a9d0a865e,,,,openlibrary,0.0
f9654f9f-01c5-4d36-adb4-2c2d1301ed78,,,,openlibrary,0.0
34b88540-4072-45cb-93e2-6bec4fa12f6f,,,,openlibrary,0.0
e33c8f46-a171-4fda-9e39-ff42f9bc2de0,,,,openlibrary,0.0
8dcd8e4e-7a40-4da8-945e-e0fe56b16d14,,,,openlibrary,0.0
28d62ce8-c0d3-4e1b-8fda-c2864880ff2a,,,,openlibrary,0.0
017306ac-ddd4-4170-b52e-120025ee7a9e,,,,openlibrary,0.0
358d639f-c42a-4f42-afbf-866908f8fcd2,,,,openlibrary,0.0
208754ae-0543-48d9-8733-36e9613fdca1,,,,openlibrary,0.0
6af08dc1-f48e-433e-9a9f-b161abe7af83,,,,openlibrary,0.0
51bc8bde-58bc-4f2b-afa1-e0fed03ea789,,,,openlibrary,0.0
888639b5-dae6-4651-b987-f343a482552e,,,,openlibrary,0.0
2132102e-75b8-4d57-8fa5-f94cb704057a,,,,openlibrary,0.0
426197ea-7f7c-4241-b374-b632a1d4630e,,,,openlibrary,0.0
f4d1fc7e-51f2-4f57-b46b-8c9453f3aa65,,,,openlibrary,0.0
339d14fa-48f9-418b-9d3e-72e807aa7014,,,,openlibrary,0.0
d3b10007-9600-4c6b-a8a4-28f81ed971c4,,,,openlibrary,0.0
63e9d6ea-6d10-4297-902c-c251ffac7036,,,,openlibrary,0.0
445c0fde-2d5f-4e13-9ac2-b684c0f534da,,,,openlibrary,0.0
0a20adf2-4206-46ce-82f0-40c87c3250cd,,,,openlibrary,0.0
5d9b965d-cefb-49d2-a733-bf1bfd20a118,,,,openlibrary,0.0
05c822c9-4cf4-438a-82af-c2dabefe0906,,,,openlibrary,0.0
21fbabf0-b3d8-436e-a02a-7c43d38c1613,,,,openlibrary,0.0
e22fc24d-47ff-40ee-8c8e-31dcb3b402ba,,,,openlibrary,0.0
a96b09d3-41f9-41fd-b359-bdb85fefda9c,,,,openlibrary,0.0
0b5f5f64-c218-4312-a145-d54a5f2f96e6,,,,openlibrary,0.0
bcd4353a-56ae-47cf-a6b6-9ef3bb9eedaa,,,,openlibrary,0.0
cea94be5-2e5e-4632-a930-5d976c7ca170,,,,openlibrary,0.0
da138c33-ad86-432e-a055-7978e0fe96a7,,,,openlibrary,0.0
202f9db4-454f-4c07-a4ee-f0c210afe797,,,,openlibrary,0.0
8bd62de4-a8e1-47b6-928a-113f86f2a259,,,,openlibrary,0.0
98c0e93b-2619-4981-b23f-46b715772c05,,,,openlibrary,0.0
9c3dda74-301b-497f-a670-9a99081945f7,,,,openlibrary,0.0
0f8adbc4-c6e4-44a3-b9d5-f5869a56c66e,,,,openlibrary,0.0
1e675c41-6ed7-488c-97bd-081315a2a007,,,,openlibrary,0.0
97c46f20-9d4f-4f68-9ad5-654c76cbac2b,,,,openlibrary,0.0
9b50ccef-1d81-46af-9f1b-a1b38651607a,,,,openlibrary,0.0
8d320d67-1fed-49ce-80be-eeab9852b2fc,,,,openlibrary,0.0
5dd5dcf9-e129-42f2-bf46-fa09505101de,,,,openlibrary,0.0
66f97fcf-7c86-4174-a748-ff64676d7439,,,,openlibrary,0.0
69a7dc83-a7e1-472e-a878-740f50fce7b8,,,,openlibrary,0.0
adb700f7-7420-489e-9b7b-dd9408eeea5b,,,,openlibrary,0.0
d4a72af0-e19e-4a5c-95ab-4c325ceb310e,,,,openlibrary,0.0
2bee1683-4b5d-4fb9-8b05-90dad8602551,,,,openlibrary,0.0
a0a2f4b5-1202-4b0c-8f60-b7845e8315e4,,,,openlibrary,0.0
ac3458eb-bd7c-4f91-8858-592dbd900acf,,,,openlibrary,0.0
fdf564d5-84db-4ede-962e-79aa244f656a,,,,openlibrary,0.0
80366d4b-e58e-4dc5-abe2-e89c81078fb9,,,,openlibrary,0.0
0d9713fe-8ec1-498c-bd67-641325c67755,,,,openlibrary,0.0
cb333dab-3eda-4a55-b790-f404ce670fce,,,,openlibrary,0.0
f465e12b-9098-4f94-8dc3-f6b4b554072a,,,,openlibrary,0.0
994a89bd-c2c2-4caf-aa5f-478cbaacad1e,,,,openlibrary,0.0
4e8c233d-cbdf-4709-9cfa-c7d078942f90,,,,openlibrary,0.0
7078dd02-44c7-4aad-9ec4-782f1b771285,,,,openlibrary,0.0
c0b4dc04-66fb-41f8-b06f-c979a927e4ff,,,,openlibrary,0.0
a36727a3-86ef-47ad-9e1e-af4e09a0cc61,,,,openlibrary,0.0
de4da572-7aa9-4156-aa8e-b32204386ff6,,,,openlibrary,0.0
a69910c1-a18f-4c81-b4fe-5c7b4adf69a1,,,,openlibrary,0.0
d3348669-ec58-48d3-8ffc-839d91372d94,,,,openlibrary,0.0
93f3fe9e-244b-4dc3-8def-092c4d1e3f3c,,,,openlibrary,0.0
af69d03d-972b-4bcb-ae19-daa9e1433805,,,,openlibrary,0.0
a9eaef01-6d3a-4fee-b006-4d146c55ee58,,,,openlibrary,0.0
883707ab-7528-4ae2-8f3d-3a47058561aa,,,,openlibrary,0.0
dc3ce81a-dcf0-4b76-8ce9-7b22b611cbdc,,,,openlibrary,0.0
7cea2cdd-9ae6-491a-b206-64b85a69f8f1,,,,openlibrary,0.0
42600a78-7170-4e9c-90f3-5c68a264f75e,,,,openlibrary,0.0
598021de-9a9a-48b1-97f8-c1ec1c986418,,,,openlibrary,0.0
65b4d33f-3573-4f80-be3a-6ae1e496fb22,,,,openlibrary,0.0
a49b5141-0e7f-41df-bee9-f5cbb15d03c9,,,,openlibrary,0.0
92425667-bb99-4917-80e4-8f2503e3de1e,,,,openlibrary,0.0
3e65717d-825e-4c6d-8815-337f3e695882,,,,openlibrary,0.0
53b5294b-66c0-420d-a06e-968a79b9e973,,,,openlibrary,0.0
b68f3cd7-47d8-4ed9-96cf-86f588b2be58,,,,openlibrary,0.0
700c5406-2663-42f8-8f5d-1ed4691e2837,,,,openlibrary,0.0
e9688e46-faa9-4d9e-823b-6841f1d60952,,,,openlibrary,0.0
7f864975-5756-4726-9126-788a1412c885,,,,openlibrary,0.0
ac2d9ee0-37fa-4206-8f13-6b44ec24f365,,,,openlibrary,0.0
c726ec52-cfea-4870-8513-b5fc7617918b,,,,openlibrary,0.0
eba65a89-e940-4575-b197-ef0a1ad7d31d,,,,openlibrary,0.0
29adda81-5c93-44a8-ba73-61de8c1b2c99,,,,openlibrary,0.0
369a1371-4ea7-4812-98af-f4f0a1e6403d,,,,openlibrary,0.0
9b6b532a-a76a-40fd-acad-dcf8f3b21c19,,,,openlibrary,0.0
285650d0-6ff7-45f6-946e-39b018b907ce,,,,openlibrary,0.0
00acaea3-0a28-481d-b693-7a3c4d4cd8ca,,,,openlibrary,0.0
2554ab9a-171c-43a6-a0b9-ce4b95eef22b,,,,openlibrary,0.0
4f3e74bc-0fad-47aa-ac72-2200f07564c5,,,,openlibrary,0.0
03a9baf5-3fcd-4cec-81d4-b6b9d59e83a2,,,,openlibrary,0.0
b66a81b4-290b-4ce3-95cd-a0ff45d60b8f,,,,openlibrary,0.0
0d6e9db2-23ec-4b33-a6bb-4a56aa365c7a,,,,openlibrary,0.0
25dfe62f-d111-4350-b430-448672cd14cb,,,,openlibrary,0.0
a7c0602f-4f98-43f2-a463-c5f09d12ff63,,,,openlibrary,0.0
d923d2d1-e983-4c2e-b079-5860fbd65df0,,,,openlibrary,0.0
d07df306-dcc8-47a4-869c-13302e5eef42,,,,openlibrary,0.0
118a0ad6-58a6-4034-99a8-0fbf985244cd,,,,openlibrary,0.0
78007928-509a-44e5-8b69-75425109fd5d,,,,openlibrary,0.0
ef77ccf6-1e3c-4ab6-9da6-014ca483700c,,,,openlibrary,0.0
4a7cb0a1-0af9-441c-9ef5-8eabf98a25f6,,,,openlibrary,0.0
e14197a8-e64f-4b3a-9c7e-512c28aea268,,,,openlibrary,0.0
81b92ea3-4bdc-4410-bcdc-cf9ba0384d14,,,,openlibrary,0.0
ca0feb0a-8e72-403e-adcb-9a9381f0eb22,,,,openlibrary,0.0
e6f0a043-1e6a-4323-9edf-910e9f5e780d,,,,openlibrary,0.0
f5c763e3-94c7-4c46-80d5-7e64ed37f326,,,,openlibrary,0.0
538991a7-ec9e-4c14-9d19-7377607d5c48,,,,openlibrary,0.0
40c00e11-80ac-4e1f-b43e-70f2033f22b5,,,,openlibrary,0.0
4596f423-af7c-4e9b-b976-9c521b888d8c,,,,openlibrary,0.0
fba9ba4c-d976-4576-838e-3b3a8a63c238,,,,openlibrary,0.0
04b17a9e-dbb2-428a-b183-b3cbc04f87cd,,,,openlibrary,0.0
0267aa7b-a5ac-4043-9dfe-661db340645b,,,,openlibrary,0.0
d50c3bb2-2eaa-4600-a382-1de0ecfd8df2,,,,openlibrary,0.0
73bc5b6e-1d04-46a6-b1e9-24d7c3242c73,,,,openlibrary,0.0
8fd78ec0-0875-45ec-b2fb-9fa808715301,,,,openlibrary,0.0
e9bf2442-d369-4161-ac85-93085c418af8,,,,openlibrary,0.0
87700024-6189-4f64-ad4c-a58713b8daa3,,,,openlibrary,0.0
c93f4eb7-bf63-4cf0-afb9-c25211ad77b8,,,,openlibrary,0.0
e814c973-1c87-4448-8f0f-b8435d939142,,,,openlibrary,0.0
c7d125d2-7608-4a4b-9062-767031622183,,,,openlibrary,0.0
73bd36dc-b005-48a8-af4d-37b48acfeb67,,,,openlibrary,0.0
fe401771-1cdc-4081-94de-4cb6c6ef77b0,,,,openlibrary,0.0
0750a982-6fee-4962-8b57-ba9c0872843d,,,,openlibrary,0.0
7eb14949-8d70-4223-bcfb-0804a5322cb0,,,,openlibrary,0.0
9dd7e7be-0fd8-4c62-bfab-452ee731dd7a,,,,openlibrary,0.0
12f65d68-57a4-466d-b444-2fd54aa5ae30,,,,openlibrary,0.0
87cf6988-38c0-4618-8fb9-51d6ace512d5,,,,openlibrary,0.0
c5eb7780-a9b9-490b-9b90-d7b80cd8988c,,,,openlibrary,0.0
7de0002a-15dc-4451-961f-1ef2d973c8a5,,,,openlibrary,0.0
181939bc-af79-4b8f-a4f6-b2f38a28ee14,,,,openlibrary,0.0
bb724439-7ff0-49c9-8065-d233a52ab63e,,,,openlibrary,0.0
6c9fe2e4-985e-4ea6-a290-20a2e37c8c0c,,,,openlibrary,0.0
b275fd00-0f81-4bd6-adaa-ddf050b2291b,,,,openlibrary,0.0
5024f554-2817-471c-b566-aff9d532af27,,,,openlibrary,0.0
e44ed802-a9e2-4d80-b753-36a9e9ff6c64,,,,openlibrary,0.0
ab02d767-f14c-42cd-bf26-ea3b3eccb77e,,,,openlibrary,0.0
47c10af6-81bf-4dc0-a7d8-fdbbfa4ff3aa,,,,openlibrary,0.0
4810589a-7a3a-4569-be94-051edad5c66d,,,,openlibrary,0.0
77cf1173-0d1e-4b54-8c14-c692e378989c,,,,openlibrary,0.0
23c3919a-b21d-4188-aefe-9049bddd4081,,,,openlibrary,0.0
d06368fe-dc6e-4c94-8641-f676ef22e2f0,,,,openlibrary,0.0
f95f4ca2-be0a-4c2f-9038-46bbc3a7bfd6,,,,openlibrary,0.0
1546a2af-2b9b-4b31-9561-d7d56a4d3275,,,,openlibrary,0.0
f11bc6f7-d590-4232-a51a-c78238caf632,,,,openlibrary,0.0
d372d43e-c557-4bad-a88e-6d3f702df4d9,,,,openlibrary,0.0
57fdb2ce-612b-4eff-9139-708744d46159,,,,openlibrary,0.0
3aa255fd-0c09-4ac5-baf5-25ca1506b4a1,,,,openlibrary,0.0
485170e0-3570-4f1c-9eaa-79b9b32db7c0,,,,openlibrary,0.0
937feb44-bf5e-435c-9a11-a3b5bd3f0d9c,,,,openlibrary,0.0
bca6446a-5711-436b-ac4c-7af5cc49ee80,,,,openlibrary,0.0
b7425b9c-ec23-4126-a764-89e30f5074dd,,,,openlibrary,0.0
b5654b7d-5103-4e8e-887c-4290576b4064,,,,openlibrary,0.0
4a42bbe4-789f-497f-b7db-3b0ddd3ad79c,,,,openlibrary,0.0
4a33a73b-ae0f-4679-b863-60b1cb115b1f,,,,openlibrary,0.0
8e875dfe-520b-49b0-a50a-9156cbd87482,,,,openlibrary,0.0
1eb2ab82-f2cc-48a6-a2af-1487d59895b5,,,,openlibrary,0.0
2a4b20f2-7020-4434-abc2-e4554329c848,,,,openlibrary,0.0
d5e75274-c647-4ad7-b32e-ffb656688655,,,,openlibrary,0.0
7ad65aaa-3ec9-4417-a626-5be30cda1673,,,,openlibrary,0.0
dfe9c14a-d0ef-4458-98a5-1bb1df700251,,,,openlibrary,0.0
5460bfa7-cdc4-4e5a-82eb-9023d44ae8d0,,,,openlibrary,0.0
a4a4ff6c-83cc-4e75-be57-573069d5ba32,,,,openlibrary,0.0
a7a5f276-f208-4825-bbfb-f71c8dd01580,,,,openlibrary,0.0
920af0f9-6965-4056-95fb-488216f17713,,,,openlibrary,0.0
c5e95a36-dc34-4f18-8eed-f40bc6ce834a,,,,openlibrary,0.0
0f6943b2-1ebe-4487-9072-c6a3b16226e6,,,,openlibrary,0.0
8ce93e11-7aad-417a-8cd5-746562fd47e9,,,,openlibrary,0.0
9ab31322-0d5e-4ed9-b4bc-bc10c3cff9ec,,,,openlibrary,0.0
c440864e-1436-4a13-95f3-18740fabc832,,,,openlibrary,0.0
c322ffd3-880b-48df-945c-deb8377e374a,,,,openlibrary,0.0
b9cd2e66-1acf-416d-8926-c5dfb250ad1b,,,,openlibrary,0.0
e09da971-a987-43cf-8bd9-294072cb09e0,,,,openlibrary,0.0
d100fe05-9efd-48c0-a33d-8cb3e67c8707,,,,openlibrary,0.0
702ba28e-eb3a-4949-99d0-4aeedd711bd3,,,,openlibrary,0.0
e646fc67-2958-4c66-bfb5-4c2ae3c40087,,,,openlibrary,0.0
4cf50b9b-1865-46eb-8a21-71685fb6a89a,,,,openlibrary,0.0
b200e4f6-8344-4038-adec-f38d416bad12,,,,openlibrary,0.0
5fc35446-99bc-4ec3-a1d4-69fe06068fea,,,,openlibrary,0.0
975a2098-97b2-4739-b96a-3ba380e6dd06,,,,openlibrary,0.0
50095dd9-5f9d-488c-ba0c-3938c3e328ad,,,,openlibrary,0.0
720a4910-e5f2-4cf8-bf7c-b60dac25a34d,,,,openlibrary,0.0
eb823147-bf33-40cd-a57b-2e97c8a205be,,,,openlibrary,0.0
156ac0e6-984a-42d4-b180-02cf2f271405,,,,openlibrary,0.0
17f5ba9e-8900-49de-8186-c1904c3884c0,,,,openlibrary,0.0
433fc591-c62f-4297-b1b1-c49e3b4ecdcf,,,,openlibrary,0.0
f89a8075-3d2b-477c-861b-d95700e3bf3f,,,,openlibrary,0.0
cc7aac60-4a36-4bd0-a12d-0c6378def92f,,,,openlibrary,0.0
b437a092-ddcb-41aa-86e5-2afbbde9330c,,,,openlibrary,0.0
ec06479c-5c42-4e16-8d40-053cd9abcc6d,,,,openlibrary,0.0
0a57a40a-8449-491e-8b58-a8f247004366,,,,openlibrary,0.0
430a5341-6e5a-4637-b3e9-5bc1aa2060dd,,,,openlibrary,0.0
dd17896c-ba44-4e22-8ec4-d6ba47759c27,,,,openlibrary,0.0
55cddff2-b574-42cc-93fc-20e84945cdbb,,,,openlibrary,0.0
76e4843f-09ec-424d-a601-b26b5ac62afb,,,,openlibrary,0.0
70c5bd5b-70d9-4423-ab4c-667b27e1c542,,,,openlibrary,0.0
61076fc8-8dfc-478d-ab01-326d504b0131,,,,openlibrary,0.0
72a4876a-4835-4853-9edf-0537449d034b,,,,openlibrary,0.0
c5c54ad3-07a2-4221-b24c-078cf01472a9,,,,openlibrary,0.0
5df6b381-27b8-4fc6-96ab-c7292a7f024c,,,,openlibrary,0.0
c94201e2-c52a-4c3f-a2e9-b285be7323b1,,,,openlibrary,0.0
8ed9f629-0702-4633-bd4a-d182e9693229,,,,openlibrary,0.0
3189b101-9009-4e13-8496-d914e1bfffc1,,,,openlibrary,0.0
73eb2d87-bf4c-4e01-a868-72fe4ee110ee,,,,openlibrary,0.0
d540fe37-75ff-4d10-a835-83783a292813,,,,openlibrary,0.0
2110c899-fb1b-4773-bff4-9916590fe8d0,,,,openlibrary,0.0
07a9d127-1cd2-44da-9ade-190bbba27ff4,,,,openlibrary,0.0
27532b3c-2252-47fb-b1df-02ef3f719b4b,,,,openlibrary,0.0
a2a0fe37-1b31-4a34-b21b-a8f5db7a172c,,,,openlibrary,0.0
29598680-6643-4629-909f-bdffccfd2171,,,,openlibrary,0.0
3867ba8c-dde1-4ffd-92ad-94a55372888d,,,,openlibrary,0.0
7951b8e1-0993-4882-a085-280c7f085063,,,,openlibrary,0.0
507842f8-804b-49e3-95f2-9891729fa490,,,,openlibrary,0.0
e56a8ef1-4025-4848-80d1-42de9fbc4c06,,,,openlibrary,0.0
d588111f-ff05-475e-9084-24e7c2225b9d,,,,openlibrary,0.0
bc01c6b0-9cf6-4018-8a3b-e6521406d6bc,,,,openlibrary,0.0
19ba99ec-7915-4e38-a44c-ef4f61de27f1,,,,openlibrary,0.0
1b67dda9-d034-4e40-a5e2-5dfe6c7340a2,,,,openlibrary,0.0
3f1534f6-e09b-4011-9210-2deed161388a,,,,openlibrary,0.0
e4bae100-5d1d-4641-ab6a-6268465537ba,,,,openlibrary,0.0
b52d204c-920b-4169-abbd-f54d804b498a,,,,openlibrary,0.0
90d44149-04d8-43a4-90a9-1ad20391651d,,,,openlibrary,0.0
77c54922-4911-49d3-aa5b-ce7d49e1495c,,,,openlibrary,0.0
e5063766-f852-4ee5-8fa7-9d4bf4852669,,,,openlibrary,0.0
6c6e1066-061b-40bd-a495-9c73e58769d4,,,,openlibrary,0.0
d2a1292c-324a-40a4-8669-0210c6e49b97,,,,openlibrary,0.0
cafc30db-fbec-4b4c-899a-0a61de1d258f,,,,openlibrary,0.0
9ad71cc9-8833-43df-9ec3-a87b62bbe78f,,,,openlibrary,0.0
7dee09f7-8ccc-47e4-9543-89ffeecd2fc6,,,,openlibrary,0.0
34ffed52-bef2-456c-9576-d3ee38dbbc35,,,,openlibrary,0.0
fcc02ba6-5921-4b69-88e9-ae0184e06096,,,,openlibrary,0.0
1a16265b-1284-4718-a9fd-f7e11eff2eac,,,,openlibrary,0.0
f40c4ecb-c968-4442-937c-eb2aa2bee96a,,,,openlibrary,0.0
3863c9b1-5ff4-4cbc-8d5d-c05733ec9a83,,,,openlibrary,0.0
607ca103-dae2-47a5-8ad1-e1cd49f19ae3,,,,openlibrary,0.0
a8d83046-31b3-4689-b89a-58585ab911c3,,,,openlibrary,0.0
31ca6545-3e81-4231-be60-971facd09e46,,,,openlibrary,0.0
927f620a-a532-4506-b849-f544384021fe,,,,openlibrary,0.0
03c44152-183b-4b07-a058-d44b29dc6738,,,,openlibrary,0.0
11ef4896-8163-4f61-ac17-f9c023a9d300,,,,openlibrary,0.0
33db72e5-bb1b-444a-9d9d-2e0445b8929f,,,,openlibrary,0.0
07477a01-6a05-4ef8-84e6-a80f411e3deb,,,,openlibrary,0.0
612c8b10-f2ef-47e4-9ff2-a6c8677dd376,,,,openlibrary,0.0
9c84af39-528a-44e1-b2f3-1140a7f73595,,,,openlibrary,0.0
8dfeb200-a7bb-4fbc-bce7-4204a2f4d1d2,,,,openlibrary,0.0
3184b5bc-ea99-4b6e-8030-521f90b06006,,,,openlibrary,0.0
454f109f-8cc3-4c5a-b809-7dfd359e9fb4,,,,openlibrary,0.0
ab6e1798-912f-41e2-a531-3845c9a8f5f4,,,,openlibrary,0.0
de124d87-c4a5-4d27-8db0-a2be306cf594,,,,openlibrary,0.0
c591fed4-85b1-4a54-ae70-24a3e423ad5c,,,,openlibrary,0.0
bb9bf689-a2e1-459e-90dc-7c63e0eadc3f,,,,openlibrary,0.0
1f239641-51f4-497d-8187-02162458d141,,,,openlibrary,0.0
f8789d0b-9904-4ca2-9cf9-d2f9d0f6562c,,,,openlibrary,0.0
40a74ab7-a652-45c1-af9e-68c68a21d8eb,,,,openlibrary,0.0
8ba847d4-6fda-442f-8c1b-cbe590ed2d8a,,,,openlibrary,0.0
de67b120-b5b9-4aea-a6f8-21d7532066f6,,,,openlibrary,0.0
c3da4121-4884-4d13-959a-c8364452348a,,,,openlibrary,0.0
ba31b872-d4d6-4cad-9497-7645aa49eeab,,,,openlibrary,0.0
78eb5c8f-d1c8-4f28-b7b1-44c1235c6f4c,,,,openlibrary,0.0
d7d49218-4914-4c07-83a3-d24166a6f317,,,,openlibrary,0.0
f29e1e14-7691-466a-9356-e08bb15adcb5,,,,openlibrary,0.0
0a14a27b-a01d-4ce3-a0e8-bdec5aeb4d2f,,,,openlibrary,0.0
c78c441c-9150-4398-ac6f-2437ba33ef1d,,,,openlibrary,0.0
c4a3b0b8-61c6-480d-a323-f7804f8b06b9,,,,openlibrary,0.0
bee9f843-eac7-484c-8b3b-70467eae70a6,,,,openlibrary,0.0
8ce44195-f18f-4ff6-914a-532088583ea9,,,,openlibrary,0.0
bf62836b-0669-4bf7-aca0-4889e006f4b1,,,,openlibrary,0.0
5db68bbe-d4c0-4e3e-8838-30c50ee34e28,,,,openlibrary,0.0
2664de96-37f8-43ad-b966-bd447badc57c,,,,openlibrary,0.0
d9322539-3d66-41b8-b651-d622d14a5147,,,,openlibrary,0.0
1c150967-1880-4427-bbe0-828069c6c069,,,,openlibrary,0.0
3f79a88f-9d27-4737-b883-a47eda2fb3e2,,,,openlibrary,0.0
370ae0c8-18b1-49ac-8804-d1b68d75a0d8,,,,openlibrary,0.0
68e1bea1-75a4-46b2-a4a9-f945b7168091,,,,openlibrary,0.0
2e7ac3a6-32b7-4b4c-9bb2-94ad1ef9d514,,,,openlibrary,0.0
3258a90e-c6d2-4ec7-ae0e-6b9b6e2d2db8,,,,openlibrary,0.0
8474f1e3-8769-4507-b618-52c7c89471d9,,,,openlibrary,0.0
f58d96e9-d012-4a4c-a90c-f1fc9b06f6b7,,,,openlibrary,0.0
6a6725de-fd47-439a-946c-1c969c881cec,,,,openlibrary,0.0
682a1ad0-1479-458e-8298-7a2a1f6a8aa9,,,,openlibrary,0.0
baab46ff-2903-4430-bac0-cc7ac65fe53c,,,,openlibrary,0.0
d0aed265-7894-4009-bec3-262358258641,,,,openlibrary,0.0
f956d7b2-12d8-4558-aab7-0aeff9327717,,,,openlibrary,0.0
48a37145-565e-440c-b914-34de99d13e55,,,,openlibrary,0.0
e08d1ca6-bca8-4727-835d-9d0d7047c294,,,,openlibrary,0.0
f2e93d29-61c3-4ad4-9711-a8842f1e80ea,,,,openlibrary,0.0
30d7496a-fb11-4826-9de4-84740b92282e,,,,openlibrary,0.0
769dccc8-874d-4e82-b643-b3846bf9d90a,,,,openlibrary,0.0
8f5e26f4-58d3-48f3-8e74-e242a0903e6a,,,,openlibrary,0.0
81ae436b-836e-4562-8db3-a347b0f264d7,,,,openlibrary,0.0
4654e1aa-da27-4f1b-bd0a-fb6722118eff,,,,openlibrary,0.0
91063a55-c35b-4f95-b1ad-c26a7739e040,,,,openlibrary,0.0
99710644-bf19-423d-943f-e103fa3d6f58,,,,openlibrary,0.0
f143b761-55fa-4524-838b-f082cf6a39bd,,,,openlibrary,0.0
aa754541-09f0-49c1-8241-f0796007d1af,,,,openlibrary,0.0
bdb05310-b007-4a89-a014-b021965263b3,,,,openlibrary,0.0
a1bd8a95-873d-43ff-9245-73ca3e15e632,,,,openlibrary,0.0
9c010459-0b05-4af6-9b0e-484feb9bc208,,,,openlibrary,0.0
dc2b3cd5-b862-4888-ab07-90c409c21e5b,,,,openlibrary,0.0
b17422e1-d0e9-4072-9e68-c8abf22d2420,,,,openlibrary,0.0
567470d0-0ec1-42c3-a25e-484f4856c7c4,,,,openlibrary,0.0
4e5d5ff0-66f3-4a52-a9ca-a3a6942b28a2,,,,openlibrary,0.0
dffeab12-0ecd-4439-bc16-66e3c6e55ad8,,,,openlibrary,0.0
9c395080-4607-4d87-a06d-e39df8f66173,,,,openlibrary,0.0
f0d3d755-faa0-4c24-94ac-a1d47ee9d58b,,,,openlibrary,0.0
7ff1549f-f47d-49e3-8f9c-fb91e9a07f04,,,,openlibrary,0.0
951b9c1b-86c9-4e51-b9b4-4ff5274214db,,,,openlibrary,0.0
2953d7f3-0da1-4ab4-9ecd-8612e19a2ccd,,,,openlibrary,0.0
99ad09e1-6ec4-48dd-a611-668538b8b5e0,,,,openlibrary,0.0
3972763e-6dd5-41b4-a4fc-5d032f0cef2d,,,,openlibrary,0.0
9bc4fd95-396d-45e0-b7a3-839065dc65ae,,,,openlibrary,0.0
874a6eb9-2724-47dc-95b2-3dde3fcc0e67,,,,openlibrary,0.0
88e062f5-5400-488b-84f6-38edd8b2d56c,,,,openlibrary,0.0
751ffa54-50fb-49e5-8d4d-fa04aeec4727,,,,openlibrary,0.0
f89ca83f-1681-4fce-a1f1-e091db319a9d,,,,openlibrary,0.0
550a8051-ff8c-4003-9cc8-7f0b4d5bf6f8,,,,openlibrary,0.0
95b7d4c1-3b14-4e71-93b8-9a44327354aa,,,,openlibrary,0.0
c54f7a86-421b-4d4d-963a-e8ad5afe534f,,,,openlibrary,0.0
1185f68d-c679-447d-9839-5a9f7e799548,,,,openlibrary,0.0
1849e120-cfe4-4e6d-b049-98c7dc7be83d,,,,openlibrary,0.0
a24bda83-ad45-41c3-8562-09eb08ba9bfc,,,,openlibrary,0.0
4436ae3c-e706-4195-b2bd-cee1b18e93f4,,,,openlibrary,0.0
9902417c-9c61-41ca-8c6d-cfd0d776a3b7,,,,openlibrary,0.0
05d2f2da-6447-4699-869f-aa690a0f89a8,,,,openlibrary,0.0
14a0037d-02c5-4dd9-9241-fb1042b64c9c,,,,openlibrary,0.0
c7e69fc7-f4a6-4f46-9855-5af165263f83,,,,openlibrary,0.0
4917e90c-b16d-4739-b388-04cf7653a099,,,,openlibrary,0.0
663f527f-af10-4e1b-95c1-9964eb6692c1,,,,openlibrary,0.0
27d3a372-2135-4897-ba72-93cad7c77e3c,,,,openlibrary,0.0
cc1fdc31-5261-4b8f-8799-3807b1788438,,,,openlibrary,0.0
cc0cb094-3c41-4af0-8f2b-b7c86227a65f,,,,openlibrary,0.0
ee67ee2c-9d4a-4152-a8e2-e4f87a30b32c,,,,openlibrary,0.0
6a006957-e11f-4bd6-a9fc-8db954aef882,,,,openlibrary,0.0
99087acc-4865-4c77-9ec7-55b96fd3d460,,,,openlibrary,0.0
74e640c7-9950-4cca-930b-29cd143915e9,,,,openlibrary,0.0
b2d662c2-711b-48e8-ae9e-0bd84e767951,,,,openlibrary,0.0
83663ac5-fd26-45dc-bd85-1fe99a10e25b,,,,openlibrary,0.0
2156b0c4-3a86-4a65-877e-9ff52744730e,,,,openlibrary,0.0
0810b13c-0028-43df-8a45-a27a6a20bce9,,,,openlibrary,0.0
bbc252cc-8af9-4501-9f97-0684917793bf,,,,openlibrary,0.0
831bf790-af58-4522-b4c8-cbbb40f5efca,,,,openlibrary,0.0
6f8cd20d-df90-4923-8644-8b0a5191dd89,,,,openlibrary,0.0
d76ef97c-3c97-409d-afde-08189d76fa4c,,,,openlibrary,0.0
d220cc92-5167-49c5-93ed-3c61521ab43a,,,,openlibrary,0.0
e6099126-2616-4cc1-9c30-50e266f7650a,,,,openlibrary,0.0
26b3e76c-26e4-4c4e-a950-19b7c638affe,,,,openlibrary,0.0
6d96dd5d-15be-4a70-b2be-64e8e023bfff,,,,openlibrary,0.0
6f53ad53-2e67-4862-8440-042a3ee34a3b,,,,openlibrary,0.0
70c490b2-a43f-4e55-9da7-91578ab609a7,,,,openlibrary,0.0
270b48fb-5d5c-45df-9859-e3a4c0eeab06,,,,openlibrary,0.0
32f0255c-b983-4c52-b11a-71f7cbb67631,,,,openlibrary,0.0
a27d79db-071c-4fd6-b944-09bb8a1a827c,,,,openlibrary,0.0
29fc8ac1-b181-4043-8540-c65e1d41a038,,,,openlibrary,0.0
4af3dce7-aad0-40bf-b066-65117d8c8ede,,,,openlibrary,0.0
76f6b147-476b-499f-ab68-d7f9ae070949,,,,openlibrary,0.0
a6c13217-294c-49da-9116-760f0dba88d7,,,,openlibrary,0.0
82536c43-b375-4992-8b0a-6a71b9af2808,,,,openlibrary,0.0
5d8dbd49-6f45-4906-a2e3-cc5e6b1cba03,,,,openlibrary,0.0
f1225d74-a82b-478c-a581-6f6f45f8a340,,,,openlibrary,0.0
981c3fe4-f7c2-42c3-ac69-76798c92feb5,,,,openlibrary,0.0
f59ff534-de01-4c13-a9e6-1a9f0feffca3,,,,openlibrary,0.0
8ff6681b-f56c-46c4-8f3c-a8142bd7336f,,,,openlibrary,0.0
3cb7ed96-4108-4ae3-a759-087d57790751,,,,openlibrary,0.0
bbf96708-e49d-48a6-af18-c6b70cd2519c,,,,openlibrary,0.0
58ef8660-912b-4b56-acea-90ba7e724419,,,,openlibrary,0.0
b990281c-f533-47f7-8a8c-f2bd4302526a,,,,openlibrary,0.0
212baff1-3178-42a0-9c27-edd8936a12e6,,,,openlibrary,0.0
3028df62-f8ef-4624-b05d-cfd763ca4961,,,,openlibrary,0.0
2a395c59-04f4-4dc9-a2be-329540747a03,,,,openlibrary,0.0
4a9f3dfe-bdaf-4db2-866e-6c251e8de1ac,,,,openlibrary,0.0
4c2fb376-ff69-4051-ac80-8083585ba6ef,,,,openlibrary,0.0
40e58a6a-14e4-40a3-a74b-7c5fd09558dd,,,,openlibrary,0.0
9420d7a8-e8df-4de5-8798-742f6d86e702,,,,openlibrary,0.0
29aa0e35-9607-489d-97de-cc9b3263ca1c,,,,openlibrary,0.0
e9755385-2c85-4237-9dfe-94b41a295459,,,,openlibrary,0.0
44c04b4b-eea8-4352-94c0-aaef1630a756,,,,openlibrary,0.0
f130ff5a-96f5-4cbe-9f66-69c37e7f6e5d,,,,openlibrary,0.0
f01a5359-bafd-41db-8fb8-6b41b5fcc0cc,,,,openlibrary,0.0
bd0c817f-ade0-4e6d-a270-69832cd07cb4,,,,openlibrary,0.0
cb591615-c9bd-4126-8196-144a1db23842,,,,openlibrary,0.0
727e503b-2fe7-431e-839a-564d708d19ec,,,,openlibrary,0.0
b2ff6306-a032-4245-b4b5-0aadeeb2c1a1,,,,openlibrary,0.0
568951da-f030-4a8b-a77d-89c58c3d3144,,,,openlibrary,0.0
4a1d380d-317a-4839-96c3-5f7dcae3b2dd,,,,openlibrary,0.0
8f9d29db-ac4c-4367-bd17-78f11f4937a5,,,,openlibrary,0.0
4828dd13-80d8-4c64-97ec-fe42ce2a7119,,,,openlibrary,0.0
27323453-7c03-436c-b89c-99ddb9c9a477,,,,openlibrary,0.0
02cef8f5-1680-439e-801e-6c5a0fb6e043,,,,openlibrary,0.0
7856f52f-364a-4b55-8956-b4c5a7d8c833,,,,openlibrary,0.0
15fc309e-e024-4876-91b6-eb6dbe2b3a19,,,,openlibrary,0.0
d605b081-2df9-4ba0-8192-afd05aeee34f,,,,openlibrary,0.0
74a58b3d-62d4-472a-9a99-8c1975721173,,,,openlibrary,0.0
d4da384c-cdb6-422a-a442-1b5cd6aa9cb8,,,,openlibrary,0.0
4e3f7c78-81fc-4ed5-972b-dbfa3bae54a1,,,,openlibrary,0.0
b64660f2-2f3c-4cf2-a69c-86f7ffa2c9a6,,,,openlibrary,0.0
a83eaf56-f7de-45b3-b3c3-9e914705fe44,,,,openlibrary,0.0
0f88db58-6097-471d-ac08-e76c680807c2,,,,openlibrary,0.0
4e6033a9-2183-4976-85e0-d2e311fd8abd,,,,openlibrary,0.0
c2704386-3f5c-43d6-8600-3e93cefc55b7,,,,openlibrary,0.0
ec81ce88-ac4f-4670-a647-0950aa2d1922,,,,openlibrary,0.0
7aef1623-bae5-461c-954b-4f321a088ac2,,,,openlibrary,0.0
7858572a-65e3-4852-b5c1-17f8aa5f5e75,,,,openlibrary,0.0
11cbd943-80d2-4ed8-b75f-bca57990b84a,,,,openlibrary,0.0
14a05a6e-3e2b-412f-b1e2-836099aba1eb,,,,openlibrary,0.0
275a6ac1-ebd8-458b-b6e9-457c1bba5f7f,,,,openlibrary,0.0
479a34b7-4c76-4009-8eb9-bde783142ae8,,,,openlibrary,0.0
54a33b36-4180-447e-bfdb-43d31df574d4,,,,openlibrary,0.0
c572948c-7a8e-43c2-b299-fe1c724fd196,,,,openlibrary,0.0
a427d270-8b08-4833-96c8-0a920c9c0366,,,,openlibrary,0.0
e0cca4d0-dc11-4b89-8d7c-4c2d6072ae59,,,,openlibrary,0.0
abcd69ca-2da6-4ec8-aaef-267b44ae5807,,,,openlibrary,0.0
272b9a9d-8a1a-4480-be02-82d167a12614,,,,openlibrary,0.0
d914c579-9673-4134-9d03-aac3021b58bc,,,,openlibrary,0.0
e2d8c8bd-22f3-4481-a9af-4556c5aede56,,,,openlibrary,0.0
92f65b4e-a499-4d00-85d3-62359b475b3e,,,,openlibrary,0.0
e9f9d68d-91c3-4e30-bb1b-5194f8c9c43a,,,,openlibrary,0.0
cbd255a3-01c4-4e5f-8d8c-fc63d90e9c67,,,,openlibrary,0.0
700e5b11-29de-43c6-85ee-e870ef2896ff,,,,openlibrary,0.0
2f825fa4-52dd-4fee-acba-6d1590e69b29,,,,openlibrary,0.0
a09adf6d-8ae6-4ca4-90dc-a09846ba537a,,,,openlibrary,0.0
411dcc09-a7b1-45c9-ac17-87fb4e91fa6b,,,,openlibrary,0.0
7c9a6be2-d71c-4ba9-91e1-a3e917f5ced1,,,,openlibrary,0.0
671cf1ac-f0e3-466f-b438-bb6388e7421b,,,,openlibrary,0.0
4a97b6aa-c9df-42fd-867b-c97038d6e275,,,,openlibrary,0.0
73ebc6bf-d411-495d-8b05-c95ae28b577c,,,,openlibrary,0.0
304917f8-08b6-460d-80c2-aaece64a98cb,,,,openlibrary,0.0
35ca3978-84e2-4b5b-86b1-f8cea88d2e7d,,,,openlibrary,0.0
c90ad4f5-665d-46f4-86e0-788d3464ab64,,,,openlibrary,0.0
807bcfd0-4088-45a9-82d7-f90f55431106,,,,openlibrary,0.0
c73783b7-5d93-440e-b0ce-a58cadd85dab,,,,openlibrary,0.0
ea364ee4-2a9b-41a1-9a3f-ab91f61c4d15,,,,openlibrary,0.0
3b55a184-cc9f-43e1-892a-e2c6ca57c739,,,,openlibrary,0.0
ba22df0d-fa7e-45ae-b8b8-bdb580705351,,,,openlibrary,0.0
99c529e0-1f98-4fd6-8398-7f03c14a54ae,,,,openlibrary,0.0
43586bac-8a6e-4286-b94a-4ca6254ff9bc,,,,openlibrary,0.0
720f5826-8f52-4f7e-af7d-fb326d9cccf9,,,,openlibrary,0.0
428a51af-7d23-406f-aba4-2634c790be23,,,,openlibrary,0.0
6b8caa52-67bb-49a3-a40d-3f215519f36e,,,,openlibrary,0.0
57d8c531-7c3e-4462-bcab-c5e47d2e0002,,,,openlibrary,0.0
f5e60ede-f4f8-4301-be02-4c803905cc69,,,,openlibrary,0.0
b575602e-33f8-40fb-92e5-9e2ae49a8494,,,,openlibrary,0.0
0fcb64c4-aa6c-4828-ad10-0797b53be81d,,,,openlibrary,0.0
ca1f2ab6-5e0d-42cf-9aed-689f6123970b,,,,openlibrary,0.0
194c691f-ac0c-4759-8d56-0b963d13bae1,,,,openlibrary,0.0
c7d36b89-a18d-404b-be9d-e32992854000,,,,openlibrary,0.0
b5577cf8-d20f-47a5-acc9-d866e5992482,,,,openlibrary,0.0
c362c214-9ff4-480d-9135-bdf77966c264,,,,openlibrary,0.0
dfddb378-0969-4e96-be4e-63bd6277fbfc,,,,openlibrary,0.0
99e09780-3938-4495-b5ac-b555dacee43b,,,,openlibrary,0.0
2d4daddd-d19b-49f4-8300-122a77a2d06b,,,,openlibrary,0.0
4a84c019-ccbb-4c0e-87fc-cf820b6da7ea,,,,openlibrary,0.0
e94b64fc-1b47-468d-864c-6c11a36fd3f4,,,,openlibrary,0.0
a4485498-23c3-42be-ab35-78b0722ebd26,,,,openlibrary,0.0
2bcabfad-317a-4868-830d-d0f04e05fd87,,,,openlibrary,0.0
f7f332ae-a85b-46d1-9250-4a8f2ef9a3a4,,,,openlibrary,0.0
a9940cc3-a8fd-40b8-879a-17ab67f2fadf,,,,openlibrary,0.0
50b682b6-5326-4bf4-8550-a312319b08ae,,,,openlibrary,0.0
b1b185dd-2457-420c-9092-d0afaf3e2b4d,,,,openlibrary,0.0
b234a891-e29c-4515-ae1d-2084724cd6e2,,,,openlibrary,0.0
7184c939-a241-4c1a-aeeb-266043dd537a,,,,openlibrary,0.0
0b6b2950-80da-44a7-89ba-54950b85183a,,,,openlibrary,0.0
5bfcf5ae-0ef7-4b9c-b4dc-6bb7db30bb2b,,,,openlibrary,0.0
dc811bc5-a64e-4073-a8b2-c8895490c35a,,,,openlibrary,0.0
a904c220-4ae8-4c87-8314-7ecea9debec2,,,,openlibrary,0.0
e371ed5d-20ff-4638-bd5f-36aae7076dd4,,,,openlibrary,0.0
fcca19be-4b82-488b-9408-16a14d0ef30c,,,,openlibrary,0.0
4cf45f70-b01d-40ea-ba85-878183eb1c6b,,,,openlibrary,0.0
1e3d583f-8a66-4c54-bdee-c3fcb466216d,,,,openlibrary,0.0
213a441b-3135-4757-9f56-b0f7a032f27d,,,,openlibrary,0.0
d825db7a-3743-460a-80fe-0108e5dab36d,,,,openlibrary,0.0
593d4057-5d19-4046-8e96-eafe84d6f823,,,,openlibrary,0.0
431ece04-bed0-43fd-96b4-7a7a90487f02,,,,openlibrary,0.0
5abfab25-318e-46e9-a6c5-be9db0310d15,,,,openlibrary,0.0
290cccd6-f8c3-4c5d-90f1-2b31e9e3e35f,,,,openlibrary,0.0
846b63a7-4519-4777-b6f2-f7eaf6d1db9a,,,,openlibrary,0.0
d9381c6d-8721-4f40-819b-83e30fd8512b,,,,openlibrary,0.0
496a644e-e0c8-4444-b5a2-f5fcaf08de81,,,,openlibrary,0.0
4b72d278-64b3-437c-92d1-1a8f6699233e,,,,openlibrary,0.0
e2884300-cb3d-41df-8b1c-35d0198345bd,,,,openlibrary,0.0
b782fe19-4228-42b0-8e3b-3c6781dfefc7,,,,openlibrary,0.0
4cdea601-954c-471c-8327-f06072bda821,,,,openlibrary,0.0
b6a37300-1609-4540-9d9d-207f81adc1d9,,,,openlibrary,0.0
88567bac-c4bc-4283-b2ee-eed2dcac8840,,,,openlibrary,0.0
805b5934-1bfd-46bc-a876-9e21ad0f8bf7,,,,openlibrary,0.0
0d135e68-f537-4f93-930a-dc5d5f2a2c35,,,,openlibrary,0.0
9ac36230-42e3-41d2-b405-6dd216c70efe,,,,openlibrary,0.0
e0aa7b98-0b2c-4d00-a049-aabe2b5de542,,,,openlibrary,0.0
29412c65-59c5-4473-a9e7-b8d0861d3795,,,,openlibrary,0.0
ff72d2e2-f451-4da8-9feb-ddab5cb6f108,,,,openlibrary,0.0
9c226162-a4bb-4316-adaf-8b9081e4d3c5,,,,openlibrary,0.0
9c76d37b-d7ef-42f9-80db-de7ec96761ba,,,,openlibrary,0.0
fd3d9b23-c334-435a-8f73-f7401a3057de,,,,openlibrary,0.0
d7e9dd66-3700-4fd9-bc8b-45d8a1376d7b,,,,openlibrary,0.0
5f5523b4-df80-4e6b-ac52-49e0e8dde96b,,,,openlibrary,0.0
44eb8bae-9843-45fc-8090-a5b72f74120c,,,,openlibrary,0.0
3be982a8-4081-453b-997a-f7ad141a9354,,,,openlibrary,0.0
bf7a0f74-9210-4769-a313-95f196299369,,,,openlibrary,0.0
5f7e1012-8366-456c-8257-c9d54c939ea3,,,,openlibrary,0.0
8ce487f5-dbf3-4901-8ded-a1ad143cdf20,,,,openlibrary,0.0
fbae92f3-2492-4240-9aaf-d64634a63048,,,,openlibrary,0.0
2429c353-03aa-4261-9fa8-3e410dd46104,,,,openlibrary,0.0
0b181baf-8ad8-49c3-b105-f7867b6b7807,,,,openlibrary,0.0
ce19c679-4141-46b7-ae80-12cf095237c2,,,,openlibrary,0.0
3364352c-5f93-4bb5-92dd-ac92173a8a7a,,,,openlibrary,0.0
546be7ef-bb21-41f4-b97e-f81338b01897,,,,openlibrary,0.0
f1f923de-0633-44ed-8cd2-b6bd2d6179ae,,,,openlibrary,0.0
11d285d0-7eb2-4ba1-8b8b-c363f5e57866,,,,openlibrary,0.0
c5dd8557-8389-4dcf-9d83-bcf7efcc6ff3,,,,openlibrary,0.0
73d896a9-92e0-4328-b3b9-ddabfed29552,,,,openlibrary,0.0
862c073d-5b02-4ff0-9852-e6d7ca10362f,,,,openlibrary,0.0
2dae0433-394a-4b09-b71a-777305cec47d,,,,openlibrary,0.0
93a81523-7233-4ea9-b3e8-2e46213d1dcc,,,,openlibrary,0.0
0b7aa658-61d8-4e59-9fb2-f6a924cc6e2c,,,,openlibrary,0.0
ad93f7b1-78de-4677-b831-ded9eec90f3b,,,,openlibrary,0.0
8ff0d625-a4b1-4192-92ea-e9eeff9d16f0,,,,openlibrary,0.0
bfc2fa7e-a7fa-4fce-a6d8-dcc39dbe5aeb,,,,openlibrary,0.0
d871f932-0d8e-4073-b69f-be42bbffa34d,,,,openlibrary,0.0
a8603c63-1fe5-42ed-af8b-42abe7a24a0d,,,,openlibrary,0.0
1b7f03dc-b22f-4734-ba52-4c1b23151f94,,,,openlibrary,0.0
54d8bd61-8814-4028-a73b-da6d8f852c24,,,,openlibrary,0.0
2508319c-61c1-4db7-8e93-6abc25bbc3bd,,,,openlibrary,0.0
668700cc-5a17-4aac-9440-b344e175b708,,,,openlibrary,0.0
bf4ddd05-62e4-4b99-a819-d3bd598deba4,,,,openlibrary,0.0
0390e79f-6ef6-4af4-ace2-c809905bd60d,,,,openlibrary,0.0
dd928974-9c03-4386-8f85-0160ce19e8a0,,,,openlibrary,0.0
5dcd1771-9a8e-46f3-865d-441e75c640dd,,,,openlibrary,0.0
d4ebef85-cf31-4680-8005-bcbd2bc19230,,,,openlibrary,0.0
c7823dc7-fefb-47b9-b87c-b7d85c53c186,,,,openlibrary,0.0
ca359478-7efa-4926-a5bd-4ef014b9eff0,,,,openlibrary,0.0
3035dab2-02ac-45ac-98ed-0b4c8eb6a666,,,,openlibrary,0.0
d5a2bb35-b918-494a-bfa5-efcc6e8c768b,,,,openlibrary,0.0
2aabf9ce-5714-4cd1-af4e-805eb52bf474,,,,openlibrary,0.0
779dcda0-66c8-43f0-8953-25f8b7800d5b,,,,openlibrary,0.0
24b306d3-99d6-435e-9a56-6fd3307e1d01,,,,openlibrary,0.0
20935c16-8db8-4821-9595-d96b15f6ab70,,,,openlibrary,0.0
e1622232-1b3b-436b-b80b-e660769607c0,,,,openlibrary,0.0
cab3e8b2-d328-4d03-8a48-c3056f84ac95,,,,openlibrary,0.0
7c144906-0d1f-417e-b7ac-f625a5185a86,,,,openlibrary,0.0
80cf43e6-3b9e-4575-8c13-6fbfcd4ef11f,,,,openlibrary,0.0
e65aaca9-49f6-4ba4-916c-5f3360728314,,,,openlibrary,0.0
1cfcc91e-22a2-417a-9c63-1ace8de5cee6,,,,openlibrary,0.0
ebf52811-69f3-41da-9a6f-45ed0e18189f,,,,openlibrary,0.0
7112e2c6-5880-46b3-9e00-41bab377cb22,,,,openlibrary,0.0
51ab156f-7c37-4e62-abdc-593774d4fd9f,,,,openlibrary,0.0
6ca559d2-aeed-4fee-813a-8c0e7997ba28,,,,openlibrary,0.0
43280b01-9ab3-4287-a7f8-2d8c6a5fa09e,,,,openlibrary,0.0
49130974-d664-4469-a344-343ffc664e58,,,,openlibrary,0.0
71b1d785-1535-47ac-8fdc-a00882802eeb,,,,openlibrary,0.0
9187ce2b-61b3-4b75-a8aa-b6387be1682c,,,,openlibrary,0.0
97788555-5cd4-40eb-b78e-823ceb1495fa,,,,openlibrary,0.0
62b37b60-786b-4d48-96c0-f5e0f738b647,,,,openlibrary,0.0
ab1db639-0e63-4adf-9fb6-6bc672fe22de,,,,openlibrary,0.0
0da70dcf-2b06-42d3-9d63-5594479ce071,,,,openlibrary,0.0
f137d2c7-7212-43bd-bdb1-df5eb7cfb744,,,,openlibrary,0.0
be6247e0-e97e-433c-ba51-720c1257ca95,,,,openlibrary,0.0
49a00936-851e-424c-82a3-7f2426f948d1,,,,openlibrary,0.0
e0bfc272-9ebb-4928-a9e5-a065e627b9a2,,,,openlibrary,0.0
65e0ec93-baff-4f78-b025-542cd2b07afb,,,,openlibrary,0.0
37d7b3f5-b113-4d46-b596-fb029d80f6b7,,,,openlibrary,0.0
bab5e152-078a-4ab4-9311-1cc21a0c37e6,,,,openlibrary,0.0
88388d53-1fa8-41d3-81a8-16763cc28b29,,,,openlibrary,0.0
dd4bba9a-f2fe-4890-8eae-bd8dbc18a8ad,,,,openlibrary,0.0
9a37a190-562e-47bc-9ad4-2ff5c0559cf1,,,,openlibrary,0.0
f2a88bff-c75c-4832-bada-a0c54ea1fa0e,,,,openlibrary,0.0
ba2b6a79-3bc8-4086-86f4-daf457af73fe,,,,openlibrary,0.0
20ed9dce-8fce-49e3-86ab-99dd20f96cc6,,,,openlibrary,0.0
a3244c0d-0ce3-40e9-b41e-9c27d4a153a1,,,,openlibrary,0.0
dadcf355-b87c-48e2-81fa-d5fa4ca5d9d4,,,,openlibrary,0.0
281a63cc-6b8c-4265-842e-ca02c2bde981,,,,openlibrary,0.0
daf7715d-362e-4a22-9ada-2fea7a898a4f,,,,openlibrary,0.0
07f3ff23-ea76-4aa8-b97b-38d892938487,,,,openlibrary,0.0
8ad64149-c1ee-4991-9bf4-58c28b0cb8c4,,,,openlibrary,0.0
91eb0c93-70c0-4cac-b125-419d883301b2,,,,openlibrary,0.0
098f45bb-3069-48bc-bf23-ec75f6825d58,,,,openlibrary,0.0
375e1520-e551-4457-bb60-12d38312502d,,,,openlibrary,0.0
b69bfbc9-8813-448e-9413-c818c56fb209,,,,openlibrary,0.0
baa0359e-f398-4b4d-99ca-9a6aea0aa4a7,,,,openlibrary,0.0
71bc96d3-0511-4b2d-a814-b0cd8805a2f5,,,,openlibrary,0.0
93015b21-d94c-451e-818a-7bfafe28a03f,,,,openlibrary,0.0
95878d9c-49d7-4d79-a351-ea72e223731f,,,,openlibrary,0.0
3fdd2471-9d1b-400c-9a38-7ca4d174d35c,,,,openlibrary,0.0
9bc22386-6b20-4828-b6f7-acc42e3026d3,,,,openlibrary,0.0
2189b6ca-12e1-4473-977b-675966fc0bed,,,,openlibrary,0.0
656b2f8a-3e1e-42f3-8c54-03bbb9563b2a,,,,openlibrary,0.0
b90e37bb-0034-4e8a-b8b0-3a80b16b2014,,,,openlibrary,0.0
30cb9832-3e00-4e47-a037-e702b0b51481,,,,openlibrary,0.0
bed11af0-c0e4-4900-be3a-e33bdc111bf4,,,,openlibrary,0.0
18dc1fd7-e9a6-4323-b343-454e689ffc83,,,,openlibrary,0.0
84fea78b-fd03-47f9-af2d-26e10d68eaa2,,,,openlibrary,0.0
38825da0-4b72-4473-91bd-621e743e9901,,,,openlibrary,0.0
7fa6efd9-bdb1-45f3-80d0-56bf853bf616,,,,openlibrary,0.0
27f21121-be40-492d-9764-e7d9465c24d2,,,,openlibrary,0.0
b3a70249-31ea-4a20-905a-527f197fea82,,,,openlibrary,0.0
94941c54-c467-4256-b9ac-9a2c6e343f53,,,,openlibrary,0.0
5e7d1588-a638-470c-af28-9dfdd73dacf9,,,,openlibrary,0.0
b7ce99d2-d8de-447c-94a6-853355563e78,,,,openlibrary,0.0
1d489c81-37f8-41c2-a445-03842449d2ab,,,,openlibrary,0.0
99816ae2-fb05-4024-be25-6cd9a9699fee,,,,openlibrary,0.0
66a3f96f-15fb-441a-8527-15787d3b578b,,,,openlibrary,0.0
39d9b94c-5134-4eb9-ad83-d8033f795aa4,,,,openlibrary,0.0
3b82dd7a-ff9d-4e55-933b-5c9046636aaf,,,,openlibrary,0.0
34202531-a179-4a70-a978-0710569c2a20,,,,openlibrary,0.0
fcefd58c-d03c-4d89-829d-959f659710f0,,,,openlibrary,0.0
4fc25045-c220-409f-bdf3-6f00de075361,,,,openlibrary,0.0
40642306-35ec-4981-bac9-d8c5713382e7,,,,openlibrary,0.0
477f67b3-98aa-4aea-8b47-f420fb3e82c1,,,,openlibrary,0.0
610b6c81-0dd3-496f-af87-a0eaf63d89d4,,,,openlibrary,0.0
98e10560-e275-4d60-bc0a-0f5442ffd479,,,,openlibrary,0.0
e953d9b1-b8a6-499a-8c08-cd0da88efa5f,,,,openlibrary,0.0
53d6018e-4805-4934-8a80-d88e66fbf460,,,,openlibrary,0.0
3e6ec6bb-2f0e-402f-a3f8-e66824394121,,,,openlibrary,0.0
ba2aa343-9472-4d8f-a4e1-49538d6c2a2c,,,,openlibrary,0.0
3d98f4ae-7e7b-4508-84e8-c930f434d665,,,,openlibrary,0.0
f4543093-06c1-46eb-99a3-4aa3332d6857,,,,openlibrary,0.0
6e324303-0835-422e-94e9-86a0b5d598be,,,,openlibrary,0.0
63675d28-3b4f-4e01-aaa8-974725b2b1a3,,,,openlibrary,0.0
4f65d483-2c1f-4c61-a47e-cd5434d02078,,,,openlibrary,0.0
591518b7-4c48-4644-aac4-ff6ead634f8b,,,,openlibrary,0.0
21fbae00-b4ef-4593-95e5-8d9124b7985a,,,,openlibrary,0.0
679d8b66-8845-40d4-9905-9510dd142017,,,,openlibrary,0.0
8674a071-622f-428b-b2a5-dabdea346ab6,,,,openlibrary,0.0
08353122-91c1-4a89-84b4-e89b12f6ea80,,,,openlibrary,0.0
33af6002-a5df-440b-9f8c-e1ecc52e79dc,,,,openlibrary,0.0
d68a6a53-5008-43b7-8a72-db04cdf2da1f,,,,openlibrary,0.0
4e4bdb40-ee73-447a-bc54-531e20e8bc43,,,,openlibrary,0.0
f909f223-f3d1-4fb8-b334-9a26838eebd8,,,,openlibrary,0.0
d7c0bbb7-ece8-42a3-bbb3-9ea07fe0fd47,,,,openlibrary,0.0
7beab5ad-ce9d-45ae-8217-689972f5c1cb,,,,openlibrary,0.0
ad36e8e0-0031-49f6-ae36-c51c28b368e6,,,,openlibrary,0.0
8294919f-9796-4bbb-917d-2ff387f70b59,,,,openlibrary,0.0
1d516ec3-42b3-4060-9d78-18a8880b461d,,,,openlibrary,0.0
a0de7b1f-8b4a-4ce3-a9de-961bb14f047a,,,,openlibrary,0.0
aeb6bf0d-728e-4f95-9aef-b79ccad2083b,,,,openlibrary,0.0
64680893-660a-4450-a882-4272555f1ba3,,,,openlibrary,0.0
72b8f6a4-c901-44f3-a0a6-ece84c4f768f,,,,openlibrary,0.0
6bc03980-31d7-46e2-a11e-8f6774dcbc15,,,,openlibrary,0.0
29f512f8-ded1-4168-b94d-74966a10b178,,,,openlibrary,0.0
4c665f61-4b7d-4399-b8d4-19798ab84983,,,,openlibrary,0.0
7d31d3cb-0bfe-49e3-a80f-679866507960,,,,openlibrary,0.0
cb3eddf8-8167-4a48-b2c9-05096eda3da6,,,,openlibrary,0.0
8805d8df-9c9b-4fb5-ac5a-1628f37dbced,,,,openlibrary,0.0
b363078c-45a7-4926-9ee7-2118c8c315c9,,,,openlibrary,0.0
aa60fa3a-253c-4c52-97e9-a88b89040566,,,,openlibrary,0.0
a3689080-3c1c-40a4-b63f-784f39218637,,,,openlibrary,0.0
48d3f7d8-7e0c-456b-8278-cdd29839487f,,,,openlibrary,0.0
e17c30e1-5a15-41bb-879d-61a44e5bfb35,,,,openlibrary,0.0
75663d9c-6dac-4f40-90b8-c8822b17c038,,,,openlibrary,0.0
8824f135-0bce-4e09-8888-47e00320b1f8,,,,openlibrary,0.0
d019fd17-fdf0-4445-b24a-5385a97e7194,,,,openlibrary,0.0
5d2bff39-471f-45b6-9ac8-82567b507ad9,,,,openlibrary,0.0
850fd139-2935-45c0-a408-a6030391b17a,,,,openlibrary,0.0
1655cca8-0509-4210-8b0c-ea24133ed90d,,,,openlibrary,0.0
ff07f3d2-e819-4d8a-b683-e6e9d86ada58,,,,openlibrary,0.0
cf149a2f-9172-4365-b45c-896ed9905471,,,,openlibrary,0.0
f3205317-e305-4ab6-bf56-dc019db7b603,,,,openlibrary,0.0
65a7ac0e-3a29-4393-b032-fc14f9e23ed6,,,,openlibrary,0.0
81885bb5-547f-4bea-8cc3-9a74e5d37a9c,,,,openlibrary,0.0
ee442597-42de-4bcc-8862-02a7d86428b5,,,,openlibrary,0.0
a793080f-7b1b-4d5f-9dfe-e44a5d37b508,,,,openlibrary,0.0
9459229d-9613-4dec-9882-4957edd1cb38,,,,openlibrary,0.0
9fc0ac65-11c7-44f2-bae9-6eb785a7bfb6,,,,openlibrary,0.0
ea666e8d-845d-4195-a4e6-4eecc9791c85,,,,openlibrary,0.0
d5770b61-a785-4953-b6c9-9d058cf17179,,,,openlibrary,0.0
7acb25f9-6018-4d33-a65a-85945ab415b1,,,,openlibrary,0.0
74276a35-0ee6-4853-8aeb-fcae7c2b82a6,,,,openlibrary,0.0
850b33fe-abf0-4516-9717-7b8b2da1b0ea,,,,openlibrary,0.0
edcc057f-5fab-47bc-a03f-68230a4cf619,,,,openlibrary,0.0
b42310b9-7375-4f02-9e47-890a79c4ca37,,,,openlibrary,0.0
3ad86a1d-4d55-42c1-b93e-bd893023d21b,,,,openlibrary,0.0
335d1541-f051-42e8-83db-8318a3e273c1,,,,openlibrary,0.0
22b36b9c-2f16-42fd-939f-e279ca0ac6e7,,,,openlibrary,0.0
4132ffa2-50f7-44e4-a995-90f7df860617,,,,openlibrary,0.0
b9bcb6af-6296-43f2-82d5-b8b333806997,,,,openlibrary,0.0
c3bfa736-29e8-4450-be22-bfe1990900f6,,,,openlibrary,0.0
e8cab584-be01-43b8-8a0b-5746471ac575,,,,openlibrary,0.0
83feb54e-e038-4b9f-a1f4-bf54efa7e542,,,,openlibrary,0.0
9d4a9d4a-52b7-42da-be96-484e67ee262d,,,,openlibrary,0.0
04a04433-82c6-4bf1-83a8-7f864332877f,,,,openlibrary,0.0
9129b79a-cc5f-4819-9192-b0b84eadb3e1,,,,openlibrary,0.0
34d424ce-dfa6-4905-abf9-8dc422ff2fbd,,,,openlibrary,0.0
705ebf65-5446-409a-8e48-4f5abb3b26b4,,,,openlibrary,0.0
c05afecf-ca5f-45fb-a3f1-d2dab0809896,,,,openlibrary,0.0
f9fee74b-dfe4-421b-afed-1174aa79a8c4,,,,openlibrary,0.0
61e19d9d-30ec-446f-ae5e-cd82f6ef281b,,,,openlibrary,0.0
bfa65d9c-1570-435d-a8c6-6eb1a09cdc8c,,,,openlibrary,0.0
7269f33b-ad1b-4b0d-b30b-b60f52fece43,,,,openlibrary,0.0
1a8704dd-a62c-4d6a-a9c3-dae89e201294,,,,openlibrary,0.0
b3bf8c72-1130-4c59-90b0-733009f21f46,,,,openlibrary,0.0
8e74d5a9-0397-4deb-ac88-4e4afb7327e8,,,,openlibrary,0.0
94112a29-5837-49e2-91e7-dc4127ced039,,,,openlibrary,0.0
93821a8e-a391-44a2-84da-b6aaf852f07b,,,,openlibrary,0.0
8d905e60-61a3-472e-b088-d9d2ed1f0328,,,,openlibrary,0.0
0c90b56d-e4a8-4ae5-a4c9-266569057389,,,,openlibrary,0.0
3151df87-180d-4a74-8795-4fa0a41aece7,,,,openlibrary,0.0
4d7f07ab-e690-4c09-9c3b-db7a1477ef32,,,,openlibrary,0.0
80950f01-6876-4cc4-88ac-8d3d84c8a659,,,,openlibrary,0.0
a2b9f2f8-42f1-4f0b-a7d2-c755fd3f2e37,,,,openlibrary,0.0
456c5ac3-d1f8-4ff0-993a-b52c4803d958,,,,openlibrary,0.0
e8e7c553-50bf-47f2-8442-11e0a755d71e,,,,openlibrary,0.0
3e7d9098-c04f-4e40-ae06-951dfac8cf28,,,,openlibrary,0.0
ee26edf6-7e46-4ca4-ad99-08e8019d97c0,,,,openlibrary,0.0
7b017ca0-b82c-452b-9fa9-d3624b92d12b,,,,openlibrary,0.0
c0997c37-e0b0-47d2-8be5-9e222aad4fa3,,,,openlibrary,0.0
857e6600-42d4-4658-acaa-a38e9894143d,,,,openlibrary,0.0
e6e5a43b-2c30-4d19-824f-e1503d139b52,,,,openlibrary,0.0
917f08fd-e8bc-430b-a1c3-3f8287eaa569,,,,openlibrary,0.0
3a0d52c8-9d4c-4b23-b7bf-d3108ccfe7ab,,,,openlibrary,0.0
3c24b6e2-5468-457d-88e8-7e8765696df5,,,,openlibrary,0.0
f90b45d2-5855-4168-9e5b-0f452dd12574,,,,openlibrary,0.0
c7c54b74-0c9b-494e-b8c9-bdf69a264c59,,,,openlibrary,0.0
c88dab14-20a0-4112-aa83-0aba2455c510,,,,openlibrary,0.0
7ad6045a-8b29-4b85-ba78-4edf77a001e2,,,,openlibrary,0.0
6aa610e5-9116-4d0b-90be-3207a30155f3,,,,openlibrary,0.0
13ffa3c7-09c4-469a-a005-fbc6b2783692,,,,openlibrary,0.0
97eb19d4-b8b9-4281-9e55-e38b4303e94e,,,,openlibrary,0.0
1c12b138-2ede-4165-816c-bba3da343948,,,,openlibrary,0.0
32f90022-6b7f-4809-b30e-6cc892da98da,,,,openlibrary,0.0
bbf3322f-b0b9-4f73-a5c6-d604f6f889e1,,,,openlibrary,0.0
def9a371-2832-47ec-84a5-d834810ab0b8,,,,openlibrary,0.0
7d11a2d5-6ebe-4649-95c1-870dc84e96fa,,,,openlibrary,0.0
97eb6d7a-a236-4564-ad10-7e9e889b8cb5,,,,openlibrary,0.0
b14ba10e-3f9e-4f6f-949a-4b7c3a4adbbc,,,,openlibrary,0.0
fa27a637-b416-487d-a840-d548d6b8acb8,,,,openlibrary,0.0
3ba9fedc-3eaa-4ee5-a1c7-9acf8886c49c,,,,openlibrary,0.0
2405cb1f-a3bc-42e2-bf60-4d428135eee4,,,,openlibrary,0.0
27378845-c134-4e7e-a47d-7a8c2cd3b797,,,,openlibrary,0.0
65ff9f47-07df-497a-8689-6675ba596ff3,,,,openlibrary,0.0
5ca00eeb-7545-4c8e-a81b-1acb46695e4d,,,,openlibrary,0.0
bd78a14a-cf35-4261-9a2f-982f294d652e,,,,openlibrary,0.0
b16736a1-3353-4001-a844-ecd8414eda48,,,,openlibrary,0.0
a6d1c651-8e53-4c02-9a6e-3ecbabfa08ae,,,,openlibrary,0.0
9cc2dcc5-9175-44db-a84c-57dc956c8dda,,,,openlibrary,0.0
c450f88e-24fc-4c91-b10a-95dea06a20fa,,,,openlibrary,0.0
74966a7f-388e-4524-a479-9189a4042cc9,,,,openlibrary,0.0
73cdcff7-23d4-4268-ad55-1ec84da5ddca,,,,openlibrary,0.0
1050426e-0fdf-48f3-9b0f-2c4ca4721e10,,,,openlibrary,0.0
fb8bb51a-20c2-473e-a385-10c04d0456d3,,,,openlibrary,0.0
e30b614a-c4ca-4c96-a1bc-79e9f583cfe7,,,,openlibrary,0.0
b114b6fc-655f-4d17-9478-cfa7d093d942,,,,openlibrary,0.0
81f3866e-6d7c-4a76-addc-6a10773c78ef,,,,openlibrary,0.0
ada09c59-937c-494f-87ff-860dea860b20,,,,openlibrary,0.0
799e646c-f1be-43d2-ba3a-38f8aa951124,,,,openlibrary,0.0
266bac23-6f32-4ed0-b9c3-57b18bde8f31,,,,openlibrary,0.0
ee0b4aba-dd5f-4a79-a510-1cf8ad26f98a,,,,openlibrary,0.0
f3ebe885-0e0b-416f-8958-2e0a4ffba3b8,,,,openlibrary,0.0
0a3b0113-6ba2-4b39-a5a6-ab84bee02e43,,,,openlibrary,0.0
cdad830e-e155-4770-8971-6bfa08c1e2db,,,,openlibrary,0.0
ae84c9c5-d780-4465-8727-a81397c61c19,,,,openlibrary,0.0
3c2f4b3b-9132-4be9-a9a6-8ed3c914c4b3,,,,openlibrary,0.0
a9b5b2c7-17f1-4d0d-9376-eed00e5a67b1,,,,openlibrary,0.0
8eb8e9b9-813c-4c16-93b4-78a1161e5143,,,,openlibrary,0.0
c6011d41-220f-4181-8c35-41d2ecce6433,,,,openlibrary,0.0
50a37ab9-a80f-446d-9331-01ed4700d150,,,,openlibrary,0.0
29dd7783-d64e-4a9c-9098-1dc65096b466,,,,openlibrary,0.0
93db5d64-5c7b-43fd-9a74-2cb45a1fc9cc,,,,openlibrary,0.0
10610fe1-911d-419e-8e81-f6e55751090d,,,,openlibrary,0.0
a9f4f529-788b-4ff0-911b-cfe92d1def19,,,,openlibrary,0.0
caac2656-489b-4887-b6ec-d49e5b05e064,,,,openlibrary,0.0
0722407b-89b0-46ba-b446-9e1e9b08b8f0,,,,openlibrary,0.0
bfe3532f-e81e-4f9c-8d93-a3b78649e935,,,,openlibrary,0.0
9a97b05e-8350-45bf-ac12-796635132b52,,,,openlibrary,0.0
8f39c0c9-7d44-4a5e-9965-4b1851b05284,,,,openlibrary,0.0
13d10908-248d-4a21-9572-8d17f36263e0,,,,openlibrary,0.0
6aeddbac-4891-45bf-9f1b-d9e8641f86c1,,,,openlibrary,0.0
bf5fd00a-9a0d-48dc-877b-7f41b5e21ef4,,,,openlibrary,0.0
a43953f2-98af-49ec-ae2e-0c75d32d1d5a,,,,openlibrary,0.0
45017a70-f36a-4735-9c62-491957f96454,,,,openlibrary,0.0
45f99865-1bf1-48cc-b71e-1fb3cb84b0a0,,,,openlibrary,0.0
6d7e0103-3e4e-4dc4-86bd-9a78978d3bc1,,,,openlibrary,0.0
cb1ed9ad-4085-42a4-950f-7834be1246ae,,,,openlibrary,0.0
fe8169b0-a212-4980-9325-3a2254221ed0,,,,openlibrary,0.0
fd2ed811-16b8-4bf2-bf90-d39b7f9d5b8a,,,,openlibrary,0.0
b10cf90b-3fa5-4068-94d2-eb51df03fcf3,,,,openlibrary,0.0
a0d06934-493a-44bb-8b86-eb20c4a4b4c0,,,,openlibrary,0.0
93ab5947-5e38-4123-a02d-79681961afe3,,,,openlibrary,0.0
3d6b1c65-23a7-490e-b0c1-f0e04a210634,,,,openlibrary,0.0
affd9065-59ac-40ab-8074-0e135baf2deb,,,,openlibrary,0.0
328e3174-f16e-415d-9038-d938ac60283d,,,,openlibrary,0.0
d821d226-25b1-4899-9637-448bacb7151f,,,,openlibrary,0.0
8562e7f7-c036-43e8-8ee1-83aa2e6edcd5,,,,openlibrary,0.0
b6e3e62c-29fc-4a5d-aebd-f82204d9c8ba,,,,openlibrary,0.0
28bea325-58d7-4a5a-8999-c3be843898c5,,,,openlibrary,0.0
bbfb16a6-c1cc-495a-a203-a8a7724d3f1e,,,,openlibrary,0.0
84010b6c-8ef3-4475-8d17-4408b2356486,,,,openlibrary,0.0
6c56dd40-efd9-4fe1-a402-d75cc9119476,,,,openlibrary,0.0
6f00bb41-bb12-4395-878c-a3ed6c7837ca,,,,openlibrary,0.0
b5693824-4903-4c67-b8c2-efb0268211bb,,,,openlibrary,0.0
0628f8fc-6fde-4af1-84a0-0f355dc9a4fa,,,,openlibrary,0.0
cafbf1da-7c1f-47d1-a237-53aa7860999e,,,,openlibrary,0.0
faa9db6f-9f1a-4cd2-b19f-a8959d69984d,,,,openlibrary,0.0
59903a94-f500-4650-b78b-d6f5dfe65a42,,,,openlibrary,0.0
28a137b1-e69a-42a5-b7c4-2bafffa50f46,,,,openlibrary,0.0
275e7458-8cd5-4930-9fef-8509bc8dbfc7,,,,openlibrary,0.0
adf37054-96f6-41a9-a916-961b0460a940,,,,openlibrary,0.0
c533d709-4a37-42f8-b82d-5cabf8e9ee0d,,,,openlibrary,0.0
2e0ceed0-87e3-4b05-a6d8-5e0c7555bdc5,,,,openlibrary,0.0
843fda20-efaf-4774-b4f2-2e27c4e9f9bc,,,,openlibrary,0.0
9290f882-f192-4c0b-9f2e-304ea7c2761e,,,,openlibrary,0.0
7a0b0c73-55f6-4ea2-a38a-3bafee8b255f,,,,openlibrary,0.0
bb8741b4-ab58-4952-919a-f967a12d2877,,,,openlibrary,0.0
31694c5c-d837-4c55-8b7b-f1d56ae525c5,,,,openlibrary,0.0
74782fa2-7d8a-47b3-a203-e523239368d9,,,,openlibrary,0.0
a9bdd759-3a7f-4077-a9df-17fb49f3ee01,,,,openlibrary,0.0
9911afe6-90da-4df2-9c81-2bfb7160ced4,,,,openlibrary,0.0
4730627c-64bf-49ad-bc51-18c457fb2315,,,,openlibrary,0.0
9132225a-43c8-466e-9b99-8d97ebb08032,,,,openlibrary,0.0
68997e41-fdf0-4c38-bdcb-04dbe3676190,,,,openlibrary,0.0
08eb4397-03dc-40cd-8721-252aefaa740c,,,,openlibrary,0.0
78a3483a-c2f7-476d-9071-c2683b61755f,,,,openlibrary,0.0
a5d895e2-679d-478c-9c51-6cb2f724f21d,,,,openlibrary,0.0
147d7ae0-7eec-4e60-bea6-de8232796c35,,,,openlibrary,0.0
c3834109-7196-4436-966e-a287d4773a2d,,,,openlibrary,0.0
1179e651-557a-4cb2-87d2-5c5f91b37ce5,,,,openlibrary,0.0
9589ab90-ef08-4b66-925b-e262bee7deef,,,,openlibrary,0.0
ad98f509-2aa9-4104-8b7f-27eacbe642a2,,,,openlibrary,0.0
3b70df89-7ad1-43ae-8e59-2bc41d228b40,,,,openlibrary,0.0
a257319a-a6b6-49e3-a67f-d0721b4758ab,,,,openlibrary,0.0
d57dde92-65be-4e18-86cb-de2036889d34,,,,openlibrary,0.0
f43b648d-d062-4589-8213-f6315988a821,,,,openlibrary,0.0
4744eae4-6e69-4e9c-a211-75fab3d9ac92,,,,openlibrary,0.0
29d1e964-6a34-4713-be2f-75e41fcfb859,,,,openlibrary,0.0
eba8c38c-c1e4-4fbb-9dca-1089343d57f3,,,,openlibrary,0.0
91c1ceb0-4013-4558-b36a-7a2f1a6a51e7,,,,openlibrary,0.0
9f5fe6a0-ffbc-4451-bd4f-554b7620e683,,,,openlibrary,0.0
ddff58bc-29fe-4248-a58d-0cb04ee77217,,,,openlibrary,0.0
d2e40934-673e-46fc-81b5-bbce5b38d506,,,,openlibrary,0.0
ee9cc3e7-a2d4-4429-809f-f571b9f5f64a,,,,openlibrary,0.0
72cd254d-f6a5-418e-a785-65609126eaac,,,,openlibrary,0.0
050f8b23-d685-4ac3-a82b-43e17ba63c7e,,,,openlibrary,0.0
f7d9a806-afb7-46c6-8469-5b493c5487da,,,,openlibrary,0.0
0c552b8f-1154-4f55-9193-1965d2393378,,,,openlibrary,0.0
eee6f345-3f25-487a-9475-f3f9003962f0,,,,openlibrary,0.0
1aa5f121-c20b-4821-bf94-0ad62f90e573,,,,openlibrary,0.0
0a8537cc-72e4-4e17-90f8-7b3795a43840,,,,openlibrary,0.0
f3950fcd-32ae-4555-aff5-4d9c1593309b,,,,openlibrary,0.0
cc09a6a1-3b7d-4d62-a72f-192c811b3cd0,,,,openlibrary,0.0
ccaf8eb4-2e24-4329-a805-db119c652ea6,,,,openlibrary,0.0
2599e675-7cde-4845-b86e-eaf1a1af4fd8,,,,openlibrary,0.0
101a0b26-43ae-4c7a-b09e-17e83a60df37,,,,openlibrary,0.0
b230f4c6-420b-4d28-b2d5-784f1c764bc3,,,,openlibrary,0.0
58d7b74d-cc58-4ef6-9ca7-618c30e8485c,,,,openlibrary,0.0
21287a9d-967a-4556-95cc-5d7b2e2f79eb,,,,openlibrary,0.0
7f2c13ed-98f9-4aff-ac3c-392846d98e56,,,,openlibrary,0.0
eb569b4f-f43a-421f-a66c-84a5be83357f,,,,openlibrary,0.0
e0b96f6e-aa4c-4a6d-a337-ee8ef6773de2,,,,openlibrary,0.0
adae197b-88e3-47a3-9c28-f1d86e504333,,,,openlibrary,0.0
ed5677ff-7581-4e46-b744-a8ab8bb825d1,,,,openlibrary,0.0
3a844936-23c9-4f7f-891a-308e9fb8958e,,,,openlibrary,0.0
355bfc6d-436a-4ab3-9162-b752d97367bc,,,,openlibrary,0.0
6875077e-64ba-4a88-ae72-a6dfa1f4c327,,,,openlibrary,0.0
0a78c270-18bd-4a57-b5a9-c3c77965e37e,,,,openlibrary,0.0
cc910a25-d391-4e74-9001-8e2927c08a8e,,,,openlibrary,0.0
9c95e417-1cc9-4b07-bfc2-f1c628e05f83,,,,openlibrary,0.0
58630c2e-33d7-4150-b080-acd7ee72a626,,,,openlibrary,0.0
3264aee4-5e56-4957-882f-efd7c073eab1,,,,openlibrary,0.0
e78145b8-9a22-4a2b-a3f0-ede6cc7d393f,,,,openlibrary,0.0
ff2a00e4-613d-48ed-afca-c10446c5a7e8,,,,openlibrary,0.0
88ef3102-5798-4f92-ab46-2dc612895c7d,,,,openlibrary,0.0
61613bb6-2f80-4b13-96e9-a3832cb5dfed,,,,openlibrary,0.0
888fb922-4ce4-4b4b-aea6-21a0e0dc4e04,,,,openlibrary,0.0
4bd35a77-73a3-4c4b-987d-f4d6a0d5d856,,,,openlibrary,0.0
1db43a97-bf03-43e8-be1a-31a13414a19e,,,,openlibrary,0.0
831e896e-7143-4f83-9bee-3e030c2461f8,,,,openlibrary,0.0
9bd2e1d0-3e78-40f1-8d06-6c47d05a27e5,,,,openlibrary,0.0
e38db9a1-c86b-446c-8707-3ede12cced91,,,,openlibrary,0.0
90f088dc-f0dd-48c8-b706-37bcd52b2505,,,,openlibrary,0.0
8629f053-66b6-4531-a8fd-4ebca0edae88,,,,openlibrary,0.0
28a759da-7c0a-4034-8782-7a81a7ffce5a,,,,openlibrary,0.0
4d5b5f3b-769b-47f2-868c-0a651deb8029,,,,openlibrary,0.0
4e47f0db-5898-496e-93ce-799d56a625f8,,,,openlibrary,0.0
9b575b76-65b7-4aa6-b18e-ba80241e1ead,,,,openlibrary,0.0
23143e72-ecf7-4bfd-bb4c-15943f8826f0,,,,openlibrary,0.0
4057d631-9e3b-4090-a7fe-7ae3d75bf7d0,,,,openlibrary,0.0
03214831-0491-4179-abeb-778b81ad58c1,,,,openlibrary,0.0
4e182328-04d1-4b3f-b5a0-d975c6695e40,,,,openlibrary,0.0
54d27b70-067f-411f-9b58-5c35a2750a40,,,,openlibrary,0.0
b60e6c88-0b66-4be9-a874-0c34cfa58bc8,,,,openlibrary,0.0
d16fc594-182f-4022-9daa-c9919d22d993,,,,openlibrary,0.0
ef9d620e-e37c-4763-8fdb-eeea9c7a4135,,,,openlibrary,0.0
472569ea-1747-43fe-9f7a-c642ae1ff29d,,,,openlibrary,0.0
886854a6-13f3-4edc-a7f5-8a08c076ba11,,,,openlibrary,0.0
bcd747e4-949b-49d5-b2cd-ee63352fb9de,,,,openlibrary,0.0
df06f6fa-dde6-44b1-ab66-6cbad48df1f5,,,,openlibrary,0.0
e0783d63-464d-4f1f-a709-378eb7b4baa7,,,,openlibrary,0.0
0f6f096e-7f8f-45c2-9336-740b1baef5f1,,,,openlibrary,0.0
1d13fe60-73d2-4bbe-b904-f8c26c28eec6,,,,openlibrary,0.0
ea043cbe-5e8f-444c-b0c1-ed99785bf0fd,,,,openlibrary,0.0
63ad4fbb-9909-4cd8-8c06-bd831336d42d,,,,openlibrary,0.0
f8fdcaef-dd5f-4396-9f58-64a85c24fe4d,,,,openlibrary,0.0
ceada7e8-6e6f-4e90-ba4a-5ef44846fe96,,,,openlibrary,0.0
e5b69667-5281-4fd8-9c5f-d45681f70f66,,,,openlibrary,0.0
6172a9f7-30e7-43cb-91d1-fd56c0b72cca,,,,openlibrary,0.0
66721d82-7e7f-4d0c-959c-eb5c91a6db34,,,,openlibrary,0.0
8cc1edc8-8db6-4701-b46d-96ecf649bb63,,,,openlibrary,0.0
68a49604-acbc-4102-b7ca-5dc2f1986829,,,,openlibrary,0.0
4a8e1811-7e85-4799-9b53-42c309dae7e0,,,,openlibrary,0.0
62679cd7-73f1-4d89-889c-45cae32b5b8f,,,,openlibrary,0.0
63c8b06b-eb0f-412f-b994-9913fe4d1734,,,,openlibrary,0.0
3793ec5d-2b95-4d30-abef-5ce2ab823c07,,,,openlibrary,0.0
19c394a7-98c1-43ea-af7d-9a92ba10f2eb,,,,openlibrary,0.0
436632f8-8a29-43aa-b4ca-1d34367e3ed1,,,,openlibrary,0.0
32fbb44b-812b-46c1-a7c6-bba1e27e86f3,,,,openlibrary,0.0
ae7efff4-ff0e-43e3-bf0e-a9117c5821fc,,,,openlibrary,0.0
f65efc70-b078-4520-bb7c-557773ee0b23,,,,openlibrary,0.0
7b7d43bd-ad2c-4538-9770-bd696fdff9d9,,,,openlibrary,0.0
47f4c6b8-3b46-40ef-a138-6812518aa263,,,,openlibrary,0.0
ee8f816c-fbd3-43bf-8395-2567e08f6859,,,,openlibrary,0.0
0a560e6b-0d5c-4656-9fa5-faf4c992c896,,,,openlibrary,0.0
7a4fb0e5-fc93-479f-bf07-fc9a72577060,,,,openlibrary,0.0
9f5f55bb-dd77-4cbf-acd7-f324f23b1686,,,,openlibrary,0.0
62cff706-d48c-48c9-9197-9eb43d8f0163,,,,openlibrary,0.0
8dfd47bd-16ce-4885-adc7-6bd3d0965265,,,,openlibrary,0.0
a2571f56-8df9-4874-87d6-4805a90c8d90,,,,openlibrary,0.0
31fbe690-5efd-49a9-8b87-4d070fb38e36,,,,openlibrary,0.0
e8d4bc95-8fef-4afe-9686-8442707ad541,,,,openlibrary,0.0
7254c00c-3e1c-49ea-8317-5690db410f26,,,,openlibrary,0.0
f703e37c-db68-467e-ad77-9d4b93e6ce35,,,,openlibrary,0.0
5948bc54-3f38-4ddb-b930-b4e9d7fa5b2e,,,,openlibrary,0.0
10d7b6c8-c759-4307-8211-68975ada533e,,,,openlibrary,0.0
0a5b8183-3b9e-4bc3-8ad9-898672d2d580,,,,openlibrary,0.0
afcc0dd2-8a84-449f-a059-f4ef03aeef01,,,,openlibrary,0.0
9523f61c-8557-4d98-8119-5dea2df3d28b,,,,openlibrary,0.0
0dabcaed-75ac-4d95-9d4e-6fa2a984a9c1,,,,openlibrary,0.0
1d7fbcde-4b17-4eea-bdee-89bc001327b1,,,,openlibrary,0.0
f5ee1227-99d4-4074-914d-42586caa63af,,,,openlibrary,0.0
70c920a1-6e13-4a2c-8a87-d7b7846d727a,,,,openlibrary,0.0
212253d3-b720-41ad-a2cb-23824c7efd6d,,,,openlibrary,0.0
68bab723-0a99-4f82-8b6f-0adc3b433583,,,,openlibrary,0.0
63f834f5-2f46-4f7f-a894-572ee186724b,,,,openlibrary,0.0
923d69be-26fd-4b73-a5b3-a29f9bfe2ea5,,,,openlibrary,0.0
81f9911b-2cce-41ce-ae1a-529a9f90e5f9,,,,openlibrary,0.0
e015b8c3-d341-47e7-844f-b8ac5ca981a5,,,,openlibrary,0.0
b3c2ac86-cd1d-4996-b294-75a4b5b3273c,,,,openlibrary,0.0
ee24311c-fe09-4c8a-b23f-32f0b96225b8,,,,openlibrary,0.0
d92c231f-77b6-4f20-8bbc-366b2c0ddad3,,,,openlibrary,0.0
c3feda20-1788-4606-afd8-a2b7a37682de,,,,openlibrary,0.0
2c5ab05a-7808-4ce5-9ae5-e28603aff08d,,,,openlibrary,0.0
d28cca52-1d92-4f0d-8958-6a2ca6faa2ae,,,,openlibrary,0.0
4cd90efd-e22a-4950-9101-b32af6a4d7ef,,,,openlibrary,0.0
a63c1e5d-4310-4cd6-a7a6-f87c11d7802c,,,,openlibrary,0.0
3ed2935e-24be-4e5c-97b7-67a02bef3243,,,,openlibrary,0.0
c79abe9e-a1ed-4275-8468-6482b433313f,,,,openlibrary,0.0
5b77fcfe-092d-4447-8537-91534415ad9f,,,,openlibrary,0.0
8a0a05d8-c22e-4a56-93cb-078a5a135665,,,,openlibrary,0.0
3f0c52fe-0153-477b-a8bc-105c722a2320,,,,openlibrary,0.0
3b9f6bbf-0d83-459b-a209-54d18162faf6,,,,openlibrary,0.0
93bcbb90-7c6a-48d2-ae5e-4264a1157b06,,,,openlibrary,0.0
f877fa8a-6e17-460a-84c8-a98bea20d99e,,,,openlibrary,0.0
de813144-b155-4536-9a04-16701f38b11c,,,,openlibrary,0.0
a35efd7c-1117-4c6a-8958-b62f1aa06c4d,,,,openlibrary,0.0
39b5a603-f90a-4436-870f-3c934091135c,,,,openlibrary,0.0
111507bb-b127-4eed-be85-c71659c12ea7,,,,openlibrary,0.0
7fd2987b-d15c-46b4-8e59-a3b6ab473144,,,,openlibrary,0.0
62a1053d-bdf6-4df9-949d-331d12985a81,,,,openlibrary,0.0
c2d2963e-d973-4a0e-befb-2a57b53b390e,,,,openlibrary,0.0
6a2d40c7-0d6a-4b33-9690-80d8a0498bd1,,,,openlibrary,0.0
41b84c00-5ea4-4e5b-957f-48688c96eb8d,,,,openlibrary,0.0
de3a1edb-fc26-4c33-815e-ed1988ba42dc,,,,openlibrary,0.0
d2b62ab4-42d1-43e1-aba0-0118d8e5e17a,,,,openlibrary,0.0
5ffef4ff-fb69-4c52-b0a3-7bb454c446bf,,,,openlibrary,0.0
19114dc1-950e-492e-b1e7-71fd1a300211,,,,openlibrary,0.0
1380e558-a5b6-4b4f-977c-83e9e2983ac4,,,,openlibrary,0.0
175ed6b5-c1e7-41f5-a154-d3880db0349f,,,,openlibrary,0.0
7e34afb3-57aa-4b10-8390-2ce3b3056a39,,,,openlibrary,0.0
6c47a511-2a79-4698-b35a-77c23ce63770,,,,openlibrary,0.0
629dc003-ee34-424a-9838-95642bff430a,,,,openlibrary,0.0
6afbc10c-2eb1-4a83-b53a-cdb3c0934466,,,,openlibrary,0.0
ee2a08bb-8065-44fc-9609-b965fe57ac23,,,,openlibrary,0.0
682ac49e-8c81-4f87-8949-f4c5aa94cea0,,,,openlibrary,0.0
bafb059d-d3e9-401a-89b5-1c466f4e592b,,,,openlibrary,0.0
edd87591-e773-448b-98aa-66675413330d,,,,openlibrary,0.0
9884d8b2-d373-46a1-b646-b64e05d62947,,,,openlibrary,0.0
f123152b-7226-4eeb-bb93-9201ca8e1ef2,,,,openlibrary,0.0
0651a580-5629-4ab6-88dc-784ca06ab50e,,,,openlibrary,0.0
d423ca95-3562-4ec1-8c6f-0ff35425818d,,,,openlibrary,0.0
e6be8f69-5185-4e6d-93fe-cbe3ce08bd16,,,,openlibrary,0.0
ce388e74-846d-41dd-a603-47f8b05183de,,,,openlibrary,0.0
3fc4e7f5-934e-4336-b9ac-db3e3a4f7697,,,,openlibrary,0.0
95941929-5a5b-4dc5-8521-9e75174d3a31,,,,openlibrary,0.0
2e3a1147-ea9a-4133-ba9e-e1221b20dfe7,,,,openlibrary,0.0
f414fbad-b81e-46b9-a756-887aaf47c8a6,,,,openlibrary,0.0
bbfe3620-d673-4a7e-b756-82b5af0e0f04,,,,openlibrary,0.0
98a875eb-10ee-4e02-8cbd-241790028efb,,,,openlibrary,0.0
30abfab7-4e9a-4886-8d07-c42411ec2ac2,,,,openlibrary,0.0
9ec90884-9a08-4234-9123-ebd0b4c122a8,,,,openlibrary,0.0
1541bc0f-d0a4-4e28-ba9e-671f1507253b,,,,openlibrary,0.0
1a3b849d-b6af-4a1b-9540-36f465d680d1,,,,openlibrary,0.0
bc38821d-4b6f-45da-bdbc-792b8fff005b,,,,openlibrary,0.0
38eeee28-d9a7-42e8-bc7f-256b461f51a6,,,,openlibrary,0.0
8f5ec502-c658-440a-b6e3-b853a89d0e1c,,,,openlibrary,0.0
1a456787-3099-42c8-aa24-e948842bf630,,,,openlibrary,0.0
52f92ee4-23b0-42d9-9755-c8f76d5695c2,,,,openlibrary,0.0
120aa401-9a52-496e-b5d6-df118077b103,,,,openlibrary,0.0
d5509d90-f8ce-4af1-96d5-9c420af2b799,,,,openlibrary,0.0
717d351f-8c54-4c4e-a09a-23fd3e253c7c,,,,openlibrary,0.0
3e763d7c-7491-4e15-82c5-a2ecdb0ce054,,,,openlibrary,0.0
41cc343f-ae5c-4bfb-b9de-d3553a6999a1,,,,openlibrary,0.0
ee6aefc0-f47d-4ebf-b023-f35d394bfab2,,,,openlibrary,0.0
fc96307a-6631-479f-8f9b-7db29ad0cc16,,,,openlibrary,0.0
f56a2e95-4c0a-462a-94d2-0115f84999a9,,,,openlibrary,0.0
be54ebb0-3a64-4d94-9315-55e8c959bc4e,,,,openlibrary,0.0
8954c93a-ef91-4074-a594-da3f44f77b05,,,,openlibrary,0.0
94939fbd-7e72-4472-be7b-a2da67cd603e,,,,openlibrary,0.0
93c0645d-9648-4273-a0a6-3d60077b730a,,,,openlibrary,0.0
6df71152-80dd-49e6-809e-30b1e39a8a0b,,,,openlibrary,0.0
9e5fdf44-3953-4de9-a1f2-32cb0813ae46,,,,openlibrary,0.0
7041e5fc-fe0a-4bfa-997c-e40fae21b88a,,,,openlibrary,0.0
02aa4b35-0ff9-4256-a878-dc59dc004cac,,,,openlibrary,0.0
42717888-046c-4763-befc-e989eb48abe3,,,,openlibrary,0.0
f6e229e7-5b93-4d63-8fb0-2c0628344d48,,,,openlibrary,0.0
110eab63-44c7-404a-9f3f-3ac06322ef2c,,,,openlibrary,0.0
89a0f91f-dea9-4eed-b22d-8eeef8441f4c,,,,openlibrary,0.0
cc50011a-bfe5-4dc8-981b-ae2d84c0c266,,,,openlibrary,0.0
ffee2901-f266-4b31-9a3e-6c20d8a50be2,,,,openlibrary,0.0
28f3bd63-db22-4bdb-ab76-12575ac4108a,,,,openlibrary,0.0
63048387-819f-428b-897b-0c4b5ef0096e,,,,openlibrary,0.0
4318b6e6-4275-4455-a860-5bc6dc83ffee,,,,openlibrary,0.0
44bec4bf-7c8f-4fbd-b5b2-15be872ca92d,,,,openlibrary,0.0
224eae70-f9e1-40f4-8f84-77f404d91701,,,,openlibrary,0.0
b9ddb576-ab12-4ae3-ba1e-427b7d1d6a54,,,,openlibrary,0.0
e4997d2b-ca3b-4227-83dc-074aaf7db463,,,,openlibrary,0.0
3fa247a6-05fa-4a9f-8cd6-7975e0ca365c,,,,openlibrary,0.0
98d69b3b-2e67-493d-9f3b-aa461b86bdb5,,,,openlibrary,0.0
2b65799f-22a4-4064-9ae6-091e62105c42,,,,openlibrary,0.0
9e8dea6f-55af-4b39-8aec-afe596796bf2,,,,openlibrary,0.0
18bbd40b-f40e-43bd-8a85-8a9f4c2995a1,,,,openlibrary,0.0
cea8cb83-8e02-44ec-8e81-d68f4cb7c597,,,,openlibrary,0.0
39f4521e-503a-4d4a-9401-b7c324c69f77,,,,openlibrary,0.0
6839726d-b8d3-4234-8175-730d96eaa863,,,,openlibrary,0.0
d462d73f-4f76-4928-a99d-54a550f88b0b,,,,openlibrary,0.0
f800b3a7-8f21-435a-bd5f-15f4d4246737,,,,openlibrary,0.0
c821e149-d136-4933-bd77-e44f7a11ada9,,,,openlibrary,0.0
f6ff9f40-8704-48ff-b693-a8ee7aeec13a,,,,openlibrary,0.0
b456081a-37aa-4fac-8608-0d28a1d73aff,,,,openlibrary,0.0
ae510a0e-979a-4e6c-bb1c-cdd13f243b73,,,,openlibrary,0.0
c3ddece7-b4a6-421f-889e-93a73f0087fb,,,,openlibrary,0.0
c8b25e51-788c-496b-8631-fd020dc9cf3c,,,,openlibrary,0.0
4dc894e4-8d1d-40d2-bedb-ddeadd3def07,,,,openlibrary,0.0
71f66e98-e3b6-4fc4-8d61-02a14012e5cc,,,,openlibrary,0.0
547b411a-a822-4915-9b49-6ab3e341f4e7,,,,openlibrary,0.0
8935c8dc-ef35-40ad-b6ba-6991dda89325,,,,openlibrary,0.0
99837492-c9c3-443d-a1d1-ee15861a8043,,,,openlibrary,0.0
039851ee-6935-424c-ba78-94f01038f694,,,,openlibrary,0.0
be59816a-c9d5-4e46-9472-3ba47932fcc1,,,,openlibrary,0.0
5b918d50-7834-40ad-a238-5a5b44dea4fc,,,,openlibrary,0.0
f099dda6-34be-4802-9ae3-4e7aad741669,,,,openlibrary,0.0
20aeba60-461c-4ea3-978e-8fd43acb70d4,,,,openlibrary,0.0
45d4aeda-4fe4-41f1-9428-c60f3669bd2a,,,,openlibrary,0.0
c353f4df-233c-41a6-ad69-ed67e388519d,,,,openlibrary,0.0
3deff982-a332-4da9-b98d-2f133eb979f5,,,,openlibrary,0.0
1f0a37d7-b696-4312-905c-5f92588981bc,,,,openlibrary,0.0
0cebc6ce-f12e-450b-ad85-f0b0696a1083,,,,openlibrary,0.0
1b8e0d19-672b-4d0f-bab2-0caeb51d5359,,,,openlibrary,0.0
5bbdf321-85b1-4fe5-b41f-b9ad9f31a423,,,,openlibrary,0.0
17f3294b-072f-4b24-9620-bfd9962eb2f0,,,,openlibrary,0.0
cf37dd87-b65a-457b-983e-fe71212b9f6b,,,,openlibrary,0.0
aa84b514-d08e-4050-aacd-8f3667ca47be,,,,openlibrary,0.0
de7b4431-3374-4cb2-a216-8e957080290b,,,,openlibrary,0.0
7a8326c4-68c1-43be-9372-b391150dd57e,,,,openlibrary,0.0
94028542-9b6f-46f8-beb0-d58a3527ba70,,,,openlibrary,0.0
38bf4f90-3fe3-45b0-a0d6-9a348d195dd9,,,,openlibrary,0.0
8c5920b0-ecd8-47f0-aa88-eb1421f2413d,,,,openlibrary,0.0
3a3fa53b-d431-402d-89ba-fd90599507de,,,,openlibrary,0.0
705480aa-80cf-4566-a640-85d7c5985511,,,,openlibrary,0.0
a8d60a16-a772-4a43-9499-bca93ae97ec0,,,,openlibrary,0.0
013747f3-47b8-4319-ae95-6af8d012c819,,,,openlibrary,0.0
4fc21b4d-66a6-42ee-ac1f-9e7a28d8428b,,,,openlibrary,0.0
5a61826b-e373-4cb1-b2bb-b19cfc1c68a2,,,,openlibrary,0.0
351ee945-8061-4b56-80f6-c95c7a1e1855,,,,openlibrary,0.0
1a24d20a-c385-47d0-a67a-b774c7218754,,,,openlibrary,0.0
3a2ea399-1cff-4404-8ed9-d413f39c52b8,,,,openlibrary,0.0
8766c453-c10f-4d5c-87fe-4e819d9acd88,,,,openlibrary,0.0
b6f3670c-8502-4826-bb33-7857db6cdf94,,,,openlibrary,0.0
87b2126e-086a-44d2-8450-eb0be49b5f13,,,,openlibrary,0.0
b23e1a74-35e4-42bd-baf0-363c3aff5517,,,,openlibrary,0.0
ffb75656-d7e8-43ba-ab4c-af78e85e70ad,,,,openlibrary,0.0
5aea2bb6-8faa-4827-8894-698fa623a8f3,,,,openlibrary,0.0
51c22653-0408-455b-b55a-1ba8b6a9dc09,,,,openlibrary,0.0
1b30e6fb-bb1f-4c38-ab5e-eca83b00cb3d,,,,openlibrary,0.0
64bbbb58-f899-485e-90e4-985b028e3a61,,,,openlibrary,0.0
36964473-fff6-4959-b8d7-59e7a4ecf0de,,,,openlibrary,0.0
2f3db12d-e63f-4ece-b784-26d6a85628f9,,,,openlibrary,0.0
ad0f10cc-4e8b-4e06-88ed-399a45428b63,,,,openlibrary,0.0
88729ba9-6b55-47fb-a187-b1cc2fca9b9b,,,,openlibrary,0.0
c3ce2035-5e49-4b12-8168-1d5a2919e292,,,,openlibrary,0.0
7eee4cc7-ccae-447e-aabc-5428ef7e2166,,,,openlibrary,0.0
085ff301-34c8-4225-8325-a1792542e4fe,,,,openlibrary,0.0
735f1d07-5ef5-4609-9649-d4e8045c2114,,,,openlibrary,0.0
dab91db6-c324-4794-9562-585218027adb,,,,openlibrary,0.0
425a7ddd-50cf-4323-9c31-f32ebfc0dbf7,,,,openlibrary,0.0
bb57bf15-02ac-4edf-8138-5f564fa5b7c4,,,,openlibrary,0.0
51c77001-a4b1-4216-8dcd-e466d2924221,,,,openlibrary,0.0
a66c7c0b-0bb5-4859-9970-6b981ef2db97,,,,openlibrary,0.0
89c1f6f8-dfe9-48be-a903-02891a155866,,,,openlibrary,0.0
3d74f56e-6465-4b1f-af37-85c50b0470b6,,,,openlibrary,0.0
2b5a6647-2f0c-439d-bcfb-bfddec0f5ac0,,,,openlibrary,0.0
fbf84ac0-abdb-4e28-9af1-36f9ec86a643,,,,openlibrary,0.0
94fff06c-0b0f-4dbf-8fc3-8cabe2356a5e,,,,openlibrary,0.0
a2797a93-d965-4f4f-ba20-6565f50d49c9,,,,openlibrary,0.0
938e954a-d0f3-49a0-92ab-fd02414514a2,,,,openlibrary,0.0
258ed30c-2137-40f1-bd4c-d34ce5feecd4,,,,openlibrary,0.0
82356697-b1f1-4ad7-8619-5e1101b27551,,,,openlibrary,0.0
55c271f5-87f0-4645-b347-e3dc34f783ad,,,,openlibrary,0.0
72b16612-7307-4636-b2e4-1a7dffabf2c0,,,,openlibrary,0.0
0ea7a01b-439c-432d-9a9e-1554ca37f7fb,,,,openlibrary,0.0
7c951b5a-5606-4e55-92b8-f3321ebb9165,,,,openlibrary,0.0
ba618649-db8f-44df-82c4-b0512efd7406,,,,openlibrary,0.0
78f2fa54-13cb-4eaa-819a-fdeee2d09a6a,,,,openlibrary,0.0
d491bcc7-5ef0-4be1-bd99-22679afa9f27,,,,openlibrary,0.0
f4140847-8e3e-4578-a81b-19ed1b3857ed,,,,openlibrary,0.0
f64cdd83-089c-486d-a441-eec305c41a0a,,,,openlibrary,0.0
819964ed-6896-49d9-aa70-97793e14f067,,,,openlibrary,0.0
b17551c4-929d-4401-8ac9-cab45e51d9fe,,,,openlibrary,0.0
393abf23-66a6-4293-811f-20b787c5f957,,,,openlibrary,0.0
86689a43-71d5-42fb-a67c-461a5d378223,,,,openlibrary,0.0
531e7a25-a013-491c-bcc2-7289a0eb71de,,,,openlibrary,0.0
f867fe2d-bc75-4168-9468-10d09de55c42,,,,openlibrary,0.0
008d793d-8657-4636-9401-2282879d61d3,,,,openlibrary,0.0
d90719eb-094a-4a57-8746-07ad153287be,,,,openlibrary,0.0
ab6ccf62-d5e3-4967-bcf4-2e4a13888d51,,,,openlibrary,0.0
f33fd8b2-b5aa-4c0d-8ae4-09ca794952e6,,,,openlibrary,0.0
f84dcbe2-3489-4151-92d9-5c28a47099f5,,,,openlibrary,0.0
b6a24fd2-6470-4c0d-ba35-a162ab1c2386,,,,openlibrary,0.0
11b578e8-ddee-4b46-848a-f1ebae5608dd,,,,openlibrary,0.0
37b258e1-a2a0-4c94-b01d-3dd3dc78dd95,,,,openlibrary,0.0
70108cf9-b46f-4a81-a0fc-bac6cc03b663,,,,openlibrary,0.0
78ccc160-cde9-44f8-adaa-61a3ebc39361,,,,openlibrary,0.0
3c5f0287-8de1-454f-b3af-e0bc3d7aaf84,,,,openlibrary,0.0
d01e6108-8cc3-4ac9-a8c0-9c78f3682ba9,,,,openlibrary,0.0
b82e0919-ca8b-47d5-acc8-a72826619103,,,,openlibrary,0.0
7c6eb7a6-f6f2-4621-99e6-f72f29ba3da4,,,,openlibrary,0.0
dd97da4e-8361-4afc-9640-f4faacbfc1fe,,,,openlibrary,0.0
260e0267-2092-429e-9a82-ecd661b64ca9,,,,openlibrary,0.0
ca0c780b-180a-42e9-b8f7-10776c569cd8,,,,openlibrary,0.0
cf9dde1a-ae1c-4b2d-972a-8fbf716513bb,,,,openlibrary,0.0
a6dd7e3a-78d8-4bf7-8910-cc14f224ada2,,,,openlibrary,0.0
0938814b-19bc-4e16-bfe5-5e33f3517c99,,,,openlibrary,0.0
663641fc-e893-42ff-b95e-cef598ce0fff,,,,openlibrary,0.0
ae7b9f29-4188-4cca-8ff0-37baaf05cf99,,,,openlibrary,0.0
6e74ab30-33cc-4f10-93bf-148aae1e8935,,,,openlibrary,0.0
1c7efb9a-f746-4b1e-ac71-7ea02654a55a,,,,openlibrary,0.0
c59d4b44-d98c-4dd4-893c-5b4852a5244e,,,,openlibrary,0.0
1b5a8fb3-c4d4-4989-afd0-13798c2f795a,,,,openlibrary,0.0
711d1f77-7ad0-464b-992a-bdf3f89e48c8,,,,openlibrary,0.0
b4129215-47a0-446e-b9c6-d2efde10530a,,,,openlibrary,0.0
ac4e89a6-d11c-4802-ae95-d7e788f8d7ab,,,,openlibrary,0.0
c818326a-cb56-469c-b46a-63c2c1f3f3df,,,,openlibrary,0.0
84ca7e1a-9afc-4898-8a29-dc093845fefd,,,,openlibrary,0.0
59ae6d56-3670-4c0d-ba46-157d7a5e37f7,,,,openlibrary,0.0
f5619672-4dce-4d2e-904e-f9b05c666be1,,,,openlibrary,0.0
e3651914-dc38-4311-81d7-48fe6e1a84df,,,,openlibrary,0.0
2e0edebc-88a8-4037-84c0-bd18e3b9e3d7,,,,openlibrary,0.0
bfadac7f-f3d2-4f24-8adf-216f13e0f53c,,,,openlibrary,0.0
a003ebb2-9194-4c8d-8dab-d86a8a66f34b,,,,openlibrary,0.0
c1ef0490-58bc-4890-898b-96f0bbac7a05,,,,openlibrary,0.0
ba2a8fb8-7dbf-483d-af78-4962eb46341e,,,,openlibrary,0.0
f778c003-590b-4d36-b626-ed851f35bf21,,,,openlibrary,0.0
b07830f4-c6ef-4282-bd1e-0f570c27500c,,,,openlibrary,0.0
b1466224-7336-40b5-a808-20dee17038da,,,,openlibrary,0.0
fbaf69e5-b55c-4512-bec0-559b1f539aef,,,,openlibrary,0.0
55a3cdcc-3095-4bc1-9881-814d3d0f8178,,,,openlibrary,0.0
277c4788-e0d5-4552-9dde-cd9d1d2c9383,,,,openlibrary,0.0
eebd8848-8b23-4dda-a99c-b12d62952b08,,,,openlibrary,0.0
025010fe-3d4b-4f02-a67d-0c39ab5f4944,,,,openlibrary,0.0
71371633-487d-496c-90e9-b8bbb194f783,,,,openlibrary,0.0
67cf1565-084f-429a-b8fb-3708e8f901b9,,,,openlibrary,0.0
558889f2-7bd9-4f6e-b14e-059359ab77c9,,,,openlibrary,0.0
e5525983-7b69-44b1-89b0-5a2bbfb2a075,,,,openlibrary,0.0
cb494b87-6291-40f1-9c04-c23ce7d0d441,,,,openlibrary,0.0
188651f6-9388-4739-9853-954feeee2e02,,,,openlibrary,0.0
0ef7b29f-2089-4401-9503-7eb390371e17,,,,openlibrary,0.0
05521c48-9337-4d00-bd19-e8ff48803000,,,,openlibrary,0.0
8dd63177-266f-4df8-bbf5-a83f2eb4f3fa,,,,openlibrary,0.0
838ad547-42a2-45e6-b7e9-55ce3266a596,,,,openlibrary,0.0
42d19495-33f8-4f46-a62f-42a1aa8083d7,,,,openlibrary,0.0
1ba40095-fa36-4bad-a864-9f0a1b849176,,,,openlibrary,0.0
b6439850-f4db-4915-bf51-5d6f83e83120,,,,openlibrary,0.0
b444c964-2651-4f8c-a9bc-e12a5322ca73,,,,openlibrary,0.0
eb424109-aca7-4208-bf31-d0f0686cbace,,,,openlibrary,0.0
6bd29dae-3add-4916-aa4f-136fc64a3c36,,,,openlibrary,0.0
02c7dcfd-e204-4709-8eb4-d74dff9b3ddc,,,,openlibrary,0.0
41c81e8f-b6f1-4699-aafd-7485141feb22,,,,openlibrary,0.0
127eb37a-479f-4297-9d9b-084aa68c418e,,,,openlibrary,0.0
7804806d-448d-4c0b-b857-e9fdc1bd87dd,,,,openlibrary,0.0
e065189a-3f78-4a5b-a8e9-020cbc118a41,,,,openlibrary,0.0
34d58140-1536-4cc6-966a-93f8850e32cb,,,,openlibrary,0.0
59c0eb36-e228-47ad-a786-8f06ae899696,,,,openlibrary,0.0
e0a2b7d1-ab98-46d2-8eba-e09d2d06d02d,,,,openlibrary,0.0
155d25f8-c6f3-465b-aa4f-76a1f901d8a4,,,,openlibrary,0.0
fd3c33ad-b39a-4d3f-a704-bb0957410533,,,,openlibrary,0.0
f00a62bc-1d37-492e-931b-1b662821f2e2,,,,openlibrary,0.0
20be9dcb-3f38-4e73-be4b-bae2cefa6f64,,,,openlibrary,0.0
8c0c80b3-c8e2-4587-aa43-820ebce44539,,,,openlibrary,0.0
6fce9cb9-7e55-4b28-bea0-0ab950dc7eca,,,,openlibrary,0.0
de1ed64b-2af0-42e2-9765-84517cc2b7a3,,,,openlibrary,0.0
957e8001-7d4f-4a84-bae2-a21724805936,,,,openlibrary,0.0
2fe67971-3c59-44b7-822e-cb42e6127838,,,,openlibrary,0.0
6e24108f-6b43-4d85-b548-1ed09da4cf6d,,,,openlibrary,0.0
ad4be6a3-c778-41d4-9747-f6b60281eeba,,,,openlibrary,0.0
9d02f5f5-d3e3-4c0d-b6e7-afe8aaaa0d23,,,,openlibrary,0.0
2f0edb13-40c7-48d3-8c52-c671bd74050f,,,,openlibrary,0.0
51cf581f-5e18-472c-8e39-189f3c678448,,,,openlibrary,0.0
1fae859a-20e8-44d3-a5e0-aaad7aa6d10c,,,,openlibrary,0.0
666c8873-bdb8-4c4b-87a4-7aa0fb6ad6f0,,,,openlibrary,0.0
fc61e6a7-ee13-469c-8cd9-4fbcf7e6865a,,,,openlibrary,0.0
beab83a2-94e8-4b76-937b-d43b93de45f1,,,,openlibrary,0.0
fe690b27-ecdf-424a-bc3a-6a1c04f768ae,,,,openlibrary,0.0
fbe77268-680b-43da-bec1-2911c8bdeba0,,,,openlibrary,0.0
013a124d-10db-4ba3-8d30-3ffa6eaff5f3,,,,openlibrary,0.0
eefbb08f-c0f8-409c-8ba3-3b090a13567a,,,,openlibrary,0.0
a46a7c08-bc9d-41ee-b3f9-54b4d1e91e09,,,,openlibrary,0.0
3f83d597-7e3f-4e1c-b3a1-cbcf47423d94,,,,openlibrary,0.0
4c262af1-be50-43b8-ac8d-d0c265c1a9aa,,,,openlibrary,0.0
661c63d4-c774-421d-993e-207b14e00824,,,,openlibrary,0.0
d83a8358-ab48-4c6d-b4d1-db64248573cf,,,,openlibrary,0.0
d28c91bb-df8c-45a1-9e64-696f3aa6c06b,,,,openlibrary,0.0
0d6a6efa-9b5c-4e02-ae2e-62c348a0d5ab,,,,openlibrary,0.0
3e807482-37e9-4a63-be6b-38179b012235,,,,openlibrary,0.0
7ad531a0-b8af-4072-a8d8-00083b4fccdc,,,,openlibrary,0.0
c1199b02-8ce6-4b7f-901f-354a1d241042,,,,openlibrary,0.0
a528c128-6b1c-4ec7-8f38-e43954d28d27,,,,openlibrary,0.0
8dad55d0-ad49-4cd6-b743-51af19374673,,,,openlibrary,0.0
25dcfe1f-0626-4161-a785-c2ab70186209,,,,openlibrary,0.0
a15d1b50-1b2c-47f7-99e8-94d9450e5f9a,,,,openlibrary,0.0
92cffd23-30c1-41ec-ab1b-61176c244b66,,,,openlibrary,0.0
4f77edef-61d6-452f-a888-a5e3aabdae86,,,,openlibrary,0.0
9b411c98-53a5-4d1d-8203-9d8a31cbdfdc,,,,openlibrary,0.0
94545aeb-0baf-4d81-ac0a-f0f86902a397,,,,openlibrary,0.0
1f964965-3bff-419f-8605-9b0ab25438ed,,,,openlibrary,0.0
6244a561-235e-4c40-90ac-ddf51dadf28e,,,,openlibrary,0.0
cc9d8969-544d-4c5f-aa5a-ef7505823c47,,,,openlibrary,0.0
056d12fa-8b55-4b8d-af1b-ac6ee1debaf6,,,,openlibrary,0.0
407e3109-0186-432d-8cb9-5bb234d6d5e7,,,,openlibrary,0.0
7afac77d-a362-49ea-bb1b-a5a34b2ef8c0,,,,openlibrary,0.0
a108f2b3-69c8-4fb8-b9c6-abe0688389bd,,,,openlibrary,0.0
04292319-fdb2-4514-a0f2-00520b62c26a,,,,openlibrary,0.0
4417d2c0-08b6-4846-91d1-8c295083a38b,,,,openlibrary,0.0
f2dc6d07-2b8f-47f3-8cb9-0ac07ca33aa3,,,,openlibrary,0.0
1519b368-4a1c-4141-b33b-c3d7b2ea80b2,,,,openlibrary,0.0
3864cb00-6bb1-44f5-bcf9-d560ccdd35ff,,,,openlibrary,0.0
fca3f42f-04ca-48ce-a130-f7f86cb9a358,,,,openlibrary,0.0
62085361-a36f-4abd-9d26-8627d8ee38c2,,,,openlibrary,0.0
447fac13-1cfa-4b42-a9a2-dc2af61262fc,,,,openlibrary,0.0
5838365b-bc0b-45d6-8f5d-5ead72d1a973,,,,openlibrary,0.0
ed32d6b2-4fc9-46f9-b0fb-a7217b58d342,,,,openlibrary,0.0
d8745d6b-8b84-41d0-aac2-df02c72be7f8,,,,openlibrary,0.0
3aca6b5c-b9c0-43cf-9733-2641c42ba7db,,,,openlibrary,0.0
a763ec5f-3694-419a-999f-9f64a61b34f4,,,,openlibrary,0.0
31ebd754-61d0-4aa5-8441-01bc09c00454,,,,openlibrary,0.0
6f95a39c-21de-4f11-839e-4d5c5a67307e,,,,openlibrary,0.0
eec2636b-07f5-4c4a-aa42-6f646a196c21,,,,openlibrary,0.0
4e26deb6-f2e8-47e0-8a19-88e5245179e0,,,,openlibrary,0.0
71a34f44-0386-4b37-ba23-5fd067edef57,,,,openlibrary,0.0
7d3a97aa-f22e-4bc6-93f3-3684ea51d0fd,,,,openlibrary,0.0
578f52e7-8d59-4ffc-8878-ddc5f72d8924,,,,openlibrary,0.0
3679572e-4d14-45c8-84a6-7e8a56e586a2,,,,openlibrary,0.0
f9574e26-2add-4a03-8cea-7f7225b54bf7,,,,openlibrary,0.0
d3e74634-a961-447b-aa4a-72f732f214a9,,,,openlibrary,0.0
e67d92ff-2a4c-4d41-882c-acdc442f1ea7,,,,openlibrary,0.0
9a4813fe-ca9f-4748-bd09-1df674abd264,,,,openlibrary,0.0
9ae3b2c6-9c71-4ec1-8c8d-cdd047f59b99,,,,openlibrary,0.0
b1043ef1-41d4-486f-967d-6c4e8ba0ed74,,,,openlibrary,0.0
dfd0e58b-5bff-4108-ab11-6e368353be4e,,,,openlibrary,0.0
44b43f7a-49bc-4a07-ad58-dfda243e13b6,,,,openlibrary,0.0
df827753-a0fd-4376-8d8b-52dceff0f433,,,,openlibrary,0.0
95c5d301-3420-44fc-8d91-c5f5c80c9296,,,,openlibrary,0.0
7735da1f-e1cc-42e1-9f28-2752bc4c02a0,,,,openlibrary,0.0
9288fbf3-2c4b-4354-8c8f-9c4dede46572,,,,openlibrary,0.0
0af316b4-52b4-4d6d-b0d4-942933680e52,,,,openlibrary,0.0
2acea7aa-8f30-4209-b3bd-560ceacd7879,,,,openlibrary,0.0
3e0a5185-e127-455e-8795-534bde517f28,,,,openlibrary,0.0
434a8e00-5b69-4126-b790-4b4fdb4f5b83,,,,openlibrary,0.0
f463083b-63db-4313-9baf-d000cea4d35a,,,,openlibrary,0.0
26179208-73bd-4bf4-91d5-1567688bf151,,,,openlibrary,0.0
e5a7d837-83bf-4c80-b139-522d180cad13,,,,openlibrary,0.0
572a88e4-a939-46e6-a2b0-8d16a83996c6,,,,openlibrary,0.0
d7bcb982-4022-4b23-b804-a0ed605182db,,,,openlibrary,0.0
12522826-087a-4887-82b0-d5c3a4577c60,,,,openlibrary,0.0
a248b5c1-f29b-4f82-871e-6eddc71cc594,,,,openlibrary,0.0
8d01bc17-1134-4cbb-b6e4-65ceb3de6bc5,,,,openlibrary,0.0
79baa48f-ea22-4787-959c-861fa4d8d9ef,,,,openlibrary,0.0
a921773c-36d6-4c0a-8896-6c9bfa438315,,,,openlibrary,0.0
2bc490c0-99e2-4580-a3a8-10ef1b2ea13d,,,,openlibrary,0.0
16a7e44d-cfb0-430d-9d91-4a382f877fd3,,,,openlibrary,0.0
872b5863-b1b6-404c-b93a-b63143ec2e26,,,,openlibrary,0.0
6eabb655-1aba-4277-a8f0-9a4d981c9b1e,,,,openlibrary,0.0
4c072689-cbe4-4467-8f16-7a953a118892,,,,openlibrary,0.0
99373b0d-8f38-46d9-b8aa-26418270e858,,,,openlibrary,0.0
4b9a3e5f-428f-4333-aa28-b797c5938457,,,,openlibrary,0.0
b685865b-7eba-45be-bc8b-243f7e2bb15a,,,,openlibrary,0.0
e8a14dc1-cfed-48f1-ae06-9f9703f75aa9,,,,openlibrary,0.0
c0d44e2b-184b-4402-b213-03cb9a927155,,,,openlibrary,0.0
b61b8dd4-9c56-4a17-9777-da55f2eeae95,,,,openlibrary,0.0
6034522c-75ab-4440-965f-e043ba1bb5f2,,,,openlibrary,0.0
e132f241-2a2e-4a95-8e6c-796512f4e9c3,,,,openlibrary,0.0
05a1adde-aefe-41c0-9156-3c1f097365e9,,,,openlibrary,0.0
3727a354-b54e-43a6-b103-bea3390ef552,,,,openlibrary,0.0
7ff50848-42da-49c4-959f-1e1bae47fb4d,,,,openlibrary,0.0
34b653db-1854-4bc6-bfcd-46ab556a088d,,,,openlibrary,0.0
6cee5712-3068-4258-ad14-553f6b015036,,,,openlibrary,0.0
2b647386-d088-4a8d-a5a8-c4056ddaa8c1,,,,openlibrary,0.0
dacf3e93-a076-43df-8fe0-44ad93f188fc,,,,openlibrary,0.0
a0272f79-8443-4c8c-91af-38cc15ae93a7,,,,openlibrary,0.0
d6433a91-d51f-4de3-8d45-b148e18fb530,,,,openlibrary,0.0
246384aa-f624-4cb7-bb2d-090bb822c67d,,,,openlibrary,0.0
37e3ede1-db13-453d-8ac2-23804533ff2a,,,,openlibrary,0.0
f0cbe01b-6e41-4636-8a30-b39b69af424d,,,,openlibrary,0.0
b1c3d159-0e2f-43e6-84df-d7c7ee448d16,,,,openlibrary,0.0
a65920f9-0382-4c5a-9578-28a51167c707,,,,openlibrary,0.0
3b9385d3-27d5-4416-b95a-654fdee4bdd2,,,,openlibrary,0.0
4eed8400-e6af-49ae-9c6a-76618e2fa360,,,,openlibrary,0.0
7e952be0-5951-4bec-af64-72d1f2ee67ae,,,,openlibrary,0.0
d086300c-a39a-4505-baaa-139d6169570f,,,,openlibrary,0.0
62ce447b-016f-4737-a2a2-b8c7fa30ac28,,,,openlibrary,0.0
c48dc501-02ef-4f4d-a411-42ad86135597,,,,openlibrary,0.0
033dfb66-e42e-4754-9cd3-fb4cfe5374f0,,,,openlibrary,0.0
faef00cb-4323-4164-9377-47dcaee90c27,,,,openlibrary,0.0
a0a0baa9-92df-4634-aa01-c0d1d0a03aef,,,,openlibrary,0.0
bf9bd3e8-c2bc-4471-98bd-d88ca30bca0e,,,,openlibrary,0.0
913690be-f102-43e6-83aa-527c78371f52,,,,openlibrary,0.0
327dde46-b63c-4b68-a127-d9b5dbe21290,,,,openlibrary,0.0
9e875c84-e979-4ab6-951c-1b3d803eecb6,,,,openlibrary,0.0
6bc0ef96-388e-4d64-8dee-77b977b026b6,,,,openlibrary,0.0
4ba105eb-a1ff-4de6-b783-3b963139fbe5,,,,openlibrary,0.0
7716fe2a-bd0c-4e70-94fd-8b56e7dee5cf,,,,openlibrary,0.0
ad076414-29b7-48cc-a65d-1c7ef37646dd,,,,openlibrary,0.0
15a8456e-a1a3-4677-9599-1114e5b69a7a,,,,openlibrary,0.0
3f0b0aec-06a0-407a-920b-a05d6a2fa32c,,,,openlibrary,0.0
8a41f75b-a377-4334-83b2-9b64504caec1,,,,openlibrary,0.0
04a72273-9bff-4aa3-9462-00ed4e40533a,,,,openlibrary,0.0
0403c55b-d79f-4333-bd27-8eebae93e10c,,,,openlibrary,0.0
a1e2f42a-fccd-43c7-97a0-3b6dfa21a26a,,,,openlibrary,0.0
6877eaf9-e794-4de9-99e0-28b25f520685,,,,openlibrary,0.0
54f69e3e-bf98-4e4c-a74b-b8040f614db2,,,,openlibrary,0.0
4403a805-d30b-4ed9-a3af-673d46ce90d6,,,,openlibrary,0.0
0e133aad-4115-49d6-b94a-43ab3306d0ca,,,,openlibrary,0.0
e1a3010f-4bd1-427e-b3a5-79d9ad66681e,,,,openlibrary,0.0
94d5793f-f413-423d-81d2-f119929b489d,,,,openlibrary,0.0
be17caa5-a44f-40f0-bd54-f16d6692dffc,,,,openlibrary,0.0
00466b97-9f4b-4bd0-9fd4-8b11eb51004b,,,,openlibrary,0.0
41ec29fb-2efd-4412-891f-55b941c1e1ce,,,,openlibrary,0.0
dce62f57-5742-4856-8eea-f244646b9282,,,,openlibrary,0.0
c5851447-2e26-4e13-890e-cda3ac4b8fab,,,,openlibrary,0.0
941b569d-405d-4132-8935-e0d7c98019eb,,,,openlibrary,0.0
339ce584-ace1-412f-9257-06ed063ac41e,,,,openlibrary,0.0
4bf91062-241e-4e30-89dc-c15f89dd6e74,,,,openlibrary,0.0
58e4ba2f-8ff8-4db8-bc03-1232000e18a4,,,,openlibrary,0.0
84907fe3-6972-4021-90e1-75e37fc6c47d,,,,openlibrary,0.0
89949c88-fa72-49b7-bfbf-404b9294d294,,,,openlibrary,0.0
045f224d-1dcf-43b6-a885-af9695e494d7,,,,openlibrary,0.0
b2b2637b-3ff5-49e1-9143-1602e6f8ed33,,,,openlibrary,0.0
faca97a2-0261-4859-9638-bb0788661d08,,,,openlibrary,0.0
3f69ae65-4d3d-46c6-938f-e687be009e7f,,,,openlibrary,0.0
14894680-0288-4d46-97eb-d7a6274cf3d4,,,,openlibrary,0.0
95815fc8-eb84-4eab-bc2f-7cc48e811d3b,,,,openlibrary,0.0
d1aec811-da6b-4876-a4aa-595e35626e91,,,,openlibrary,0.0
2c48a2dd-199d-4397-87f4-fe2076785b5f,,,,openlibrary,0.0
f40fdf02-40d3-4df4-9ef6-bbd66a2262dd,,,,openlibrary,0.0
f7f573e9-63ee-423e-af30-686900a163c8,,,,openlibrary,0.0
d39a994f-d21f-40a4-ac9c-95db3eb00a35,,,,openlibrary,0.0
803d42f6-7e8f-49fd-a75e-463151b87694,,,,openlibrary,0.0
ccac3ac8-a74a-4fbe-816d-a156d7db3c61,,,,openlibrary,0.0
ca0469ef-ef56-4921-9a9f-78f0dc600973,,,,openlibrary,0.0
97d7176e-1b8b-468b-942b-bfd6210cc427,,,,openlibrary,0.0
056db8d2-65a5-4329-92da-1c5c5ed200da,,,,openlibrary,0.0
59227b81-4f46-4096-a8c8-83b40e4d813a,,,,openlibrary,0.0
97782b95-c69b-4749-b5da-4c5c22d0fc5c,,,,openlibrary,0.0
c6a467f9-43c3-4c52-a688-e37e5010e065,,,,openlibrary,0.0
10b9851b-2ab3-4e81-b8aa-9d3c34ee8137,,,,openlibrary,0.0
b1f9f065-12fe-4eb4-b98e-9e5f79756fb2,,,,openlibrary,0.0
e5fd4a80-ca67-475d-8793-9437d3f0baa6,,,,openlibrary,0.0
85018813-178d-4e97-bf2b-43545d6ead26,,,,openlibrary,0.0
021dcd53-8d41-4a8c-9e28-48796bf264f6,,,,openlibrary,0.0
2c4002c5-8366-47e0-aeb4-9fb21fb46693,,,,openlibrary,0.0
3fe8dcd8-2a08-4300-b3b9-7a50995d5fe1,,,,openlibrary,0.0
5c5eced9-79d3-4c77-8908-e6ef7fd67fbc,,,,openlibrary,0.0
4befcc11-b846-4329-b2da-d4d714ad16be,,,,openlibrary,0.0
bcdd2f0c-d697-4435-8111-24445fa29dab,,,,openlibrary,0.0
82235122-4c28-4ce9-8d37-15a4c652d540,,,,openlibrary,0.0
98cd1abb-7fec-4293-bb5e-b4e3d79c3b4a,,,,openlibrary,0.0
f4abc33f-2c9b-437b-ae3e-34a60eb4a121,,,,openlibrary,0.0
223ee29f-f53d-45ae-bc86-b86ec96f85de,,,,openlibrary,0.0
01fd0ca3-e1ea-4304-8ab2-f5f19d748339,,,,openlibrary,0.0
370a2714-c7f3-4ce0-80bd-7977020f233e,,,,openlibrary,0.0
81772f58-9e56-493f-9253-670754348365,,,,openlibrary,0.0
99b03934-7450-44f2-9808-efba8675c866,,,,openlibrary,0.0
2a17d8f8-7f32-421f-a630-9bc2030542de,,,,openlibrary,0.0
e1f79d3f-11f9-4207-a1bb-576fb0d1b624,,,,openlibrary,0.0
0b048265-ac11-491a-b28c-a16a85833ea0,,,,openlibrary,0.0
319c7424-4a90-49dc-9c60-9579d0575213,,,,openlibrary,0.0
f4f3b21b-fba3-48ff-b121-a4bf373f6dc4,,,,openlibrary,0.0
5b316bd8-dedb-4a19-a23f-5d21b98c1894,,,,openlibrary,0.0
1e550ff1-4d96-4efe-bede-54b38dc6e0fe,,,,openlibrary,0.0
8464fc47-7237-42a9-8ca3-1704d19ff852,,,,openlibrary,0.0
8008cc93-9bbd-49eb-b93c-ad627bc271dd,,,,openlibrary,0.0
df70bbe0-88ca-4681-8b6a-50915a03fb10,,,,openlibrary,0.0
9681920c-7eac-40df-aefb-2634f5da8846,,,,openlibrary,0.0
fd9da615-5ccc-4937-a0cd-d3b871314191,,,,openlibrary,0.0
a59f5bb6-6c6d-486d-b898-b33e93361b7c,,,,openlibrary,0.0
92960982-b42f-419f-bc93-dff8c510e8ba,,,,openlibrary,0.0
ff4a6ec7-205d-48a2-bf96-f55e2b2eb00c,,,,openlibrary,0.0
a40ac05d-f5c0-41bf-9afd-25843c3a2554,,,,openlibrary,0.0
1f30c3b9-2792-4797-aa13-c3eea920e9fb,,,,openlibrary,0.0
5ebf68c0-bfa9-41e8-a9c6-b55d1932f15b,,,,openlibrary,0.0
0ab1deef-cdca-4c91-8ad9-79be4f5e2328,,,,openlibrary,0.0
806fe09e-a7d3-420c-88ae-198fed975a1e,,,,openlibrary,0.0
1a46a3e4-bb78-4303-89c0-2ec9d8f15dc4,,,,openlibrary,0.0
775b1bce-5337-4735-994c-ecb4b2eea35f,,,,openlibrary,0.0
006761f5-a1a3-48a0-9f1f-9d5155a1c1f5,,,,openlibrary,0.0
c65d091e-9b36-4508-91af-f6f7c3d4eb1e,,,,openlibrary,0.0
fd6682a2-e6b9-4442-b039-53cc773fd9b2,,,,openlibrary,0.0
7b736cdf-a15d-4248-ab5d-82603d91a9e7,,,,openlibrary,0.0
a0ae6db9-4d86-4fca-9c5d-85eddf2588ff,,,,openlibrary,0.0
99972fd1-c550-4b36-92ad-811fbae00a94,,,,openlibrary,0.0
0fffb6bd-5c11-4c8f-8ae1-d60ec85f92d4,,,,openlibrary,0.0
fef35d28-6963-46d2-9cd2-aee384d05ecc,,,,openlibrary,0.0
d44c2a18-f183-4105-a092-6a788f26d136,,,,openlibrary,0.0
eb79e419-56d7-41cd-90c5-90425e91107c,,,,openlibrary,0.0
c37ff363-d0fc-430f-b664-8c1a2e4a3226,,,,openlibrary,0.0
18cfc61f-0b9d-471d-98d1-de1642729f0b,,,,openlibrary,0.0
b94ed430-cbdb-4abc-8db8-d0b37d2b0f11,,,,openlibrary,0.0
867f55c9-fe19-4b58-adc9-7ab9e810f8af,,,,openlibrary,0.0
83aa55ff-bc37-4941-a350-99108accfa63,,,,openlibrary,0.0
781a6bb2-7333-4df4-bb09-535efd2463f3,,,,openlibrary,0.0
8d9ee329-e134-4ce7-9ce4-e8b796f485dd,,,,openlibrary,0.0
87a100c4-f427-4c78-80d7-10180bd43874,,,,openlibrary,0.0
a43ee976-f77c-4840-b43b-0c4bcbec4631,,,,openlibrary,0.0
d0e071e4-857f-4ae3-95c8-4358adb627fd,,,,openlibrary,0.0
dc1e26ac-0860-42e3-85ef-a33b17c71905,,,,openlibrary,0.0
917da450-c6a0-4238-9cf3-3f9467bbc83b,,,,openlibrary,0.0
8c1fdad5-ea06-4502-807a-f5f7596596aa,,,,openlibrary,0.0
b4413437-49ba-4902-8ebd-a9c75f960f41,,,,openlibrary,0.0
7609de61-7a2b-42d1-9018-2eb556700be2,,,,openlibrary,0.0
6a3e2150-14cf-4b79-94f9-5acdfb870715,,,,openlibrary,0.0
fc84cbb8-e3d6-4f75-92fb-1acd05f6f3cf,,,,openlibrary,0.0
f8b62fbf-fc97-46bd-aab4-4611ddd8e13e,,,,openlibrary,0.0
a413a4a6-658a-4ecb-863e-bce3cfb19951,,,,openlibrary,0.0
b641f20f-5f06-40fb-9768-ff2d30335919,,,,openlibrary,0.0
7cb56fe8-61bd-44b4-8873-bc0e20ccf2fb,,,,openlibrary,0.0
7a1407e6-3d5e-488f-92e6-d9d0db3ffaf6,,,,openlibrary,0.0
599cc08e-1914-4e07-a716-75b502f51915,,,,openlibrary,0.0
9f21c7b7-22d6-42dd-b6a7-5d28319f5ba5,,,,openlibrary,0.0
ddd026c8-d365-4667-a5c1-e37562e0daf7,,,,openlibrary,0.0
ea4517ed-3589-465c-ba92-54bf0be01790,,,,openlibrary,0.0
0a681a55-037d-4ca1-add1-591cdd29af75,,,,openlibrary,0.0
7e9ff576-a1e0-4973-ae4c-779e21d07a1f,,,,openlibrary,0.0
27f5334c-a1f4-477c-a198-2c002343ffb1,,,,openlibrary,0.0
e61d606c-dd63-4fd0-96ac-ac6ba0bbc7ba,,,,openlibrary,0.0
0ce57a1c-2e87-463b-9005-10e700264436,,,,openlibrary,0.0
f2a80697-36ce-405e-b20c-907d134b30b0,,,,openlibrary,0.0
75807663-ebe0-4b59-a29a-28f87517c21a,,,,openlibrary,0.0
dbe92bc8-44b4-47cd-bbe9-cb75fae53c95,,,,openlibrary,0.0
c0adf5f0-4b3d-4af8-b8fd-2ef9bdd08db8,,,,openlibrary,0.0
daafcad7-d63f-4fb3-ba35-8f19e7da99b1,,,,openlibrary,0.0
547c87f0-c34d-4b12-812d-4e486a381a3e,,,,openlibrary,0.0
ec3ca4ae-c8a2-48f6-9d26-7bf12c583c56,,,,openlibrary,0.0
2612f9b6-580e-479a-a232-99241ce2bbc8,,,,openlibrary,0.0
01e1563a-f34b-4c99-8367-69631d6202e3,,,,openlibrary,0.0
579b198b-e97a-4fc5-95c7-d47d64e9dc0d,,,,openlibrary,0.0
7f61a213-b8ee-4604-937f-8ba0de788884,,,,openlibrary,0.0
7c8456ed-ce52-4c3d-8c61-4ac9ce1ae5a9,,,,openlibrary,0.0
af2b762a-6572-42c5-86f3-8d914f17049e,,,,openlibrary,0.0
2202b000-c195-4404-a96f-a2a37db446eb,,,,openlibrary,0.0
08187613-0cac-448a-a3b5-a6e57bff9604,,,,openlibrary,0.0
06752bd8-187d-45ab-b186-03e18812b123,,,,openlibrary,0.0
cf69acda-cca9-476a-89b1-fed9eb4655c8,,,,openlibrary,0.0
506cf37b-df3d-4aa1-a1b0-348153e4a676,,,,openlibrary,0.0
0ca8a429-a96b-49ae-963a-894713e21e6b,,,,openlibrary,0.0
f80d562d-6c31-4e97-ad75-43dd82b8c3d1,,,,openlibrary,0.0
ee176805-37c3-4af3-b0fa-cbc2e1f1a568,,,,openlibrary,0.0
cfd475c2-a74f-4ab3-b844-d88379eb6cbb,,,,openlibrary,0.0
1ecb3109-f89f-404c-8840-715849dc2647,,,,openlibrary,0.0
5d25b75d-e9ab-4a7b-9031-9d52d13bb6e4,,,,openlibrary,0.0
8e080a41-4c90-4381-bb71-68e25e123836,,,,openlibrary,0.0
d67db225-ca2f-47ae-8037-e38022567866,,,,openlibrary,0.0
5b0a3b57-870e-442c-9d4b-489cd19feb6e,,,,openlibrary,0.0
7bcc3251-62eb-4b54-8e66-75a49d2be65b,,,,openlibrary,0.0
3623e25d-d67d-49ba-8319-b85cf618acac,,,,openlibrary,0.0
1c8ee400-0961-42a8-9072-4837bfe94f80,,,,openlibrary,0.0
3a5c8dc0-683d-43ba-b326-73fd2cb50a74,,,,openlibrary,0.0
6b5a71d0-9b8f-410d-a547-b5888e3a152c,,,,openlibrary,0.0
45f8a7b6-67a7-455c-abf2-5231c5f85c17,,,,openlibrary,0.0
043f0588-3094-4fdd-87dc-2535b76d3084,,,,openlibrary,0.0
94e77501-8e7d-4431-88bd-ca5bb58dd20a,,,,openlibrary,0.0
168a46de-f6e9-4920-822b-1fddec4f13df,,,,openlibrary,0.0
44db509f-ca16-4646-8cb4-8c834137aa26,,,,openlibrary,0.0
3b1a2d93-84c8-4da8-809e-e0be3b02a855,,,,openlibrary,0.0
a68b87f1-71a0-41c3-9de3-dfc8e18e45f2,,,,openlibrary,0.0
1056fc0b-d69c-4282-a75f-11ada0b09e24,,,,openlibrary,0.0
2cacd04a-863d-4ff2-9f36-07b5b24b2e51,,,,openlibrary,0.0
d6c62619-7599-4deb-b1f1-8ac7fb7b8468,,,,openlibrary,0.0
fc647851-0d36-4340-83de-dc172cb1bd15,,,,openlibrary,0.0
2f53924a-7a43-49e9-8d4b-07bb6a208614,,,,openlibrary,0.0
32a2c091-022d-4a2e-9bfd-7c301893a8f5,,,,openlibrary,0.0
f918cd2e-94a1-4cff-afc8-5238320f6425,,,,openlibrary,0.0
4e385fef-ae76-4ab6-a00f-598cc4c0e9ee,,,,openlibrary,0.0
a51558bf-2eb9-4191-84d9-3b4c71adeb52,,,,openlibrary,0.0
662c1566-a76a-42e5-bf1a-ea0ece3e7f20,,,,openlibrary,0.0
7f92b195-bde6-4acc-94a7-90da4df37346,,,,openlibrary,0.0
a3b536bc-78c0-4f20-9282-9fc93c0e097e,,,,openlibrary,0.0
8cd677f2-2329-4367-b765-e314fcf7b295,,,,openlibrary,0.0
3c0358cc-cbee-4551-8b02-4f7793ea7870,,,,openlibrary,0.0
6f894a44-8848-46d5-909d-11c7a07a2a8c,,,,openlibrary,0.0
9c9e89fb-b5c1-4523-97ef-2ac41dadf17a,,,,openlibrary,0.0
b93b0ec1-d49d-4802-8984-f939fdac527b,,,,openlibrary,0.0
be1e03c5-6a54-4f96-8e87-e5d66fc944c8,,,,openlibrary,0.0
c4541dd6-1e89-4127-8bad-66539e06d2af,,,,openlibrary,0.0
fa4575f3-f5e0-4c43-b0a9-fba9a891de55,,,,openlibrary,0.0
26a87ca9-df12-42cb-8c2b-b0ceab5ce166,,,,openlibrary,0.0
d6584406-3cb2-46d2-aedf-ec41f9bed3c3,,,,openlibrary,0.0
29fc7f6c-7548-40ae-8f27-c317b570e48c,,,,openlibrary,0.0
f0b57df2-b7af-4591-b822-22d26d691d18,,,,openlibrary,0.0
f9c5b8b2-c141-47b2-934e-c6579bc4da05,,,,openlibrary,0.0
c6c3f1be-d653-4ac8-83c8-d8057adb18b6,,,,openlibrary,0.0
98ca6b54-645d-402a-91e1-9c111a776d8b,,,,openlibrary,0.0
810a7608-bbc7-472f-9c64-54c4ad9fdd7d,,,,openlibrary,0.0
d3d7bc31-debb-45de-8d2b-809fe81e6f38,,,,openlibrary,0.0
fbd70903-eb58-4980-a62e-9e36f7e470a7,,,,openlibrary,0.0
cf1f211a-80f7-4ae6-8974-9cb92943b85f,,,,openlibrary,0.0
fdbdd725-ad27-4f42-bd5b-202e81f5186c,,,,openlibrary,0.0
1a78f3ed-88d5-4b6d-adf2-5fa208ba5287,,,,openlibrary,0.0
26e14c0a-688d-42f4-a73a-f8aa9609f01f,,,,openlibrary,0.0
d918eb15-bf13-4ffd-b422-25df1c9123fb,,,,openlibrary,0.0
50d409c6-f028-44d2-b8d4-c838ba24232d,,,,openlibrary,0.0
464e6104-5b91-4136-a2d7-a31d04db1e41,,,,openlibrary,0.0
fb10b93c-6d32-4de4-ab32-4f9cf904dde8,,,,openlibrary,0.0
9e431894-8885-4ff9-aad7-be11606a5406,,,,openlibrary,0.0
4cdcb1be-6b5a-414c-8858-fce1a620d35e,,,,openlibrary,0.0
e5353f51-10e1-47c4-92f3-87f677b16c79,,,,openlibrary,0.0
281f7bd6-f003-422f-b69e-6930e728d2ff,,,,openlibrary,0.0
8914c1bf-73a0-4aeb-a3ab-c90cee1004f6,,,,openlibrary,0.0
d63696c6-5b47-417a-bb64-671d890c0187,,,,openlibrary,0.0
e480cfde-9d46-420c-8f63-c641ae6743ae,,,,openlibrary,0.0
608b7051-9c2a-4723-97ef-59af5bdaa0eb,,,,openlibrary,0.0
b2100305-5dce-4f43-92b6-cd37d93e2bda,,,,openlibrary,0.0
ff7d6ae6-458d-40a5-8f31-b420ec3141cb,,,,openlibrary,0.0
8637c687-611b-4460-acbe-23e9ca5e0815,,,,openlibrary,0.0
d98a5823-d33c-4281-babc-62f276c54eb9,,,,openlibrary,0.0
65d8f20c-1f50-4399-81de-8ada79b3749b,,,,openlibrary,0.0
8ade81b1-df74-44be-b27c-de0c931ce925,,,,openlibrary,0.0
38f01386-5c1c-4040-b592-696d406cd006,,,,openlibrary,0.0
dd6161ee-ad7d-4681-95e6-6edcbce1dbd0,,,,openlibrary,0.0
ec4b0a2a-a562-48e9-ad8d-0a8689a81430,,,,openlibrary,0.0
9a0eeaca-2ef2-43b0-8740-63b1b554b269,,,,openlibrary,0.0
f0f555a9-b5c3-4bcd-80f0-103c1e5b4177,,,,openlibrary,0.0
eb1dfb3e-6f6c-4a8d-b645-c52f8e545b51,,,,openlibrary,0.0
267e0cd9-e86f-4fdd-8c88-e30defa3c4de,,,,openlibrary,0.0
1c63a957-1116-4f91-865e-8c9af4b8a68c,,,,openlibrary,0.0
11b440d7-6ab1-4563-92e6-04dea8aa9717,,,,openlibrary,0.0
b60dba15-a8ab-432d-8fcc-c4e44c08bad6,,,,openlibrary,0.0
79f0a071-2ef2-47f9-a59c-78633dd1b4a8,,,,openlibrary,0.0
70add958-0027-4150-9b65-302595a789f5,,,,openlibrary,0.0
3fadfc09-24ee-4e64-ac20-1fabeeb778da,,,,openlibrary,0.0
12a4b4fc-a8ab-40cc-a7d7-be045738c931,,,,openlibrary,0.0
35b32d93-9686-442c-b144-6c74bd7aee77,,,,openlibrary,0.0
34147c66-e747-4ff0-b4db-bba11057da2b,,,,openlibrary,0.0
5804373d-ad93-4363-bfc0-bc6e56927e1f,,,,openlibrary,0.0
85b8ca53-f833-43a6-9ec2-4731619c6ef6,,,,openlibrary,0.0
b9ab09d0-929b-4d72-adc7-294f08675436,,,,openlibrary,0.0
e8227c1f-4e14-465d-b6d4-4e916ff18120,,,,openlibrary,0.0
5c8448e5-ff70-40f6-9b41-1885c1e96a93,,,,openlibrary,0.0
a22d65d9-95fd-4f99-a877-f4dba7dd8296,,,,openlibrary,0.0
00c3ec20-9d83-445b-b3e4-ae2af0d74395,,,,openlibrary,0.0
f44e356b-4a53-4f70-95c8-18d5b6b6cfe5,,,,openlibrary,0.0
1c4125f1-1f31-4d73-9403-ea1799b3c7fb,,,,openlibrary,0.0
226bb4c1-d055-4451-a04d-bd2a31ca25f0,,,,openlibrary,0.0
f63c758d-746a-4512-ad8b-ff81a8cd0d94,,,,openlibrary,0.0
1ff3cd42-3a4a-44f7-8162-e526f1c22262,,,,openlibrary,0.0
0eaf6b71-67cf-4dde-9e08-bc82fa026df2,,,,openlibrary,0.0
e6ddcdf0-2f19-4534-a39d-75c42e544997,,,,openlibrary,0.0
73979cae-1789-4bfe-bd99-cd4750a28ac9,,,,openlibrary,0.0
244ba60d-3163-45bf-b46c-6ce123b04bd7,,,,openlibrary,0.0
e0772d01-fb1d-452b-8f1d-446a3038796d,,,,openlibrary,0.0
5083d5d3-4748-4c15-a28e-257a74fd4ab7,,,,openlibrary,0.0
e9c5a8f1-4d89-4c50-8a35-3d21f3cd8e6e,,,,openlibrary,0.0
53ae6636-f5ec-4557-aeb7-9a5cd1a3c3f2,,,,openlibrary,0.0
531b8578-fea7-4f7f-9ac1-382a64f6f488,,,,openlibrary,0.0
2eeef6c1-c9e3-4f8b-b56e-9e626729c815,,,,openlibrary,0.0
f5b493d2-b1ba-4487-ba29-4271e6f503f8,,,,openlibrary,0.0
32ebba91-eced-459d-89c7-93e9df573f7e,,,,openlibrary,0.0
34d3287a-2c9b-4fd7-a8c1-3853b974eba0,,,,openlibrary,0.0
369fc5f5-75e4-4968-87d8-31a1cffc88ca,,,,openlibrary,0.0
998dec39-4a3d-4e60-8b68-c068cf00a95a,,,,openlibrary,0.0
ec9df151-2fbb-4ec5-a2c8-7f485da68b8e,,,,openlibrary,0.0
1ecb29a1-0d23-4218-b10e-dcb1210baf61,,,,openlibrary,0.0
7428a70d-ded2-479c-ac6a-94392ae46d06,,,,openlibrary,0.0
914acc50-0090-44dc-b0b2-20ea32d9cdc5,,,,openlibrary,0.0
c5696b24-589b-407d-831f-a842c9dfe105,,,,openlibrary,0.0
8bcc452e-3213-4778-a9ec-5dc63343d968,,,,openlibrary,0.0
2749edfa-bdc1-4942-9112-59a1bf6fa13d,,,,openlibrary,0.0
2e270698-b815-4dc0-8db7-ce275efd7d24,,,,openlibrary,0.0
f1536e17-7298-4259-a4a9-df4221500889,,,,openlibrary,0.0
1dca0f47-345c-49f6-812b-8de8e4d24b36,,,,openlibrary,0.0
fc3c2719-f446-48b9-ac9e-0e1b23f3c244,,,,openlibrary,0.0
a06f3e2c-0b06-41f3-b79d-958c24c590c4,,,,openlibrary,0.0
49ace925-0c14-478a-862c-7ce38545d1a7,,,,openlibrary,0.0
461795e5-07db-4ade-9a95-5fb1a2a244c2,,,,openlibrary,0.0
eb4dc29f-b5ac-4a11-bb8d-540a9a3d5e37,,,,openlibrary,0.0
d6ade8ee-e015-4975-b91b-aa90ea26c632,,,,openlibrary,0.0
4ac70391-a944-4c26-9f49-5b60c5b5dbc4,,,,openlibrary,0.0
f8bd32a8-da5b-4781-bdfd-cd4d86e273d7,,,,openlibrary,0.0
9e8eb0d3-c4cd-4b5d-af0f-c71147f14228,,,,openlibrary,0.0
9ce68287-ce1f-43e9-809f-fd2f39e9d4ca,,,,openlibrary,0.0
02751567-7539-423a-8052-6f7b02f883bb,,,,openlibrary,0.0
29be33a5-1738-46a2-a70e-7143937c157d,,,,openlibrary,0.0
5e88e7cd-62f0-45cb-8b43-6939485d6d20,,,,openlibrary,0.0
b8b3e1a1-ffa5-48cd-8b83-046f9fea07ce,,,,openlibrary,0.0
8dc26322-3858-4593-a5a7-c0bb6815eaf4,,,,openlibrary,0.0
e45ed44f-3ad1-4472-8281-d6354e0587f7,,,,openlibrary,0.0
e5cf3867-996b-448b-9f2d-0e94c9b41128,,,,openlibrary,0.0
68ba8daa-745a-4f9c-abb3-04e7daa1417e,,,,openlibrary,0.0
8d5db342-3d00-4f0f-b0cb-b4a188ba37ee,,,,openlibrary,0.0
a9335e63-2160-48b2-b327-567478e19e7c,,,,openlibrary,0.0
3f87abda-a6d0-49d9-81d4-b34bbbcc7eb6,,,,openlibrary,0.0
db2f859c-6747-443a-a9fe-8d1181d76a6a,,,,openlibrary,0.0
83faf159-66df-4b67-be1a-bb66eca854fc,,,,openlibrary,0.0
b91e2579-eb09-4a25-8668-fe7306743dd4,,,,openlibrary,0.0
39080057-97b1-4024-bc8d-8956f65b5005,,,,openlibrary,0.0
4f71ba7d-701b-4a93-861d-cb0fd584eeb6,,,,openlibrary,0.0
d43f381e-baeb-4f3b-8535-816d36a4a8ff,,,,openlibrary,0.0
1fd5ef61-6404-4ca9-b6ea-1414b3091525,,,,openlibrary,0.0
8535d304-761a-48c7-8669-8f85e9d31558,,,,openlibrary,0.0
a71c2cb3-c485-490a-9b67-27aa5d102c2a,,,,openlibrary,0.0
c3a0b192-a4eb-4fa3-bf82-23c75a6bd1fd,,,,openlibrary,0.0
1d3800ac-a1a0-48c8-b3ed-fd8c00dcab1b,,,,openlibrary,0.0
6ab85fcd-cbac-4526-a6e2-c609a5bf71a1,,,,openlibrary,0.0
50a53414-88a2-4c84-ba54-0f0f3c8c3d9d,,,,openlibrary,0.0
f98b7f1c-a098-45e1-8d16-4396391b0c0d,,,,openlibrary,0.0
98329b80-e3c8-4ae9-af94-6b5324e9fb09,,,,openlibrary,0.0
7f851058-8900-44c4-a810-5c6769ea8fd8,,,,openlibrary,0.0
a1297320-59e7-424d-990e-2fd0eb319383,,,,openlibrary,0.0
ea79047e-9a06-4b17-b197-86407f054cc3,,,,openlibrary,0.0
466482f2-c3f0-4534-be80-926543c37add,,,,openlibrary,0.0
bd82cba1-07fd-453b-8da6-f46b1f64b3c6,,,,openlibrary,0.0
a8c5d123-a16a-44c6-a375-5d8547df458e,,,,openlibrary,0.0
4f59b167-c3d7-486c-b8a8-ba96594a0981,,,,openlibrary,0.0
5a2d1f70-8054-413b-a5b0-de33f3027078,,,,openlibrary,0.0
89739c4f-de45-46bf-9101-068c2fe5e4bc,,,,openlibrary,0.0
120b3967-2d37-446b-835f-adc9cba73921,,,,openlibrary,0.0
fda85a81-bdce-4e3c-b49a-609f4b1f7f6c,,,,openlibrary,0.0
aed9eaf5-3dde-470f-a7a8-a15249c65dee,,,,openlibrary,0.0
7aeca8bd-95ff-48e2-9405-84ef3b43f918,,,,openlibrary,0.0
d3435230-0c98-4a2d-a495-dce4d8f00c87,,,,openlibrary,0.0
afce708f-0128-4c45-85d6-6c767b8e137a,,,,openlibrary,0.0
9c69b633-c98b-4f3f-af75-b387b3c40f3a,,,,openlibrary,0.0
a48b6b7b-5396-4429-b906-4ff3b946b2cc,,,,openlibrary,0.0
65d4ecac-3673-4125-b356-89882f5631ea,,,,openlibrary,0.0
8f6f0b74-b94b-45bf-bbf2-659d2a90cd82,,,,openlibrary,0.0
c8e2685e-e910-4366-816d-a001662034a1,,,,openlibrary,0.0
d2da46d2-a6a4-4b29-aea7-24515f5b12b0,,,,openlibrary,0.0
9c176101-6a5f-49fb-b550-eb8df22db166,,,,openlibrary,0.0
c5f2a498-6212-4363-95eb-689c6d49b24b,,,,openlibrary,0.0
1de79c40-e864-4b9f-a039-182cf482de24,,,,openlibrary,0.0
936916c1-0ac5-496a-bc90-fcc2ff6bfc9d,,,,openlibrary,0.0
7f0f7f5b-5fe3-4a19-9297-2ecf9e6d299e,,,,openlibrary,0.0
e91951cf-bf24-44e7-b92d-0e04934a3d3e,,,,openlibrary,0.0
56662db0-8a7b-4bcd-a492-37095a071ffd,,,,openlibrary,0.0
c15eb21f-b36b-4eb2-ab7b-e9deb724d79b,,,,openlibrary,0.0
1464f891-0c9c-46f6-bcf0-bfd3d4d11583,,,,openlibrary,0.0
93d72c5c-8a1f-46c8-b38e-2584fc1603ea,,,,openlibrary,0.0
487f3244-85a6-48d3-a55c-3d1f0a690539,,,,openlibrary,0.0
ae441ed8-bb35-4bc6-98da-70478946564d,,,,openlibrary,0.0
2915478f-b35e-4cca-9af4-77550deb6b5b,,,,openlibrary,0.0
2edf506c-cdb7-4ef1-afa0-1d53aa5a3007,,,,openlibrary,0.0
2c6a4acf-8ba9-4582-9b4c-a8477ae075a7,,,,openlibrary,0.0
88567561-0893-4c66-9632-f5191a1bf145,,,,openlibrary,0.0
97dc8463-e208-4583-b276-337537fb43d7,,,,openlibrary,0.0
e32d7d5d-deaf-4b2f-806f-4604545667c1,,,,openlibrary,0.0
ffd2a8f3-5dfb-4bf3-9c55-403bcfd20c41,,,,openlibrary,0.0
5c83f900-f346-4b2e-918c-54379d4262b6,,,,openlibrary,0.0
dfc3af79-933e-401d-875f-aac949c41bd4,,,,openlibrary,0.0
9441f173-6756-4ea0-87f5-e0ae4fd59dd2,,,,openlibrary,0.0
a6a5050d-62aa-4889-ae67-411dbdaf71be,,,,openlibrary,0.0
44d1bb64-4619-4f91-a837-6ee78279a66a,,,,openlibrary,0.0
5f18dafa-d230-4a1b-b0da-952ae60e0fa6,,,,openlibrary,0.0
de7ca9bb-8106-4ea5-b5c6-7a77f7bb5d59,,,,openlibrary,0.0
1c494a81-6a18-47a6-8733-b702d37ed26c,,,,openlibrary,0.0
902ee386-9134-4909-b285-e9cc5acb75bd,,,,openlibrary,0.0
58f690cd-65bb-4dea-8a6a-1355dcf9bc5e,,,,openlibrary,0.0
4fe6a489-45b2-4ecb-b6af-e9c7ca5d4b0b,,,,openlibrary,0.0
9bc16c9a-0760-4864-aaca-5c839c0ceb31,,,,openlibrary,0.0
e8ece206-9f2a-4b76-a860-02caf8c7d217,,,,openlibrary,0.0
cea9f759-9f6a-4a82-8b95-ab15ae56b25a,,,,openlibrary,0.0
f038de42-fee7-4cef-9e29-655cbb1a1022,,,,openlibrary,0.0
396adc3a-4937-4964-adf7-e533605aae2b,,,,openlibrary,0.0
c3ff44bd-4372-4fd7-b908-04ab7da16861,,,,openlibrary,0.0
830737db-caf1-437e-87a1-e31c2fc3459f,,,,openlibrary,0.0
9c7993cb-1a43-4ae3-b550-ca154ad654d9,,,,openlibrary,0.0
b07e00d7-199b-4c3e-841b-fdff43c1b7b2,,,,openlibrary,0.0
c18a8dd5-6cb5-482e-8fbf-4370d1fc236e,,,,openlibrary,0.0
a2e1338e-45e8-4d37-b231-9ff6d8b8db78,,,,openlibrary,0.0
b18d68a3-ba61-489a-b3ee-ea9b6ab7a02c,,,,openlibrary,0.0
c5b6e65e-2efa-45ce-9c52-339cf9625a33,,,,openlibrary,0.0
cb385910-08d4-4477-8818-56489941f089,,,,openlibrary,0.0
43c8cd5c-30f0-47df-99a5-8567aaf75fff,,,,openlibrary,0.0
232881bd-0de0-4872-a74a-00f275882dc2,,,,openlibrary,0.0
9f3d36ec-ad99-43b9-bce9-189a380409b1,,,,openlibrary,0.0
f8851717-ac25-4ab8-94db-028468bb2217,,,,openlibrary,0.0
bb8e6c90-1454-4dd8-bf9f-542f08e493c1,,,,openlibrary,0.0
a512f0ae-f5ff-4dc5-8e56-9634eea94de3,,,,openlibrary,0.0
342a7d80-9394-450c-b9cb-29c6d8d23d18,,,,openlibrary,0.0
b0f0cd10-123a-4716-af85-65672e25e500,,,,openlibrary,0.0
a5f2c62b-d5c6-46d8-8884-9ab8bbe56d77,,,,openlibrary,0.0
3b72530c-ed3e-4c1f-a7de-093c0b735675,,,,openlibrary,0.0
822f35f5-9814-41eb-b135-01941a74f5c8,,,,openlibrary,0.0
23817332-788e-4362-8f8f-8cb0419c95df,,,,openlibrary,0.0
2a3363fa-0ccd-4262-9c98-11598451b8fb,,,,openlibrary,0.0
fe6d1fc5-7ce7-40d3-97b6-e52e153a5079,,,,openlibrary,0.0
c7eb1e1a-184a-46e5-8842-ec09e94145ff,,,,openlibrary,0.0
9f5b9ec1-610b-445a-bc26-2125d179554a,,,,openlibrary,0.0
f4a262cb-75f0-421b-a6b4-b129e0710787,,,,openlibrary,0.0
149c30ed-3788-4aec-9005-eca48428c883,,,,openlibrary,0.0
5eef5fd6-7c31-4637-9c75-4b39ec5ab3f2,,,,openlibrary,0.0
7380e860-f86d-4267-bac5-2e96b02978c5,,,,openlibrary,0.0
f596d19a-4760-44ef-888b-4df1a6a61381,,,,openlibrary,0.0
808468b2-c8e6-46d6-b37d-aafd68334bb1,,,,openlibrary,0.0
39870cd7-3d3b-4eef-8240-d945344cc16d,,,,openlibrary,0.0
25c4abd5-0ed1-40b7-8faf-badc897f6eb8,,,,openlibrary,0.0
cb0ff8b1-4def-4ae7-8989-400fc3f42cf9,,,,openlibrary,0.0
a2c0e2cb-f5e3-4d31-9fc4-61fbc369725e,,,,openlibrary,0.0
6b02a69c-b393-4cc6-94e6-0da65b1c91fd,,,,openlibrary,0.0
6ecf258c-b46e-4209-9dd5-12fbc24973a0,,,,openlibrary,0.0
a855edaf-8ea4-4b45-8b57-9164b03c943c,,,,openlibrary,0.0
8d836f4f-77e1-4a3d-96a3-d8130b58a613,,,,openlibrary,0.0
2af58987-701e-471b-838d-f65b91544bcc,,,,openlibrary,0.0
ac47246b-debc-4327-b6af-df5a961f5deb,,,,openlibrary,0.0
aa4171c4-fb63-4810-991d-7e98ff100e07,,,,openlibrary,0.0
e1dbe992-d456-44ff-8e8b-291080c67287,,,,openlibrary,0.0
46bedd08-da22-49f4-b9ce-acef075c92da,,,,openlibrary,0.0
3dff2612-08e7-4ec9-94ec-543e6330512b,,,,openlibrary,0.0
afb99fd0-2719-4abf-bed9-2c66da323048,,,,openlibrary,0.0
fe224fd1-774b-422b-b7dc-e674c2292945,,,,openlibrary,0.0
08684d44-48bb-4194-8937-92b58b280167,,,,openlibrary,0.0
ee30328f-4ba9-4b26-aba0-a276d89ec25c,,,,openlibrary,0.0
7287d216-25aa-4fec-a1ce-d7c779ec6076,,,,openlibrary,0.0
628e8c91-3c5a-4157-ac8c-5e67141cff2e,,,,openlibrary,0.0
47cb5ff3-0823-42d6-9b6e-9e00de1ee5c4,,,,openlibrary,0.0
1c59b2d1-7f4e-43ed-820b-b5aa5203363f,,,,openlibrary,0.0
a43ada1e-a18a-4fe5-a48c-4e7c65b33c75,,,,openlibrary,0.0
c6277ba1-c263-4f9e-b6b0-7c2c96f0859f,,,,openlibrary,0.0
0030319f-daa1-4602-8ad6-a7f32eaa9a3b,,,,openlibrary,0.0
cae55fb1-cb88-4b67-a418-2fca44150703,,,,openlibrary,0.0
2fd590c1-9841-428f-bfb1-c00b182241a5,,,,openlibrary,0.0
fd2a7172-97e7-4b36-a8bc-080b8b85c6ef,,,,openlibrary,0.0
bc25c13f-86e9-4186-b76e-5961a33dfefe,,,,openlibrary,0.0
3c62307b-4295-4918-8e15-6d22898f529a,,,,openlibrary,0.0
6ed17d60-00bc-46f0-8218-52d17741ca22,,,,openlibrary,0.0
88544baa-540a-44ab-834e-5d7b731128db,,,,openlibrary,0.0
ea1b26ec-e0d7-48d8-88c0-3b046ca5363f,,,,openlibrary,0.0
35a27341-3e4c-4c36-997b-5da1b5f4735c,,,,openlibrary,0.0
1a0fe1b5-ab8c-40e3-bb9f-a48f62221768,,,,openlibrary,0.0
38f615b9-f727-4646-88aa-79c886b93559,,,,openlibrary,0.0
af952220-a20a-4ea6-add6-e12e9515d901,,,,openlibrary,0.0
9a21e813-0a8c-44b0-966b-9d0168030e12,,,,openlibrary,0.0
56bf179c-974d-40e7-b515-fbafd8777c18,,,,openlibrary,0.0
9ffdccb2-b3c0-4696-b845-4d6ef44c55c9,,,,openlibrary,0.0
da48700f-06cc-41a2-b8e4-b5c03368b5e2,,,,openlibrary,0.0
444e7b2a-1385-4f03-8744-a7480c51eabe,,,,openlibrary,0.0
b771fe38-5389-4039-b52a-bd738ea00d33,,,,openlibrary,0.0
a27e2138-825d-4e45-9052-e47b25755c58,,,,openlibrary,0.0
17a92cf4-c1be-404d-81d0-c29867068823,,,,openlibrary,0.0
5d01c041-c291-4914-ad87-23e2231c58f3,,,,openlibrary,0.0
f9c31561-1a62-4077-bab1-8384264dd45d,,,,openlibrary,0.0
d2cc547e-8fbc-4fcd-a633-8f0e3ff59f03,,,,openlibrary,0.0
40897cc5-9204-4371-a1df-d916af4f4e9e,,,,openlibrary,0.0
e683ea47-acd2-4676-9a8c-2a631cacb22e,,,,openlibrary,0.0
ddb8b8f3-d9be-4c4f-bccf-318251a7d04b,,,,openlibrary,0.0
c9364a76-0584-4f85-bf38-9e8390c7c7d9,,,,openlibrary,0.0
30f95e7a-d871-48c1-9aec-1bee3c47bbe8,,,,openlibrary,0.0
e14eb037-a0f3-4a82-8f8c-e378a6414a08,,,,openlibrary,0.0
8c666623-b48e-4e97-bf49-d18866445964,,,,openlibrary,0.0
9da4fd90-57a1-4f66-86df-c8026a52be23,,,,openlibrary,0.0
e0e8cc73-8b86-4b2c-9304-0992f442e794,,,,openlibrary,0.0
46e8daa9-2ace-4d66-ada5-c4000d5f5209,,,,openlibrary,0.0
d8f9b006-a4f8-4864-b374-a4c003144762,,,,openlibrary,0.0
6804a693-88ae-4352-a34c-ee363e671afa,,,,openlibrary,0.0
56911aeb-69dc-49a8-847f-424bff34ddd6,,,,openlibrary,0.0
5f859494-94df-4b41-a70f-8ce0a02bade1,,,,openlibrary,0.0
297e5339-4505-4216-a622-12c8222aa3da,,,,openlibrary,0.0
70a8c37e-512f-4e5a-926c-6f43d85f7ae2,,,,openlibrary,0.0
43cbf4c1-f8cb-4b98-9709-978afe201f38,,,,openlibrary,0.0
9ba395bc-35f3-4500-9040-87aa080833a2,,,,openlibrary,0.0
da0dc18a-d3e4-4d51-98d2-4271382055b1,,,,openlibrary,0.0
e517f495-7d82-48e5-9671-39af184a11cc,,,,openlibrary,0.0
86f60fc2-dae8-49a2-979d-495c7c8e23c3,,,,openlibrary,0.0
5325f348-ee1c-439f-a093-78726ff4cd1a,,,,openlibrary,0.0
4d3fe615-ed34-4653-bd53-fdf9d388d777,,,,openlibrary,0.0
728096ad-e651-4754-9354-0508fb925e58,,,,openlibrary,0.0
838cff9d-1c55-406f-b87c-06652a0981a3,,,,openlibrary,0.0
d297936b-220c-49ae-94c0-12fdd0e88ff6,,,,openlibrary,0.0
a090f792-e34d-44fa-b17b-11f5ad72e505,,,,openlibrary,0.0
b3410d19-6ff9-460b-8213-ab485ea9a36d,,,,openlibrary,0.0
c3bd53a2-b3d6-4322-abaf-27a1a586b9f2,,,,openlibrary,0.0
3210c0dc-3d1d-4421-b5c8-38b00e98e691,,,,openlibrary,0.0
ed19dba3-f96c-4325-846d-c2f21f4f9c77,,,,openlibrary,0.0
d703f790-f33b-415c-b85f-909adee08756,,,,openlibrary,0.0
0f6446db-bfbd-4069-801a-150780c321df,,,,openlibrary,0.0
de65a895-15fd-481d-bcae-afbf40edce78,,,,openlibrary,0.0
2e8983a5-26ca-40ce-ac40-0f7f9f4acde9,,,,openlibrary,0.0
4b05b4ce-479d-420f-a9a6-d34b1ca5b029,,,,openlibrary,0.0
c3d0b11a-803e-426c-a3be-26778a43546c,,,,openlibrary,0.0
2db393f9-b6c1-4258-bdf9-bfb8271fdeed,,,,openlibrary,0.0
5b2bd14b-84d4-4fb6-b62f-a8314f2f0804,,,,openlibrary,0.0
ce36d583-b7ca-4d22-9939-a5790d8464e6,,,,openlibrary,0.0
9b1c8b6c-8c11-4412-98a2-3910d2292100,,,,openlibrary,0.0
e74610f5-3042-4b9a-93f7-6b7973dda32a,,,,openlibrary,0.0
6f0961ee-c2ad-4f5a-b04e-27e20d172759,,,,openlibrary,0.0
77d83cb7-5674-42d9-b2aa-93d8043ef475,,,,openlibrary,0.0
71fc3fd4-2dcf-4e35-9a6e-0e3606099b86,,,,openlibrary,0.0
0f8d2e0b-449d-463f-a193-f5eec598dc2c,,,,openlibrary,0.0
f92fa0ba-cc65-4cee-998e-2b34396fb0ad,,,,openlibrary,0.0
9dde33a5-c451-4f32-8b74-54e3aeee680b,,,,openlibrary,0.0
a2e0fc26-f131-48a8-9f66-1e553e6e8d64,,,,openlibrary,0.0
06cef93c-2156-47f6-9690-9012757325c5,,,,openlibrary,0.0
72c19974-c249-490b-9836-8bca9885e954,,,,openlibrary,0.0
40d8dc91-8135-47d3-aa40-daa489fe6f5b,,,,openlibrary,0.0
30dce075-b6c8-430d-9b7d-7565ad994714,,,,openlibrary,0.0
489733aa-8213-40e3-8066-690aaa2dea69,,,,openlibrary,0.0
e50ffad0-aa93-4f6c-b8e0-d385d79c501b,,,,openlibrary,0.0
d391275d-d44f-468d-9bfe-878725b4be83,,,,openlibrary,0.0
f09ed8f5-53da-461c-ad1e-81549b9e94d0,,,,openlibrary,0.0
c6e39703-175b-404b-b895-8417c06bd550,,,,openlibrary,0.0
4b0aada3-071a-48d2-af94-af152f04a602,,,,openlibrary,0.0
f1748349-b6ca-407f-b1b6-e37e099d4a17,,,,openlibrary,0.0
1c68a47a-8e5f-4764-9367-ebec36934ec2,,,,openlibrary,0.0
dd4ea046-2529-487a-8a05-1070a541c7c2,,,,openlibrary,0.0
1c2bc210-0f32-4af4-a542-99d7af9e29e9,,,,openlibrary,0.0
bc4e0e36-dc1c-43c8-a0b4-2b8deaab34cb,,,,openlibrary,0.0
c900aba1-414b-4059-beea-891f0703f4a3,,,,openlibrary,0.0
c640592e-88d3-40f9-bce7-eac70989b8f7,,,,openlibrary,0.0
0fa82bde-bcef-4f79-a1e1-e5bca66c49f2,,,,openlibrary,0.0
c188605c-519e-4baf-b52e-8e012ee9e1b2,,,,openlibrary,0.0
878be998-bf31-4cc4-b9ef-7b875636b633,,,,openlibrary,0.0
a434e7db-3283-4a22-85ab-a4c1eebb4322,,,,openlibrary,0.0
4fae322a-036a-4af3-a920-0baeadbb11de,,,,openlibrary,0.0
73820925-2d58-4202-b265-c9e30a60cd26,,,,openlibrary,0.0
0e17399c-16a1-43f1-9037-19f794ca78bf,,,,openlibrary,0.0
e445bc1c-42a8-4d7f-9db8-8bc0cef26b10,,,,openlibrary,0.0
f0b1760e-1bfd-4ac7-8412-dc9f88a3c48b,,,,openlibrary,0.0
e0ff3a39-4512-480e-87b7-267b5ce97c14,,,,openlibrary,0.0
d4f2c005-33aa-49c2-a3ff-c53c7a2094e9,,,,openlibrary,0.0
f8ce90a1-6da9-4396-9eb4-c757025f7b59,,,,openlibrary,0.0
2f3c76bc-b8e9-439f-8da4-54877687382b,,,,openlibrary,0.0
d7256770-c111-4bae-b7c3-1f616355f77e,,,,openlibrary,0.0
cbd3d4b1-47c4-4e3e-8b82-4a3f6419c557,,,,openlibrary,0.0
7b053446-ad1b-4401-8637-a4b1f469758a,,,,openlibrary,0.0
538550d6-820e-4f49-95d8-27b4ae967595,,,,openlibrary,0.0
0c9b0172-526c-4a15-ab2e-7fcabe72448a,,,,openlibrary,0.0
4ac846da-5596-4bf5-b20d-1bcaf2610d3f,,,,openlibrary,0.0
1716a997-bccc-4c0c-9fc0-3524ef2836ba,,,,openlibrary,0.0
c089b087-aed1-48fe-b691-24bda409820e,,,,openlibrary,0.0
5d42e745-8e71-4d0e-8f28-5932fd60fbac,,,,openlibrary,0.0
a8915fae-183b-49d6-9972-ac3db55495a9,,,,openlibrary,0.0
897c09a5-0aa1-4b00-9d09-dd6044c19029,,,,openlibrary,0.0
a284ac7a-8fb8-4c58-b506-4d0760609ea6,,,,openlibrary,0.0
63be04c4-79c7-4d9a-a917-b417fbcc0d6c,,,,openlibrary,0.0
2f91a694-c0bf-4741-866a-b0f83d049eef,,,,openlibrary,0.0
0599a23a-6bab-4271-bdb9-adf7172972fb,,,,openlibrary,0.0
23541c9d-6aa1-444f-aa0f-64e75f9a2102,,,,openlibrary,0.0
cf6bbd9d-0463-4942-9203-b5f72ac1280d,,,,openlibrary,0.0
f3e23ebe-5a90-4481-88f7-573eaaa4d5c7,,,,openlibrary,0.0
299f7309-ca8b-4f39-b33e-d07c2acc3765,,,,openlibrary,0.0
28a65787-d355-45b2-976f-3c4ef1b96e4a,,,,openlibrary,0.0
9ae3cc45-278d-40c4-ba04-e7d0e31740c9,,,,openlibrary,0.0
c66a5223-6dbf-44ab-913d-d06575a07a52,,,,openlibrary,0.0
a1adcb9c-536e-4e72-88c0-f81a3c23273b,,,,openlibrary,0.0
1179cd06-6dda-4a91-b9a8-8864cf714650,,,,openlibrary,0.0
10c679ed-03e9-429c-a35e-719af5af140d,,,,openlibrary,0.0
b650fd98-5fdf-4335-8670-0bbf94575d8c,,,,openlibrary,0.0
aeb009c3-6b39-436c-ba10-82e53df2819e,,,,openlibrary,0.0
6953d6d3-4cfd-4016-9775-9625d9de6d05,,,,openlibrary,0.0
b0b5737f-9419-49e4-bedf-0a2debd92838,,,,openlibrary,0.0
1fe28fe8-4799-4639-8163-1f33e6d72143,,,,openlibrary,0.0
43c0eac0-965a-4559-9823-a07d1607a765,,,,openlibrary,0.0
a175e6d7-82df-4474-9a9f-a9dfe9340a54,,,,openlibrary,0.0
e55d626c-0a68-453b-9621-4dccb7aa4038,,,,openlibrary,0.0
639c37ae-632f-4bbb-bdf6-cbf25bdcdf1a,,,,openlibrary,0.0
a4a23e90-e0e6-46b6-8cdd-46186929d222,,,,openlibrary,0.0
73efc3a2-aa61-4ab0-a253-d005ddf2e6d8,,,,openlibrary,0.0
98918672-7a75-42d7-9ea3-0ffaa685f3b6,,,,openlibrary,0.0
73de0c1f-63ab-45e3-8d47-b8629e79a964,,,,openlibrary,0.0
3a4dc642-49a8-4ef2-ab13-a270b8c4d429,,,,openlibrary,0.0
77b49899-e05e-4272-af56-4c46382fd1cc,,,,openlibrary,0.0
743149b7-1e73-4f59-b45d-7876e9e1693f,,,,openlibrary,0.0
e9cf59ef-21fc-418b-8716-16879254b6a1,,,,openlibrary,0.0
60cc3c3a-6203-4637-88f2-2e6c948142c9,,,,openlibrary,0.0
7adfb7e2-de89-4a4c-8b45-1514841ee595,,,,openlibrary,0.0
a47de5f9-e007-4bfc-8b0c-e14bf70da369,,,,openlibrary,0.0
bfc3c104-df42-4d55-ae0c-b367520d6dfe,,,,openlibrary,0.0
ec02d2aa-358d-4298-84cf-3e559913ca9a,,,,openlibrary,0.0
b88006e7-3bca-4e05-9d42-354818121a48,,,,openlibrary,0.0
4bedf9f7-617a-4a31-b4dd-12c544a137b3,,,,openlibrary,0.0
87c28dab-2ee8-4873-b780-1fcd81160440,,,,openlibrary,0.0
98954ab9-ca3c-4a29-af10-23a6b2125ac3,,,,openlibrary,0.0
e1d18818-54f5-40d2-8dc0-9ebafb923ff6,,,,openlibrary,0.0
b5569f3d-7347-44cd-97c0-6c7e742b72b0,,,,openlibrary,0.0
4d031180-2739-4f42-91b9-751f7e353a87,,,,openlibrary,0.0
4eeee923-551a-4ee0-b2bd-cba304383908,,,,openlibrary,0.0
a77033af-3639-48be-b0d8-aece5a1d28bb,,,,openlibrary,0.0
8076c5f9-a527-47de-8e26-167f5c33c3a6,,,,openlibrary,0.0
87953d20-6fa1-4302-96ba-cd214e070046,,,,openlibrary,0.0
dd961f10-3a65-433a-b60d-dae6a0be91b7,,,,openlibrary,0.0
dd2e8c4f-2279-48a4-89a9-4930463a45d9,,,,openlibrary,0.0
69c8e666-56e6-48d9-b316-a76ce3f30af3,,,,openlibrary,0.0
27376510-fc2a-49f1-8e1d-f953db3d7070,,,,openlibrary,0.0
97f9dc2c-08cc-4545-8179-504b16d75a1e,,,,openlibrary,0.0
68998150-8efd-47f2-9329-069657b2660f,,,,openlibrary,0.0
257f34ea-bcd1-4b62-a0ae-f2c51b520681,,,,openlibrary,0.0
c098cef8-c56d-44fa-98c8-0d8a18804f40,,,,openlibrary,0.0
7aa94e76-6509-4536-baf6-ea229315b26a,,,,openlibrary,0.0
d7007801-b7bd-4532-85e4-2f1803939dd1,,,,openlibrary,0.0
1e5f8d52-6dfa-450c-b542-16c7ad8588dd,,,,openlibrary,0.0
74fbb033-ecb6-447f-843c-b33e9dfedef2,,,,openlibrary,0.0
06415c35-2b26-4ee9-a5da-068db58ba445,,,,openlibrary,0.0
a6ccf1ae-a1e4-4a73-bd93-b22ab927549b,,,,openlibrary,0.0
b20d12af-5050-4838-af01-84e44bbf1f56,,,,openlibrary,0.0
5d3397b0-26c1-413e-b964-d0010db534a7,,,,openlibrary,0.0
f05280dc-d2c6-46d9-9c64-0a7c67899151,,,,openlibrary,0.0
070dc08d-8179-4408-ad46-b8920e80f6ec,,,,openlibrary,0.0
9cdb8669-5eb9-41a9-9dcb-60da03f6c17f,,,,openlibrary,0.0
ce17a7c3-1099-4fdb-8e12-00d049d4197f,,,,openlibrary,0.0
0d482499-c6a2-4d6e-84c4-dcde6de5f971,,,,openlibrary,0.0
2f94feb2-120e-4482-9f69-13a95c6ec83f,,,,openlibrary,0.0
5b76fda0-6b7a-4fa2-8ceb-d79dc984224a,,,,openlibrary,0.0
3e850221-6d58-4900-9571-39a0d06665d0,,,,openlibrary,0.0
cbccfd2e-b66b-44ed-8a99-c02b082260cb,,,,openlibrary,0.0
1eacc082-883e-4d61-986c-8cad012121ad,,,,openlibrary,0.0
7378f771-10a1-4da9-a774-d6edc8d0311b,,,,openlibrary,0.0
1635834f-ad8f-4f95-95c2-42bbe47c958f,,,,openlibrary,0.0
d6f18b0c-1d56-40e1-94f1-33fa07c02acd,,,,openlibrary,0.0
522cb979-bbc3-4f47-91bc-83fb8ca4d7ed,,,,openlibrary,0.0
558cb02b-9b80-4eea-a820-5e19f2b9970c,,,,openlibrary,0.0
ed8de237-69bc-4a9f-85f0-9ea4999d5d2c,,,,openlibrary,0.0
6a7a43dd-a2b9-42e1-9a35-892d21a6b73b,,,,openlibrary,0.0
9d2ec3f3-d492-4e20-a452-81cbbb36215e,,,,openlibrary,0.0
6839fb5f-2e93-43ff-8f86-c4fa612e248e,,,,openlibrary,0.0
5040c1e9-b656-4945-8b6e-202cc6c02608,,,,openlibrary,0.0
2aafb7da-9546-4b0d-9e92-b64f91a67aa0,,,,openlibrary,0.0
bd743869-eae2-4ae7-90d1-a90bda9eb262,,,,openlibrary,0.0
03934ea2-c1cb-46cb-ad76-aab11961cc49,,,,openlibrary,0.0
19b84c42-016e-45de-89a0-5e4ec95d6594,,,,openlibrary,0.0
a95595c8-97b0-4a77-a34a-91d551d56623,,,,openlibrary,0.0
72882ed7-2f9b-4b0e-aabb-4aa5dca60f7b,,,,openlibrary,0.0
430b4e1b-6b27-48ba-b983-8f3f0724b764,,,,openlibrary,0.0
f452a0f6-f669-43d9-ac6c-f27e67625190,,,,openlibrary,0.0
e4f1ed52-be21-410d-97a5-2e90494cebca,,,,openlibrary,0.0
3c7c55d5-3f26-40d7-9573-f78f09c1fd84,,,,openlibrary,0.0
aa41e020-fd15-45b3-8e87-87f52cd4eb91,,,,openlibrary,0.0
0249395e-71e6-4940-ab9a-2bc6de6fd420,,,,openlibrary,0.0
a6d442ed-f441-41c6-af9b-9deb56243ca3,,,,openlibrary,0.0
6f9c8270-0e54-4018-9968-a8ac09c1544c,,,,openlibrary,0.0
0e580c6a-acee-4e98-bfb9-2166a314caeb,,,,openlibrary,0.0
3f06e52c-0196-4182-9a06-58d931b429fb,,,,openlibrary,0.0
76ffca72-4500-49fe-8ccc-cd2462311078,,,,openlibrary,0.0
2f3f9dfa-3c52-4ae4-b85e-476d1d675cb9,,,,openlibrary,0.0
ae5ac49a-9e2c-4daf-a172-ab2fe928eb9d,,,,openlibrary,0.0
713b731a-7f9d-4fbb-acc3-4666fbe3c6bd,,,,openlibrary,0.0
d1257579-71c0-4c23-86a0-b6f84c899947,,,,openlibrary,0.0
86589840-f22f-4965-9cb4-1c82841c5009,,,,openlibrary,0.0
c677719c-4fb2-4460-9b75-d145f7562afc,,,,openlibrary,0.0
a5fc7c3e-12d9-4bc6-9cc3-adecfabafaa5,,,,openlibrary,0.0
8753100c-1967-476b-8922-b0fc9440684a,,,,openlibrary,0.0
de74bec2-7b92-4d85-bd2b-99dab20fa3b5,,,,openlibrary,0.0
b6b21115-18f8-4702-86c8-2b980281ef2f,,,,openlibrary,0.0
99943ed3-2c5d-4288-8abe-148f6f3d0080,,,,openlibrary,0.0
a4a6d6d7-1a52-44d8-8bb0-15eb29c3b09a,,,,openlibrary,0.0
c3c3426f-28ac-469b-b09a-476f9d60b708,,,,openlibrary,0.0
56094e82-8e5d-4a05-8785-fd9866f2aac3,,,,openlibrary,0.0
43f9d4fc-f2c2-46c2-88c4-f92a55515656,,,,openlibrary,0.0
9c21527c-b76c-41a9-bb1c-6db21b36f4ec,,,,openlibrary,0.0
6709f017-7d35-47ea-bddb-22349c5a4a31,,,,openlibrary,0.0
bddc5838-4b28-4630-ae70-3f950c88eb37,,,,openlibrary,0.0
2f7a2c67-0e8a-4e27-ac85-36bd68059285,,,,openlibrary,0.0
96ccf54a-6fc9-4da9-bd9b-b3c7363eaa23,,,,openlibrary,0.0
a990a9f9-2180-4d6a-942f-f8da081043e5,,,,openlibrary,0.0
7d6e2db3-57e4-405c-9f94-74cf885ea86e,,,,openlibrary,0.0
4ee3c39f-bd65-49f5-ae42-7563786ca887,,,,openlibrary,0.0
2dcbcb86-e9e3-4e39-852a-79a470640c5f,,,,openlibrary,0.0
8e573117-65e3-41fe-8c09-53e9d2d0cd5f,,,,openlibrary,0.0
ff566e25-b664-4a0e-b41f-d97d4503f28b,,,,openlibrary,0.0
0da82418-e452-4d83-a381-2a0b805d8b95,,,,openlibrary,0.0
e07d6b20-6d3a-4ebb-a9e2-a19479d99629,,,,openlibrary,0.0
1d389c01-3047-452c-9d3e-6e5ab4f17479,,,,openlibrary,0.0
cda385cd-5d40-4376-9db0-70749e1c6db0,,,,openlibrary,0.0
f8f3f3fd-be2c-4b06-9b7b-249ed6f16e37,,,,openlibrary,0.0
72b9442e-6441-4ced-873a-97d5839a0f5f,,,,openlibrary,0.0
4feaa29f-fe91-401d-a8e9-f55e5a6ab854,,,,openlibrary,0.0
039a3af8-6f43-4a96-9521-e972ec0a7586,,,,openlibrary,0.0
456b0628-1f59-46c3-b849-acdb7faee800,,,,openlibrary,0.0
fd02b2f5-cbbf-4c6f-804e-72507ec48191,,,,openlibrary,0.0
46ede907-f532-423d-92b3-3053678be17e,,,,openlibrary,0.0
69b29dd8-563e-4afd-a67b-a2df7132114a,,,,openlibrary,0.0
9923e975-9096-4b34-ad72-ecc06013de80,,,,openlibrary,0.0
85e826b7-ba3e-432f-9924-867abdc63e29,,,,openlibrary,0.0
6bd9e219-babb-48b3-bbbb-6133e44524e4,,,,openlibrary,0.0
d2811ca1-758b-4af9-b219-41af65ca9efe,,,,openlibrary,0.0
f5d162b5-b8dc-4302-bb13-07d15319c6aa,,,,openlibrary,0.0
b66e55f2-7025-4548-b8ea-b1adf8e35dba,,,,openlibrary,0.0
9f877434-c036-49ff-8019-24a9db37c234,,,,openlibrary,0.0
a0732046-afca-4d3f-b3d6-a4922150ad6b,,,,openlibrary,0.0
7f64c398-009b-4c16-85c3-46d52f202624,,,,openlibrary,0.0
64eaf811-aaa4-4bf5-8b50-f096714eb726,,,,openlibrary,0.0
5593b55d-3c1d-474e-9e90-57fc006f7649,,,,openlibrary,0.0
e4653d44-4c99-4c3d-a1a5-b1272f4377f5,,,,openlibrary,0.0
52a633f3-c334-4a83-83cd-876d71d991d7,,,,openlibrary,0.0
a85906aa-d0f7-4daf-93d8-57c7bf881caa,,,,openlibrary,0.0
7836e90e-b466-4288-ad25-be1511e3eb3a,,,,openlibrary,0.0
05737629-c7c2-40f5-9e5c-db296dd42961,,,,openlibrary,0.0
651d06a0-2309-474d-9895-cf02e8996b90,,,,openlibrary,0.0
1a55faba-0f11-4ed8-a14d-f5adc120586e,,,,openlibrary,0.0
e228dcab-8ea6-4e73-964a-a4c7d38708cb,,,,openlibrary,0.0
c308ca7a-ef36-433c-8b17-feea6318329d,,,,openlibrary,0.0
6f6f7c1c-b11d-474d-b41d-8dcfa37adfc9,,,,openlibrary,0.0
e37bd1ee-0841-4a2b-8643-a71f7d360af2,,,,openlibrary,0.0
090d1ace-d9a2-463f-a78c-6f9db50a0855,,,,openlibrary,0.0
bbe2a10c-28aa-486a-b970-3aceb13b8f4c,,,,openlibrary,0.0
b8b2e91d-ba26-4fad-8043-7cc1c3f1552d,,,,openlibrary,0.0
37d40783-c492-466e-8ae1-dccb76f314c4,,,,openlibrary,0.0
a5bfde10-fe9c-4ed0-9e7c-fe73fa1f26b0,,,,openlibrary,0.0
d265a6ae-f91b-4196-a032-84d18fd975fb,,,,openlibrary,0.0
7c8a5a41-eaa1-4ac5-ad38-86e2bc579c56,,,,openlibrary,0.0
9fed22ff-fb40-4ce4-952e-68d9863daef3,,,,openlibrary,0.0
35378e88-c26a-415b-bc74-5ef370813ac7,,,,openlibrary,0.0
e3332b46-3920-44f0-817e-2357f684e506,,,,openlibrary,0.0
2950df52-52ee-4601-97b7-b0186df6f14a,,,,openlibrary,0.0
dcab7428-d4cd-4bce-914e-40331a41c7b7,,,,openlibrary,0.0
673aba55-0bdf-4af7-ae7b-5c9916eea0c4,,,,openlibrary,0.0
746fbad1-bbd7-4e90-9b84-ef45d0f4dd91,,,,openlibrary,0.0
f6cbf9f4-7683-4a84-bfe8-84ea918b0230,,,,openlibrary,0.0
a76338a9-f9b3-40fa-bd8e-f6aadd4515eb,,,,openlibrary,0.0
41539021-c9bf-4df0-9550-2b45e1608a2d,,,,openlibrary,0.0
9778c285-6ded-4fd3-be75-d8f6f002a268,,,,openlibrary,0.0
81a6d912-21d8-4615-9726-6d8175f193ee,,,,openlibrary,0.0
c37eac95-e02a-42cc-892b-07ee5585f5df,,,,openlibrary,0.0
f839d572-fca0-4412-beeb-a1425d35b1c2,,,,openlibrary,0.0
6099de7a-9c9a-4a83-a3e2-98558baa1690,,,,openlibrary,0.0
ec82b8bb-211f-4dd6-a425-074e21f4bc8a,,,,openlibrary,0.0
d0a6494e-74eb-4049-867e-7ce56145371f,,,,openlibrary,0.0
e4873c43-e947-4a32-ad73-40392cf8a9bf,,,,openlibrary,0.0
f35a232f-b3b7-4e13-9fdf-a5fb14587cb2,,,,openlibrary,0.0
dfc3ed43-5b40-4410-ad96-2c15498fd3a0,,,,openlibrary,0.0
18e765c6-2a54-44a4-aa8a-8119cca46e1e,,,,openlibrary,0.0
e8e653a6-c956-49bf-bdc1-2b4efa7f1af2,,,,openlibrary,0.0
a91c8b50-6e10-47cb-9c8d-fcce1b73ced4,,,,openlibrary,0.0
d0874972-92f1-4af7-b6cd-535a8ad2e6d0,,,,openlibrary,0.0
d09a230d-6cdc-4a06-8c5d-03d0120e08e5,,,,openlibrary,0.0
b7cea9b7-31de-4b14-bc75-7f3567ea6281,,,,openlibrary,0.0
aace698c-303a-4a1d-9fe8-3a3e7034f50c,,,,openlibrary,0.0
62501e63-db73-4cb0-a577-7ce7fbf8de08,,,,openlibrary,0.0
e0ce478f-f772-4236-bbe8-daca0a029398,,,,openlibrary,0.0
b4d1b4f8-5fbf-40df-b062-ef9481b9321f,,,,openlibrary,0.0
8a104a77-c31f-4bef-ae37-579ae879b077,,,,openlibrary,0.0
b8e67999-53aa-4e4a-8e34-64f899b92544,,,,openlibrary,0.0
268fb8d9-b787-4125-aeb1-e1a5f6d42afe,,,,openlibrary,0.0
6f1dba3b-9158-4403-8dd2-2f8960a8feb4,,,,openlibrary,0.0
cfc055de-f8c1-4bf9-b598-adddd09948d0,,,,openlibrary,0.0
6e79056b-4693-4ab9-8065-19c1b318e4fe,,,,openlibrary,0.0
95397743-2224-4153-a080-28bce38f854c,,,,openlibrary,0.0
67d2fbad-782c-4c32-aaa0-aee689aa2c82,,,,openlibrary,0.0
96c1d399-0ac0-4ec9-b990-a1445b77b6ac,,,,openlibrary,0.0
719720ff-2bec-452e-9d2f-0f2de0e57461,,,,openlibrary,0.0
45f2fd42-65f6-46c0-bc6e-c3c3f926d786,,,,openlibrary,0.0
09b1a738-61d8-43d2-ab54-9890f8be094e,,,,openlibrary,0.0
8c36d447-68b4-4086-9f57-21a47893a428,,,,openlibrary,0.0
25828894-80f7-4faa-bb9a-125f414ab6fb,,,,openlibrary,0.0
7552b494-382b-4b1c-b460-1ea04667d063,,,,openlibrary,0.0
f11b229e-f7dc-4e45-8f70-f7f1ecaa938f,,,,openlibrary,0.0
a9dd625d-0f77-4c94-9819-c193dbc678a0,,,,openlibrary,0.0
0919385c-621f-459f-a807-1508bab75885,,,,openlibrary,0.0
99c668d2-6de7-4cb3-8fd7-86cd63043155,,,,openlibrary,0.0
27263d9d-2d02-4c9a-9999-1f78698c1db9,,,,openlibrary,0.0
781f737c-5264-4102-b954-06497a705fde,,,,openlibrary,0.0
0ba7edef-816d-4c12-9b4d-6253af022b70,,,,openlibrary,0.0
7fbacc6c-61f1-4de1-8a19-29e1dd07ba38,,,,openlibrary,0.0
2cda0e17-c260-46c5-adea-dabccb203ba6,,,,openlibrary,0.0
09f85d05-7d10-4212-9cdd-9f3624008193,,,,openlibrary,0.0
b3efb402-50e0-410f-bd7d-3a88059cdda1,,,,openlibrary,0.0
1e2eda21-d2ea-4d42-b1f1-8b2d08cc3832,,,,openlibrary,0.0
4ff4889d-df0a-48ca-a9ee-643e7a1069f7,,,,openlibrary,0.0
ce93e87d-2999-4df1-9805-535c71a8a41c,,,,openlibrary,0.0
80a40344-b1e9-4924-8e42-2b176403dddf,,,,openlibrary,0.0
2770ad82-fc06-4ae7-808e-6aaca1c5c00d,,,,openlibrary,0.0
9c24bfec-c35a-49f5-b7b1-2d814d54c2ba,,,,openlibrary,0.0
c5d21222-8deb-420d-89ab-89207820f2fe,,,,openlibrary,0.0
634535d1-7232-490b-bc4e-cae26cc7ce9d,,,,openlibrary,0.0
cd5ad96d-39d2-4345-a4ad-3059164b2196,,,,openlibrary,0.0
4e945241-e9c1-40e1-8faf-1f24218d1540,,,,openlibrary,0.0
38adbfdd-242d-4dc8-bd85-9fe124417048,,,,openlibrary,0.0
6846e87f-f8cc-450f-b53a-ece80eb2f4fd,,,,openlibrary,0.0
03837273-48f4-46e0-be81-c39d711eeac5,,,,openlibrary,0.0
bfd9391d-6eba-4537-b33e-617c38bdf454,,,,openlibrary,0.0
7ca95ecc-4a3f-49bc-895e-8a92873ef2c8,,,,openlibrary,0.0
5c781e5a-78b6-4d1e-b38c-84d03fe0efe8,,,,openlibrary,0.0
5211d38e-5427-4d7e-a9ab-931d5960338e,,,,openlibrary,0.0
227823a8-e8cd-4601-9766-49809a020192,,,,openlibrary,0.0
fc582634-e709-4c3e-ada2-5747910791e6,,,,openlibrary,0.0
57720d8d-c0fb-4224-bf48-3c5e613b0413,,,,openlibrary,0.0
890d398c-20f3-4d0e-b542-22287b202ce0,,,,openlibrary,0.0
a22226e1-30d3-4de9-adb8-bdeb9a1b217d,,,,openlibrary,0.0
d8c85b13-2f77-4560-a108-8dcc8e07e04e,,,,openlibrary,0.0
d4a70cab-15a1-4e67-b495-fd8a2373a441,,,,openlibrary,0.0
76f3df38-40f0-4c6b-b3b7-5740304311b7,,,,openlibrary,0.0
1f8b5d3e-7e37-4842-b358-bfe2d3af092b,,,,openlibrary,0.0
e46b2120-59c0-41c9-813d-a0c2d6b641e6,,,,openlibrary,0.0
3015537c-cfb9-4ae6-8984-eb9341baee5f,,,,openlibrary,0.0
041e50f3-3c19-4578-9375-a317b38a073d,,,,openlibrary,0.0
d0f6572a-2eb3-4088-8830-453fc1fdc936,,,,openlibrary,0.0
fb287090-c050-4ec1-bfb7-4955d3dce3be,,,,openlibrary,0.0
8c5b7bf5-6175-400d-b762-3d5dc42f1608,,,,openlibrary,0.0
7d514f43-aa9a-4c5e-869c-d12b87ca3327,,,,openlibrary,0.0
5c8e7bb2-0eb6-41f6-bd11-2dc778c04882,,,,openlibrary,0.0
675e2257-7b08-4c3d-9c01-1ad444c49fae,,,,openlibrary,0.0
4d646201-773e-45eb-b587-a0a3dfe89c57,,,,openlibrary,0.0
72b6a597-40d4-4227-bbd4-757ca8f994c2,,,,openlibrary,0.0
f97e12b1-7036-443d-b0df-4d4717075dd2,,,,openlibrary,0.0
2d3ad23e-2d74-473f-b013-4414093561c0,,,,openlibrary,0.0
bd185471-8516-4fa6-98fb-89f831c9f9a0,,,,openlibrary,0.0
11bf5c1c-b3a3-4b8f-ba0f-8c23d701927b,,,,openlibrary,0.0
12faad6e-fb19-4355-a8d0-6dcf9decefb0,,,,openlibrary,0.0
802cdedd-0282-489d-a0a8-4467be771f7e,,,,openlibrary,0.0
a4553d65-843d-4efc-bf4e-1991dc516648,,,,openlibrary,0.0
75a6286e-579e-4575-8291-bbe89c506d9e,,,,openlibrary,0.0
423562fa-5643-4735-a624-3f69e9de7651,,,,openlibrary,0.0
84822c02-9b22-4d2f-8f2a-4d4a8698963f,,,,openlibrary,0.0
a20034da-dde1-44a7-b0b9-71b4da0e9352,,,,openlibrary,0.0
3deaeeb5-127d-4496-81e7-93d9e9bee699,,,,openlibrary,0.0
a43417ee-a16e-4c8e-88fa-307671c469f0,,,,openlibrary,0.0
5d4e0729-babf-4036-96dd-2a468ebec684,,,,openlibrary,0.0
70d4d661-94e2-4f5e-9ec9-9dbd046be761,,,,openlibrary,0.0
bbdfb08a-f783-4644-a566-c2e921c318cb,,,,openlibrary,0.0
e123c3a3-741c-4196-bea6-1acc4046bda2,,,,openlibrary,0.0
cfe74294-d0c4-4831-bcaa-92390efacf9a,,,,openlibrary,0.0
5ee55a81-f3fe-4eff-b66b-f3ede0f505f4,,,,openlibrary,0.0
05825d2d-3734-407e-b913-76eafe8ceba9,,,,openlibrary,0.0
f2b3d95e-bbb7-4e10-9921-56569400cfb4,,,,openlibrary,0.0
38034e4c-2d0c-4105-984f-589501c6715d,,,,openlibrary,0.0
845f33db-0674-4c41-81d4-3cc1aee4038f,,,,openlibrary,0.0
0311e88c-5748-4b9b-9a63-5679a47c7161,,,,openlibrary,0.0
9f8606f0-a6c1-4b45-ac7c-43276de5f957,,,,openlibrary,0.0
e6e80bd6-cc35-4258-a5da-f7d65f9a45b1,,,,openlibrary,0.0
0052b25f-74f2-4ea4-8024-f3bf4b2b3498,,,,openlibrary,0.0
823bd79f-0af3-41cb-bfcb-05b5e9d991a3,,,,openlibrary,0.0
673cf7b1-7cb8-4cbb-9e1a-0f38a9f74427,,,,openlibrary,0.0
585edb43-06ff-4604-8532-618f997cf7ed,,,,openlibrary,0.0
d233f4ce-89b4-48f1-a0e2-6eca37fe06cf,,,,openlibrary,0.0
6dbbe7bf-36b6-4c11-85ab-093bb7dea96f,,,,openlibrary,0.0
b2ded42b-85f9-40da-b7a8-deb28840031d,,,,openlibrary,0.0
7cf621d7-c8c2-40ab-b6f0-144fde52cceb,,,,openlibrary,0.0
487d8086-a579-4306-9abe-726c462bc315,,,,openlibrary,0.0
bbf44f4d-adcf-47bf-9b62-63188e98ac39,,,,openlibrary,0.0
87f5e237-46d4-4196-b074-f6b70bd984a4,,,,openlibrary,0.0
8769dddf-0fb8-4bb1-981e-d3b083f7248f,,,,openlibrary,0.0
1f3ef60d-6169-4bf4-9451-93d1c9459aac,,,,openlibrary,0.0
e34bcc95-3cf1-4fd7-9677-75c4e2c52e78,,,,openlibrary,0.0
6644d807-1a6a-41cf-8408-00a6e93f326e,,,,openlibrary,0.0
06c81aa6-338e-4db5-b1af-9d1e54298bfe,,,,openlibrary,0.0
4fa1c28c-dcdd-4666-861f-6f1adc655b42,,,,openlibrary,0.0
7c8ba42f-18ef-4c6e-86e0-62dcaac6ada1,,,,openlibrary,0.0
8abf1f3e-aa6a-461d-a977-0adc36330f54,,,,openlibrary,0.0
992d550c-8c84-4371-bdd8-7400819449f6,,,,openlibrary,0.0
cd814eb4-4f25-4dc2-9345-9473c4fadb7f,,,,openlibrary,0.0
62c0fc93-b8d8-4ee2-8766-bd5f5c5205cc,,,,openlibrary,0.0
efc5922f-4267-440e-9820-e650c13b6b23,,,,openlibrary,0.0
bb62961c-d3d2-415c-89ee-99bfa9de7ac9,,,,openlibrary,0.0
f318afe0-3aaf-4234-9360-0fad13572b67,,,,openlibrary,0.0
7708a97e-ecbf-40a0-bcbe-8c74705a02c0,,,,openlibrary,0.0
dac69666-b219-45e0-b0f6-68747ede6d2a,,,,openlibrary,0.0
17ab6f18-dab6-48a4-ad7f-a46e242c4aad,,,,openlibrary,0.0
95012810-334c-47a8-88c8-38e36379ae09,,,,openlibrary,0.0
766c88f7-a051-451e-bd3b-f18b5274801e,,,,openlibrary,0.0
5a581f23-a0a8-4f81-aa3d-1e234d1b94fe,,,,openlibrary,0.0
7035d28f-8bb9-4661-96af-df44719fa5e4,,,,openlibrary,0.0
af1e0f42-13a2-43cf-a414-afdf7b393024,,,,openlibrary,0.0
87ec4842-6475-483b-a07b-94874bdca664,,,,openlibrary,0.0
704af192-4716-40af-84e1-a19ab076cb69,,,,openlibrary,0.0
aba63af1-2a5c-4eb7-bed8-de9257563a82,,,,openlibrary,0.0
f0f0421a-b0c3-4089-8b9d-ca528926e787,,,,openlibrary,0.0
1f1898fa-cb44-4fdf-85bb-6eee9416b396,,,,openlibrary,0.0
2e4e3666-3304-4199-b263-a870c356c8a6,,,,openlibrary,0.0
c843778f-df00-43a0-afba-5d9f939bf910,,,,openlibrary,0.0
ab0ff257-88a1-46e7-9459-5359572cd864,,,,openlibrary,0.0
28ee85d4-4901-47f0-ad4f-df14cbe9caac,,,,openlibrary,0.0
1cadbad2-36a3-4bed-86e1-41bdad66c0f8,,,,openlibrary,0.0
b50092f5-60fb-4d1a-973b-5baeb66fb38d,,,,openlibrary,0.0
6835b9dd-a519-48da-94d2-0326630a9106,,,,openlibrary,0.0
d64a1785-1bb2-4c1e-b0bc-c666fbffff12,,,,openlibrary,0.0
95c15880-3347-49db-947a-a8a85608f8aa,,,,openlibrary,0.0
8dd3317f-423b-4721-9db9-78aa73fdba44,,,,openlibrary,0.0
b9387b9a-5ee6-4f30-9af0-23e7ecc8e1b5,,,,openlibrary,0.0
3e3e47b0-f333-4a25-bdeb-2fff64fae553,,,,openlibrary,0.0
e6f20a60-c596-4bbe-a5eb-bf27b8a30a3b,,,,openlibrary,0.0
8b6b78e4-fd9d-43f1-9a4e-662d23cc66a7,,,,openlibrary,0.0
9a18b3ce-3d01-4cca-bf4f-575c09f5dd5d,,,,openlibrary,0.0
4f13575f-aca4-4e24-9f87-838f8fc3975a,,,,openlibrary,0.0
61f51ece-9463-47a7-afdb-132fdf33409c,,,,openlibrary,0.0
78fa813c-bba3-43dd-8f4c-0c72bf6e3f47,,,,openlibrary,0.0
2ffd114b-8d99-462f-9d1b-9c767a112a53,,,,openlibrary,0.0
546c0022-6b38-43bc-8768-826aa94db574,,,,openlibrary,0.0
8fc9239d-c825-49ea-bf4b-b6036aa85978,,,,openlibrary,0.0
494b509e-e5ee-4b28-a272-26357782a664,,,,openlibrary,0.0
6f0d4be6-9e5f-47cf-9717-848a2737ff15,,,,openlibrary,0.0
9240ded7-dcc4-4ec3-9d46-05e5d1231298,,,,openlibrary,0.0
1a7170d0-5811-4e26-aa6c-a5cd1baa752b,,,,openlibrary,0.0
4a6c3b3b-01e6-4f61-a502-a6ead03e6d12,,,,openlibrary,0.0
2579339e-b93c-4192-971d-a0af468a90ad,,,,openlibrary,0.0
231bb68c-b479-448a-a59d-bd369a293371,,,,openlibrary,0.0
81588363-a235-4ec0-bb76-9d237e020d1f,,,,openlibrary,0.0
be8192fa-ec23-4546-9fdc-1ff97de7f795,,,,openlibrary,0.0
e8c18c35-e8be-497c-9c02-1280b0cc3c0d,,,,openlibrary,0.0
328e301f-9b90-434e-afc7-e3a40fd793c9,,,,openlibrary,0.0
c2b9ef66-64b0-4e56-8826-0fa46544ff72,,,,openlibrary,0.0
83df0d41-79b5-41a6-80a0-874fd52e2721,,,,openlibrary,0.0
90ccbd88-8f79-4d02-b41f-b12caca84f39,,,,openlibrary,0.0
02ce7c40-ab76-4109-ae0c-326abab51d47,,,,openlibrary,0.0
78b8a02a-c89c-494c-8706-5eef1219cb1b,,,,openlibrary,0.0
f86f4f65-9a07-485c-825a-f6fb01f03a91,,,,openlibrary,0.0
b454b1c9-5245-450e-bb18-3f13b8f201a5,,,,openlibrary,0.0
6a2ed93b-f94e-4b28-b7be-b5765c116895,,,,openlibrary,0.0
9da6dc74-fe41-4d96-87f6-fb1c4301d807,,,,openlibrary,0.0
b3f3225a-46b3-4b3f-9416-cdb862de7d94,,,,openlibrary,0.0
a8a10436-2a91-42b8-a455-549c59f9c475,,,,openlibrary,0.0
7da5998a-f063-4064-9f88-6179c4f471a7,,,,openlibrary,0.0
c3fe0c43-4052-4b79-8671-92f4d3aed4a7,,,,openlibrary,0.0
d0f20701-40fc-49aa-a351-53a9d885b8ec,,,,openlibrary,0.0
d4b88dad-d3ac-4273-a002-9d186b5bde8c,,,,openlibrary,0.0
7ddbe161-010b-409a-8937-88a804d1e24c,,,,openlibrary,0.0
985e08db-fb7e-4684-b264-d19ff9160d32,,,,openlibrary,0.0
1bc95877-85df-4ea5-bec6-d35acf17c06a,,,,openlibrary,0.0
8e1cbabb-7363-4f9d-8442-8c6b0134a97b,,,,openlibrary,0.0
4124a09c-2758-484f-b5f2-40028ff814e5,,,,openlibrary,0.0
64ecb69c-a04f-476e-8cde-525403cb61db,,,,openlibrary,0.0
c9077297-d19e-497d-b2ce-d90dc9b456f4,,,,openlibrary,0.0
c2f8287b-d942-4b7f-a329-be02dd9b8a8a,,,,openlibrary,0.0
649ad25d-3140-4cb9-b1b5-58b09c3df671,,,,openlibrary,0.0
87b8c78f-e315-4b90-8a4e-4a7cfd0c52cf,,,,openlibrary,0.0
011f0fbc-db94-4caa-b41f-d7024850e6ca,,,,openlibrary,0.0
88d1ae31-8e52-449c-ad64-f8043e21f2b9,,,,openlibrary,0.0
ce1663b7-9cb8-4680-bc25-b8e6f2b996e3,,,,openlibrary,0.0
f9350c1e-3bc2-4c06-bcd2-4bf26481eca5,,,,openlibrary,0.0
a90bb1fc-54f7-4c70-98aa-240685677ae3,,,,openlibrary,0.0
9550f01c-83bc-4f47-a709-639650dfea4d,,,,openlibrary,0.0
2165be11-8295-4701-b2a0-2b98ebf610cf,,,,openlibrary,0.0
5ab0f7ff-d84c-42e3-9df5-494a6bbdf235,,,,openlibrary,0.0
800d7370-79ee-43da-bfc4-13930f8b0ae7,,,,openlibrary,0.0
6d4a3260-5717-4599-9ea8-95572f74742e,,,,openlibrary,0.0
f3e02bcf-7249-443b-a3bc-d02aa443bcb0,,,,openlibrary,0.0
9e0039af-2293-424e-b043-211e364eb75d,,,,openlibrary,0.0
67a0723f-b157-4241-8e30-f807b68c33d6,,,,openlibrary,0.0
d424f745-4aaf-4d5d-b4e7-0de81048e1d7,,,,openlibrary,0.0
6dd306a9-1eee-4baa-91b3-b056ed7cd154,,,,openlibrary,0.0
2c170b87-8880-4f97-a69c-d4e6c29461dc,,,,openlibrary,0.0
ba0e8a01-3519-4191-adab-11607d9c9eb4,,,,openlibrary,0.0
bf3186bf-b4b7-4fd8-9ad8-14900f8145cd,,,,openlibrary,0.0
5238992f-a144-462c-b60b-36bac42dc1bf,,,,openlibrary,0.0
032831e7-a91a-497c-9c50-ecaf1eba2de6,,,,openlibrary,0.0
93b7bad1-74b7-4e83-87f5-db27f732f48b,,,,openlibrary,0.0
65f92f41-617a-498e-b844-d8d397ddadb5,,,,openlibrary,0.0
4a241c28-c883-4d13-8935-adb985faff08,,,,openlibrary,0.0
aae0a7b8-de69-4e4e-a1b2-15fe5caebc50,,,,openlibrary,0.0
674895c8-a60b-48ee-b2f5-cfa63cda8ef2,,,,openlibrary,0.0
d10f42ae-d617-49be-8d9e-7920d90d454d,,,,openlibrary,0.0
e6da3159-1139-4385-8b5e-6ee396e11578,,,,openlibrary,0.0
3dae3e83-4ec4-4a6b-ab53-535c762319bb,,,,openlibrary,0.0
0c902a8d-b97e-4aae-80e0-c8ea7c2f9d0d,,,,openlibrary,0.0
132fac35-a31b-4c74-a200-18d2ed944b04,,,,openlibrary,0.0
ac07cc1d-10e2-48f3-a60c-11115933eb40,,,,openlibrary,0.0
367320be-74cf-4be5-85e0-c955acfc022f,,,,openlibrary,0.0
4f773327-40ea-4c30-bb22-1a4085eb3d90,,,,openlibrary,0.0
2c423c79-fdfc-429e-b146-9da31174adb5,,,,openlibrary,0.0
678f2493-b93f-4511-96e7-f35fb309cdc5,,,,openlibrary,0.0
be4450e4-d21f-48c4-b471-a9014638f450,,,,openlibrary,0.0
0f7ffa96-6c77-4e16-9f68-253d420f0839,,,,openlibrary,0.0
42459327-d378-44e8-8bb1-d01eed56d272,,,,openlibrary,0.0
e443eee0-7db1-408c-bbb6-042be39a1d75,,,,openlibrary,0.0
54a45fa4-da07-4a6d-b826-5535878b3f57,,,,openlibrary,0.0
8bc67da8-20a5-4c32-9b5b-e2525015abe4,,,,openlibrary,0.0
80d53a08-d776-4299-937a-b266c73b9f28,,,,openlibrary,0.0
6ad3e1d9-f5c7-41ae-a23f-4d2b2b36bc9c,,,,openlibrary,0.0
a9162ae8-5dc5-495d-9e20-4aa83ab1ba4e,,,,openlibrary,0.0
f10fdf4d-3d1d-489c-97f1-0599c219b31f,,,,openlibrary,0.0
5a5257fe-949a-430e-8754-196adbabbbb8,,,,openlibrary,0.0
3437665f-5acb-4d24-a3c6-fb8e6387c5bc,,,,openlibrary,0.0
2efbde14-fb00-46ab-bea8-e8677272784e,,,,openlibrary,0.0
980c6d15-16f2-4044-b2bb-1b433b8efc8b,,,,openlibrary,0.0
6518b2c8-3a4f-4fc0-8022-c28fbed35740,,,,openlibrary,0.0
8ce856d2-1c03-4293-9dc9-60b3646c4c6a,,,,openlibrary,0.0
05d6bccc-4877-41a7-ba4f-af0b742912de,,,,openlibrary,0.0
06861674-b6ff-47f4-937a-bb0e061f4465,,,,openlibrary,0.0
9f27e1f9-42d4-45a4-9d3e-256422350026,,,,openlibrary,0.0
f91861d8-25e3-474f-8a4f-9536ed715048,,,,openlibrary,0.0
4b1e91b2-aa79-442a-9bbc-1f8b0862db5e,,,,openlibrary,0.0
b5a510c5-4b77-40c9-97ee-4cf28e23ecb2,,,,openlibrary,0.0
a487226d-e9e2-4305-9ac6-cd4d574a85a2,,,,openlibrary,0.0
d4519870-0b03-4fe6-9741-0ac0753ba0e9,,,,openlibrary,0.0
baf0d358-d158-461e-9b6c-ea131c418a83,,,,openlibrary,0.0
5e8a4529-f874-4c75-acab-d0b7d99e7a91,,,,openlibrary,0.0
ac58c2a1-50bd-47f8-9576-5bb022020add,,,,openlibrary,0.0
111ea0b8-b701-4a20-b4f1-7bd5ee748600,,,,openlibrary,0.0
f36f896c-6671-4a46-9a71-71c90abd7e94,,,,openlibrary,0.0
4a6bbe1b-df00-4b5e-9096-4149230af6ab,,,,openlibrary,0.0
d2ac18e3-f42a-474a-be3f-837dac21e140,,,,openlibrary,0.0
6cf88829-7aff-4e8c-a677-309b4c507717,,,,openlibrary,0.0
102c9ae3-edc3-487a-ac0f-ab17bf15b421,,,,openlibrary,0.0
53c21f2f-00a3-4308-87c0-5e799f17f2a6,,,,openlibrary,0.0
18c7b763-8283-4c85-b816-9a7922dbf346,,,,openlibrary,0.0
5c752638-5b38-422a-8729-318748bc284b,,,,openlibrary,0.0
121f3f56-8b05-4d6d-b850-5a0ae2516319,,,,openlibrary,0.0
6e9dc4b0-5eea-4862-9e4d-e5a1dcf7b593,,,,openlibrary,0.0
87d6d822-f9c8-44bc-b6f1-28aade719837,,,,openlibrary,0.0
d07c22ef-b73b-4f4e-989f-000f2156515d,,,,openlibrary,0.0
af41df10-9d58-47f9-9d1a-a1ba828d071b,,,,openlibrary,0.0
eaccc02a-12f9-4d65-b501-66be6dcf37fb,,,,openlibrary,0.0
a4b01dcb-821e-4f42-8f80-9db14c3ed56d,,,,openlibrary,0.0
1d8c2f7b-b4d3-4fd8-bf68-f878f9d35cc2,,,,openlibrary,0.0
c31cdb9d-de71-433d-88b2-4fa17d53266a,,,,openlibrary,0.0
98bf2da1-76b9-4d5d-b19a-491622894c62,,,,openlibrary,0.0
17282ac4-1dff-429f-8e7f-5fcce6aadc3c,,,,openlibrary,0.0
2c8b87aa-cd3b-494b-99cd-8b2542e625a5,,,,openlibrary,0.0
7cb1bde5-58af-46f8-b969-0fe5714bed93,,,,openlibrary,0.0
104cc582-c3fe-4ad6-997d-cded578fbd71,,,,openlibrary,0.0
c8cb05fc-b048-4cb0-aa2c-043c37e55aec,,,,openlibrary,0.0
9ada00cf-aea6-4636-ba28-e91e3f36824e,,,,openlibrary,0.0
c0a4a1c6-8616-40b2-8303-e1a12bdf2e1e,,,,openlibrary,0.0
ee663c64-5797-4c30-b281-ed579f657e2a,,,,openlibrary,0.0
8a3df3ee-9382-4602-a17f-478a87e85842,,,,openlibrary,0.0
ae49f976-3bfb-4ac0-9e42-3f593bbbd863,,,,openlibrary,0.0
505e5c15-895a-4193-b4a6-d537e7304b25,,,,openlibrary,0.0
5a6e2f87-637d-4c2e-a734-77776476aceb,,,,openlibrary,0.0
ed011108-5eb6-48be-b744-c50a80964fb3,,,,openlibrary,0.0
862954c4-e0fa-40a3-a2a9-5341ec993e5d,,,,openlibrary,0.0
0c4005cf-55c0-4363-bae8-19d683576b77,,,,openlibrary,0.0
d69bd02b-6272-4d28-89d6-a866bb3ce4a4,,,,openlibrary,0.0
ad5cad92-e238-432a-9442-8ab35682ac9e,,,,openlibrary,0.0
3c91a940-72e5-47a5-a352-f2e67df981f6,,,,openlibrary,0.0
1bba34e3-a500-4fa0-a3c7-1ba20f88ff23,,,,openlibrary,0.0
9c0127fb-9155-4dd4-b514-04cc59372d65,,,,openlibrary,0.0
167406ff-4456-4e58-b361-903979993af4,,,,openlibrary,0.0
997accff-4f96-4928-8aa8-2e223e78e3a1,,,,openlibrary,0.0
db43f15f-c0b0-451e-bc8d-9b71d7136671,,,,openlibrary,0.0
e1c04e22-c680-4337-9c25-9d50073f070e,,,,openlibrary,0.0
1f4ee0fd-054f-440e-b185-eca11f31cf29,,,,openlibrary,0.0
ec081563-9df9-4f2c-928f-f41b4aed346a,,,,openlibrary,0.0
63ff7450-3397-4a13-bb22-285cfb48b5e0,,,,openlibrary,0.0
6e0efc62-e1fb-4984-bf7f-2f40f3b39c21,,,,openlibrary,0.0
4d0d0fa5-c0a0-42ab-b60b-023d788f5b24,,,,openlibrary,0.0
dcfd0a13-42f9-4d8a-bd37-788f1e6912f6,,,,openlibrary,0.0
295d140e-9993-43aa-bc4a-75d74cd22a7c,,,,openlibrary,0.0
45761aa3-e98e-426d-b2e1-6a4331c4d335,,,,openlibrary,0.0
bcfa54ff-0469-4941-863c-2a9c9cd8cb35,,,,openlibrary,0.0
278eb444-2ffc-48ee-95ba-84a7ab212236,,,,openlibrary,0.0
631d1616-1c79-4698-b632-d930ba0c38f6,,,,openlibrary,0.0
cf48523d-4eba-4e4e-bca8-aaa831e2bcb4,,,,openlibrary,0.0
8d075903-7e01-4a7b-8b75-ba25e3b51a2a,,,,openlibrary,0.0
96aa363d-b2ac-4542-aa1f-1575e7557473,,,,openlibrary,0.0
701fcee9-d78c-4a5e-8d1b-e0268a8f48d4,,,,openlibrary,0.0
ba927b79-923c-4307-bea6-6ca3f301bc5f,,,,openlibrary,0.0
00c9cdaf-968d-4346-bdc4-88cfbc0e04d3,,,,openlibrary,0.0
6281c6a0-c2e4-4da9-854f-8d293a075fbb,,,,openlibrary,0.0
5a66818a-b7b9-4a2a-a6d3-873d26ed9cc5,,,,openlibrary,0.0
1c1145cf-3655-4f05-9cda-3a19c794aa99,,,,openlibrary,0.0
a5095c83-46f6-44c9-8762-6e4fb61fe3ae,,,,openlibrary,0.0
2d1dfc54-fb7a-4434-a66f-ea85190d27e3,,,,openlibrary,0.0
430aae35-11c7-486a-9875-62caf3ce6b62,,,,openlibrary,0.0
57741f16-9c07-4b3f-80e7-e71c523b9fd9,,,,openlibrary,0.0
8bead55e-a214-4a64-ba1d-cd8f79c104b5,,,,openlibrary,0.0
b2e553a3-519d-4476-85c2-103d2359dfa2,,,,openlibrary,0.0
57e9480c-c021-4f6d-b813-911f09152d1d,,,,openlibrary,0.0
c6e8a0cd-3e00-4110-9965-630584e2c93c,,,,openlibrary,0.0
2fec7a2e-e5ff-4e76-a76f-af0855bad05b,,,,openlibrary,0.0
22eb9770-4f31-4d16-8466-7642580f0d30,,,,openlibrary,0.0
f33323e2-eea9-475d-a42f-60c4a738bd4c,,,,openlibrary,0.0
9e2f1008-217b-4915-b9d9-fccaedbb513c,,,,openlibrary,0.0
089e3a2c-335c-4c73-8ffc-a396128f259b,,,,openlibrary,0.0
68344332-cb72-4c4f-ab27-f82181e01530,,,,openlibrary,0.0
9eb067eb-d55e-48f6-8c12-f845fb56786b,,,,openlibrary,0.0
cce732dd-53a7-468a-8cf2-f10676903744,,,,openlibrary,0.0
4c3b0c17-0dd4-4560-b47c-73fa7dada427,,,,openlibrary,0.0
8ba1b8e9-896b-4de1-b880-cf780a4f1312,,,,openlibrary,0.0
fad4e606-e55c-406d-b580-fef9b1e40fbc,,,,openlibrary,0.0
4d4c231d-ec8d-40b4-b4b3-2e809c9212b1,,,,openlibrary,0.0
981d6056-3786-468e-be1c-87e363dd331c,,,,openlibrary,0.0
7218c324-9142-467b-bfbc-5b49b7878f1f,,,,openlibrary,0.0
9c6de168-6481-4dcb-9b72-84213e1677e0,,,,openlibrary,0.0
13ff2421-70b4-414c-b8d8-5ecb25c1ab4a,,,,openlibrary,0.0
5f76dace-40e6-4844-9d54-8df73f3032d7,,,,openlibrary,0.0
48fdefb5-cb94-4e2e-8dfb-6cb9a0d11a71,,,,openlibrary,0.0
89801853-99ff-4938-9834-71b884e02b96,,,,openlibrary,0.0
5903fff6-f9fe-4d2b-88e6-eaa6b4b1765e,,,,openlibrary,0.0
190277af-ea75-41c6-bdc2-f627a65a4aef,,,,openlibrary,0.0
d69c6259-9c5f-4a1c-858c-c8ba170ddbd8,,,,openlibrary,0.0
8e2821d2-eaf4-45cd-a660-337d709ab9f0,,,,openlibrary,0.0
ffa33446-702d-40c0-b41c-994346a27480,,,,openlibrary,0.0
162791fe-5d8c-4f6e-b7c6-cd544c20fdb7,,,,openlibrary,0.0
33241b9f-ffe6-491f-9bc1-09bc23a540c6,,,,openlibrary,0.0
4fb58355-b1fe-42b0-b452-e7dcc0cc3dea,,,,openlibrary,0.0
cbd2711a-447f-40c8-92e0-ed05d6c4e11a,,,,openlibrary,0.0
344138a1-3f56-48a2-b5c3-9d264b323db6,,,,openlibrary,0.0
884c28e6-51d0-4333-8ce8-157cbc1f18b2,,,,openlibrary,0.0
d7b5821e-d49d-491c-9064-162cae5ad685,,,,openlibrary,0.0
9993b457-4ad7-4366-aee5-b81013ff14c4,,,,openlibrary,0.0
87140f14-c87d-42e7-90fc-b6abd3a0f842,,,,openlibrary,0.0
35eb2222-e432-434d-9f33-e5baf65e4120,,,,openlibrary,0.0
00edd0d1-0d0f-42ac-b616-64ff0ca39013,,,,openlibrary,0.0
6999abbb-4ddd-4438-b9b6-f2da439b9c6d,,,,openlibrary,0.0
a63164fd-0fda-4d4c-9bf7-69b0f0a317d8,,,,openlibrary,0.0
8f1ab5ae-6eaf-43fe-8902-e3478fbb4304,,,,openlibrary,0.0
d33bf827-ce6b-4d81-8dbb-83a3919288c1,,,,openlibrary,0.0
3c6c11c1-bce6-4a33-b3d4-7d6d04ff0e8f,,,,openlibrary,0.0
5271239b-12d9-4f94-9cad-e3160f6d480f,,,,openlibrary,0.0
97d21021-ad53-4ece-af50-4d85f671b16e,,,,openlibrary,0.0
2fe1e756-0e62-4920-bc7a-9728fd3dfcbc,,,,openlibrary,0.0
1fd5a6f4-552a-46c1-bf02-f2a48301f959,,,,openlibrary,0.0
bf74c42c-1a34-4ad8-be3a-0cc764e768ee,,,,openlibrary,0.0
7dfd102e-899e-41dc-8b6a-51d4c7a91154,,,,openlibrary,0.0
a1d6fce6-6000-49c7-9220-75a28765d607,,,,openlibrary,0.0
0e250ff5-a0e7-4c72-b0d1-88e9287adedf,,,,openlibrary,0.0
74a65f82-2937-4643-bc26-d6041ac19067,,,,openlibrary,0.0
8869cce5-c091-4020-a118-43dccc63d620,,,,openlibrary,0.0
95abc461-9c0d-4809-a778-02f66468c598,,,,openlibrary,0.0
a7143f3b-bdd0-45c0-8d1f-aa0ca97a971c,,,,openlibrary,0.0
a9f4a595-da6f-4979-a893-4b9e46ec33f8,,,,openlibrary,0.0
ec54944a-558a-4a23-b48a-ac47223cd410,,,,openlibrary,0.0
b3427edf-573a-442c-a7dd-bded421247e6,,,,openlibrary,0.0
2f72cfe8-9cff-4c87-bf81-9f92886bb53e,,,,openlibrary,0.0
b7014b23-3c92-4735-b8c6-a2bab9782868,,,,openlibrary,0.0
68289d38-4bab-44f2-9cb1-9ad24aed8950,,,,openlibrary,0.0
0821afb7-04e3-4e1a-bfc9-c094a3f35eff,,,,openlibrary,0.0
982afcd8-e0d0-4353-b09e-cc19dce59ecc,,,,openlibrary,0.0
a8abce2e-091e-4be3-8927-39f70e71b0e9,,,,openlibrary,0.0
3b7eb447-f6b1-4884-b9b8-17f2ca0624de,,,,openlibrary,0.0
4b23c865-7319-4ea8-b988-d69c0ca23858,,,,openlibrary,0.0
23518f50-ebc4-4a23-99c2-801fb92fafcc,,,,openlibrary,0.0
1acb9d8e-a429-4aa5-94cf-0d46d99dcafd,,,,openlibrary,0.0
e9b49309-707e-45d2-8531-cf89718c0888,,,,openlibrary,0.0
757d9797-c93a-40a0-baa3-79ca29ed6686,,,,openlibrary,0.0
c91e2edc-6c7c-487a-a4fe-aa6a18a42e2e,,,,openlibrary,0.0
b27a6e04-f471-4c4b-9445-7dbf04165549,,,,openlibrary,0.0
ecfc42bd-bccb-43bf-a796-42dd4d8af970,,,,openlibrary,0.0
b978617c-b4a9-4fc9-82d9-13e9df544636,,,,openlibrary,0.0
60830b72-97a7-4316-9044-fbe9bb3735da,,,,openlibrary,0.0
987a6a82-de6b-409b-b5a0-8ffe749565a1,,,,openlibrary,0.0
36646229-f539-4ce9-b3e5-ac9ec7854181,,,,openlibrary,0.0
02994a75-eaad-44af-945c-d92035949000,,,,openlibrary,0.0
ec72ee09-56da-4c75-9bae-67a2d3b14369,,,,openlibrary,0.0
043fab36-f905-4793-9cd5-64092645bafa,,,,openlibrary,0.0
abff53f6-d130-4821-af7e-97e6e6c81079,,,,openlibrary,0.0
7dd59fd3-ee7b-4cab-8c1f-e150db53a240,,,,openlibrary,0.0
5ad3b5a7-cc74-464c-bc80-8a028fd133d3,,,,openlibrary,0.0
f55a8354-8c69-4367-9401-005540bd73f5,,,,openlibrary,0.0
be86f683-03b6-4449-a706-e8ee44ea6dbe,,,,openlibrary,0.0
6da3a46e-18e8-4501-ba80-57d33f74425d,,,,openlibrary,0.0
87320533-4ffd-4688-bff1-34b0b6da6d6f,,,,openlibrary,0.0
641e0388-344f-4dac-bbfe-34aa41cca3fc,,,,openlibrary,0.0
9ec16915-b5a3-408d-b43f-f781522cc7e7,,,,openlibrary,0.0
8fffdcb8-6cf6-434e-8233-2783772b9690,,,,openlibrary,0.0
fccb0395-5da0-4f75-80b2-cd0223516902,,,,openlibrary,0.0
83997b7c-3bc9-4ee8-b025-4129703b1bbf,,,,openlibrary,0.0
01ed8e9b-1312-4ca5-9c45-018c963c761c,,,,openlibrary,0.0
7441db33-6328-4ac9-82ba-040821e0ba91,,,,openlibrary,0.0
e7370bbe-7da4-4945-a91d-66df644d9124,,,,openlibrary,0.0
64dc2e6a-06b2-4234-b326-c017f4d11ffe,,,,openlibrary,0.0
101b5f71-0ada-470a-9f6a-6eb0efc6027e,,,,openlibrary,0.0
fe5bf5f9-dad6-4634-981f-925cc6f6ebb0,,,,openlibrary,0.0
ec1593ad-efa3-4980-afe4-892425ba2380,,,,openlibrary,0.0
ea8500c8-f40e-4d32-a736-40cdee83075b,,,,openlibrary,0.0
b518ec4e-03a8-48aa-aa3f-574cac39db0a,,,,openlibrary,0.0
5b7a52a0-4e74-4731-8829-7f03048ed8d4,,,,openlibrary,0.0
2dfbb456-d4f2-4654-a4e3-0ef83a6b127d,,,,openlibrary,0.0
0883e96b-0ac4-4503-af33-3d2b7912c184,,,,openlibrary,0.0
16e2bbcd-8e12-4047-b202-3344dfb84c1f,,,,openlibrary,0.0
715e45c8-0c94-4160-8e39-b9f8ee4c6858,,,,openlibrary,0.0
20073d22-6bad-46ac-8850-cc88009b14cd,,,,openlibrary,0.0
50c4133c-4e89-41d0-adb4-6beab455c2f0,,,,openlibrary,0.0
9af3dd02-f018-4621-b581-60592ac0dd28,,,,openlibrary,0.0
592f27b9-2624-4246-8c6c-516cef8919fe,,,,openlibrary,0.0
fbe2f084-a9f2-4e99-a370-8f6b5868417d,,,,openlibrary,0.0
c47e1804-8121-4da7-a033-70c0ed186401,,,,openlibrary,0.0
5b1d1cbc-a549-4920-ab12-3db5c695100c,,,,openlibrary,0.0
a5ea875f-4ff9-43e5-843b-b15b73b702a8,,,,openlibrary,0.0
6df59c6a-52f4-4b46-9c0d-02bf70124705,,,,openlibrary,0.0
9567c236-52ae-4b82-8997-0b6885f9553e,,,,openlibrary,0.0
10b50a27-4798-41ab-91c3-8fd8be200d6d,,,,openlibrary,0.0
0f2b10f1-30bd-494a-b4ab-61f2888a6776,,,,openlibrary,0.0
1fc74425-c641-47dd-818d-98ec9b77112f,,,,openlibrary,0.0
986110fd-1ed4-4c9c-99a0-410bad109ffd,,,,openlibrary,0.0
533f7928-e1bf-4c3c-aeec-35e431bf7a38,,,,openlibrary,0.0
d4ed7331-7f28-48c7-b2a4-fa9a814ec1dc,,,,openlibrary,0.0
6ecc5b0e-be0e-4c1f-850e-be863b3c7bde,,,,openlibrary,0.0
3ba1484e-ede1-49b4-9420-a3a665ec7313,,,,openlibrary,0.0
3d633395-9cfb-4b2e-bd31-f08d873cbc31,,,,openlibrary,0.0
6cc7e526-73f2-48c3-a04b-7401f284227d,,,,openlibrary,0.0
f1442ca3-b604-42e2-8ee2-0d789100b463,,,,openlibrary,0.0
b0e053af-8acc-40c7-95ae-84b2f4016686,,,,openlibrary,0.0
f9492441-92d9-4cc2-a8ac-e0ed9518a007,,,,openlibrary,0.0
f5cd9fb5-c835-4b9f-9f2d-650e30ee480a,,,,openlibrary,0.0
d9a1dc71-7c81-4e33-b155-2371154ccc25,,,,openlibrary,0.0
ee45e84a-7130-49a0-a8da-bf49a53009bd,,,,openlibrary,0.0
aa3c2787-2b8f-4966-8800-286edf65457c,,,,openlibrary,0.0
0135f640-87e0-442e-ac9c-a344d0847800,,,,openlibrary,0.0
1d8de2ce-7ebd-4cab-b9b8-8d55b10d7ddb,,,,openlibrary,0.0
24a012a7-ab2b-4d87-8c9b-b7144c340493,,,,openlibrary,0.0
833a46b6-3d14-43f3-acbb-ce2ad3913eb2,,,,openlibrary,0.0
34971420-279b-451d-a8cd-c5989659db30,,,,openlibrary,0.0
c2f162a9-4c6c-491f-a613-440fdd7dde0d,,,,openlibrary,0.0
9cee4af0-f797-4e09-8198-0ec74b9f0f2e,,,,openlibrary,0.0
60ff8dc7-42bb-4868-bc99-f8357534e40a,,,,openlibrary,0.0
506c6516-c879-4f46-bfce-b3b38988ba8e,,,,openlibrary,0.0
936436c2-008a-4d30-8fd3-f5046912f16b,,,,openlibrary,0.0
81b94848-1671-49ba-9993-ca3f16ec9771,,,,openlibrary,0.0
93532a2e-8b3f-45b0-86e5-d903f9eababc,,,,openlibrary,0.0
4386fc8c-90fc-40e0-862f-64e38f184793,,,,openlibrary,0.0
00fc4f97-d1f7-42bb-9c01-90d997a8044a,,,,openlibrary,0.0
2e0684fc-d372-48ee-8ab4-d57edc5a59ba,,,,openlibrary,0.0
39e4d4e7-e779-4c75-a29c-fe6ba81944eb,,,,openlibrary,0.0
c277b524-138b-4dad-9060-5cde0ec86661,,,,openlibrary,0.0
63efeb41-7f58-4a12-9c0c-1169aaef9910,,,,openlibrary,0.0
0d85b73a-994e-442a-81fc-f774f3c8ac8f,,,,openlibrary,0.0
97a2d972-0e4a-48af-b8d4-56f3c4330c41,,,,openlibrary,0.0
7d9baa3e-1902-47d0-9d91-d3e7e6cd0ecb,,,,openlibrary,0.0
192a8ece-3f3f-417e-b2be-a4e3a0557d56,,,,openlibrary,0.0
2132a27d-4733-46a0-b242-5a1d8b5dfe75,,,,openlibrary,0.0
a84dcb61-7874-4688-aabd-ea9d57ca824b,,,,openlibrary,0.0
fb5421ae-f0ec-46e6-9960-515626fb6280,,,,openlibrary,0.0
0d9246ba-f834-4a71-9a3f-6d65f833ce22,,,,openlibrary,0.0
e12282d4-c25c-4be4-ac85-9ef542cca7ae,,,,openlibrary,0.0
2989ab34-7532-4c12-8c78-d252e7a0e4bb,,,,openlibrary,0.0
0a932c47-955a-4402-acc5-bf8bad30bacd,,,,openlibrary,0.0
c0cefd93-c1e4-4451-adc7-8d2b031acc21,,,,openlibrary,0.0
165690f7-81b1-4b6b-a1d7-323f3ce396a3,,,,openlibrary,0.0
a1b4bc60-0fe7-48fe-acc1-84c4c04a52c0,,,,openlibrary,0.0
146fb4db-c7e9-4820-a79b-81e3bc43ed8c,,,,openlibrary,0.0
7eb11eda-2e86-4fce-ba84-81053aff193c,,,,openlibrary,0.0
f1d72295-10bd-4131-b85a-6f4c861f9aeb,,,,openlibrary,0.0
03114635-13e9-43bf-b516-07c682c61d4f,,,,openlibrary,0.0
4dbb5633-0974-4078-b889-45d674a5ccfc,,,,openlibrary,0.0
b4896e11-0787-4b2a-976f-bc894318caf4,,,,openlibrary,0.0
c54ef8ac-a152-459f-8deb-dbe50d79e656,,,,openlibrary,0.0
863417d0-7f05-46bf-a0f4-dc52a91d2e81,,,,openlibrary,0.0
70f6a463-f1cd-4cd4-b24f-2bbc9a58f59c,,,,openlibrary,0.0
3a6f1f5f-431e-4249-9ad6-f8b4c8d806f8,,,,openlibrary,0.0
d9e20e7c-85e3-42ce-94f9-7aebdde960d2,,,,openlibrary,0.0
ba1d9e8f-3ddf-464e-91fe-48acb2098744,,,,openlibrary,0.0
eed4d51d-64ec-477a-99bb-b444156bb2e6,,,,openlibrary,0.0
fa652096-01df-4951-9fc0-9678379e2843,,,,openlibrary,0.0
4988f5e7-284b-4f23-8652-6c37028f3b0e,,,,openlibrary,0.0
c402bc2d-181f-4cf4-9355-9372898829e4,,,,openlibrary,0.0
7bc4393f-bfc2-4e1b-b607-7b2d539fece7,,,,openlibrary,0.0
7b37aad9-4278-4820-93d8-834f68f9a367,,,,openlibrary,0.0
bbc35f28-0666-4ee6-b63e-a0ef37c8569d,,,,openlibrary,0.0
b77de747-e0c7-4cdc-b101-23b8137c9824,,,,openlibrary,0.0
b83d8d45-8f6f-47cd-9e8d-47c350106306,,,,openlibrary,0.0
0ec07655-2699-49bb-b5d5-fd8eb500ca72,,,,openlibrary,0.0
d8a72f4c-1890-4854-8691-1a1413366c0a,,,,openlibrary,0.0
f4347ddd-cc09-476d-83c1-bde911ffd85e,,,,openlibrary,0.0
1e8f4fa2-c0b0-4f22-b5a3-0e70443385d0,,,,openlibrary,0.0
03bc08fb-652c-46e1-9c3f-a194e44fa536,,,,openlibrary,0.0
0fa892c7-7066-47c8-a0aa-417835d82c97,,,,openlibrary,0.0
5a133e03-f0f4-4458-9e0c-5dc3296dcb78,,,,openlibrary,0.0
ed18c2d9-ddf6-4503-a1ed-a82c6fb38761,,,,openlibrary,0.0
05e134c7-330f-4b92-ad6f-4d46a0d565af,,,,openlibrary,0.0
9e373328-317b-4706-99a6-b6011a0bcd07,,,,openlibrary,0.0
5b2f496f-2612-463a-9097-d887da482e04,,,,openlibrary,0.0
49d0ab45-d38a-4180-ac59-a807a68a0620,,,,openlibrary,0.0
956c74cb-a399-4d99-8090-2e906a937a47,,,,openlibrary,0.0
f31a2a16-c2c9-40d3-864b-1b66cbe01f79,,,,openlibrary,0.0
4c658017-6913-4b16-80ce-0446d89808f0,,,,openlibrary,0.0
25901284-a4ec-4de3-b8ee-0f38435917a1,,,,openlibrary,0.0
7cc2fa7e-8ff8-4d6b-8518-6cb184c65bf0,,,,openlibrary,0.0
18696fcd-9a03-4c22-acfb-656df76183a6,,,,openlibrary,0.0
3694610b-7f53-41e2-88ac-09cb3b66a1ae,,,,openlibrary,0.0
107f39df-c6ba-4134-9b61-92e4eeee7291,,,,openlibrary,0.0
d2d6211e-56c4-437d-9a66-00c1d9fdcd42,,,,openlibrary,0.0
39f8dbd5-520a-4eea-b3f9-a3a6d6ac868f,,,,openlibrary,0.0
614c5e56-d9e1-4893-b6a3-3d5fba799273,,,,openlibrary,0.0
9e7f10b7-171b-4d7e-afd6-5e0765178621,,,,openlibrary,0.0
9fc204e1-e2da-41f5-bbcb-6948b86d9eac,,,,openlibrary,0.0
e5cb98e6-82f3-40dd-8f00-2f58d9611ebb,,,,openlibrary,0.0
d2551de0-68b7-4dbb-82bb-58063cc3fafd,,,,openlibrary,0.0
fd88f356-ca08-460b-8c41-b2e456af0871,,,,openlibrary,0.0
6bdc6412-f3b7-4598-9988-087130b7fd02,,,,openlibrary,0.0
a3322161-dfbc-4560-936b-516054a70653,,,,openlibrary,0.0
f6915067-d08e-4eab-bf3a-034f1fda5561,,,,openlibrary,0.0
c6313c8a-3c85-4276-a0d7-51e4cd29853a,,,,openlibrary,0.0
bb86244b-22ed-464f-84a6-d2d3a118823f,,,,openlibrary,0.0
45647d82-e172-44ba-a128-00a25c859929,,,,openlibrary,0.0
84bc9e73-279e-46d7-bafa-0dadf826c56c,,,,openlibrary,0.0
61cbf952-5e86-4b13-a04b-9cb517e7b6a1,,,,openlibrary,0.0
a80ffadd-0650-4f75-9ed6-bcb9cf521799,,,,openlibrary,0.0
c9c5d0bd-75c8-4914-ae91-6c33e2c20b71,,,,openlibrary,0.0
79126035-a7e7-4c3c-b872-fd4cc5b048b5,,,,openlibrary,0.0
cd4330b7-ec7a-4b75-b151-bba74ee1ad64,,,,openlibrary,0.0
2cab455f-84d2-4367-aefa-428448e0ade8,,,,openlibrary,0.0
0787ae15-9243-49ca-bc6e-865faadbe835,,,,openlibrary,0.0
47cdd717-e7a1-4eeb-9778-80db7ad69e20,,,,openlibrary,0.0
0d4b7b1f-6dee-4896-899e-d71a218e1225,,,,openlibrary,0.0
46390d40-fa71-494c-8929-59a1e50e1351,,,,openlibrary,0.0
f8955fb2-eadc-4b4c-8ba8-a118f1a890b2,,,,openlibrary,0.0
09a5f4c0-a47f-4508-9d2b-be9e5f0fe04e,,,,openlibrary,0.0
fd954870-6f8b-4694-b976-c7282f50c9ad,,,,openlibrary,0.0
4a342fce-aeb4-4c40-9536-ee59634a7879,,,,openlibrary,0.0
42d59de0-8937-4f49-ba72-72479f92be70,,,,openlibrary,0.0
40dd7140-849f-4503-9b04-89e45ed55f29,,,,openlibrary,0.0
ecae7b01-70f0-428d-8177-e9bae6783389,,,,openlibrary,0.0
5c44e5bd-d660-41f8-bfa1-4e567f218bb6,,,,openlibrary,0.0
f862f0a1-983e-4700-8eac-0d4b551f7a8b,,,,openlibrary,0.0
e89d553e-2d58-4bb3-bae5-218b35a2aff7,,,,openlibrary,0.0
597f78a8-696b-4c60-94a5-6dca82b5075f,,,,openlibrary,0.0
a72b4424-71d0-4eea-ae1d-33060421c536,,,,openlibrary,0.0
5f8f4a17-33a7-4be4-a013-837e86b31cc7,,,,openlibrary,0.0
af71e524-df33-41b4-a3d3-7ec17cf10dce,,,,openlibrary,0.0
cdd6c3f9-e66e-4448-8dcf-2bad7c9ad859,,,,openlibrary,0.0
244c4f0b-b289-40ae-ba2d-a1bf36b3e6b4,,,,openlibrary,0.0
059cbb98-4b39-4e00-8aa6-b46e98cb6a91,,,,openlibrary,0.0
40199b94-e6cc-42b7-a587-3186e0fe6d14,,,,openlibrary,0.0
ecabe203-7a6b-49b6-85da-db75e074d3c8,,,,openlibrary,0.0
193df046-9ab0-440b-9b19-10f6805a1ded,,,,openlibrary,0.0
61c6753b-4f50-4778-b90a-e1ab1ea6b31c,,,,openlibrary,0.0
87918b8e-5dcd-4a15-a9c9-a064672bdc1c,,,,openlibrary,0.0
882db33e-a5ae-4ca0-ab09-abceb6285787,,,,openlibrary,0.0
731a28a4-5667-42e0-9b00-49329bfdfc60,,,,openlibrary,0.0
d0037b2b-a0f0-4765-914c-a61c4ba09305,,,,openlibrary,0.0
34fcf92d-e815-4d8c-93e6-e62e73a4c1e8,,,,openlibrary,0.0
67fbcb4d-8bfa-4f90-b007-569be416830a,,,,openlibrary,0.0
9e7906e8-2eb2-4ec2-881a-3a9c9ada36c4,,,,openlibrary,0.0
f8aa3036-fd49-40f6-9322-5bd7de8879b5,,,,openlibrary,0.0
ea48b79b-b28f-4fe4-ae76-130418fadf9e,,,,openlibrary,0.0
6e2d3917-4a9e-4866-9973-02115aeab8e8,,,,openlibrary,0.0
421d21d4-e1f1-4f10-b563-814f7895ac32,,,,openlibrary,0.0
ee2087e4-e754-4255-a1e3-96c250d3b586,,,,openlibrary,0.0
51933783-f9be-4b96-ba5f-070c0dc651ab,,,,openlibrary,0.0
79834f95-9fd4-47db-9423-510073887a84,,,,openlibrary,0.0
6f772112-3e62-42dd-a650-8e69dc14e1d2,,,,openlibrary,0.0
fcb795aa-7fc6-45d9-a3e6-e6735161a5d7,,,,openlibrary,0.0
8d68326a-01d1-453f-96ed-aa13285e514d,,,,openlibrary,0.0
d4653a1d-4e76-4d3c-9462-8a3e3b0b5e65,,,,openlibrary,0.0
0b0a8ed5-2dd0-4c8e-9d7e-7074836f952d,,,,openlibrary,0.0
36c35ef1-d8a5-4efb-a4a2-a837cdd85df7,,,,openlibrary,0.0
f0a85478-5618-4401-8db7-dbde70b09c1d,,,,openlibrary,0.0
47c609dc-25ad-4655-8e19-220003eac7bc,,,,openlibrary,0.0
e5d4815f-2ae9-4390-8298-19bab17dec50,,,,openlibrary,0.0
d7116571-d1a5-4d7c-b429-de53af742544,,,,openlibrary,0.0
550da300-fe4b-4c93-9291-21b63b8690bf,,,,openlibrary,0.0
99786b73-fc8b-4766-ab8f-92326706d60a,,,,openlibrary,0.0
ae4aa797-6b9c-40b4-ac2f-38d290030ae5,,,,openlibrary,0.0
4eca0c0f-a30b-4126-843c-774c173a99c3,,,,openlibrary,0.0
49a661c6-58bd-42bc-bd7d-3de55c62f438,,,,openlibrary,0.0
2d348161-9f96-461b-9420-f6be3f694bcc,,,,openlibrary,0.0
d3e6613a-a8d9-407d-b0e8-c6ded0be29dc,,,,openlibrary,0.0
840ac04a-4f1c-47f3-a552-5850b4f532e4,,,,openlibrary,0.0
386f99f0-0b7f-490f-ac6c-79d612ae192f,,,,openlibrary,0.0
1a32083a-09ed-448a-a0b6-cad33fa9e28a,,,,openlibrary,0.0
c905f8b0-3a04-45d6-9a19-79452b7185bd,,,,openlibrary,0.0
0dd81ab4-b28e-4a27-88b3-68f1826cc7fc,,,,openlibrary,0.0
fec9d672-44da-4d70-927a-0273a1fcb637,,,,openlibrary,0.0
ad9ac706-ad31-485a-91e6-3109dd6773d3,,,,openlibrary,0.0
d445bcae-a8b6-4c77-a0d0-143f8d9526d5,,,,openlibrary,0.0
bf960216-7558-4a97-a88a-701e33c16ecc,,,,openlibrary,0.0
f21ef574-529b-42ce-9964-cae69a47c57e,,,,openlibrary,0.0
9e8cb13d-1f1a-46ef-9dc1-92f51520ad1b,,,,openlibrary,0.0
1334c60f-ff58-4359-af47-e2ca358e30d2,,,,openlibrary,0.0
37b1742f-bf3b-4c22-aa90-4f72a050927f,,,,openlibrary,0.0
95db04ca-515c-4988-9900-5059d2daa96b,,,,openlibrary,0.0
fd2c3437-22cb-464c-8358-b1715411e27e,,,,openlibrary,0.0
95f0e7b6-3720-41c4-be58-772eb7062597,,,,openlibrary,0.0
87542204-a90e-47c9-a549-f936d054665e,,,,openlibrary,0.0
07920180-5858-474c-8292-771339dce7da,,,,openlibrary,0.0
49ad735e-d7cc-482d-a520-0ba2c067d515,,,,openlibrary,0.0
fa58df21-f7ba-4d39-af98-b94eba2bc6f9,,,,openlibrary,0.0
d8387c32-1967-40c5-be33-f2c2427b2e70,,,,openlibrary,0.0
d661ed27-a80c-4e6c-a558-fa1f34f9e674,,,,openlibrary,0.0
e5d65499-a4d0-44c4-a20d-fc73e60960cb,,,,openlibrary,0.0
9789a515-cab3-4026-a657-8d98916d959f,,,,openlibrary,0.0
bf7e6550-d473-4c73-b833-96a23a2c304e,,,,openlibrary,0.0
165224c7-2394-4b5f-8c4b-5c36fd66b1a5,,,,openlibrary,0.0
b9b317f0-bcb6-42e4-b8cc-c6afb5fd7957,,,,openlibrary,0.0
5e81cc41-a985-4d31-87f1-1bdd284f6121,,,,openlibrary,0.0
f901a01b-6efc-42f7-9030-b0ab83a2c2ec,,,,openlibrary,0.0
9b57fd0e-a5d6-43e6-8ff2-4d48eb96e750,,,,openlibrary,0.0
69f98147-41ac-4dea-97dc-f329941810d5,,,,openlibrary,0.0
69b08850-9e7e-4fe3-9c7c-d85e66c86e0d,,,,openlibrary,0.0
8094a34e-4636-4210-8649-0286bfdb6a15,,,,openlibrary,0.0
3fb3f922-2044-4b20-8dfc-976d29cc3275,,,,openlibrary,0.0
8fee9792-fd25-4f67-bce8-6b92f3e98ed6,,,,openlibrary,0.0
0f9a844c-2aa9-40fe-ae70-3608dd9f3540,,,,openlibrary,0.0
ad1d8e12-9131-423f-a339-ad17cc7e058b,,,,openlibrary,0.0
4724b9fe-06cb-40ef-8ccf-9a576566b78d,,,,openlibrary,0.0
4f891eef-58ea-4a20-a4d0-a278a8987a52,,,,openlibrary,0.0
bda19eca-0e0b-433a-aca5-b5caf2f37e74,,,,openlibrary,0.0
6df3ea49-8285-4099-b3f9-d786fc2c8cbe,,,,openlibrary,0.0
1ee52559-8836-41be-bf91-08a0bbb47770,,,,openlibrary,0.0
f816779e-e4fc-4154-9074-e0a348dea574,,,,openlibrary,0.0
880f4b4d-2eaf-4e2d-9cf7-32c4585997f8,,,,openlibrary,0.0
f05a6553-4702-48a4-8b9f-067024ebcc91,,,,openlibrary,0.0
18bb67c3-18c5-42a7-9005-543d905d2175,,,,openlibrary,0.0
21f0deb6-8ac5-4599-8d44-82bebab701ee,,,,openlibrary,0.0
e3ae1b2c-8027-4603-b9ce-177d078eb5b6,,,,openlibrary,0.0
1ebf715a-6076-4936-91a1-4676e0e1897f,,,,openlibrary,0.0
9e1c2d0e-92b8-4312-989f-5c177b55d4f0,,,,openlibrary,0.0
c1363059-3398-4eaf-9499-fa287cba627b,,,,openlibrary,0.0
bc3d8a68-cf30-47e9-9f7e-4a2f69cb5131,,,,openlibrary,0.0
4bd6d8b4-db30-455f-9bfb-8858cdf2c59a,,,,openlibrary,0.0
115b5a24-908b-4212-b343-e18991453991,,,,openlibrary,0.0
85902df1-c8b4-49a0-a4ec-3d90439a71eb,,,,openlibrary,0.0
51b495bd-ba15-4b49-bb8e-97e6e22a1dda,,,,openlibrary,0.0
154e9889-108f-4a89-a562-8f9ec9921c83,,,,openlibrary,0.0
d4592ec5-a001-48a4-8b1c-57a24d849734,,,,openlibrary,0.0
fd3a3a94-41cc-4974-9144-033713c6920f,,,,openlibrary,0.0
93797a90-a04d-494e-a062-382cffc1a0c0,,,,openlibrary,0.0
11797ba7-3d0e-4f4f-add8-b40507e922a0,,,,openlibrary,0.0
d1b6a2ca-0da4-4f0b-804f-207b0bcdd751,,,,openlibrary,0.0
8208f55f-8752-48b0-ae82-b9af1d5df4a2,,,,openlibrary,0.0
125146d3-af4d-4047-aac1-ef4ded95935b,,,,openlibrary,0.0
2c52b3f3-f8ab-47ff-bbaf-1160ceb459d0,,,,openlibrary,0.0
68e021ad-70b6-4b7c-8f61-e0192245b610,,,,openlibrary,0.0
7df07836-ee4c-4b41-9653-a5603eb34000,,,,openlibrary,0.0
fa8229c5-432d-41a3-ad3b-c79bd8ac98ba,,,,openlibrary,0.0
c7050cfc-a045-42c8-9e26-2568e9f4d603,,,,openlibrary,0.0
b4033a79-a2ca-4353-9663-a84e1715550a,,,,openlibrary,0.0
f7274de8-5da1-4a00-a4ed-f764e5a0177d,,,,openlibrary,0.0
0a029ff3-89f6-45ee-8968-241d17a87af5,,,,openlibrary,0.0
1338edd7-342d-4f6f-8079-ba65c50358c3,,,,openlibrary,0.0
003ff718-097d-48ea-ac16-de80a82a4592,,,,openlibrary,0.0
34bffe51-fd94-4169-94da-1944cfded37c,,,,openlibrary,0.0
5b0b3fd3-58fb-44b1-bf66-a73a5c05dbd8,,,,openlibrary,0.0
9a3529e2-9853-441b-a511-e1066a514fce,,,,openlibrary,0.0
12a86c5f-e83d-4562-8343-de6736c56157,,,,openlibrary,0.0
77f406b2-bb0a-4e14-8384-7d830937d1cb,,,,openlibrary,0.0
1da168a6-0fc3-45fc-8109-95a98797521d,,,,openlibrary,0.0
41729cdd-f262-41b5-8ece-e4a752c82750,,,,openlibrary,0.0
bac676a6-0468-4cc4-9750-38fede419d11,,,,openlibrary,0.0
2fdd4dcb-9df0-46b5-935d-318cd301c331,,,,openlibrary,0.0
14dd7b03-8b0d-4364-985b-ee07c137ddce,,,,openlibrary,0.0
84d842f3-23a4-43f1-8610-8a55d8837510,,,,openlibrary,0.0
def393fc-9810-470e-aedf-7f46d0ff4786,,,,openlibrary,0.0
2e64ad73-cf45-4da0-97e4-6f8b84cbd64c,,,,openlibrary,0.0
6c657f72-d8f4-448a-9d49-f3e12acb6e73,,,,openlibrary,0.0
b6455385-1c1f-4232-aa29-2188be4bb6b6,,,,openlibrary,0.0
1ac51788-c587-46f8-a1a0-7fa59e18a04e,,,,openlibrary,0.0
a1beb0f3-9459-40eb-a867-9a56a8f7bed7,,,,openlibrary,0.0
ccf5ad98-124b-4fe1-b42b-c33e70fcc926,,,,openlibrary,0.0
152c3a99-0112-4782-963e-4aa59ce0ec53,,,,openlibrary,0.0
4b4ff17a-1edf-4c8a-92a1-139e65c5b0c9,,,,openlibrary,0.0
d9c22732-f656-445c-9a20-12f400d0ad11,,,,openlibrary,0.0
5ecb754b-681c-412d-bb5a-eee20303ba56,,,,openlibrary,0.0
45488feb-e215-4bc8-8d24-26c0d731712e,,,,openlibrary,0.0
16ed6778-7b2d-43ee-b002-6e6622f649c2,,,,openlibrary,0.0
24857103-f9ba-43ff-8e7c-c0cb46ddff5d,,,,openlibrary,0.0
0e7d97c2-aac1-4311-9ea6-72cd0e21b9c6,,,,openlibrary,0.0
a0187665-33bc-4a1a-aa05-73be2294d43a,,,,openlibrary,0.0
c1b696d6-85c8-41b4-9f29-ad816079bfb1,,,,openlibrary,0.0
eddaf4b1-d1c4-40e3-99c5-f9611907f2b5,,,,openlibrary,0.0
d6a8a846-d0be-4434-a6d1-fd044e361562,,,,openlibrary,0.0
9c4268f5-6dae-4468-b695-499d5e338278,,,,openlibrary,0.0
8cf1948f-931e-4120-9434-41ac66fbc8e8,,,,openlibrary,0.0
d5181aca-6c5d-48be-81e9-b7d9fcc9e4eb,,,,openlibrary,0.0
cb6a7a50-f5a8-476a-ae03-6cd8bfcbdfde,,,,openlibrary,0.0
19abfc67-9dab-4b2f-b2f5-9ad51624c57d,,,,openlibrary,0.0
3aa3e7bb-d188-46ac-a8e2-15ea3151dcaf,,,,openlibrary,0.0
d61f6845-54f5-41b9-a0a2-e9228d8299ae,,,,openlibrary,0.0
9b1760c6-22f4-41ed-9645-f8dc2b81251b,,,,openlibrary,0.0
fd7dc07e-2ed5-4f32-8201-fa866e3d56ff,,,,openlibrary,0.0
ce024570-d621-493a-98e0-c0c2d9ed0ec3,,,,openlibrary,0.0
0751dcf2-a6b4-4acc-bc27-4e0be23de4f7,,,,openlibrary,0.0
711113bc-a5b6-4abb-8635-c7152c2ee986,,,,openlibrary,0.0
e4d40ca1-4ed9-41dd-847d-7d162745fb1f,,,,openlibrary,0.0
d2d5079f-c2e2-455a-8d2c-7457f975ca51,,,,openlibrary,0.0
477838da-4044-4bd7-9efa-f1ebf65ee159,,,,openlibrary,0.0
dec8f88f-9354-44b3-a207-a39bdc031099,,,,openlibrary,0.0
16886070-8cf4-468b-bb95-a1c5563fe5fd,,,,openlibrary,0.0
f9aee0be-6115-4f7e-8106-e3d7bc5a631a,,,,openlibrary,0.0
0d8e32c9-1e02-4321-85e7-8cbbcde8004a,,,,openlibrary,0.0
f49dedd9-532a-40b8-ae77-4b254b8f6a59,,,,openlibrary,0.0
f5a3db5f-361a-4d8b-943a-ec2c7ef8556d,,,,openlibrary,0.0
7bee17ce-5723-42d9-815f-950cf632b13b,,,,openlibrary,0.0
0c44ad8f-46b5-45fe-8fe9-7beb9d43045a,,,,openlibrary,0.0
bccfa871-19c2-4dd5-a2d1-61c28eb6d04c,,,,openlibrary,0.0
5ccda7a3-935b-4c7b-ab3b-dd18b64c3b4b,,,,openlibrary,0.0
bb7040b2-ff70-4cb1-a65d-effac687597f,,,,openlibrary,0.0
1b92d125-5ff2-4e62-94d3-b57c0ffc4132,,,,openlibrary,0.0
e2eed91c-468c-4fc1-9be6-cac1f416c67a,,,,openlibrary,0.0
cd2a5590-d081-4240-bbb3-759c2d07bd48,,,,openlibrary,0.0
f2656840-0547-43fb-b077-5397a3c91785,,,,openlibrary,0.0
d93171c1-74d5-4c60-91be-cd39ccc1ddf2,,,,openlibrary,0.0
043e038c-f5b9-400e-b585-c8a80640f381,,,,openlibrary,0.0
2ee54520-2200-4c8c-8e0f-b9dd7043d4a7,,,,openlibrary,0.0
23f50d42-963f-4a30-a965-64f152970774,,,,openlibrary,0.0
b685b254-410b-493b-8233-0ee242b55ec0,,,,openlibrary,0.0
4939283d-7737-487b-856a-d671252dea1d,,,,openlibrary,0.0
ecc1faa8-f1b9-498a-9d10-827e7d15907e,,,,openlibrary,0.0
7f18f452-a4b2-48da-a6de-c07455096648,,,,openlibrary,0.0
dddba01a-f86f-42d2-945b-f94267088696,,,,openlibrary,0.0
48199ffa-7528-4c4f-a99c-74a54a21b432,,,,openlibrary,0.0
48c652af-a458-4f14-ad9b-d7b2935ce8d0,,,,openlibrary,0.0
154b288e-55b1-4185-9f1d-987cba064dde,,,,openlibrary,0.0
475f6995-bd36-4a79-aa92-b1d69bf466a7,,,,openlibrary,0.0
2ab2c74d-4567-43ca-a7a2-5d5321db3522,,,,openlibrary,0.0
da9d3bfa-4bca-4565-a2f3-ba5505b3c87a,,,,openlibrary,0.0
4c349050-4383-4169-87df-26ebc584430b,,,,openlibrary,0.0
84685069-5fce-4bcd-bd1d-53ff91343af0,,,,openlibrary,0.0
36065413-392c-4a8c-a871-1bd0a1b1c120,,,,openlibrary,0.0
66c1f22a-b5f9-4488-9f2c-2393d63cc035,,,,openlibrary,0.0
64a77eb5-5ed7-424f-bcff-24b71b960a6c,,,,openlibrary,0.0
ea389210-7be6-439e-a085-098a7a2f8087,,,,openlibrary,0.0
16e0ac2c-7c90-455f-8f18-c7d56ef792a4,,,,openlibrary,0.0
b8133950-f8dd-4460-99d8-c856896dfe3a,,,,openlibrary,0.0
2a553d1a-cd6c-42e1-8d37-4c5b31b59440,,,,openlibrary,0.0
fbf8762f-82fe-454a-99b6-52f9a18b317b,,,,openlibrary,0.0
75add922-0937-4f9a-9446-82a770fef280,,,,openlibrary,0.0
a1fbe5e9-ea3e-456b-b3f5-0cfa9cd05f4c,,,,openlibrary,0.0
a0be9967-4d2c-47ae-97f0-e9d2dbba393d,,,,openlibrary,0.0
5d2cc0f5-ddce-402e-8b86-6add8d612d73,,,,openlibrary,0.0
67f0b2fd-544f-4cb5-b85d-9b088f1d2bd4,,,,openlibrary,0.0
4fbfe790-29f5-444b-bd95-10ddfb4ad404,,,,openlibrary,0.0
2d87c410-f6d8-487a-9751-470b4da0d244,,,,openlibrary,0.0
4e14b668-91b6-4651-ab4d-310eac4ac3b7,,,,openlibrary,0.0
dee7678c-40b3-4f42-bf0f-a482c39fa51a,,,,openlibrary,0.0
ee8e3460-6d4e-4a53-b903-5d81c25d035e,,,,openlibrary,0.0
6fdacb76-902c-4ac6-b853-167f9e6d0d18,,,,openlibrary,0.0
8e267d22-291f-47c2-9091-4d894ad058b6,,,,openlibrary,0.0
48eed19c-1e9b-4609-beee-3ad283bb663a,,,,openlibrary,0.0
7224feae-85b0-4ae2-8db2-859bebe40b9d,,,,openlibrary,0.0
ec9fa20b-1b50-42a8-ba9a-b245b8570c50,,,,openlibrary,0.0
0ff049fe-52bc-417b-9ac2-85be766e99ad,,,,openlibrary,0.0
96d37a05-402f-4d24-8e4a-9c8dd7ed406f,,,,openlibrary,0.0
2f22165c-726d-4078-a45b-1598da463c72,,,,openlibrary,0.0
13e09e4c-17a0-460e-ab96-ffea3bbbef33,,,,openlibrary,0.0
f0424184-2586-4bf0-9625-181abe9077c6,,,,openlibrary,0.0
5fcaca2a-4ba8-4cdd-a4f1-b68463d04b0d,,,,openlibrary,0.0
9506cf43-6668-42bf-afda-816f85f8af11,,,,openlibrary,0.0
e383603d-a2df-4632-bbce-97a70e972771,,,,openlibrary,0.0
bb2434e0-85fb-452b-a3e3-28b0e18e6c7e,,,,openlibrary,0.0
c5647bc5-5c16-4951-8d2e-f0509a2ca062,,,,openlibrary,0.0
064a4b5c-53ef-4ec5-ba06-23ef518f0285,,,,openlibrary,0.0
4797a0cd-7b9b-4717-a157-67b4c421a148,,,,openlibrary,0.0
cdb7b854-a7d1-48d2-b7e2-ce2b97598832,,,,openlibrary,0.0
43109e8f-bc64-46f3-9fe8-40b0d3be88df,,,,openlibrary,0.0
e0cbf80c-91b9-480f-92b8-1e518eea9245,,,,openlibrary,0.0
79718dc7-1c55-43f6-bb15-7ee03576a383,,,,openlibrary,0.0
4945a3dd-6ce2-414f-a9c3-80f8464ac6ba,,,,openlibrary,0.0
28b1c6c9-9aa7-49f6-aecd-cc01b74041d9,,,,openlibrary,0.0
1b1d8264-a4df-4fb6-a050-c90888b52a7f,,,,openlibrary,0.0
d533ea18-7688-4709-8654-22175beffe7b,,,,openlibrary,0.0
85ebc59e-4a99-49a7-b7de-b409f71b9d47,,,,openlibrary,0.0
11dbf5df-73f2-4d32-b232-22e9ea496e7c,,,,openlibrary,0.0
022913a5-ac55-4a03-8818-8688d499b479,,,,openlibrary,0.0
729803ff-092a-451d-904b-730e194809ad,,,,openlibrary,0.0
be466d08-b956-42b1-a566-f9b647909958,,,,openlibrary,0.0
cced7c5d-c3b3-467f-bded-0e01e51f9d15,,,,openlibrary,0.0
404bbd5c-3c4a-4860-b00e-36928a276a79,,,,openlibrary,0.0
f051c00d-631b-42b0-9e28-d4eba17f1b3a,,,,openlibrary,0.0
fb451add-4a05-425e-b64e-4c7309e633e6,,,,openlibrary,0.0
dc5f90a2-abf9-450a-b695-92ff3e97fb7a,,,,openlibrary,0.0
6ea2cdd6-d986-4ddc-8d97-c4ccf9e2071e,,,,openlibrary,0.0
7abd8d92-8f46-44f8-bc8a-59bc0c1c41c2,,,,openlibrary,0.0
9a5a6b80-feec-499d-813c-ea70e3f3c7ab,,,,openlibrary,0.0
90414832-9f20-47e6-b9cb-518111c20acc,,,,openlibrary,0.0
64f5f623-5637-490a-8694-31719d32546d,,,,openlibrary,0.0
567d2d78-427b-4ee8-9e7d-04a21daf34df,,,,openlibrary,0.0
08c4fd46-26ae-45a0-95e0-5af8d3680dea,,,,openlibrary,0.0
21626812-2ee0-4a47-a166-3382c622f7a7,,,,openlibrary,0.0
f77797fc-3230-47ae-a9fe-4e6adc22b55d,,,,openlibrary,0.0
669f1213-1edc-4162-aa00-75c4234f58ba,,,,openlibrary,0.0
fbbeaff1-039b-4303-8db0-9450cc571890,,,,openlibrary,0.0
a2ff8223-3d4c-4568-a43f-1f929c29dbba,,,,openlibrary,0.0
dabad1ca-21dd-43d5-86b3-2aa5364e8d40,,,,openlibrary,0.0
6aa55a9c-feb9-4d23-984f-a5fe62f308f6,,,,openlibrary,0.0
90093bdd-fd47-4dbc-9268-6e1f13990fb2,,,,openlibrary,0.0
8e848ede-fb4c-4817-af90-fadfc4265df8,,,,openlibrary,0.0
7d2167aa-2899-4d84-9d13-81a95505e897,,,,openlibrary,0.0
551f17ed-8bd0-4837-ab7d-3349d48d4623,,,,openlibrary,0.0
5dcacddd-a304-48ad-aa29-94715503b5d8,,,,openlibrary,0.0
d7af896f-3f80-447c-8a79-b070c1ddf31c,,,,openlibrary,0.0
4ba56c4f-5c89-4786-bf3f-fe6ab4e52177,,,,openlibrary,0.0
84e32d5a-64de-4f1f-affd-9737781f0f34,,,,openlibrary,0.0
0a529b7b-0b5b-447f-9353-733e164f65ef,,,,openlibrary,0.0
1dc3b038-5438-44e8-952a-b352cbb54a96,,,,openlibrary,0.0
4b362073-cb0a-40c4-afa1-b6cb62b54c14,,,,openlibrary,0.0
25b9d513-f6e7-493c-b90d-d9e18bdef5df,,,,openlibrary,0.0
dba2539e-7196-4061-96be-a6e48b73925d,,,,openlibrary,0.0
d02c41eb-7c35-453c-9817-c9f8bcb768eb,,,,openlibrary,0.0
5acade16-b82c-4a45-9111-5acf65395714,,,,openlibrary,0.0
759d9982-abab-4a1d-8811-93ba0d079b3b,,,,openlibrary,0.0
f5be81a8-8933-4668-8a80-7544808b2bf1,,,,openlibrary,0.0
4f09929e-92ac-4008-89a5-e2b4db26c2cc,,,,openlibrary,0.0
83352644-216e-42ae-8dad-3aa65df12800,,,,openlibrary,0.0
b71e359c-089d-4fac-9155-9d6bf93ea83e,,,,openlibrary,0.0
91cc436b-211c-4a75-a27f-d9eec9f3dc5c,,,,openlibrary,0.0
3e8029b2-a817-41f4-ac92-dd7783e3c944,,,,openlibrary,0.0
43ced8de-0dfe-4a5a-983c-38373eaccc6f,,,,openlibrary,0.0
1a6c8293-c0aa-4524-b90f-13f1b8b1c1df,,,,openlibrary,0.0
3ca09b52-70d8-48ff-9dc2-174616b3864e,,,,openlibrary,0.0
26d78f6b-5889-4ab7-bb95-b542d1c24c78,,,,openlibrary,0.0
6bec8246-f760-48ea-80c6-6875d2df2419,,,,openlibrary,0.0
47887dc2-c78a-4189-ac58-32b359e7981c,,,,openlibrary,0.0
43503c0e-49cd-4a48-80d5-1e093bb5830e,,,,openlibrary,0.0
39fc8ce7-edbd-49d7-be15-50e2fc634d05,,,,openlibrary,0.0
06153686-5eb1-40d9-bfc8-4877b6a80f74,,,,openlibrary,0.0
75f9f6ec-d137-46b0-9cab-77d66bc65973,,,,openlibrary,0.0
ef7b8086-bbbe-4195-9c83-40369f5811bc,,,,openlibrary,0.0
6e39e9b3-e5d2-4de1-a838-814de6d7207d,,,,openlibrary,0.0
712ddc3e-f165-4abc-a0de-c9137266750f,,,,openlibrary,0.0
2cf856bb-4a46-45c6-8cf0-a0370b4f3176,,,,openlibrary,0.0
9f50d336-373a-4187-8939-4b396dda953f,,,,openlibrary,0.0
df34341d-82bc-4671-a70d-28fb4443730f,,,,openlibrary,0.0
bfef9064-3860-4bdc-a27d-bcbf7835ecc8,,,,openlibrary,0.0
4db7ee74-bc40-4b4c-a042-66c7e4cb7f6f,,,,openlibrary,0.0
