id,isbn13,isbn10,full_title,match_source,match_confidence
119d3e56-dc3c-4e2f-8241-bd2fd4d3ca9d,9781786890030,178470590X,Mr Nice,openlibrary,1.0
81788eca-21de-4457-873a-3aa661c3ebd2,9783404243488,3401503715,Die seltene Gabe,openlibrary,1.0
5cac46fa-fb46-4a78-bcdf-68e402bd1ed0,9783770150731,3770150732,Wo Legenden sterben,openlibrary,1.0
2d3649f8-4424-4748-9df1-096fd75917a6,9781860110054,1860110053,Western Turkey,openlibrary,0.896
a6363c88-41e8-4fe6-857e-5c7f4ef3053b,9783442094226,3442094224,Kaito,openlibrary,0.946
76049dd3-f44b-4330-abda-6c63ae117a6e,9783548035130,3548035132,Spandauer Tagebücher,openlibrary,1.0
461f6204-2840-4092-9bd7-9cc3fa4454a5,9783570001684,3570001687,Die Variante,openlibrary,1.0
98745514-b6c5-4124-a6ee-7920547d7bca,9783401067001,605591381X,Lucian,openlibrary,1.0
8f9b6fe3-dd64-4382-88d7-fa6d467fbf0d,9783795103590,3795103592,Ein Wunsch bleibt immer,openlibrary,1.0
63a01954-542c-4384-8fe9-9c3f3d8eb12c,9783453421820,3453421825,Der Gerechte,openlibrary,1.0
fcf81bbc-88af-4938-ad2c-4b0c033d941d,9783453052178,345305217X,Die grossen Kalifen,openlibrary,1.0
311bc8da-4219-4b5c-b36c-6fcdf697d40e,9783401053318,3401053310,Lionheart,openlibrary,1.0
04da2517-9c59-4143-a516-abc62271d772,9783437456107,0385337388,The House of God,openlibrary,0.982
6d8c07f0-f550-4b8c-b081-4c48931b0c83,9782253009023,2266144138,Aimez-vous Brahms...,openlibrary,0.565
6b42e2fc-eb9b-4e07-9487-64adfc0e4b82,9783442440849,3764525576,Die Schatten Von La Rochelle,openlibrary,1.0
8de3b0f0-4a0a-4cf5-835a-d90807598408,9783257236231,3257236239,Mein Venedig,openlibrary,1.0
b89811dc-a5ed-4c22-b1e6-92f7b154e62a,9783426002230,342600223X,Alexander oder die Verwandlung der Welt,openlibrary,0.978
3755e132-0ea1-4cc6-8fc4-108e83a00d30,9783492228954,349222895X,Fordern statt Verwöhnen. Die Erkenntnisse der Verhaltensbiologie in Erziehung und Führung. Aktualisierte Neuauflage,openlibrary,0.958
1568fe9a-ca72-4884-9dc4-3ae6507b7daf,9783426639788,9024527805,Ritus,openlibrary,0.984
9fd4fbaf-4b47-4b7c-bd09-bbb803ff7bd7,9783426014554,3426014556,Die Lady und der Damon (Roman),openlibrary,1.0
2758b74e-981a-4739-a6f7-56877b44c909,9783426015827,342601582X,Red Fox. Roman,openlibrary,0.914
8f274242-3f9f-4386-bb49-e4064202580e,9783442714506,3442714508,Gute Geister,openlibrary,1.0
0c3307b5-4199-4240-9289-471affaeb686,9783328600039,3328600035,Mittagsstunde,openlibrary,0.98
07d26699-babe-48a5-9524-9fa6582802e0,9785300010317,078593992X,Die Handschrift von Saragossa,openlibrary,0.988
09a92a1a-db92-4358-beb6-e0fbb29044e1,9780552773089,0143055542,Merde Actually,openlibrary,1.0
3137e8b3-cd4b-42ad-a24b-7b951d75401d,9783421047298,3421047294,Das Spiel ist aus,openlibrary,1.0
ef265a53-6084-4f91-bece-24b375ae505d,9783442468683,344246868X,Nein! Ich will keinen Seniorenteller,openlibrary,0.42
7a760fb4-2a52-4f75-8e97-9a23ed12d7d0,9783442466566,3442466563,Die Girls von Riad,openlibrary,1.0
7188a224-46bd-42ff-824d-bb7fb997b656,9783453471368,3453471369,Erbe und Schicksal,openlibrary,1.0
afdb6ca1-f912-4a7d-84dd-5c04c9bb5a2a,9783100489227,3100489225,Wir Deutschen,openlibrary,1.0
f948ecd0-6fbe-4b3c-9bb1-34f3f56ac9ee,9783462041491,3462041495,Der Geschmack von Apfelkernen,openlibrary,1.0
b0da80fd-d225-4308-bbb2-4c6a80b903e4,9780739384190,1906694176,The Girl Who Kicked the Hornet's Nest,openlibrary,1.0
d251f3a4-43a9-4f3c-92b4-b653facc6afc,9783518399323,3518399322,Globalisierung im Alltag.,openlibrary,1.0
d397b4c0-8e38-463f-b20e-1dfe9cf41663,9783550076114,3550076118,Verschleierte Flucht =,openlibrary,1.0
ab60d8d5-652d-4457-bd7d-946a6de4a76a,9783612250964,3612250965,Der Fluch des Pharaonengrabes,openlibrary,0.985
127de2be-e82e-4829-8271-f43dfa6643cd,9783770124268,377012426X,Südwesten USA,openlibrary,1.0
a780f519-3690-493e-80d4-f16eba8b64a2,9783462013702,346201370X,Zeugen der Anklage die 'Bild'-beschreibung wird fortgesetzt,openlibrary,1.0
b04126e9-c254-4f0e-9daf-c6364f7a9328,9783442369126,3442369126,Aus Versehen verliebt,openlibrary,1.0
a40295cb-2978-42b9-a61e-22843c76776e,9789633684290,3492280781,Das Druidentor,openlibrary,0.97
a5107542-e29e-498d-bfa2-f32e60fff80f,9783453014909,3453014901,Mit 20 Dollar,openlibrary,1.0
0e064c53-6192-4122-baeb-d4eeb902495e,9780858358140,085835814X,Handbook of Australian animals,openlibrary,1.0
31571808-af1d-4eed-9889-2867595ea762,9783492118439,3492118437,Tagebuch eines Babys,openlibrary,1.0
6935995c-35a1-4b99-a745-d61567de2168,9783426872369,3426776111,Der Weg der Kaiserin.,openlibrary,0.75
546fa315-357c-4da3-a996-f98ba4c6d833,9783764501600,376450160X,Das Gesicht des Drachen,openlibrary,1.0
80088879-be4a-4d21-a58f-e3706c31b768,9783499137075,3499221063,Als Der Blues Begann,openlibrary,1.0
01a6f980-d647-41eb-903d-18b8a12e1a7b,9780689117350,0689117353,Memoirs of an invisible man,openlibrary,0.985
141a2ef2-9092-4699-b53e-09872c622f2b,9780385246002,968419854X,The India Fan,openlibrary,1.0
f96cea1d-e181-4cde-bb34-b8c3f05ed33d,9783426005620,342600562X,Der Reich der Königin von Saba,openlibrary,1.0
e5c1b226-d930-45e3-a2a7-0c37d3193fa5,9780375408731,1680652095,Timeline,openlibrary,0.99
58b6539b-82f8-4caa-8cc3-61ea0c2807e0,9783492021418,3492021417,Malik der Wolf,openlibrary,1.0
e7812fa1-c119-4fd3-9c42-e393cfd42a9a,9783442107810,3442107814,Ich verweigere den Wehrdienst,openlibrary,1.0
5f19bec8-179e-4630-bb5e-d4a9b8dec440,9783453180765,3453180763,Come Again.,openlibrary,1.0
85883276-80ff-440b-8235-41a27dedf597,9783426662991,342666299X,Spiel der Teufel,openlibrary,1.0
b9bd87c9-1ac2-47f3-97af-76b1628d8509,9783453109865,3453109864,Das Celestine Meditations- Handbuch. Eine Einführung in das Vergnügen der Meditation.,openlibrary,1.0
f7891eaf-55b4-4fcb-8cfa-1c8874632c75,9783548252834,3548255825,Der Tempel,openlibrary,1.0
801368fc-68ec-4c9c-b821-2365c50c7bb9,9783453869882,3453207041,Der Ring des Sarazenen,openlibrary,1.0
bc8ebc76-c037-4231-8510-93856f358665,9783492117142,3492117147,Europa am Ende?,openlibrary,1.0
2005ea08-97b3-4241-af1d-94af3cf08a90,9783551351043,3551580235,Eine Insel im Meer.,openlibrary,1.0
658a19e7-4350-4a55-a3e9-ac475f806c45,9783404154623,3404154622,Die Patin,openlibrary,1.0
79b1d91f-e4af-424c-9961-de09cb57ff53,9798887142821,,Something Like Lust,openlibrary,1.0
28a3cd9c-3c52-405b-a827-e1e4f5eb1f0d,9783426870747,3426077558,Heile dich selbst mit den Bach-Blüten,openlibrary,1.0
77c6abf9-2e81-4d1c-bd94-4cee8c00b909,9781568392271,2859408509,Expedition Kon-Tiki,openlibrary,0.435
f253ecae-6128-479a-84c1-74708796754b,9783442154364,3462036866,Die verlorenen Söhne,openlibrary,0.973
5f620809-20e3-4120-93d4-1f9a8c04e124,9783373000099,3373000092,Roter Schnee,openlibrary,1.0
73a21fd0-2f00-46cf-afdc-cd012363148b,9783442664450,3442664454,Nebel im Fjord der Lachse,openlibrary,0.974
05ac48f9-877a-4c04-8019-fa355f82835d,9783407789839,3407789831,Wie Spucke im Sand,openlibrary,1.0
059c2be7-340e-40a0-a104-91938be7e9c3,9783442461684,3442461685,Liebe über Bord,openlibrary,1.0
8a51663a-9246-469b-afa8-60b98cd3b61b,,,Der Taubenturm,openlibrary,1.0
685fe4ee-df27-4086-9735-284d233ae90e,9783746616902,3352005818,Die Geliebte des Papstes,openlibrary,0.97
a971a195-45b3-41aa-9462-c6efefa17423,9783442351718,3442351715,"Ich, Prinzessin Sultana. Freiheit für mich und meine Schwestern",openlibrary,0.42
89c81aae-c15d-40cb-bbf1-ba56f4baacb1,9783492043625,3492043623,Stumme Schreie,openlibrary,1.0
ed9e54eb-538e-4997-926c-86c4d7b9bdc7,9781466868229,1466868228,Seventh Scroll,openlibrary,1.0
1f890f9e-d172-47fd-86b6-51ad22dacece,9783596512928,9187891239,Imperium,openlibrary,0.983
f1d54023-1c00-4f7d-a5e0-534cd8af8b32,9783596113125,3596113121,Maenner Lassen Lieben,openlibrary,1.0
9b38eed4-b94f-4dc1-acc1-a2e0d94a7dec,9783453001268,3453001265,Mit einem möcht'ich leben,openlibrary,1.0
852b8282-e6e7-42ba-9086-c37b73aad504,9781408185216,9754585725,The Curious Incident of the Dog in the Night-Time,openlibrary,0.985
49bd29ad-d284-4c37-af35-7077046e57ba,9783453006911,3453006917,Die Rache der Pharaonen,openlibrary,1.0
06f86e1e-9c8f-4480-b153-5904f2bbe9fd,9783746617152,3746617154,Letzte Helden,openlibrary,1.0
7cd2e816-cb7b-4942-aacc-655aec84f6cf,9783770157204,3770157206,"DuMont Extra, Barcelona",openlibrary,1.0
2c8ef9b0-66f5-427c-88b7-2782cc6e70c8,9783868000542,3868000542,Die Geigenspielerin,openlibrary,1.0
14f74da9-8f16-4df3-80f2-8a6f94c62853,9783854929543,3453149793,Der Sand der Zeit: Der Magier 3,openlibrary,0.97
6393cab9-89a5-4e89-9222-69467f21e771,,,Die Entfesselung des zweiten Weltkrieges,openlibrary,1.0
9a38ce5d-1e5f-4d98-8d2c-e2b86fc277d0,9783770159727,3770159721,"DuMont Reise-Taschenbücher, Malta",openlibrary,1.0
96841121-50d4-4f8b-92a4-6ff6e3c187a7,9780233976143,074970196X,Comfort herself,openlibrary,0.22
71a272b5-ffeb-43f3-a0e4-6648f8820ac4,9783442438655,3455020593,Traumfrau Mit Nebenwirkungen,openlibrary,0.989
89b6a545-dff1-40bd-998a-fa40154817dd,9783596164738,3596164737,Tianchi,openlibrary,1.0
51799548-93ec-481e-98da-7323915d076d,9783442067664,3570045641,Die Liebenden von Sotschi,openlibrary,0.992
2dcb488a-bf51-4ada-9615-454df8f9077d,9783596113026,3596113024,Butterbrot,openlibrary,1.0
4f3fa978-8e43-4198-8a93-fbf4a8527fc8,9783453877481,3453877489,Pompeji,openlibrary,0.94
060df893-4f5a-4831-a7cb-6731db5c1e23,9783596188673,3596188679,Aus Liebe zum Wahnsinn,openlibrary,1.0
91295ebb-0417-4e65-8f01-77176f066ecb,9783426194058,3426620596,Schwarze Frau vom Nil,openlibrary,1.0
9cc68604-deaf-4cbe-8fca-abca3f373418,9783442165377,3442165377,Die Summ- Trennkost. Das Original,openlibrary,0.427
64147dfc-17e1-45f6-871d-894bcea7353e,9780060563738,0061091790,After all these years,openlibrary,0.995
7014ac78-7871-479a-9d33-e226af81cae7,9783868711370,3868711570,USA - der Osten,openlibrary,0.902
63a0d81c-bcba-40a3-adf6-47adaaa91959,9783777003085,3777003085,Die Hochzeit in der Schwarzwaldklinik,openlibrary,1.0
11b55fb3-91dc-41ae-9477-74958da8a441,9783426272138,3426775662,Nur der Himmel ist höher. Mein Weg auf den Mount Everest,openlibrary,1.0
9988bfa1-15da-432c-a1c8-59531d6a34a4,9783596179886,3596179882,Die Enden der Welt,openlibrary,1.0
ca388dff-669f-4fbb-98c4-1bad564494b5,,,Scarlett,openlibrary,1.0
6fd1bea8-06e2-4130-b7df-8c31515e2dd0,9783518019696,3518019694,Der weiße Dampfer.,openlibrary,0.515
aba99250-cbd9-424e-8abc-4aeb98e55963,9783426628676,3426195445,Der Wanderchirurg,openlibrary,0.981
1cee9818-3506-49ec-892e-17c31c65530e,9783453006881,3453006887,Die Araber und ihr Traum vom Grossarabischen Reich,openlibrary,0.98
661bcd50-5c0a-4e93-a8b1-a9aa26702cb4,9783896673565,3896673564,Hirn ist aus,openlibrary,0.982
60b2601f-7bfd-4802-bbdf-e814d4e1a89d,9783426781791,3426781794,Feder im Sturm,openlibrary,1.0
20a7a298-cb78-4d97-b0af-c047b556fcab,9783453016354,3453016351,Der Gladiator,openlibrary,1.0
40dea83f-8517-435e-9412-b1f284fc7111,9783453051089,3453051084,Frankreich. Die wunderbare Illusion,openlibrary,0.6
e768c1c7-cd22-4a93-b9e6-1351eb99314d,9783770157204,3770157206,"DuMont Extra, Barcelona",openlibrary,1.0
a625f3ec-6109-4c26-8035-9ec4cb68aa0b,,,Karawanen der nacht,openlibrary,1.0
4e46d7ec-5669-4262-8848-82863f965d2c,9783426631614,342663161X,Das Verlorene Labyrinth,openlibrary,1.0
7fc76e51-6206-49e3-9d43-3988d7bb8d02,9783462401554,3462401556,Aufstand der Gettos,openlibrary,1.0
c34671cb-4dd3-473c-8bbd-538476fe3bc3,9783442133499,3442133173,"Ich, Prinzessin aus dem Hause Al Saud / Ich, Prinzessin Sultana, und meine Töchter",openlibrary,1.0
f826b514-13b4-4d26-8b7b-6a03fb3aa742,9783426031766,3426031760,Ein Mensch Namens Jesus,openlibrary,1.0
77f20119-7950-499b-b6c9-a865be7d168d,9783453130906,3453130901,Im Netz der Spinnen,openlibrary,1.0
1b987cca-be38-4596-9c7d-f55059476990,9783809436850,3809436852,Gesundheit in unseren Händen,openlibrary,0.972
16f24a23-a17d-4517-8692-76ee1a00650e,9783548281629,3548281621,Das Leben ist keine Waldorfschule,openlibrary,0.916
921a317e-fe9d-459e-b2cb-f90a4cdc42a6,9783453108141,3453108140,Die Sultanin,openlibrary,1.0
7cb13206-8379-4c84-8e82-fa6b34088c5b,9783453043930,3453043936,Das Wok Kochbuch,openlibrary,1.0
8b959695-8431-4c4b-8878-33ea788e556c,9783532628034,3532628031,Hypermoral,openlibrary,1.0
7889c6c6-c065-4fb5-bce8-1788083a01cf,9783596124343,3596124344,Die Geschichte meines Sohnes,openlibrary,1.0
a21c9fd4-a094-4d8a-b050-4b128172f800,9782070461776,1526694492,Just Kids,openlibrary,0.97
8bd680af-370e-4284-bf58-5614aa2ed150,9783767905535,3767905531,"Tauchen verständlich gemacht. Grundlagen, Ausrüstung, Tauchpraxis",openlibrary,1.0
3f3981bc-3996-47d0-b0b6-fe67afe11ac6,9783453130906,3453130901,Im Netz der Spinnen,openlibrary,1.0
21f4c713-3d5d-4151-824d-cdbbd472db03,9783453053113,3453053117,Pilger des Hasses. Ein mittelalterlicher Kriminalroman,openlibrary,0.92
58952750-dc8c-4a8d-8219-7855c132042f,9783442029235,3442029236,Im Eismeer verschollen,openlibrary,1.0
aac87119-5ab6-440c-91e1-2c74fc049985,9783442164752,3572011175,Wild Thing. Sex- Tips for Boys and Girls,openlibrary,1.0
34893a0d-9217-4f78-a309-0f7da8a4fec1,9783426872369,3426776111,Der Weg der Kaiserin.,openlibrary,1.0
deccba51-9c5a-4a02-992c-3441d4d00f11,9783551581068,3551581061,Der Clan der Otori 1. Das Schwert in der Stille,openlibrary,1.0
646328ac-45d4-42c0-bf17-d05c52627d91,9783426640142,3426640147,Drei Minuten mit der Wirklichkeit. 5 CDs. Mit original argentinischer Tangomusik.,openlibrary,1.0
88ef85e6-1461-4a1c-a6f9-a52cb9d5369b,9781587244872,1588360792,Reading Lolita in Tehran: a memoir in books,openlibrary,0.983
16c57233-e065-4fc7-920a-ed87532df6fe,9783596510207,310005220X,Der Schwimmer,openlibrary,0.9
cec36535-ef98-4405-8769-61e68984d321,9783453165182,3453165187,Therapie,openlibrary,1.0
e0f06582-dedc-432f-ba32-f316dd205189,9783570209554,3570209555,Geliebte Brieffeindin,openlibrary,0.981
5e3b64a0-09b7-41f3-aca7-3efdaccf967b,9780593057414,0739313118,The Da Vinci Code,openlibrary,0.984
56155ada-2b58-4290-809d-a6094d6906d3,,,Die Stimme der Stummen: die demokratische Bewegung in der Sowjetunion,openlibrary,1.0
727d4112-7512-464b-8b9b-503a712b6024,9783405160227,3405160227,Freizeit- Spaß mit Hunden. Spiele. Sport. Tricks,openlibrary,0.48
e967b250-37b0-4827-aade-d47cc805a255,9783442440771,3442440777,Die siebte Geißel,openlibrary,0.578
d18925af-2d2c-455d-b746-a995b3f3043e,9783548283517,3548283519,Wer Wind sät,openlibrary,1.0
15ee1e95-a9ab-423d-9301-93cabe0580d0,9783442158041,3442158044,Als Schisser um die Welt,openlibrary,1.0
ee009530-371c-4035-b58c-d9fe7148185a,9783426624579,3426624575,Simbayo - Jenseits der Sonne.,openlibrary,1.0
f307e8ca-f281-414a-a0b8-9371316b6136,9783462034486,3462034480,Der Dativ ist dem Genitiv sein Tod,openlibrary,1.0
aed0c87e-3cf2-45c9-a1de-f13e79fbe6db,9781250231987,8416863482,Factfulness,openlibrary,0.975
648f3a28-f933-48f3-bb80-9b9addfc84b2,9783763011780,3763011781,Imperator mundi,openlibrary,1.0
365db2ed-54c2-4a22-aaec-3a55c0a34d66,9783596157136,3596157137,Reise Zum Mittelpunkt Der Erde,openlibrary,1.0
cb3799dc-b0b7-41f5-9f4f-2e4cdcbf8fff,9788373376588,3404123433,Kane & Abel,openlibrary,0.613
f45ff4f7-f907-4901-b988-bc0da3640b99,9783570009666,3570009661,Inseln der Südsee,openlibrary,1.0
7f9e72ea-d44b-4c34-8749-fdaa70d89572,9783596169474,359616947X,Weras Talent,openlibrary,1.0
493ec3fd-0874-40be-a7b2-466fb2bba950,9783734111174,373411117X,AM ENDE DES SCHWEIGENS,openlibrary,1.0
0b4176da-332b-4d9b-911b-b9781c77b7b5,9783770125852,377013849X,Mecklenburg-Vorpommern,openlibrary,0.765
e8b6e1e4-b205-44b0-8430-301dfcb80199,9783426192047,3426192047,Das Haus Kanzē,openlibrary,0.585
299286aa-fe1d-4dd3-ba76-605b97655f87,9783570161159,3570161153,Dann mach ich eben Schluss,openlibrary,0.9
c0ec1bcc-5960-4acf-a61f-f28497bd4022,9782702867846,1573229326,How to Be Good,openlibrary,0.977
37bb2acd-71a5-4863-b0cd-04d96c5eeab5,9780753817568,075381756X,A Leap of Faith,openlibrary,0.815
209bfb4d-f278-4906-9f43-47c2cb319666,,,Monsoon,openlibrary,1.0
099c3cf5-845c-4d60-87d2-ff6aaa953583,9783791819952,379181995X,Die Grossen der Liebe,openlibrary,1.0
643a444d-d8e3-4acb-bada-299b4b869722,9783405155056,3405155053,Was die Cowboys noch wußten,openlibrary,1.0
1260b2f3-a18c-434b-ac33-319fa6fe7c7e,9783453869646,3453869648,Die Novizin,openlibrary,1.0
77496dc7-4aad-4025-9cb1-fa73fc405791,9783772366864,3772366864,Voice over IP. Sprach- Daten- Konvergenz in der Praxis.,openlibrary,0.85
c929cda7-8d78-4828-819f-53108658d944,9783596030750,3596030757,Der Himmel so fern,openlibrary,1.0
e3077b51-255d-4860-816d-bba05512abbd,9783895813559,3895813559,Tagebuch einer Hospitantin,openlibrary,1.0
d1c9acbf-411d-4f21-b73b-9ff3256afb6b,9783924661014,3924661014,Eine Brücke nach Uganda,openlibrary,1.0
75b6e4f0-fe20-4aa3-a241-93d3b6eac061,9783770136148,3770136144,Neuseeland. Richtig reisen,openlibrary,0.682
5eda8071-1c03-42c3-9fdb-bf3c3f54db60,9783737363228,0671836706,Moby Dick,openlibrary,0.982
8500b045-b636-4505-a5c2-b4178fe1acc4,9783453000841,3453000846,Natascha,openlibrary,1.0
9d701258-e1e3-4e8c-8696-1b7d502dc499,9783150109229,3150109221,Essen und Trinken im alten Rom,openlibrary,0.93
826ad24b-c49a-4d1d-a032-064ceb8d8508,9782830704259,2830704258,Beauté de la Bourgogne,openlibrary,0.487
0955612c-ceaa-4797-8b98-b3c99774a994,9785170912360,9877251868,Mr. Mercedes,openlibrary,0.97
dc148491-e976-42a9-a954-8edd802796ac,9783548375076,3548375073,3096 Tage,openlibrary,1.0
11c32db3-f22f-4e4e-9789-ea56925c52df,9783935890687,3935890680,Black Bazar,openlibrary,1.0
1b7de0c1-635d-448b-bfe8-160bb4ca66cb,9783596196975,3596520851,Felsenfest,openlibrary,1.0
3f867333-6f3a-49e5-947d-146ddde36b79,9780091955106,0091955106,"The Life-Changing Magic of Tidying: A simple, effective way to banish clutter forever",openlibrary,1.0
69162c35-67c3-4df2-a14f-08b98ee089e0,9783765427213,3765427217,"Tage, die Deutschland und die Welt veränderten",openlibrary,0.398
a20efb50-fc78-41ac-a711-768186431d1c,9783826686740,3826686748,PHP und MySQL fu r Kids,openlibrary,1.0
bab43cbb-545e-4857-8148-5f13e5ade636,9783800022663,3453116542,Hagen von Tronje: Ein Nibelungen-Roman,openlibrary,1.0
370aaf9e-47ee-4a78-af96-2f2aa7d45ce3,9783570103685,3570103684,Der Pakt gegen den Papst,openlibrary,1.0
aa7ef3e0-ebba-4215-b810-fdd781b0bc79,9783596703661,3596521807,Bella Germania,openlibrary,1.0
3d9646b2-6efe-49ef-a97e-45a21ed051de,9783442412907,0792456335,Robin Hood,openlibrary,1.0
692e0a6d-f378-4f34-adae-cdce94094ffc,9783453006645,345300664X,Mit dem Herz eines Löwen. Roman.,openlibrary,1.0
90f18015-849e-48e9-85d6-3326d2f93b13,9788850200009,0679309411,The God of Small Things,openlibrary,0.98
cb34cb2e-58d6-4752-8de6-ea142e2a7c1f,9780345803504,1784757764,Shades of Grey,openlibrary,1.0
1ca16e62-fdfe-4ef5-94d6-a1e3b248021c,9780831727765,0831727764,Encyclopedia of Aviation,openlibrary,0.982
d80276d7-3f9e-454b-b0ab-e35f8a6c1b05,,,"Geliebt, Gejagt und Unvergessen",openlibrary,1.0
8a66c92c-1465-4633-813e-9980af6da334,9783473350070,3473350079,Als Hitler Das Rosa Kaninchen Stahl,openlibrary,0.998
2d564895-8ce4-4aec-8698-31555c240487,9783613503465,3613503468,Die unglaubliche Seereise,openlibrary,1.0
a61fce76-b18e-4366-b39c-8713d79a3cb6,9783800020539,3800024659,Schattenjagd,openlibrary,0.983
7bd39714-3ed2-4ca8-8d23-1dcbeb3f0c9d,9783404154623,3404154622,Die Patin,openlibrary,1.0
f592d3a8-80e5-4780-aeb5-6e147f352230,9783462034844,3462034847,Unter Wasser atmen,openlibrary,1.0
5d293c84-875e-44df-9eba-43d4794c7a5f,9783778791226,3778791222,Du kannst es ! Durch Gedankenkraft die Illusion der Begrenztheit überwinden,openlibrary,1.0
135b1589-8333-4cf6-925f-d4d0a80d7acb,9783426638354,3426638355,Die Entscheidung der Hebamme,openlibrary,1.0
534ecddb-e355-4cef-9e70-cd40509bfb4f,9780816151899,9751004586,Lady boss,openlibrary,0.983
0abd540c-738b-46da-a2b3-c1ab8675f3c6,9783810508737,3596152984,Kaiserin Josephine,openlibrary,1.0
92f8c1a6-e17d-4ef5-97d8-07018ff62508,9783442721689,3442721687,Damals in Bolechów,openlibrary,0.713
c904edd0-c984-4efa-b2bc-d0f74d6db4e3,9783421063076,3421063079,Mord am grossen Fluss: ein Vierteljahrhundert afrikanische Unabhängigkeit,openlibrary,1.0
03c67b72-c9a4-47e5-adb3-83c33f94a953,9783783108804,3596113121,Männer lassen lieben,openlibrary,1.0
9f05372a-deba-4793-99fb-e4bf7eeb532e,9782764010310,1982171472,How to Win Friends and Influence People,openlibrary,0.98
6839080a-19f5-4cf1-be74-6f39bc312b30,9783550081033,3550081030,Muttertag,openlibrary,1.0
662878eb-1dca-43ef-967f-ac4fe8025db3,9783442412907,0792456335,Robin Hood,openlibrary,1.0
d61d41f4-68a5-4cc3-b9b7-ef7731967339,9783401508207,3401508202,James Bond,openlibrary,1.0
ad73f5c8-b22e-4f85-9921-94964c2c9610,9781784776428,1784776424,Uganda,openlibrary,1.0
4dc3d2c5-7bc3-4ba9-8943-6db623fe45e3,9783548353340,3548353347,Ist Amerika zu retten?,openlibrary,1.0
8fb9ff5c-96e0-4d4f-bff6-323ab29b9497,9783492102896,3492102891,Der Mensch vor der Frage nach dem Sinn : eine Auswahl aus dem Gesamtwerk,openlibrary,1.0
5a37e712-da71-4c16-8844-090ff7fa6e65,9783462041088,3462041088,Sonst noch Fragen?,openlibrary,0.645
ae05a3d3-e362-4436-9b3e-32a6bc4104a5,9783407380388,3407380380,Das Anti-Pauk-Buch,openlibrary,0.54
60edd7c6-7b11-47e1-b538-ed7c467d9b1a,9783596157136,3596157137,Reise Zum Mittelpunkt Der Erde,openlibrary,1.0
29d13242-9d38-4867-9fbb-9f08a0459e5f,9783828842694,382883843X,Leben Ohne Mull,openlibrary,1.0
734a8008-779a-49cb-9cd3-fdae1a73436f,9783446414396,3446414398,Termin-Neuausgabe,openlibrary,0.66
78746cef-506a-4d42-81d1-e1a2153b5ec9,9783442305711,3442033322,Jadie,openlibrary,1.0
a1135501-b43d-4dac-bc0d-6a92f8ec1dbe,9783828973770,3426626659,Im Jahr des Elefanten,openlibrary,1.0
5d29349d-2ead-4272-ae10-32916fe95daf,9783453437425,345343742X,Roter Drache,openlibrary,1.0
17744ec8-2d04-4d5e-be8c-d3f8fa508e2e,9783442133499,3442133173,"Ich, Prinzessin aus dem Hause Al Saud / Ich, Prinzessin Sultana, und meine Töchter",openlibrary,1.0
308ffd54-2d4c-41a0-baf5-a498eea6d643,9783471780855,3471780858,"Dame, König, As, Spion. Roman",openlibrary,0.376
e98a3126-611a-4c2a-bc8f-39e11305ee04,9783763263349,3763263349,"Payback: Warum wir im Informationszeitalter gezwungen sind zu tun, was wir nicht tun wollen, und wie wir die Kontrolle über unser Denken zurückgewinnen",openlibrary,0.304
01ba09e2-5a70-43dc-8b96-4cfba9b1231e,9780691007700,0691051097,The captive press in the Third Reich,openlibrary,0.465
13ad4355-4656-496a-aa72-41fa030a6455,9783462036275,3462036270,Achter Achter,openlibrary,1.0
2c7da303-13f8-4509-adb1-aa8c8a59e9c4,9783453082311,3453082311,Im Schatten des Granatapfelbaums. Ein Roman aus dem maurischen Spanien,openlibrary,1.0
e5d1e50b-ef61-436e-8200-396fa5a41546,9783426274071,3426274078,Das Gesetz der Hydra,openlibrary,1.0
d7e15b1e-6780-4465-b371-d848a9e026aa,9783492039536,3492039537,Das Gewicht des Wassers,openlibrary,1.0
e5259f87-9a22-41eb-9946-d0a051ec5741,9780241952375,0141007826,The Beach,openlibrary,0.97
0a60a474-54a5-4853-b135-f90efd853f46,9780131738867,0131463055,Core JavaServer faces,openlibrary,1.0
71b281ef-6018-464e-8e0b-d39254d1b230,9783409214247,3409214240,Das ABC des Call Center Management. Die wichtigsten Fachbegriffe rund um Call Center und Kundenservice,openlibrary,1.0
3c554a32-b5a2-466b-85c4-0be95c6974a7,9781101973134,2081411555,American War,openlibrary,0.929
d86c90d7-e83c-4e53-876e-f844d83b3a30,9783442425280,344242528X,Philadelphia,openlibrary,1.0
00be9362-3fec-4e62-b71f-56b27d4ac5b4,9780981531687,0981531687,Programming in Scala: Updated for Scala 2.12,openlibrary,1.0
3ccb0d4d-dc8d-4c0d-b03f-5b26b583db39,9780226038797,0226038793,Continuity and change in African cultures,openlibrary,1.0
ef7ac712-e711-4a3e-be0f-8d217b9ff0ea,9783770110513,377011051X,Schottland,openlibrary,0.936
76fb5e46-f210-4faf-9370-418c532152ed,9783770176809,3770176804,Australien,openlibrary,1.0
0b0c01e1-94c5-4d5a-8530-6eaaa8975534,9783426039342,3426039346,Mein Weg durch Himmel und Höllen,openlibrary,0.94
0928a58d-cd84-46f9-bc39-2939eec6b6ed,9783453021112,3453021118,Die Erbschaft. Roman,openlibrary,0.735
a7f5aebe-2cf3-4e02-bdd7-bb028ae31461,9783451282539,3451282534,Der Weg zum Glück: Sinn im Leben finden,openlibrary,1.0
307cbaa2-8132-4278-9f29-54060e8d9396,9783596176298,3596176298,Abgespeist,openlibrary,1.0
e49fc6bb-4cf8-49b0-b8ad-706d63cb26cc,9783421061133,3421061130,Tausend Jahre Neue Welt,openlibrary,1.0
8f9e0eaf-78c2-4f8c-89e5-cd25aa788477,9783442133185,3442133181,Tuareg / Bocanegra. Zwei Romane in einem Band,openlibrary,0.976
a4af9b9c-038b-4c82-964f-9b12bcf4d94e,9783927940529,3927940526,Die geweihten Nächte,openlibrary,1.0
9e5b0665-0763-4fff-b54b-73c268fe19e3,9783442141883,3442141885,"Entschlackung, Entsäuerung, Entgiftung. Das Praxisbuch zur Körperreinigung",openlibrary,0.487
caa9437d-0e5d-4067-82af-7e17a1e20202,9783765520594,3765520594,Meine 100 Elefanten,openlibrary,0.997
5a91633d-265a-44c3-ba99-bfa8b42ea536,9783518464083,3518464086,Mittelreich,openlibrary,1.0
e8a80b17-bd45-40c0-aee2-661d2f45991b,9783462043952,3462043951,"Sie da oben, er da unten",openlibrary,0.51
4356c049-e740-4f2e-bf55-9f7066384678,9783550100093,3453178734,Der Sturm / The Perfect Storm,openlibrary,0.983
d0d084ee-020b-472f-921d-e70e6fcc6163,9783453182097,345318209X,"Heyne Großdruck, Nr.52, Irgendwo in Deutschland, Großdruck",openlibrary,1.0
d00723fa-9abe-4590-baa7-511ecbd9856a,9783401049274,3401049275,Der Everest. Zum Greifen nah. ( Ab 12 J.).,openlibrary,0.48
105c37f0-a11b-44b2-834a-637bcc232fae,9780330293242,0330293249,Flood,openlibrary,1.0
51d685b4-2416-4843-8412-3627df30992f,9783462037487,346203748X,Fremde Wasser,openlibrary,1.0
b947d6b5-a0af-4885-976e-badee7006e09,9783778792551,3778792555,Über die Berge zu mir selbst,openlibrary,1.0
94288bc7-930e-49da-990b-b76c7d99ae08,9783890294544,3890294545,Couchsurfing im Iran,openlibrary,1.0
168d10e5-88c6-481d-9d87-b3642ed4bea5,9783832181017,3548280404,Feuchtgebiete,openlibrary,0.984
ea64ce71-e11a-495d-9420-6cdfcff7d564,9783811203648,3811211579,Amerikas Naturwunder,openlibrary,1.0
bb7cc81e-0831-4bb0-9af5-0d4e94112b52,9783462015744,3462015745,"Das neue Schwarzbuch Strauss, Kohl & Co",openlibrary,1.0
bb85467b-57cc-4040-b7f8-5b8c1da9245b,9783492239219,3492239218,Der nackte Berg,openlibrary,1.0
2834facc-c731-4817-819d-87c6f4d89bfd,9783453675322,3453675320,Tokio besetzte Stadt,openlibrary,1.0
ae2f22f9-7b38-4038-81dd-c468c06a4db3,9783453161450,3453161459,"Tage der Freude, Tage der Kraft",openlibrary,0.585
05ea3b51-745e-479d-bbff-fc6f98275c26,9783570121474,357012147X,Im Fadenkreuz der Mächte: Gespenster am Balkan,openlibrary,1.0
d176466a-b781-4457-9d61-93753b35e4dd,9780743273596,0141021381,The Official Fahrenheit 9/11 Reader,openlibrary,1.0
b96b26c5-4e4a-4726-afb2-cdf1f1270ef0,9783473582136,3473582131,Asphalt Tribe (German Edition),openlibrary,0.866
c8f43891-8792-4537-86e4-d5f2fd8dbc44,9783704330895,3704330892,Karibik,openlibrary,1.0
03a6ed1a-c551-4706-ac64-98d3366a9e00,9783328606673,332860667X,Alles richtig gemacht,openlibrary,1.0
4b5a0d8f-4880-4c3d-ac59-a5226670e1b1,9780743289696,074329503X,Infidel,openlibrary,0.987
39da91c2-4879-4e78-b33a-4b5b7a69c8a2,9783596230709,3596230705,Alltag In Moskau,openlibrary,1.0
81813b8b-32f3-4b25-9c12-eaaebe0fc2bd,9783430123129,3612260103,Das leise Lächeln des Siegers,openlibrary,0.985
3f40802f-f1ef-447d-91b2-7c59371f64e3,9783492054201,349205420X,Schossgebete,openlibrary,1.0
ef749f24-3a98-4daa-bb7d-0290724d18a6,9783612650269,3612650262,Erde in meiner Hand. Die Geschichte eines rebellischen Lebens,openlibrary,1.0
49a8780f-faba-45f1-9e08-aa69fb2a2a57,9783434530848,3434530843,Globalisierung Von Unten: Der Kampf Gegen Die Herrschaft Der Konzerne,openlibrary,1.0
3e505d03-61b5-4e73-b6fb-53c23c1af737,9781280447693,047019300X,The Power of Feedback,openlibrary,1.0
296d2898-3ff8-42f4-b184-fb5d49f2cd38,9783453265752,3453265750,Ghost,openlibrary,0.94
a4529442-9136-4f48-a81d-b87e3dc60efe,9783570585245,3570585247,80 Days - Die Farbe der Begierde,openlibrary,1.0
09713d62-5e3f-4a94-8751-4ff688936006,9783442350162,3442350166,Prinzessin des Lichts.,openlibrary,0.547
7bee9a84-4e30-4df4-a634-85b9e167d5e6,9783426275948,3426275945,Patient meines Lebens,openlibrary,1.0
6185bc35-7162-4bdf-b490-f7f053a087fa,9783426788646,3426214016,Denken wie ein Shaolin,openlibrary,1.0
00c8d635-2d72-49d0-8f10-12f95c9701a0,9783426760116,3426760118,Selbstheilung durch Homöopathie,openlibrary,1.0
4f74f1a1-ad3f-40bc-9ccb-ec6ee87af871,9783462020649,3462030167,Kursbuch Gesundheit,openlibrary,1.0
70b2b6b8-ad79-4e10-8944-bb0bfd3a5d28,9783828996946,3828996949,Dewey und ich,openlibrary,1.0
f9cfe822-e30b-498a-bcf9-9262c55f36c4,9783777003207,3777003204,Sibirisches Roulette,openlibrary,1.0
0e75faaa-89cc-4a21-8905-6a298881f667,9783765812309,3765812307,Schottland.,openlibrary,0.983
0b91bf42-2267-461f-8f75-adb2a80d7379,9783492273558,3492273556,Das achte Paradies,openlibrary,1.0
6374a648-9233-4c8c-ae07-bafb916ae1cd,9783453860667,3453860667,Robert Redford,openlibrary,1.0
df0b6e13-f153-4299-86ba-cd0de9a8002a,9783548060507,3548060501,Leaving the Frame,openlibrary,1.0
4d6e6fab-b6ee-45df-be0e-d981bc74d80c,9783451328862,3451328860,Erdoğan,openlibrary,0.907
a4183f8b-a904-4e8c-83a9-173699b5b232,9783492115414,3492115411,Champagner und Kamillentee,openlibrary,1.0
0d6e581f-bf75-4339-a4df-303f32b27857,9782841873869,0060087110,The Family,openlibrary,0.755
355dbd84-f9ea-4d94-91d2-669e0e8708e5,9780451125453,0671039741,'Salem’s Lot,openlibrary,0.699
70697aab-c23f-42be-8799-3a8769700bbf,9780755347919,0755347919,Atlantis,openlibrary,1.0
6f0a7e85-2391-4b1d-b8b4-18d21bc17856,9783462046038,3462046039,Blasmusikpop oder Wie die Wissenschaft in die Berge kam,openlibrary,1.0
4455876d-3cc0-45f1-97c4-7f8040749c41,9783522720854,3522720857,Cleopatra,openlibrary,1.0
9664e16b-7466-4cc0-8dd2-25016c5eeb62,9783426261842,3426261847,Knaurs grosses Gesundheitslexikon,openlibrary,1.0
4b93aa63-23ff-414b-940a-6d3c61d2eda5,9783596282029,3596282020,Marco Polo der Besessene II: Im Lande des Kubilai Khan,openlibrary,1.0
7086a2ad-0bec-46f1-805f-066d724d988e,9783492238694,3492238696,Balzac und die kleine chinesische Schneiderin,openlibrary,1.0
9749794e-9a28-40fe-813a-1261e57f4a90,9783548263298,3548263291,Der Gesang der Toten. Unheimliche Geschichten,openlibrary,1.0
06dbef12-afb0-4ae1-9ad6-bd27bb8f7a36,9783453471351,3453471350,Das Vermächtnis des Vaters,openlibrary,1.0
faf2d375-3e06-4f7c-a90f-affdf209fc9e,9783453000377,3453000374,Schatten im Wasser,openlibrary,1.0
8bda680a-dad0-4b88-bc8b-c969a1e5e771,9783548233635,3548233635,Vagabunden der Lüfte. Mit Doppeldecker und Schlafsack durch die USA,openlibrary,1.0
e3b6121b-fcdf-4efe-9ca9-36f15e8e6b9c,9783473661664,847917076X,Die Wolke,openlibrary,1.0
5054f2b9-28b5-44f5-a670-0f2b5ee599a1,9783746620671,3746620678,Feminismus für Eilige,openlibrary,1.0
04f29753-386b-4019-8c3c-ccde3e4fbba5,9783453354739,3453354737,Rettungslos,openlibrary,0.972
485dedaa-74b2-4d5c-ac08-df2fcc7496d2,9783440110072,3440110079,Wilde Zärtlichkeit,openlibrary,1.0
423987a8-42ee-4ecc-bf5b-73657463d8d5,9783596133727,3596133726,Reise um den Mond,openlibrary,1.0
8b1d6ebc-0ae4-4720-9ae9-7cbfae34dbe4,9783492238694,3492238696,Balzac und die kleine chinesische Schneiderin,openlibrary,1.0
aa60aa01-5756-47f5-809b-5fc3408a8a17,9783734107856,3734107857,Die Sekte - Dein Albtraum nimmt kein Ende,openlibrary,1.0
e8fa8818-1b61-4c30-a46d-2dbd3965ad8a,9783442440849,3764525576,Die Schatten Von La Rochelle,openlibrary,0.988
1854d99c-fcf8-4522-8500-b7bb75f70586,9783779576068,3779576066,Roter Reis im Paradies,openlibrary,1.0
c6549460-8d8a-4136-b5cd-fceb0e632023,9780070534483,0070534489,The McKinsey way,openlibrary,1.0
ae89a682-98b0-4d3a-a444-e987f5cd5251,9788760810619,8760810610,Josephine,openlibrary,1.0
6c79ba0e-6206-4c97-86ed-7ab3a454347c,9783485007597,3485007595,Mentales Nichtraucher- Training,openlibrary,1.0
8e4c0a60-d892-4ea4-9d82-5e4c6af154f8,9783548284798,3548284795,Unter Haien,openlibrary,1.0
07652a67-4ec9-4ddb-b645-52c400e962c2,9783405166403,3405166403,Mythos Baum,openlibrary,1.0
d8cf50eb-69b2-46fb-8a2f-3438b9c9537f,9783426662885,3426662884,Blut und Silber,openlibrary,1.0
956a323a-64fe-4aa1-afa1-b9b4533b840f,9783492057967,3492057969,Das einzige Paradies,openlibrary,1.0
5a6f1d40-8718-4f19-8bbe-041614ddd730,9783453312098,3453312090,Der genetische Krieg,openlibrary,1.0
30be7211-f618-4e7e-a460-56d42d2b09db,9783442542703,3442542707,Mein Leben im Schrebergarten,openlibrary,1.0
670e78ad-d286-4286-bf2f-e8c17ce7e105,9783780200419,3780200414,"Gesammelte Werke, Bd.41, Die Sklavenkarawane",openlibrary,0.975
e77ff097-6acf-457a-8a80-7a071f48f1f2,9780525484394,0525484396,Speed reading,openlibrary,0.987
f628f0a2-60aa-4605-b620-65c9ca54175e,9783423085809,8870317374,Das Nein in der Liebe. Abgrenzung und Hingabe in der erotischen Beziehung,openlibrary,1.0
d491e40f-471c-4d3d-896d-d86e0a73a30d,9783442155484,3442155487,Die Abgestellten,openlibrary,1.0
d74670d2-7e9b-4ba0-9be0-b2a6d702ec74,9783822505748,3492238637,Die Jagd nach dem Wüstengrab. Roman,openlibrary,1.0
f3585e94-d956-4f4c-8807-8bf93f351ecf,9783442457694,3442457696,Der fremde Gast,openlibrary,1.0
aa11eab0-8643-4cdd-bde5-6834398a650e,9783746614205,3351033907,Nackt unter Wölfen,openlibrary,1.0
34681503-23cd-4ecf-a5f2-9630cc40c9ba,9783426627013,3426627019,Finale der Pippenspieler,openlibrary,1.0
f209c00f-d223-49dc-af31-b976b02b99fe,9783475531880,3475531887,Mein steiler Zahn in Himbeerrot. Münchner Roman der 50er Jahre,openlibrary,1.0
de30451f-5720-49f2-bd7d-75af979efdd5,9780312531195,0312531192,"You and I, me and you",openlibrary,1.0
6b5482ff-9323-4e25-aa94-6e5780bfa254,9783442173938,3442173930,Die Macht der Disziplin,openlibrary,0.982
262cd198-0965-49bd-b8a4-a372fe7e2a01,9783867644006,3867644004,Digitales Erzählen,openlibrary,1.0
209e3f6a-0b5a-47fc-accf-dac06b41300c,,,Das grosse Bilderlexikon der Pflanzen,openlibrary,0.868
9193d853-4fbf-484f-ba55-5dfdb894095a,9783406321344,3406377998,Frauen im Mittelalter,openlibrary,1.0
db8125d0-cd0f-440f-ba9f-109748a686a0,9783570004265,3570004260,Den Gottlosen die Hölle. Der Islam im zerfallenden Sowjetreich,openlibrary,0.996
e8bd8696-756e-4daf-8e1c-8d0c802efefb,9783596157372,3810519065,Kaiserin der Rosen,openlibrary,0.985
8d7092d8-1158-4b29-80ce-0913a4a0f7c1,9783426036037,3426036037,Die Herausforderung,openlibrary,1.0
c34e3633-4603-4e89-a89c-7c8c94cbdf1f,9783832165307,3832165304,Alte Sorten,openlibrary,1.0
ea1e3519-d90d-4d01-948b-1f84c256bac5,9781448134557,0434752665,The mind of South Africa,openlibrary,0.993
acc57292-8d6b-42a9-9d49-e9f775f6f1cf,9783492024105,3492024106,6mal Kanada,openlibrary,0.39
8f20e50d-99c5-4e4e-87aa-aeb79261c39c,9783596283675,3596283671,Seelenfeuer,openlibrary,1.0
dee2f1e5-d110-4a7d-8167-fc51752ce0bc,9783404002610,3404051114,Wer stirbt schon gerne unter Palmen,openlibrary,1.0
681e399c-7ef2-446f-97c7-eb1c65ad69c4,9783925761300,3925761306,Im Banne Buddhas,openlibrary,0.977
e892e193-c256-49c6-ae1b-d407b667138b,9783462029314,3462029312,Adel vernichtet. Ein Malaussene- Roman,openlibrary,0.578
1079cbdf-4064-4bd8-afe7-f04dad2e0482,9783548263670,3548263674,Candlelight Döner,openlibrary,1.0
d601a2cc-004d-4479-927b-2511451265c9,9780312147341,1466814020,Shroud for the Archbishop,openlibrary,0.11
6478c0c8-f1a3-4e87-a7e7-a3316adbd9d4,9780345289865,0345413474,Tarzan,openlibrary,0.987
e5466b7a-fc67-4d18-8983-53eb1001b525,9783406494949,3406047726,Geschichte der Staatsideen,openlibrary,1.0
262f4ba1-fd99-463d-a21e-9eaee68e6882,9783453470804,345347080X,Die Alchimistin,openlibrary,1.0
560ecae7-59d1-4272-a331-0c2d80a80bed,9783810523556,3810523550,Gesang der Erde,openlibrary,1.0
58d5f027-08e1-40f4-add8-9656b7a5c8ed,9783100272003,3100272005,Wege Zum Gleichgewicht,openlibrary,1.0
eac84562-3d6e-4d78-babc-da4c4460033e,9783453188839,8882749258,Sushi für Anfänger,openlibrary,1.0
665c7dbd-1ddb-431f-ae7e-771153d9c112,9783453430198,3453430190,Der Coach,openlibrary,1.0
6c6823c3-0bd2-4cce-b5f6-f93b9fe5cbea,9783770136452,3770136454,Portugal. Richtig reisen. Reise- Handbuch,openlibrary,0.51
bc62d908-d964-4a2f-9674-b74bb2838c4f,9783570003411,3570003418,Der Traumpalast,openlibrary,0.946
072deb58-a139-4d53-ad74-2ae427055b16,9783763370375,3763370374,"Bergauf, bergab. Erzählungen mit Hintergedanken",openlibrary,0.458
6a8b5a0d-ea16-4f13-801a-a0a77b158766,9783548237190,3548237193,Die Festung,openlibrary,0.981
240c54be-0ab2-42c7-81ef-feb6132b4941,9783426775370,3426775379,Macher im Machtrausch. Deutschlands Manager auf gefährlichem Kurs,openlibrary,0.48
a9863194-777d-41b2-afe9-81836ac7b5c1,9783861249184,3861249189,Auf der Suche nach Sharaku,openlibrary,1.0
4467dcae-9252-4c2b-b41b-03a761058395,9780759573765,075957376X,Battlefield of the mind devotional,openlibrary,1.0
6e383f1c-5f9d-4207-bd49-c28ca752ff6c,9783257243888,325724388X,Endlich mein,openlibrary,1.0
cece4e48-3d6a-4f19-9ae9-ca9d2b6f7801,9783734107429,3734107423,Die Suche,openlibrary,1.0
3c6b0144-2922-4ea1-a364-6b4206ea5e49,9783492046244,349204624X,Muo und der Pirol im Käfig,openlibrary,1.0
4a6c5f49-ce84-4553-bf48-69ad3090363f,9783777003085,3777003085,Die Hochzeit in der Schwarzwaldklinik,openlibrary,1.0
3f63159b-a479-4830-a6e0-4f55c6e99b4a,9783453017344,345301734X,Wie man einen Mann aufreisst,openlibrary,1.0
011ff6d0-f75f-4279-aa0f-a73ebc923cdb,9783453620438,3453620437,Ein echter Helmut Schmidt,openlibrary,1.0
9d340551-74ca-4f9d-adc3-24655ef9cd2a,9783785538906,3785538901,Verrückt vor Angst. Noras Geschichte.,openlibrary,1.0
fbec4dac-d8d1-4224-a5c0-115814b707a5,9783401053684,340105368X,Lakota Moon,openlibrary,1.0
074f0cc9-d7ed-43a7-8e5c-5e1996158471,9783426628065,3426628066,Der Codex,openlibrary,1.0
90f24c67-40ec-42e9-a2d2-b35bec938d5e,9780060779023,0061144789,El Zorro: Comienza la leyenda,openlibrary,0.454
233c2c7d-c0ce-4512-adec-b4a11303a71d,9783572019052,3572019052,Wildes rauhes Land,openlibrary,1.0
422cd120-d736-4670-9300-0cd87588885e,9783770156009,3770156005,Tal der Loire. von OrlÂans nach Nantes,openlibrary,1.0
b2549e89-5b7b-499b-a962-0282a30b1b1b,9783770119912,3770119916,Rom,openlibrary,1.0
2ca1d0ae-8b36-418c-8b07-9978ba20bd76,9789588617114,975071797X,El cuaderno de Maya,openlibrary,0.479
f708322d-afb2-4912-b5e0-ef4b74a2de08,9783430159241,3430159245,"Ausbruch zur inneren Freiheit. Mut, eigene Wege zu gehen",openlibrary,1.0
dda16159-642d-4a66-ab60-edc5bb4327a0,9780465052622,0465052622,Hundert Milliarden Sonnen,openlibrary,0.983
f58e00c0-753e-4921-8b02-26400a51bc40,9783937501079,0745951872,The Pendragon cycle,openlibrary,1.0
0ae12257-2da3-4a1b-a98a-93312eeb6a34,9783596317899,3596317894,Die drei Frauen von P.,openlibrary,1.0
b50cb738-bea7-4749-861c-080ccb74e519,9783426265574,3426265575,Verschlusssache Jesus,openlibrary,1.0
47d3dd68-f1bf-4e4a-b138-5b31299c5209,9783426627778,3426196077,Formula.,openlibrary,0.968
6a1ad52d-dfae-4962-9550-d458f37e0789,9783551351340,3551351341,Yacca- Fieber. ( Ab 12 J.).,openlibrary,0.502
02e01cdf-aa3b-4a83-8251-14ace32424b2,,,Deutschland,openlibrary,1.0
859d8cbb-40f5-4b64-8786-f3c0dd31f2b2,9780351312823,0708927440,Out of Iran: One Woman's Escape From The Ayatollahs,openlibrary,0.333
f6898b17-7dde-4b8a-af49-890f4bd6f83a,9783548374215,3548374212,1.000 Euro für jeden,openlibrary,0.517
5a0d571f-f597-497a-894c-bd5549b7d1a8,9783800027958,380002795X,Hunger nach weniger. Geschichte einer Magersucht.,openlibrary,1.0
a92f6322-268c-420f-a065-4470fced936e,9783406613647,3406613640,Die Geheimnisse des Vatikan,openlibrary,0.98
564c0090-7bc0-498d-9aa8-d6acbd9aa0ff,9783406576911,3406576915,Der weisse Tiger,openlibrary,1.0
999bab5c-11c0-409a-85c2-c609cdc131e1,9783518460498,3518460498,Die Stimmen des Flusses,openlibrary,0.936
2f332a42-8971-4c25-ba5c-c70ce6f87162,9783426622636,3426622637,Movie Star,openlibrary,1.0
85914389-8e8b-4632-aaca-e2da965713dd,9783748538479,3748538472,Aroma-Therapie,openlibrary,0.66
cf479fcb-db10-4372-9980-f6b1c917185c,9781982193867,1982193867,Merlin,openlibrary,0.988
ec4c4e44-47eb-486a-a504-e1da89c46eba,9782744192067,8467219149,Digital Fortress,openlibrary,0.994
abd54c6c-cb92-418d-a043-86cf18bb4a92,9780393026214,0393026213,American Journey by Rail,openlibrary,1.0
ae25abef-1aac-4b37-b6d2-1fd931b972dc,9783922619208,3922619207,Kurdistan,openlibrary,1.0
b2db605e-76b6-4642-983c-d6ddb24f2a5d,9783492032254,3492032257,Der Löwe von Uruk,openlibrary,1.0
3b6f427a-c2a0-40fa-835a-f4d21b513b9e,9783401060484,8466792597,Isola,openlibrary,1.0
4f23b023-0f28-4e0b-b1aa-9da69099c90e,9780007140480,8401329477,Retrato en sepia,openlibrary,0.987
576f9bd8-ab8e-423a-85cf-851834dbebe3,9783426272039,3426272032,Futter fürs Volk. Was die Lebensmittelindustrie uns auftischt.,openlibrary,1.0
0614a672-f271-45e2-99c9-45a71e5727e5,9780446558747,0446527130,Envy,openlibrary,0.983
9eccf5c3-3f3f-4b9e-8742-4968fef051ee,9783499264320,3499264323,Cromwells Traum oder Die schöne Helena,openlibrary,0.98
76078577-ace6-4fa0-8571-9d87c97e2e4e,9783453870345,3453870344,Uncool. Oder die Kunst erwachsen zu werden,openlibrary,0.458
c62b42e8-1177-4fc7-9cbf-4a679afd7b2d,9783426662434,3426662434,Die Rose von Asturien,openlibrary,1.0
6c03574b-a8eb-4b90-abca-dc262aa7ed7c,9783426196144,342619614X,Wo bist du?,openlibrary,1.0
c6f33690-6cde-4179-b548-4d5429480d4d,9780552772525,1665170190,Brick lane,openlibrary,0.99
16d6f66f-238b-4460-b38a-586f6ad58dc7,9783857877230,3857877235,Der Jakubijân-Bau,openlibrary,0.621
cee3aac4-a0a6-44cc-a49b-b0eca42348c6,9783596135752,3596301246,"Magd, Metz' oder Mörderin",openlibrary,0.472
546e5f78-4a43-4b81-b480-9ebbec43e9d7,9783811203648,3811211579,Amerikas Naturwunder,openlibrary,1.0
cc8abad3-2235-4ba9-ad8d-07f81832a545,9780691090405,0753813882,Mein Leben,openlibrary,0.868
4b5b8657-d708-45ea-aa39-3d259597c20b,9783442721924,344272192X,Kulturgeschichte des Essens und Trinkens,openlibrary,1.0
fb3bf553-d981-4b8f-ad97-876a38f96e24,9781407061962,178504303X,The 4-Hour Workweek,openlibrary,0.308
2e788169-6d8e-49b6-a52f-ddbdeccb6941,9783442445813,3442445817,"Eins, zwei, drei und du bist frei",openlibrary,1.0
70218a39-03fc-4f5d-8e8d-f9a71eedd9ec,9788889060148,888906014X,Green volunteers,openlibrary,1.0
1e13af87-d734-433a-afa7-f424a64b1a1e,9783498000776,3498000772,Das Haus der fünf Sinne,openlibrary,1.0
45955a7a-37b7-498e-8efb-4c8c098ee7c0,9783492239929,8423320723,Misterioso.,openlibrary,0.983
33fd195d-da0a-4cbd-8bed-d0c308bd64e0,9783596237463,3596237467,Der scharlachrote Gesang. Roman,openlibrary,0.886
851c4865-c4a2-4d45-a2d3-d85adf24952c,9783570011805,3570011801,"Besiegt, befreit--",openlibrary,0.69
0b774419-f9c9-460e-abfd-54f154721723,9783423219570,3423219572,Der Wald ruft,openlibrary,1.0
03e2cdbf-a0c5-4a54-b15a-36773f5a046f,9783770111701,3770111702,Kenya,openlibrary,1.0
a119071f-3334-4946-9e10-c4ad3fc6f46c,9783800037551,3800037556,Der Mann 2000,openlibrary,1.0
040c200a-dcab-4bb5-a6a0-7577a1b30b45,9783426300756,3426300753,Der islamische Faschismus,openlibrary,1.0
fd0c3e44-5a7e-41e2-8d9a-3a708d68f5ea,9783492260558,3492260551,Suche impotenten Mann fürs Leben,openlibrary,1.0
b6462904-a6e3-4cc3-9c32-b523c611bb88,9788375081992,0743475437,Deception Point,openlibrary,0.983
35e6d52d-ca41-42a4-9db7-1b1d65a22051,,,Physik selbst erlebt,openlibrary,0.982
2cbf24b5-f95b-429f-bf20-f2a4d29f8b87,9783881422123,3881422129,DAS SEX-BUCH,openlibrary,0.556
1664007f-cccf-47cf-a64b-d6235b8bbf15,9783442730421,3442730422,Der Flug des Feuervogels,openlibrary,1.0
b92b9c03-733c-4703-8bb1-ed18e7f27c13,9783453010659,3453010655,Marlott,openlibrary,1.0
e3177c39-9dcc-4f94-922c-4dfa9207ec8d,9783453471368,3453471369,Erbe und Schicksal,openlibrary,1.0
6a71c285-e4ad-4029-933b-b510973a3699,9783572100477,357210047X,Kulturgeschichte des Essens und Trinkens.,openlibrary,1.0
601eef11-d003-4f7a-ad52-716a5859960f,,,Heisser Sand,openlibrary,1.0
fc2a7fc7-5691-48a0-91c9-49830c707976,9788423361229,9751416582,"Götter, Gräber und Gelehrte",openlibrary,0.98
0b5fa2df-5332-4714-a6ac-7106b5cbc2a0,9783773551474,3773551479,Geschichten aus dem Zweiten Weltkrieg,openlibrary,0.952
b019caa3-1ab5-49fa-8751-af708025a0b2,9783462047257,3462047256,Die Vergeltung - Rhoon 1944,openlibrary,1.0
0fbb0109-193c-40fc-b289-8e3025903f31,9783548362816,3548362818,Katharsis,openlibrary,1.0
3763d828-d95c-43ea-b8d1-87c06b69b6af,9783518022412,3518022415,Psychoanalyse des Geldes,openlibrary,1.0
90803f07-709e-4f6a-8ae5-fcf78f81759a,9783746616902,3352005818,Die Geliebte des Papstes,openlibrary,0.97
d272e5fb-e40b-4cc9-a9a4-54d35171f2aa,,,"Kalifornische Sinfonie, Roman 7 Auflage",openlibrary,0.505
2f265341-b219-46fe-befa-8c912365c1e5,9788423361229,9751416582,"Götter, Gräber und Gelehrte",openlibrary,0.98
e14fab70-9b02-40e0-a563-fe509856d1ec,9783548252124,3548252125,Kanonen auf hoher See,openlibrary,0.92
204387a2-bfed-4f0c-993c-4553c4017660,9783613023888,3613023881,Porsche,openlibrary,0.97
ee2fe321-e65a-4132-9741-a3dd12b3974d,9783442309351,3442309352,Gesammelte Werke 2. So mag er fallen,openlibrary,1.0
3125affb-07ee-4dd0-8151-62699e128c81,9780395498545,9500417855,Blue River,openlibrary,0.978
47e613ba-2978-4d4b-ab45-c5e413203241,9783426032435,3426032430,Der Mond am anderen Ende der Welt - bk462,openlibrary,1.0
08db4ada-7a9b-4ccb-a253-89aea82afc5f,9783453006645,345300664X,Mit dem Herz eines Löwen. Roman.,openlibrary,1.0
1d7c7d81-7705-4518-ab85-257fc1155a61,9788471690852,8471690853,Granada and the Alhambra,openlibrary,1.0
43200685-8afc-45ce-b95e-7a9edcfecf97,9783442244799,344224479X,Priester,openlibrary,1.0
88fe3173-bf7a-4c66-8b20-0d460973eb73,9783426269336,3426269333,"Das Leben, ein Klang",openlibrary,0.57
afb90c83-75a4-47c7-9f01-bcab75d84839,9783442131877,3442131871,Erdrutsch / Sog des Grauens. Zwei Romane in einem Band,openlibrary,1.0
b18545f2-da38-4c39-b272-27abccd13c71,9783442131877,3442131871,Erdrutsch / Sog des Grauens. Zwei Romane in einem Band,openlibrary,1.0
cd939a96-ecc7-4fae-8ea4-2a7a746679f3,9783570126042,3570126048,Plötzlich Prinzessin,openlibrary,1.0
44fee71f-afe5-4d9d-903a-7cfbe075f8f9,9783426870310,3426870312,Impfen. Das Geschäft mit der Angst,openlibrary,0.495
54fd80d9-faa6-4c71-820f-e023c2f6b57a,9783734102172,3734102170,"""Er steht einfach nicht auf dich!""",openlibrary,1.0
67a57ab2-098b-4b0f-a5ba-56dfdff84c52,9783518423547,3518466771,Bevor alles verschwindet,openlibrary,1.0
6cf7dd7a-502b-411b-9a21-0887d062231f,9783442154579,344215457X,Wie Frauen ticken,openlibrary,1.0
c2ac8e0e-f3b5-4291-b5aa-38c1dbddf14a,9783426777688,3426777681,Der zerrissene Schleier,openlibrary,1.0
12f46174-1672-4349-a0e6-d6aa84984b12,9783746617787,3746617782,Hahnemanns Frau,openlibrary,1.0
c6333b3d-3ab2-4e6f-bf45-2be1d7c39dba,9783453002944,3453002946,Sensei,openlibrary,1.0
ea98e45d-9878-4626-b3e6-c9ba54a7b0c5,,,Die Tatarenpredigt,openlibrary,0.985
73088602-93db-4876-b0f6-5be3b8e4aea0,9783453159068,3453159063,Jackie Chan. Mein Leben voller Action. Die Autobiographie.,openlibrary,0.405
9a18a239-a9d1-4315-b6be-5df1a18d8126,9780886463618,0007616996,Wild Swans: Three Daughters of China,openlibrary,0.419
7712c4c4-7695-4f51-a211-c73f92e58fc6,9783570019436,3570019438,Einer wie ich,openlibrary,1.0
a20d4327-5c15-479a-ab41-02ce8abd30cb,9783458170983,3458170987,Große Sprünge. 22 Short Stories.,openlibrary,0.476
854947e8-170e-4561-a44d-dc27dd122e1f,9783865399427,3865399428,Die berühmtesten Frauen der Weltgeschichte,openlibrary,1.0
21730756-ab8c-42b8-ba06-da6ad0b81342,9783596188352,3596188350,Cassia & Ky -- Die Auswahl,openlibrary,1.0
32b28d16-660f-4e05-987d-c3707cf53870,9783596308217,3596308216,Die Abenteuer des Herakles,openlibrary,1.0
60e1ff72-af04-4aca-af8c-993e94164e8c,9783423250436,8433931598,A tree of night: and other stories,openlibrary,1.0
df05e17a-f238-4c04-ae93-995077e0090e,9782253005551,0008331863,Papillon,openlibrary,0.915
6197ea8e-e599-408f-8f8c-c69cc0eda793,9783442096732,3442096731,Jenseits der Gobi,openlibrary,0.974
c5204faf-b62e-4cd9-823f-e7b2af58fe09,9783570057421,3570057429,La Baronessa,openlibrary,1.0
f69969f8-c498-4b00-bf52-57e7e02b5cc2,9783426870310,3426870312,Impfen. Das Geschäft mit der Angst,openlibrary,0.495
68aa4fdc-60d2-4afc-9d54-9aa019465a7e,9783442479283,3462044966,Bretonische Brandung,openlibrary,1.0
8585dd0b-b462-4bf4-a171-cd7087064b4a,9780586050453,0708989373,The Andromeda Strain,openlibrary,0.982
becf5cd1-1b33-4b45-adc4-2b96f834f175,9788471690852,8471690853,Granada and the Alhambra,openlibrary,1.0
91d450fe-9816-4e58-9f85-8a76ccda35e2,9780708984321,0708984320,All the rivers run,openlibrary,0.988
aba99357-980f-4ba7-9771-f998b560b03d,9783453003187,0340770511,Tanamera,openlibrary,0.973
bc368d02-e5ad-4b1a-b7b2-20f8a4e128c3,9783570059135,3570059138,Auf den Spuren grosser Kulturen,openlibrary,1.0
46cbe2cc-f267-4728-918a-25ec445c56e8,,,Die bayerischen Seen,openlibrary,1.0
fc5a4ed9-e337-4470-81d7-9b2038b8391c,9783442087860,3442087864,Willst Du glücklich sein im Leben. Geschichten von gestern - Geschichten von heute.,openlibrary,0.367
c68492dc-5221-484b-ae24-ca7cc6d2fd5c,9783462034486,3462034480,Der Dativ ist dem Genitiv sein Tod,openlibrary,1.0
9e00e56f-2d3c-4467-a635-351e5cc1be76,9783770195572,3770195574,DuMont direkt Reiseführer Istanbul,openlibrary,1.0
0808c7c9-d76c-4a69-8b98-f8bf79411152,9780385421201,3442447119,Vendetta,openlibrary,0.993
2e4dd8c5-6373-482d-a17f-e5dc0a4f376b,9783471772508,3471772502,Das Mädchen mit dem Perlenohrring,openlibrary,1.0
c5b24b02-5968-4096-8e17-45f02f985bb8,9783426030042,3426030047,Wirbelsturm,openlibrary,1.0
fd8d026a-7793-466d-934e-1632a3eafefd,9783426506066,3426506068,Der Fluch der Hebamme,openlibrary,1.0
ddd4e20a-9195-43c1-a08d-ce05e410b2d3,9783442710911,344271091X,Aama,openlibrary,1.0
c589e704-bf6c-4e68-a377-6105efebd8bc,9783453545588,3453545583,Crossfire 01. Versuchung,openlibrary,1.0
cf00af9f-f1a8-472b-a44e-2e2ecef29091,9783548060507,3548060501,Leaving the Frame,openlibrary,1.0
ad687a55-3210-473d-a6f0-65e46cf2ceea,9783426622544,3426622548,Die Hexe und die Heilige,openlibrary,1.0
611da75c-55c2-49d8-852a-2a4488b8f363,9783570035795,3570035794,Krankheit Als Weg,openlibrary,1.0
993bf5eb-143d-4093-b4ef-696e208a5053,9783471780855,3471780858,"Dame, König, As, Spion. Roman",openlibrary,0.376
1f503429-c171-4f40-b1cf-febdec73fa48,9780586217665,8497937120,Sahara,openlibrary,0.978
3e798df7-2619-4bac-abd3-cff112885580,,3627100822,Afra,openlibrary,1.0
62c8c6b1-807c-48b5-8a2d-e73354c964e1,9783446426825,3446426825,Die Kunst des klaren Denkens,openlibrary,1.0
43afce19-5562-44e9-91e4-e4e11c4c0809,9783453147287,3453147286,Das Nazareth- Gen,openlibrary,1.0
cc63ce1f-69a6-4ee3-8a3c-40de78717497,9780785918738,2070370291,Kiss Kiss,openlibrary,0.985
7c7aec9c-e46c-45f3-aec3-051e82d459c0,9783548364445,3548364446,"Tippi aus Afrika. Das Mädchen, das mit den Tieren spricht",openlibrary,1.0
353bfb3a-f9f9-4d75-baa6-c867021fff6e,9783442450886,3442450888,Sizilianisches Finale. Ein Aurelio- Zen- Roman.,openlibrary,1.0
1fba29c0-c2a1-46b1-b79b-5607262e7be0,9783453083028,3453083024,Hinter dem Schleier,openlibrary,0.87
3e0cb569-9d97-4db3-8844-440c774ad164,9783401266305,3401266306,Time*Out: Gekürzte Lesefassung,openlibrary,0.443
0c6ae47e-5766-4f20-a725-bc5e85804e65,9783426636954,3426636956,Die Spur der Hebamme,openlibrary,1.0
a882b06a-8965-4b47-935f-4eaa0f451dea,9780006393719,1843542641,Bitter fruit,openlibrary,1.0
31651447-b214-4146-b349-16dbba124aa4,9783475522789,3475522780,Die Lena,openlibrary,1.0
6b08047d-323b-4026-ae27-59db807c76c3,9780340766170,0340581263,Gai-Jin (Asian Saga: Chronological Order #3),openlibrary,0.977
5751280a-749c-400f-9815-27b7469f0788,9783257061642,3257061641,Fuenfte Berg,openlibrary,1.0
ebdf6a11-3d75-4926-8759-c6a7241fb610,9780816151899,9751004586,Lady boss,openlibrary,0.983
3e96566a-c10c-44b2-a90b-0a36f1b2cc43,9783442362066,3442362067,Der Insektensammler,openlibrary,1.0
48226c84-b153-4609-8296-0f1766dd47bb,9783499271854,3499271850,Wolfsspinne,openlibrary,0.983
a39853a9-ed3b-43fb-aa8f-88ae46ea4e85,,3627100822,Afra,openlibrary,1.0
167f68f5-f194-467a-90ec-3c562aaff29b,9781847675286,184767528X,No angel,openlibrary,1.0
630287ac-20fc-4baf-bbd9-98b46cb0d63e,9783442114726,3442114721,Krankheit als Weg,openlibrary,1.0
21ecc397-09e2-403d-829b-ba1eecb20c0f,9788408045069,9504910564,Brida,openlibrary,0.977
e1715fee-eb8e-4554-bd5f-46ecb6c3b538,9783770195572,3770195574,DuMont direkt Reiseführer Istanbul,openlibrary,1.0
763b16fc-d6c1-4665-bc21-1bc8919f2199,9781845990862,1845990862,PRABHUPADA,openlibrary,1.0
425d4655-eb29-4372-95a6-6e46b620c460,9783453160958,3453160959,Cäsars Druide,openlibrary,1.0
0361cacc-e89c-4ba6-8b24-86aeb1866372,9783426629383,3426629380,Das Patent,openlibrary,1.0
2e5acb82-d097-4436-a565-9a76406146e3,9783426652145,3426652145,1813 - Kriegsfeuer,openlibrary,1.0
925901d5-3bfd-4d50-ba36-c6b8639feefe,9780340766170,0340581263,Gai-Jin (Asian Saga: Chronological Order #3),openlibrary,0.977
0aca8df2-0187-494f-a272-9cb97360b2d0,9783426612637,3426612631,Der Soldat James Ryan. Der Roman zum Film,openlibrary,0.412
3fba1ed7-33c6-4bb1-9b26-edd5c8d4628a,9783442358236,344235823X,Feuerzeit,openlibrary,1.0
4e461439-9e5c-450c-8e8f-2d03fcea0bda,9783453189799,3453189795,Jagd auf Roter Oktober,openlibrary,1.0
25014860-b69a-45c8-8c27-bc74e81d399e,9783547710670,3547710677,Schmerzenskinder,openlibrary,0.981
f4d22540-3a52-488c-a26f-1d253a47ccd6,9783453214941,3453214943,Meine Rechte als Mieter. Was Mieter und Vermieter wissen sollten,openlibrary,1.0
6413632e-8e85-41c0-8a46-854de072036b,9783596706600,3596706602,Ankommen,openlibrary,1.0
ccd7bab2-b9f5-4ec0-b525-a0aaf08bfeaa,9783453861992,3453157494,Die Maske des Ra,openlibrary,1.0
f8e56cb4-718e-416f-8689-73ae0b38f0b1,9783453862005,3453169387,Die Rache des Horus,openlibrary,1.0
dcd59305-99c1-4d33-9ce2-12841a4fb3d7,9783453013070,3453013077,Geschichte der Geheimwissenschaften,openlibrary,1.0
24f46e97-6633-4f38-90f0-ed2709dd00b5,9783548366555,3548366554,"Ich lieb' dich nicht, wenn Du mich liebst",openlibrary,1.0
1d59d1d3-462a-402b-9124-8e8fe38546be,9783570009864,3570009866,Die letzte Konkubine,openlibrary,1.0
8a73bb28-8e0f-491f-9800-de0a4207d5aa,9783453147287,3453147286,Das Nazareth- Gen,openlibrary,1.0
4a3c1aba-a8c3-43bd-8356-3f68ca840cd8,9783548364797,3548364799,Hinter dem Schleier der Tränen,openlibrary,1.0
4bcd81fd-c73f-43c5-af10-836c4015fb09,9783548283999,3548283993,Die russische Herzogin,openlibrary,1.0
abab718d-5062-4410-803d-7eec95b8a730,9783426636954,3426636956,Die Spur der Hebamme,openlibrary,1.0
9e8ba9ec-f623-4e84-ac46-f071bd84703e,9783927605008,392760500X,Itaipu. Brasiliens versunkenes Paradies,openlibrary,0.465
3be62093-2f23-4e6c-8484-b6f4d7e54dec,9781873544587,1873544995,Dubai,openlibrary,1.0
9dd0a608-e36b-46b8-8efe-da23d60eb451,9783453177604,3453177606,Tom Clancys Special Net Force 1. Todesspiel.,openlibrary,1.0
9c7ec293-7ae2-4f38-943d-ba6ab2713cfc,9783257229547,3257229542,Rossini,openlibrary,1.0
9757ff63-6f4a-4c61-9ccc-3ed3c41d683f,9783426636954,3426636956,Die Spur der Hebamme,openlibrary,1.0
6c042a69-5c97-432c-a990-0dabca2552e6,9783518393499,3518393499,Santa Evita,openlibrary,0.97
58ba4728-ed21-4fc2-b71a-549d35e2d36e,9783596148844,3596148847,Der Junge im Pool,openlibrary,1.0
4eb6b31b-5784-44b5-8b10-0337c5bc5131,9780606375764,0525426442,Atlantia,openlibrary,0.973
37b05cb4-691c-4d28-aac3-acf6b03fff74,9783548207339,3548207332,Es war eine rauschende Ballnacht,openlibrary,0.97
fbaaf82d-388e-4369-86fb-a176a348d678,9783480215430,3480215432,Wir sehen uns im Traumland.,openlibrary,0.645
9a5bde78-b06b-42ef-9210-dde9db2130e8,9781411678996,9998374898,Robinson Crusoe,openlibrary,1.0
dd5d5da8-ad0f-422c-ae3b-40461d1c6c3f,9783746620008,3746620007,Luther,openlibrary,0.99
643730e4-0bbc-49f4-9de1-b0b925e8dccb,9783570002926,3570002926,Das Erlebnis der Wiedergeburt,openlibrary,1.0
c649e47e-da45-44b9-a900-6fa438cd362a,9783764503017,3764503017,Eure Ehre - unser Leid,openlibrary,1.0
1c8d84ed-dc7c-4677-a80b-9374557ddbe8,9780141017891,0141017899,The World According to Clarkson,openlibrary,1.0
b3ca54d0-9189-4ca9-b175-300933c25169,9783442089833,3442089832,Der Kuss Kunst Und Lebeb Der Camille Cla,openlibrary,1.0
57cec1ac-df57-46dc-bdf7-25bf11d7161a,9780671819354,3462049755,Americana,openlibrary,0.982
5c2123b3-7ff2-4136-80c6-c3c27a945940,9780194227773,0194227774,Robinson Crusoe,openlibrary,1.0
65d78b00-adfc-44ec-88e9-cff2ddfa52a2,9783401065878,3401065874,Hide*Out,openlibrary,0.765
b582d1c9-b45f-42d3-a01c-e0c2829a1fe7,9780804114325,0804114323,Ebola,openlibrary,1.0
0f281fef-4ad3-4a81-8ce3-3b46adb7c09d,9798772224830,1717333818,David Copperfield,openlibrary,0.976
4b760618-20fa-4cfb-9963-a3a9dea9159d,9780762439935,0762439939,The Mammoth Book Of Drug Barons Pablo Escobar Howard Marks The Cali Cartel Curtis Cocky Warren Michael Forwell John Haase Paul Bennett And Many More,openlibrary,1.0
1235293e-711c-4360-86f2-5e8517652775,9783570027714,3570027716,Die Meute,openlibrary,1.0
2991d74d-06cc-4f68-ae70-d1288144f4cf,9783548235325,3548235328,Seefahrt ist not!,openlibrary,0.495
22cf42b8-7874-4da0-b5a8-a34ac87c58ca,9783453001695,9634629008,Verbotene Liebe,openlibrary,1.0
581f20ea-e1b6-420e-ba41-baa1fe5e08d6,9783492231251,349223125X,Der Schakal,openlibrary,1.0
40514e05-bc17-407b-bc6d-959df8d656f3,9783596153107,3596153107,Die große Fahrt der Rising Sun,openlibrary,1.0
ae3a5250-df3e-4234-b590-58c83f19b493,9783451202445,3451202441,Gottes sanfte Rebellen,openlibrary,1.0
355dec56-cb9f-46a3-9ae6-cd63886e7c71,9783746650258,3746656133,Goya oder Der arge Weg der Erkenntnis,openlibrary,1.0
ef78308f-a347-4918-9c81-fd8691ee453e,9780712684262,8466606513,The Summons,openlibrary,0.993
a6cf3c1a-a2d7-4037-be53-95a9ef6b71c6,9783426504390,3426504391,Im Land der Feuerblume,openlibrary,0.988
59985fb3-1e9a-4458-8f20-1b935600ae40,9783453722927,3453722922,Berufung,openlibrary,1.0
57ffac89-17f4-4937-9b26-f675b819bfc0,9783770111275,3770117298,Kreta,openlibrary,1.0
3dbbe333-80df-4e95-b781-566a9b86bfc7,9783764500467,3764500468,Der Ruf der Trommel,openlibrary,1.0
e29fce30-7a8d-48b4-bc14-d1e5f459d7ab,9783880227149,357008244X,Das Brot mit der Feile,openlibrary,1.0
a6ed9a4e-8927-4784-8e52-c260fa5384dd,9783505073434,3505073431,Haie!,openlibrary,0.93
a190f86d-9c3c-4a9a-834a-30f301745e8d,9783596237067,3596237068,Brief an ein nie geborenes Kind,openlibrary,1.0
e57fdb1a-6455-47b2-b6b1-872a43d11973,9783471776155,347177615X,Griechenland ohne Säulen,openlibrary,0.952
eae0432f-c1c6-4a90-887d-c4a0b02f99ed,9781524797157,0525523251,Camino Island,openlibrary,1.0
fda4d2e9-6603-40a5-b294-7570cd081dec,9783453868540,3453868544,Liebes Leid und Lust,openlibrary,1.0
bc4c14aa-9301-4e83-876d-6c9f592ca6b5,9783492039345,3492039340,Siemens,openlibrary,1.0
5e6ca61c-bef7-4e1d-8c3f-bd280115d441,9783442472444,344247244X,Alle sieben Wellen,openlibrary,0.976
3ffb36a0-2778-4f1b-9e3a-a7bc1e6046ce,9783548373997,3548373992,"Chill Mal, Frau Freitag",openlibrary,1.0
1f604ea3-ca9b-424f-b32b-87d6ac8c8f5f,9781399724869,139972486X,The Exchange,openlibrary,1.0
f5016700-91a0-4f83-8539-e408ceabe2f1,9783426601136,3426601133,Der Rabbi / Die Klinik,openlibrary,1.0
6de9de3c-d90e-4230-848b-a32730589386,9783453400467,3453400461,Die Tränen der Isis,openlibrary,1.0
a1d5e407-2836-42d0-be41-fa8f6744822e,9783453122963,3453122968,Der Weg nach vorn. Die Zukunft der Informationsgesellschaft.,openlibrary,0.367
b585b135-b044-4b1d-86e7-4ab54b889b4d,9783453108141,3453108140,Die Sultanin,openlibrary,1.0
2507400a-0231-418e-b210-633ea036f787,9783492032483,3492032486,Eine Formel verändert die Welt,openlibrary,1.0
93004739-278f-4c71-8752-395df0eaf497,9781407059457,0345531949,The Runaway Jury,openlibrary,0.97
ecf887ed-feea-41a7-91c7-58f8cb32e4d1,9783871347436,3871347434,Der König von Berlin,openlibrary,1.0
53ef096d-06de-47d1-9628-49faa555e2c5,9783453189256,3800023466,Spiegelzeit,openlibrary,1.0
45c15378-cc65-4c4e-8f1a-77ef8b163a75,9783442153534,3442153530,Die Neue Medizin der Emotionen,openlibrary,1.0
aa144ee1-74ad-404b-a289-f9f7136be254,9782266052887,8321557686,Hornblower in the West Indies,openlibrary,0.984
16070552-6b5f-4ca7-9e84-42e0c2654424,9783518406335,3518406337,Augenblicke im Paradies,openlibrary,1.0
8a53406c-eeaa-4ddb-92a0-40112e9f1979,9783426197394,3426197391,Die Totenleserin,openlibrary,1.0
50fbcde8-d19a-4ed0-a97d-822eb0d98f41,9783216306777,3216306771,Darum,openlibrary,1.0
23ec4912-4a05-484f-ad54-182474506e62,9783499622953,3499622955,Im Gegenlicht,openlibrary,1.0
95c269cf-93e3-473c-a149-4c86cf381fdf,9788466657648,1838935797,Passagier 23,openlibrary,0.97
a7415c49-e575-4511-9e14-84f436c2717d,9783453092532,3453092538,Moskau Connection,openlibrary,1.0
dbe93bd4-cd7d-4b01-a5d8-981d55c3553f,9783426783887,3426783886,Lockruf Saudia,openlibrary,1.0
88e4fb39-3d36-498e-b359-9ac96e10ed89,,,Im Dutzend billiger,openlibrary,0.906
c4280277-c7dd-4fc8-8528-6859c5d2dcca,9783442036813,344203681X,Deutschland Deutschland Ueber Alles,openlibrary,1.0
7bd965c7-df30-424c-a452-5a2ed83ec529,9783453438422,3453438426,Anklage (German Edition),openlibrary,1.0
a0c23d98-1cd4-46b7-a5cb-d269fc94fa18,9780385493819,0385493800,The Testament,openlibrary,0.98
740b4861-328a-42fd-811a-b6bddb163173,9783426500446,342626577X,Ich träumte von Afrika,openlibrary,0.975
194559f2-1a32-47e9-a2b3-ac99f74ebe07,9783453187931,3453187938,Ein Ticket nach New York / Typisch Mann. Zwei Romane in einem Band.,openlibrary,1.0
dc3e50cf-769f-4659-bd66-e24bf445f8ea,9783442438655,3455020593,Traumfrau Mit Nebenwirkungen,openlibrary,0.989
e606a03b-169e-47b9-a0fe-7a86c3e395e8,9780802119674,9028422641,Die Mittagsfrau,openlibrary,0.981
68dbdd17-b570-44eb-804d-61d421a27e77,9783570551493,3886809358,Winter im Sommer-Frühling im Herbst,openlibrary,1.0
5c4a2c05-fc4f-4167-9f5f-66dc7c6863b0,9783442361076,3442361079,Ferne Ufer,openlibrary,1.0
69a64815-29f4-4008-9301-2a0ee8a4567c,9783764504229,3764504226,Feuer und Stein - Eine Liebe in den Highlands,openlibrary,1.0
68acb589-6214-4a53-9298-77533d1af19f,9783453012127,3453012127,Rosannas Tochter,openlibrary,1.0
43355664-3f02-4ded-964f-93ef7910a5e0,9783453144422,3453144422,Die Purpurlinie,openlibrary,0.983
34cd8bc4-e54e-4dcc-a3f6-239240de3c7c,9783596230617,3596230616,Go Gently Through Peking: A Westerner's Life in China,openlibrary,0.42
609ff8b9-2473-40c9-af27-74c87cbea50c,9783453155893,3453155890,Am Anfang War Der Seitensprung,openlibrary,1.0
a6454715-fa90-494f-a5d8-adca221d0e45,9783442136186,3442136180,Die Macht Ihrer Gedanken / Kraftzentrale Unterbewußtsein. Der Weg zum positiven Denken. ( Ratgeber),openlibrary,1.0
e90dc8d9-aa50-49b5-b4bd-cef98eb29ea6,9788466657648,1838935797,Passagier 23,openlibrary,0.97
0909bf32-86d0-4d58-bc15-0f61ecda1264,9780147508539,8415580789,"Theodore Boone, the accused",openlibrary,0.465
e3b3dc8e-a37f-45b9-a854-3eeb0c9d1803,9783462043334,3462043331,Alles über Lulu,openlibrary,1.0
ae986a5e-c70e-431e-ba3e-7dfc87037560,9783570084830,3570084833,"Für immer, Senta",openlibrary,1.0
bf7b26f7-dcdc-4977-8582-7d9dd3e5936e,9788447302178,8447302172,Rain Man,openlibrary,1.0
8eca4102-3d47-4af6-bc5c-1ef04290529c,9783426196724,3426196727,Das Buch in dem die Welt verschwand,openlibrary,0.978
7481c73e-5749-47bd-b499-83e2b55c85c4,9781079693249,3492304966,Im Schatten der Alhambra,openlibrary,1.0
04f6d1ab-495c-4a8b-ae91-2d4a1ade0482,9780375413551,0375413553,Hollywood animal,openlibrary,0.982
e90d176d-d1aa-4a47-b899-9f9b5a95c383,9783596230617,3596230616,Go Gently Through Peking: A Westerner's Life in China,openlibrary,0.42
4695ad4b-edb1-4b0a-93bd-96d219587da6,9783426621035,3426623536,Ich kehre zurück nach Afrika,openlibrary,1.0
825c1840-6f96-442d-ba2b-2cfa4309ccfa,9783570007617,3442111757,Die Normannen,openlibrary,1.0
e7c6f20c-5f53-4e7d-8453-1092a341bbc4,9783453108141,3453108140,Die Sultanin,openlibrary,1.0
5b10f212-1580-403c-80eb-f16bd798b571,9783453123380,3453123387,Die Aztekin,openlibrary,1.0
3bef99f1-029a-4c85-84fe-32bd0882fb0c,9783498021375,3498021370,Unschuld,openlibrary,1.0
e03084d3-3a76-4c70-a035-4575617e7f88,9781472235411,147223541X,American Gods,openlibrary,1.0
7f96cd4d-8ab3-4060-ab3c-fab19ddffafb,9780060178222,0006496733,The bestseller,openlibrary,0.987
4c091f9f-83bb-4377-8004-9028833d659d,9783426617526,3426617528,Das Lied der Brandung,openlibrary,0.979
2e63d3f9-075b-4fc7-a113-f3959b5af549,9783453199262,3800023644,Unterland,openlibrary,0.983
b11ce642-8dcd-43d1-b995-881e6b7f432d,9783927743786,392774378X,Wiedersehen in Barsaloi,openlibrary,1.0
192963d7-3187-4b61-bc21-50d51241ec32,9783453169265,3453169263,Der Greif,openlibrary,1.0
224bd1e0-c494-4ec2-af22-9229270ec04d,9783453199262,3800023644,Unterland,openlibrary,0.983
712064dd-b8e7-4f6d-a087-900845e7f61a,9783453182066,3453177339,Der Mann von nebenan,openlibrary,1.0
782b996b-aa8f-4697-92c4-22b812ab8bc7,9783499332838,3499332833,Wasser für die Elefanten,openlibrary,1.0
8f93af21-8817-4334-aab0-01ac4cecdbf6,9789633684290,3492280781,Das Druidentor,openlibrary,0.97
a3555211-951c-4a2f-801b-ed95556382ed,9783421050441,3421050449,Tacheles gesprochen. Notizbuch 1990-1995,openlibrary,1.0
8c48ea79-93ca-4903-8bac-73f37813c71e,9783453177383,8427028121,Die Templerin,openlibrary,1.0
ea9030d5-d18a-47c7-a50b-3722c65df83f,9780099597476,1473511119,City on fire,openlibrary,0.981
e022a649-b3b7-4230-ada7-201ec6e9fcf1,9783453419360,3453419367,Titan,openlibrary,0.94
9cc7b0c8-94d5-418a-acb6-953d77f9aa17,9783423123907,3423123907,Hollywood. Roman,openlibrary,0.81
610411a6-dd9b-4af4-8075-824c0017030e,9783453160781,3453160789,Aurora,openlibrary,0.94
1122f47d-b2ba-471b-b2f5-dbd550886e5a,9783453157514,3453157516,Die Nacht des Drachen,openlibrary,1.0
a0cc52a8-5214-4cda-bf1b-130514af84fb,9783800020539,3800024659,Schattenjagd,openlibrary,0.983
a3209e77-1b3c-4c53-957f-64abae5c6806,9783800022663,3453116542,Hagen von Tronje: Ein Nibelungen-Roman,openlibrary,1.0
e5301972-c28d-4c93-b7be-e75c6888170a,9783442454563,3442435692,Ganz ohne Männer geht es nicht,openlibrary,1.0
562188a7-e0a3-4de5-a02a-d3b41806802d,9786559210572,8520918859,Grande sertão,openlibrary,0.539
7ae62e7c-8e6d-48ba-8165-461cd5659a69,9788448040178,8448040171,Der Untergang: Die Chronik der Unsterblichen 4,openlibrary,0.486
54fe887e-19c5-4723-9724-5b7e331a33a6,9783426775899,3426775891,Von Bismarck zu Hitler. Ein Rückblick,openlibrary,1.0
afd157fe-7feb-4e14-aef6-5996d75ed19b,9783862005437,3862005437,Ausverkauft!,openlibrary,0.955
6e0ebd23-cee0-4f6f-99ee-63a54213a168,9783328105947,3328105948,Westwall – Auf welcher Seite willst du stehen?,openlibrary,1.0
8fd57109-206c-4ddb-93e8-cf5859da4673,9783453265752,3453265750,Ghost,openlibrary,0.94
47d02198-1f54-44d1-a2bb-6e3758c5e6c1,9783430142861,3430142865,Die Ethik des Erfolgs. Spielregeln für die globalisierte Gesellschaft,openlibrary,1.0
275190d8-8ca6-47f9-b60d-046820877efd,9781905147083,3426623528,La Massaï blanche,openlibrary,0.551
7895e1ca-32b6-49c6-ba77-5317383250bd,9780061247385,0061247375,Phil Hellmuth presents read 'em and reap,openlibrary,0.812
de112f81-1def-4cad-99b4-c444b330330f,9783832183981,3832183981,Rum oder Ehre,openlibrary,1.0
fe48e91c-3d72-47ce-b81a-ee5dc76f62d8,9783442053841,3442053846,Du sollst nicht begehren,openlibrary,1.0
4d54bfa0-1914-4886-a183-2855df288c9e,9783442164660,3442164664,"Jeden Tag mehr Liebe. Männer sind vom Mars, Frauen von der Venus. Sonderausgabe zum Welttag des Buches. 365 Anregungen für Paare.",openlibrary,1.0
52757e66-cca5-4066-970a-03d7b3421816,9783453866638,3453866630,Alexander ; Alexander in Asien: zwei Romane,openlibrary,1.0
df256456-4aa6-4d35-8b00-7e4dbadf262c,9783800025121,3800025124,Katzenwinter: Eine fantastische Geschichte,openlibrary,0.6
b185b022-1677-41f4-9305-66c4d71ea6b2,9783442359226,3442350972,Dunkle Pfade,openlibrary,0.988
179444be-7522-481a-8fa2-adb6828c5d98,9781844289080,1844289095,Stormbreaker,openlibrary,0.975
ff97c59c-55c6-4c3e-8d0f-b5f909e77015,9783426690284,3426690284,Diebin der Nacht,openlibrary,1.0
e0662fa3-e603-4fbb-ad8b-80861f614feb,9783426650752,3426650754,Der Mann Der's Wert Ist,openlibrary,1.0
df183ceb-e13d-44a3-9772-57b124043e5a,9783551581068,3551581061,Der Clan der Otori 1. Das Schwert in der Stille,openlibrary,1.0
46a6a253-9796-46e8-a12b-809e8c816db0,9783733500917,3794101227,Die rote Zora und ihre Bande,openlibrary,0.987
965449f2-0fc4-431b-b656-aabafa5d0f1c,9783548252612,8448040155,Der Vampyr: Die Chronik der Unsterblichen 2,openlibrary,0.465
88d5b272-ae15-4dab-9fb1-997b148f7ce9,9783492700320,3426624974,Das Avalon-Projekt,openlibrary,0.609
3d3e840f-48c6-4404-989a-fbae4428215a,9783701401895,3701401896,Feindfahrten,openlibrary,1.0
1ef3d3c2-2885-4c05-a573-5ee153c0a6e9,9780330201704,1480490067,Hotel,openlibrary,0.983
6dc5c164-ddb2-4499-9a4a-26765f9325ab,9783426650752,3426650754,Der Mann Der's Wert Ist,openlibrary,1.0
35817e8c-ad48-448f-a475-76bb1fdb315e,9783426039618,3426039613,Perestroika,openlibrary,0.902
78ec180f-dd63-47fb-aa6b-a9d2aef9b442,9783492222297,3492222293,Die Neurosen der Chefs,openlibrary,1.0
ab88e6b4-fbbe-46fd-9c07-fee27f8445c4,9783406486531,3406486533,Wenn der Job zur Hölle wird. Seelische Gewalt am Arbeitsplatz und wie man sich dagegen wehrt,openlibrary,1.0
c61f680d-c2a3-450f-a93a-5e03627c135d,9783442450329,3442450322,Die schwarze Schatulle,openlibrary,1.0
afbf331c-5229-4088-ac23-0dc9c155dd3e,9783453877481,3453877489,Pompeji,openlibrary,0.94
255c9581-7caf-4624-9221-3b91377e2b22,9783596237876,3596237874,Beim Naechsten Mann Wird Alles (Frau in Der Gesellschaft),openlibrary,1.0
44bec8d1-1b90-4fb8-9ea1-cc45894552f2,9781911600275,1911600273,Reveal,openlibrary,1.0
ad97707a-e22b-4b2a-8ae3-495e43756b77,9783855021949,3855021945,Unbekannter Nachbar Sowjetunion,openlibrary,1.0
612074b2-0b5a-4252-a55c-14cd11b9c779,9783791508238,3791508237,Boston Jane und der unheimliche Fremde.,openlibrary,1.0
6be5007c-ccd6-47e8-abc3-7f8cdfd25f06,9780727855046,0727855042,Secret honor,openlibrary,0.856
2d0e8d58-3a1b-47af-a0da-25e93b20cb1c,9783442429646,3442429641,"Liebling, vergiß die Socken nicht",openlibrary,1.0
afacf194-ee4e-4a44-9a35-b89ec2b2620e,9783811810693,3811810693,Glücklich durch positives Denken,openlibrary,1.0
f7ff1242-8489-425f-9f02-306ee9003ff2,9783442411443,3442411440,Indiana Jones und das Erbe von Avalon,openlibrary,1.0
31a681da-d56d-44cb-85a4-f0fff7ca773d,9783453199262,3800023644,Unterland,openlibrary,1.0
4c611480-2c64-46f6-ab3a-77be3d4355fd,9783453504110,3453504119,Intrige,openlibrary,0.94
6ff4a6ae-eb0e-4f81-8e95-b11e7b597b42,9783800022465,380002246X,Elfentanz,openlibrary,1.0
a8430d5d-6035-4b1c-8f79-e907e05f9357,9783426632338,3426632330,Der Mund,openlibrary,1.0
c1e19b73-99d7-40a6-bf6e-aebd27cd898e,,,Unter Korallen und Haien,openlibrary,0.967
2cd20b0e-b76b-4741-ba75-9a887bf8f0f3,9783551581068,3551581061,Der Clan der Otori 1. Das Schwert in der Stille,openlibrary,1.0
6ff9939c-a26b-4b5f-abba-377879c832d0,9783770108046,3770108043,Indonesien,openlibrary,1.0
9333d7df-9480-4682-a431-f3ed3a444619,9783854929543,3453149793,Der Sand der Zeit: Der Magier 3,openlibrary,0.97
5953bcb0-e497-4fa0-aa73-85bae54118b2,9783442164660,3442164664,"Jeden Tag mehr Liebe. Männer sind vom Mars, Frauen von der Venus. Sonderausgabe zum Welttag des Buches. 365 Anregungen für Paare.",openlibrary,1.0
8bdeb63e-c439-48c2-848e-ef971a03aa3e,9783499240690,3499240696,Die Chefin,openlibrary,0.992
44d1ff59-45f0-495d-b9e7-2bf04135e297,9783548360003,3548360009,Das verborgene Herz Afrikas.,openlibrary,1.0
62887351-8d79-4727-8a60-827918814558,9783453504110,3453504119,Intrige,openlibrary,0.94
7dad1e55-76a7-44de-b39b-bb629a94dc6c,9783462042412,3462042416,Wofür stehst Du?,openlibrary,1.0
48d08df7-3ac7-4518-bd7d-1a64f5f77811,9783471793916,3471793917,Der Schneefalke,openlibrary,1.0
34115e33-8a9f-43dc-9dd7-dd072210e2e2,9783453321229,3453321227,Dune – Der Wüstenplanet,openlibrary,1.0
0a4671eb-b761-479d-8525-fb972d8a9701,9783442382590,3442382599,Im Tal des Fuchses,openlibrary,1.0
96cddefa-dd78-4852-af21-377b691d5a27,9783453000674,3453000676,Das herz der 6.Armee,openlibrary,1.0
65c886be-2927-4ffd-bd62-ad694b249c12,9783453001114,3453001117,Liebe auf heissem sand,openlibrary,0.995
44345719-5602-494f-bdd8-9963ca86eb02,9783570585122,3570585123,"Die Analphabetin, die rechnen konnte",openlibrary,0.636
91896f55-7597-4443-b9d4-750d596aadc9,9783453188587,3453188586,Ein Mann wie ein Erdbeben / Die Drohung. Zwei dramatische Romane,openlibrary,0.42
9f32596b-c6a1-4e22-bfd6-752f9277e5e2,9783550090592,3550090595,Shanghai Baby. 4 CDs.,openlibrary,0.51
716c1006-2723-4c59-a235-7dde48c4703a,9783426264676,3426264676,Aufzeichnungen Eines Unbequemen,openlibrary,1.0
e3f9c4c0-7aff-4556-9da6-445991c3111a,,,Dr. Med. Erika Werner,openlibrary,1.0
40f31b4e-9837-4c6d-a396-f767c1016566,9783453003200,3453003209,Agenten kennen kein Pardon,openlibrary,1.0
6c7a0ed6-dc7d-4b70-b3e5-de1bbc0fb10c,9783404002610,3404051114,Wer stirbt schon gerne unter Palmen,openlibrary,1.0
9dbdd3bd-c8e9-418d-a768-4fc5c9fb3a37,,,Wassermelone,openlibrary,1.0
c3194cd4-47bf-4b42-b96f-4986d1f6fe5c,9783442089864,3442089867,Duell im Eis. Roman,openlibrary,1.0
d171c240-6049-48b1-95c8-572ad689f25a,9783570029886,3570029883,Im tal der bittersüssen Träume,openlibrary,1.0
3a0fb6e4-6524-417c-a9ff-8073837706b9,9783453006140,3453006143,Engel der Vergessenen.,openlibrary,0.765
5fb85f4b-33fd-429f-8d64-cf8dbb96db59,9783442065387,3442065380,Eine angesehene Familie,openlibrary,1.0
1227395d-958b-4054-bfa0-c050069c12a8,9783453195653,3453195655,Die Erbin der Krone,openlibrary,1.0
0f958aa3-5aa1-4e57-930e-1088395808a4,9783880222830,3880222835,Glueckliche Reise,openlibrary,1.0
16dfcfc3-d974-4c13-b2f6-9db2c7c47f13,9783442068630,3442068630,Ein Kreuz in Sibirien,openlibrary,1.0
58290325-8b99-4b3b-be63-d6e443898de5,9783442411795,3442411793,Das Lied der schwarzen Berge,openlibrary,1.0
ce9a314b-7804-4910-8553-7c1aa31c88af,9783548364810,3548364810,Sie nahmen mir die Mutter und gaben mir ein Gewehr,openlibrary,1.0
de18044d-4049-46b7-b887-0699f588b7eb,9783596296705,3596296706,Die Geschichte der arabischen Völker,openlibrary,1.0
ae3529ed-11fb-4534-aad8-4dc313924256,9783502518693,3426711036,Im Bann des Pharaos. Roman,openlibrary,1.0
895026b8-9861-4d08-8d26-045c612fdaac,9780340899038,0452273293,The Dead Zone,openlibrary,0.975
6a4a3f3b-1e94-4ed5-8bf7-b7969ae53c8d,9783430151511,3430151511,Sie bezwangen Rom,openlibrary,0.997
e48c5344-33b7-43f9-bd84-d6ce63cd8b13,9783442038732,3442038731,Auch Das Paradies Wirft Schatten / Die Masken Der Liebe (Zwei Romane in einem Band),openlibrary,1.0
64e8ec2e-d739-4f94-a984-0f5ee10451e9,9783442068470,3442068479,Schwarzer Nerz auf zarter Haut. Roman,openlibrary,1.0
4be42933-d56c-49c6-b23d-928587c7588c,9783404110322,3404000501,Liebe am Don,openlibrary,0.978
eb6d8e9e-ae99-4f5b-af34-cd64db5d8c8d,9783426670729,3426670720,Das Salz der Erinnerung,openlibrary,0.914
8c6bbe34-0e24-49c3-a15b-d513e17f153f,9783442468683,344246868X,Nein! Ich will keinen Seniorenteller,openlibrary,0.42
2aca6091-85b4-4f5e-9a18-1a137a26dd6d,9783548363523,3548363520,Immer wieder Afrika,openlibrary,1.0
8cb20701-26e3-4793-9ef9-5c4143d58cf5,9780099544319,0099320819,Congo,openlibrary,0.975
fd22c5ac-65c4-4e94-b74a-c771ba29880f,9783870247515,3502110298,Vollidiot,openlibrary,0.978
534a02ef-7a56-4743-ad3e-a7558e590fda,9783596165223,3596280893,Der Azteke,openlibrary,1.0
bcc04043-b3b7-497f-917e-dc61793dcdbb,9783442067664,3570045641,Die Liebenden von Sotschi,openlibrary,0.992
41ffb478-06a3-48ef-beb6-5e05fc9825ee,9783453041899,3453041895,Airport - Klinik. Roman,openlibrary,0.999
394c2efc-4c9c-4ef0-b9da-1f3808e5d6dd,9783442410569,3442410568,Tal ohne Sonne. Roman,openlibrary,0.555
704a76a0-3767-4330-b4f3-eef2204971e1,9783453171633,3453171632,Rachel im Wunderland,openlibrary,1.0
4c06297f-d5de-45de-a643-044921fe6db3,9782226216212,3453435834,Misery,openlibrary,0.99
4ce67b8a-6508-4173-ab9b-7e52f4bea39d,9783453550438,3453550439,"Friedrich II., der Staufer",openlibrary,1.0
e3865976-daa3-491c-b0db-b9c3fe8f0f50,9783548060866,3548060862,Der Apfelbaum,openlibrary,1.0
ff3f37b3-ae1f-4ad1-93d9-83ffc5545801,9783444101533,3444101538,Das grosse Buch der Bäume,openlibrary,1.0
86af87c2-5399-4459-97c7-f33b5fd86394,9783453116986,3746619726,Die Königin und die Hure. Historischer Roman,openlibrary,0.355
6386d269-47b5-4f44-ae9c-eae42e8caa38,9783473582907,3473582905,Alex Rider 2/Gemini-Projekt,openlibrary,0.54
d0904771-cd06-4a17-872a-8b83d76f5030,9783453003088,345300308X,Zerstörter Traum vom ruhm,openlibrary,1.0
538e3ab7-f711-4797-95dd-b764c12072e5,9783442067664,3570045641,Die Liebenden von Sotschi,openlibrary,0.992
fc0bd396-f389-47d2-935d-0160ccc05080,9783596282029,3596282020,Marco Polo der Besessene II: Im Lande des Kubilai Khan,openlibrary,1.0
abec68f7-0937-4bd2-8396-58a992ae16d1,9783596513154,904980490X,The Unlikely Pilgrimage of Harold Fry,openlibrary,0.977
7bb8a82b-be1c-4ee2-8c8d-ef94ab0f876f,9780856280870,3453002377,Privatklinik,openlibrary,0.97
79c7c17c-f97b-40a8-b5a4-aa8eea03b501,9783442067664,3570045641,Die Liebenden von Sotschi,openlibrary,0.992
10b7213b-3e55-4e58-baec-0b8296fa13ee,9783426504390,3426504391,Im Land der Feuerblume,openlibrary,0.988
79847211-3918-43be-b25b-3c692ba327c9,9783777001340,3777001341,Die Begnadigung,openlibrary,1.0
77782991-5b26-4131-b376-e80f2a6a9a4f,,,Die weisse Front,openlibrary,1.0
3e6ee900-228c-4d64-bec1-83d5c96899c0,,,Exotic Aquarium Fishes,openlibrary,1.0
12d0e30d-8901-40a4-a2bd-abac691a49a7,9786054688449,1529198240,50 Fifty Shades of Grey,openlibrary,0.97
b3759b5d-f7ab-4995-b425-381d32f3f8a9,9780670868360,2290306673,Desperation,openlibrary,0.97
ac9b8016-951b-4649-a941-0c37aa547139,9783257069662,3257069669,Straße der Wunder,openlibrary,1.0
f0ab916e-f8b6-4068-a983-f98c1494945f,9781846689512,1612193919,1913,openlibrary,1.0
5b2f5330-22e9-47be-888d-3734fec75d1a,9780812996807,0812996801,Return of Marco Polo's World,openlibrary,0.495
deee193d-2505-4160-90ee-ec4e32893ee5,,,Die weisse Front,openlibrary,1.0
085f4387-1606-444e-a18a-8bfe1a9e7ad1,9783453008311,3453008316,Liebe ist stärker als der Tod,openlibrary,1.0
e17eb2f1-2709-48ac-9ef0-467bb227ee28,9780451125453,0671039741,'Salem’s Lot,openlibrary,0.655
70a73c21-8def-4ee8-aecf-5e7899bd6222,9783453006447,3453006445,Die Verdammten der Taiga,openlibrary,1.0
d6c9bdff-0b81-4b37-9a0a-f8514daa7bd0,9783777000800,3777000809,Wer stirbt schon gerne unter Palmen,openlibrary,1.0
1663f553-461b-45c0-8b82-1174f5afb673,9783442064236,3442064236,Sie waren zehn,openlibrary,0.996
1665b732-7f97-4ece-936b-5c66671996ea,9783442542819,3442542812,Das Leben geht weiter,openlibrary,1.0
4f29c983-309c-4016-9c96-84a360646ef8,9783453041899,3453041895,Airport - Klinik. Roman,openlibrary,0.999
8aa9bda8-e517-4e64-b2b7-6c1b7f23d8cd,9783451050794,345105079X,Die Katharer,openlibrary,0.997
f8659f0d-98b9-4d94-ace2-4bc2f92efef2,9783791316369,3791316362,Griechenland. Festland und Peloponnes,openlibrary,0.568
fd825cab-d444-4eb2-b35b-999d92727012,9783426779729,3426779722,Ruf des Dschungels,openlibrary,0.978
06482472-7874-49e0-87ce-b0bb74406e2e,9783442035366,3442035368,Ich Gestehe,openlibrary,1.0
c2c9f369-8d64-44dd-89ac-b2295092da21,9783802528965,3802528964,"Unser Charly, Ein Affe ermittelt",openlibrary,1.0
f4d9ecf8-6627-4167-a8cd-ffcb169085b9,9783487136139,,Beim Bau der Chinesischen Mauer,openlibrary,1.0
0f7c78a8-6138-42da-8be7-54948b1f65f6,9783442425297,3442425298,Schindler's ark,openlibrary,0.827
dd3ea788-2a79-4e43-88ba-862809bd3eda,9780446960618,8439575874,La dame d'Abou Simbel,openlibrary,0.975
97f64b0c-36ad-435f-8724-a5dcaf410688,9783596282012,3596282012,Marco Polo. Der Besessene I. Von Venedig zum Dach der Welt. Roman,openlibrary,1.0
1575e45a-d080-437a-995a-a58b5646f6d4,9783596220809,3596220807,Angst vorm Fliegen,openlibrary,1.0
bc6b5ffe-4084-43b8-b018-e2750e4d6a17,9783453000896,3453000897,Strafbataillon 999,openlibrary,1.0
6050b79e-6d7d-44a1-befe-7d5c69925b0d,9783453047877,3453047877,Alarm! das Weiberschiff,openlibrary,1.0
6a2b7348-f5e6-45a3-8923-c858c0c97286,9783430112826,3453015150,Die Moguln,openlibrary,0.988
102739b2-f6c7-405b-8b00-4cb10eaac8f6,9783442466412,3442466415,Die geheimen Schriften von Clairet 01. Die Herrin ohne Land,openlibrary,0.458
b1abaef1-4bbb-4619-b192-d3a63b779af5,9783596282029,3596282020,Marco Polo der Besessene II: Im Lande des Kubilai Khan,openlibrary,1.0
31ad32a0-488c-46ab-bae9-0e6edbf52b1e,9783772505331,3772505333,Jorga der Tapfere. Rumänische Volksmärchen.,openlibrary,1.0
d0ab7582-ef67-4689-9298-23b352a4f9c0,9780399610042,0399610049,Richard Bolitho – Midshipman,openlibrary,0.416
009a3517-9d8a-4092-932e-9681904de416,9780736641210,0671019929,Esau,openlibrary,1.0
319d5815-e3cf-4275-a31d-da96d596789e,9783453005570,3453005570,Des Sieges bittere Tränen (Mein Pferd und ich),openlibrary,1.0
a250006e-6bbd-4539-842b-a6f77d08ce89,,,Suche Nach Einer Neuen Welt {Originally Published in English as to Seek a Newer World},openlibrary,1.0
796b53c0-7414-4f70-93ce-5253da46bf3f,9783453004993,345300499X,Aus dem Nichts ein neues Leben,openlibrary,1.0
c46f3cdc-035d-4222-8370-4d96d6c10115,9788711087008,8711087005,So zärtlich war Suleyken,openlibrary,1.0
f118b713-312c-498c-8af7-315ae4bf51c6,9783442089291,3442089298,Stadt der Freude,openlibrary,1.0
fc7ba51f-30f6-4881-be0a-95a1a2852c2c,9783426504055,3426504057,Dezembersturm,openlibrary,1.0
c2202cda-e73c-46e7-a798-d43febeb3870,9783426635209,3828991769,Die Feuerbraut,openlibrary,1.0
aa8a10f2-c709-4c22-adb3-8600e2360ba9,9783257061345,325706134X,Vendetta: Commissario Brunettis vierter fall.,openlibrary,0.495
624f7b97-4390-4567-8c62-9516c7f5b264,9783442433957,3442433959,Die Stunde der Erben,openlibrary,1.0
ae212702-0ab1-45ef-9486-3f9f230de1ab,9783442359400,3442426030,Wilde Lupinen,openlibrary,1.0
ffcd90c3-a9d1-43cb-9f15-2fe6f5b46c47,9783426633977,3426633973,Die Pilgerin,openlibrary,1.0
e03fc7aa-2923-4abd-88a7-bbf0ca0eb278,9783442453467,3442456541,Mondlaub,openlibrary,1.0
ce6d18ba-9834-4cfc-8fcd-f31da22ce8a0,9781555848965,0434015032,Blood from a Stone,openlibrary,0.983
40ce7c2a-59ca-4e34-8d78-eb021e4a9fc2,9783257068207,3257068204,REICHES ERBE,openlibrary,1.0
56ce769c-b9a3-48da-9d24-08dffe235097,9783426196144,342619614X,Wo bist du?,openlibrary,1.0
5f7d1713-6f8d-4cd1-89f7-608c3534a05a,9783442545193,3442545196,Russendisko,openlibrary,0.981
00c99c2e-81df-4194-854b-c65240b1f7d2,9783455018813,3442727375,Malenka,openlibrary,1.0
f9735e8e-5306-4371-b1fa-413c3ec77010,9783442377329,3442377323,Schattenspiel,openlibrary,1.0
294a3fd8-744e-4b6d-b8b8-6ab9a8ca79b6,9783734107429,3734107423,Die Suche,openlibrary,1.0
7d654554-edbe-42a0-b94e-3e3750e96516,9783442411313,3442411319,Verbotene Wege,openlibrary,1.0
5308fc1e-33da-436f-8d1c-2d21d71fc8c9,9783430159470,3430159474,Das Herz schlägt links,openlibrary,1.0
696ac349-f122-4cdb-9266-d11a6ffcf1e7,9783802523489,3802523482,"Dr. Quinn - Arztin aus Leidenschaft, Sprache des Herzens",openlibrary,1.0
0fc9f083-0a1f-4622-9ccf-ad6a785b2076,9783426504055,3426504057,Dezembersturm,openlibrary,1.0
d381c852-16eb-432b-9db4-9cca2e9adcf7,9783442481385,3442481384,Die Löwin von Aquitanien,openlibrary,1.0
082ce12e-412d-43f4-912c-1e32c10e6968,9783453022805,3453022807,Via Mala,openlibrary,0.917
779d6149-8e29-4b2c-9557-52306f6e56f2,9783426653494,3426653494,Die Wanderhure und die Nonne,openlibrary,1.0
7784c099-180c-4047-be04-15b3df6e9f14,9783426662434,3426662434,Die Rose von Asturien,openlibrary,1.0
a462836d-893e-4a5e-ac8b-38cc612a28a5,9783505073076,3505073075,LADAKH,openlibrary,1.0
fb43bb3b-5111-4c1b-b61a-5683bd63cc97,9783572011735,3572011736,Hitlers Helfer - Joseph Goebbels/Hermann Göring/Heinrich Himmel/Rudolf Heß/Albert Speer/Karl Dönitz,openlibrary,1.0
a2830aef-fed5-47c3-8b20-ec5bd2ee7474,9783518424148,3518424149,Das letzte Land,openlibrary,1.0
33b008c4-40f7-4a60-b720-25fea3049202,9783499265082,3499265087,Wenn die Liebe nicht endet,openlibrary,1.0
31fbd8c4-3397-4a0f-a0e1-eea6d41eaec1,9783257235234,3257063903,Verschwiegene Kanale,openlibrary,1.0
f71f7bbe-f1c5-4c57-bacb-8d83b39f1f1e,9783746615424,3746615429,Truhen Des Arcimboldo,openlibrary,0.995
dddba257-627e-4d6e-9287-0570f85f5e4f,9783426635230,3426635232,Die Ketzerbraut,openlibrary,1.0
16a94630-8cc8-4362-a1c6-9655e857a290,9783453410992,3453410998,Kapital,openlibrary,1.0
cbb4dc34-4557-429f-886f-8666ecf5b510,9783426628690,3426623668,Die Kastratin,openlibrary,1.0
c15be2f6-3960-4049-b094-e3b66d88c421,9783981251074,3981251075,Abschied von 1001 Nacht,openlibrary,1.0
1514f6a3-98df-4e85-b2b2-3a2c398aaf7c,9783548237459,3548237452,Der Wald,openlibrary,1.0
5af94e65-63d7-4ce1-a404-29ac4debc407,9783442094226,3442094224,Kaito,openlibrary,0.946
171f8fd2-e143-4e08-b233-e7316a3def62,9783453434066,3453434064,Vergebung,openlibrary,1.0
eb5d087a-d861-4266-9894-ab5e84cf2927,9783257056068,3257056060,Venezianisches Finale. Commissario Brunettis erster Fall,openlibrary,0.412
459f4f5d-f570-4f6e-b71d-e5f5073b12c0,9783764507381,3764507381,Ohne Schuld,openlibrary,1.0
aa2b4bc6-b2ac-4124-8a64-358ab682fae7,9783257065237,325706523X,Blutige Steine,openlibrary,1.0
4f0a697e-0b83-4527-94db-c8c80815e2f2,9783257061345,325706134X,Vendetta: Commissario Brunettis vierter fall.,openlibrary,0.495
b5b26f22-3bd2-44be-8197-a37ba2e1daa4,9783426628577,3426628570,Die Tatarin.,openlibrary,0.818
c9e0e91b-df9e-48d8-9bd2-733b37c42410,9783426635209,3828991769,Die Feuerbraut,openlibrary,1.0
a24e305b-3c14-4f37-ad82-68ec0d8a98bf,9783430159340,3430159342,So stärken Sie Ihr Selbstbewußtsein. Wege zur Ichentfaltung,openlibrary,1.0
d3645b1e-32f7-4e26-9626-91dc2f716526,9783854209638,3854209630,Aberland,openlibrary,1.0
6a7dfd3d-7625-43ac-acb1-fd95f918b957,9783257063134,325706313X,Das Gesetz der Lagune. Commissario Brunettis zehnter Fall,openlibrary,0.412
a33649a3-3dd9-4e11-b15b-d42f0acedeca,9783570053652,3570053652,Zurück zum gesunden Schlaf,openlibrary,1.0
1fdf5991-0eb4-4cac-b96b-29c53c897ca2,9783426511695,342651169X,Das goldene Ufer,openlibrary,0.988
f24fdffd-f3f8-4f7a-b9d9-9be088d23e11,9783426522851,3426522853,Die Tochter der Wanderapothekerin,openlibrary,1.0
2f121b64-1b56-488a-8b86-8bc8efb9e4a9,9783522137706,4794800401,Der Jahrtausendflug: Reisebericht vom Mars,openlibrary,0.66
9688ef86-2230-42af-82da-2859a5049839,9783442440849,3764525576,Die Schatten Von La Rochelle,openlibrary,0.988
7c2658c5-ee3b-42fd-a443-eedada6cf18e,9783442484454,3442484456,Coole Eltern leben länger,openlibrary,1.0
36b8e0ba-e582-44d1-8649-6fa542a31c36,9783442484454,3442484456,Coole Eltern leben länger,openlibrary,1.0
24fbd377-3f75-4286-8b61-56c69a15c597,9783455018813,3442727375,Malenka,openlibrary,1.0
f4d49966-f73d-481d-9eab-c12892bd3508,9783442442546,3442442540,Der Verehrer,openlibrary,1.0
92fa36c6-5a7a-434e-948f-3de1c9886125,9783426514146,3426514141,Das wilde Land,openlibrary,1.0
fc1d4121-830d-4656-9662-94f13da9cd90,9783442129683,3442129680,Der Jude und das Mädchen. Eine verbotene Freundschaft in Nazideutschland,openlibrary,1.0
fd631e14-c955-4e6b-bf46-eb7b4ffe0d19,9783442446926,3442460018,Der Keltische Ring,openlibrary,1.0
3aebcb23-f1b0-4872-afff-bc7f3671f9a6,9783502110668,3502110662,Der Regler,openlibrary,1.0
e13354c3-0cb0-4fc8-a5f8-8eb72541e1b5,9783426633977,3426633973,Die Pilgerin,openlibrary,1.0
87b592e3-baf8-46bf-8b3a-26abf554b67f,9783426511695,342651169X,Das goldene Ufer,openlibrary,0.988
f1945623-505c-43f5-9e96-290fd55c6685,9780141019871,0141019875,Stupid White Men,openlibrary,1.0
f9701b4d-4e28-4efe-b497-985f9fbccae6,9783453002661,3453002660,Die schwarze Hornisse.,openlibrary,0.667
496c1523-d77b-42ff-9793-4c1a17de1759,9783426610558,3426610558,Mazurka. Roman,openlibrary,0.765
15e05f68-3a43-42cb-9514-b75341292e1d,9783570010419,3570010414,Nach dem Sturm erhebt sich der gebeugte Bambus,openlibrary,1.0
7493334d-2c8c-47ad-8d11-801cd201a627,9783442157204,3570100707,Die Feigheit der Frauen,openlibrary,0.987
f0b2f251-6f9b-4552-8303-6c387ab5bbac,9783426048597,3426048590,Eine italienische Familie,openlibrary,1.0
19f5de9b-37dd-4db1-ba76-ac92730d8168,9783426631485,3426631482,Ein Mann namens Saulus,openlibrary,1.0
f016d137-0c07-4cba-895b-a9a84b9cc1bb,9798442770513,906756141X,Winnetou II,openlibrary,0.988
e21a044f-c79d-4337-b447-759b33555b33,9783442427604,3442427606,Tod eines Centurio. SPQR. Ein Krimi aus dem alten Rom,openlibrary,0.465
b15b34d3-ebaa-4da2-934d-f8b4fe0bbfc5,,,Wildes rauhes Land,openlibrary,1.0
99818512-948c-488f-9a24-6af55e05ca91,9783570010419,3570010414,Nach dem Sturm erhebt sich der gebeugte Bambus,openlibrary,1.0
4f180e15-fd27-4fb6-bdc0-e3fc12a6eaad,9783548284798,3548284795,Unter Haien,openlibrary,1.0
cd0eceea-d847-42be-abc8-757d28f18652,9783100488121,3100488121,Der Tod in Venedig und andere Erzählungen,openlibrary,1.0
aba2653c-f7ee-4ec9-a745-cb04f89744ed,9783596305964,3596305969,Widrige Umstände,openlibrary,0.82
b1e63ddd-77a4-4681-b040-a6fd2ff659d1,9783453162334,3453162331,Sturmland- Saga 01. Der Insulaner,openlibrary,1.0
0d348acb-56e6-41ec-8031-df676798d787,9783548284798,3548284795,Unter Haien,openlibrary,1.0
ee4830ca-2e35-4d7d-ab8e-c02acc673a63,9783405148171,3405148170,"Reiseführer Natur, Kanada",openlibrary,1.0
e3b2f248-1a6d-4428-be94-ac415507184b,9783426194508,3426194503,Der Goldschmied,openlibrary,1.0
b7dc370d-07e9-49a6-aa08-fe941091f119,9783795102814,3795102812,Der Skorpion,openlibrary,1.0
96812239-0c8a-4680-9b58-2f35bdf0e095,9783548609027,8416087210,Tiefe Wunden,openlibrary,0.984
0de865ef-9b66-4436-b08a-5635bee8f2ea,9783548068503,3548068502,In ewiger Freundschaft,openlibrary,1.0
05d26b5c-b893-47c0-835a-ff74c714c0f1,9780448494296,0448494299,Vampire Academy 10th Anniversary Edition,openlibrary,0.93
ccfb52ac-bdd0-4d2f-bb05-ba8f7ccef8bd,9783811870710,3811870718,Chinesisches Horoskop. Hund,openlibrary,0.992
ecb9dd46-a1ad-4d61-a1ea-c2f086fa4820,9783551582003,3551582009,Biss zum ersten Sonnenstrahl,openlibrary,1.0
f7494358-4eed-4e9b-bb65-217265d4da56,9780373483563,0373483562,Secret child,openlibrary,1.0
1aacf3fd-c771-4fd2-805b-bf87f555539e,9783499231049,3455051561,Paradies,openlibrary,0.974
40013c4c-dd25-4877-8f31-40fca08241a7,9783351036706,3351036701,Suleika öffnet die Augen,openlibrary,1.0
bc781eb8-d2ea-4d8f-a73c-7f1cc5dd2633,9783453144811,3453144813,Essener Erinnerungen.,openlibrary,0.92
4de5a2f5-d9f4-4c22-8fb6-a0298d8ef35e,9783426611746,3426611740,Alexandria,openlibrary,1.0
563fc2f9-e042-4fa5-a2f7-c074ffe85639,,,Wildes rauhes Land,openlibrary,1.0
e3a49233-04dc-42cc-bdee-1abdb6039d15,9783426631614,342663161X,Das Verlorene Labyrinth,openlibrary,1.0
3cf37457-bbfc-4da7-aa3f-963f72962c49,9783471350744,3548285473,Nackt unter Krabben,openlibrary,1.0
401c7c89-c815-4df2-94f7-19a68e383b28,,,Die roten Patriarchen,openlibrary,1.0
10219ae8-b8f2-4422-8a94-d439c08c4511,9783423210119,3423195169,Bewohnte Frau,openlibrary,0.977
1cc89a0f-191a-47c7-ad76-6b7fb18fb7f2,9783548364704,3548364705,Im Schatten des Diktators. Mein Leben im Irak,openlibrary,0.532
8727774f-3fb5-444f-a6ae-6a95492ece48,9783453470804,345347080X,Die Alchimistin,openlibrary,1.0
4da7576a-aabb-4032-b604-87f694449a1d,9781595549600,0891072780,The Warlords of Nin (The Dragon King #2),openlibrary,0.975
6a82af5e-a8af-4ad9-9102-6a8ac6920cc7,9783492037150,0786193182,Merlín,openlibrary,0.85
bcd47710-e562-4ac0-9a7c-e6d5005e170c,9783257231151,3257231156,Auf Dem Jakobsweg,openlibrary,1.0
d03a3f6c-ed26-4318-a13e-953737941dc2,9783442427604,3442427606,Tod eines Centurio. SPQR. Ein Krimi aus dem alten Rom,openlibrary,0.465
ee3a9631-3b87-4491-a986-467287560597,9783522502375,352250237X,Elena - Ein Leben für Pferde,openlibrary,1.0
a4b75723-3a79-4a3c-9ec6-68dddf27d1a9,9783548609829,3548609821,Schneewittchen muss sterben,openlibrary,1.0
232245c1-0d31-4c19-835b-ef81bc8d088f,9783426056073,3426036134,Kauf dir einen Kaiser,openlibrary,1.0
4ed2d933-8c58-480d-a28f-88daed9be531,9783257062724,3257233426,Die Erbschaft,openlibrary,1.0
a60bb080-1ee1-4240-90dd-fcfdf3e1a7be,9783455093469,3492236596,Frauen und Pferde - Eine Leidenschaft,openlibrary,0.98
cd44e4dc-d891-4aee-9e5e-c90fe3b8d01d,9783473582136,3473582131,Asphalt Tribe (German Edition),openlibrary,0.866
e63ca1fe-c30e-4102-89a5-cb07168d2bcb,9783770143825,3770143825,London. Kunst - Reiseführer,openlibrary,0.54
2249c2d6-f980-43e1-a039-be4c86dc1ca4,9780413370709,078612220X,"I, Claudius",openlibrary,0.94
e006a039-48e4-4325-9864-e3fe11ff11ff,9781602860742,1602860246,The gift of rain,openlibrary,0.978
8ad41f87-e526-456a-b9a0-36d9e51aa785,9783453867925,3453867920,Der Goldene Kompass / Das magische Messer / Das Bernstein- Teleskop.,openlibrary,1.0
faeed20b-b5b9-4f7a-8bea-715305d35802,9783442553242,3442553245,"Adieu, Janette",openlibrary,1.0
776ed3b3-1120-4533-91e4-05d0bdb4ce7a,9783442422470,0701135387,The Mummy,openlibrary,0.979
d2224964-24a2-4a38-9c04-ada8baebf026,9783548608860,3548287425,Mordsfreunde,openlibrary,1.0
314176c6-47bb-4feb-beb4-c775bc92db6b,9783426503140,342650314X,Die Tochter der Seidenweberin,openlibrary,1.0
266ff0e4-9fa0-455c-b612-4bd5fcb7a96a,9780718193645,0718193644,Nineteen Eighty-Four,openlibrary,1.0
6152bde1-d6db-4683-8c91-5047b9b2fd2b,9783442178230,3442178231,"Oje, ich wachse!",openlibrary,0.453
a7864cbf-7f27-435a-bef5-772f0e12a705,9783442311538,3442311535,Shantaram (German text),openlibrary,1.0
6df58f9f-f658-4393-a846-fe09895457e0,9781409007227,0375728082,Omerta,openlibrary,0.992
48de2dbe-db4f-471c-87d2-664e66e8a572,9783426616741,3426616742,"Stadt, Land, Fluß",openlibrary,0.608
0d6fa5ad-e43a-4931-a9cf-14da9c34784a,9783492054201,349205420X,Schossgebete,openlibrary,1.0
0fd66c31-ad32-4ca8-a20e-e36b8eb3f69b,9783426614341,3426614340,Ich war ein Kind in Afrika,openlibrary,1.0
2ce85eec-1dd8-441e-89dd-1a7985202797,9783453053113,3453053117,Pilger des Hasses. Ein mittelalterlicher Kriminalroman,openlibrary,0.32
0409ef51-8047-4f7f-878d-e46a81e72f24,9783426266045,3426266040,Nieten in Nadelstreifen,openlibrary,1.0
7459cde7-9886-416e-98c1-2db421a9a862,9783492280426,3492280420,Land der Mythen 02 - Die Flamme der Sylfen,openlibrary,1.0
9c38c98e-d503-4ebc-9a9e-c4d0e87fe4e1,9783629021014,3629021018,Die Diamantenkinder,openlibrary,1.0
0a6ebbc5-c9b5-4d5b-8493-cff8bba1d37c,9788466621793,0679421734,Lasher,openlibrary,0.978
a7402b29-b636-4b77-9fcb-b03fb209a46b,9783426614341,3426614340,Ich war ein Kind in Afrika,openlibrary,1.0
2f338efc-9a46-465d-a7e4-e1bc2160cd18,9783426631546,3426196484,Ritual,openlibrary,1.0
5ade0656-ecd9-4429-8c02-15fcae574372,9783442091409,3442091403,Hollywood. (6774 318). Roman,openlibrary,0.63
b566e3a6-669b-408a-a264-5261cd63abb3,9783832181017,3548280404,Feuchtgebiete,openlibrary,0.984
854ee432-c98b-4de6-9d93-bd7563240920,9783100660213,3596222478,Kriegsspielzeug,openlibrary,1.0
44716dc9-a52d-4f12-83ec-a03d4f656dfb,9783550076626,3550076622,Deutschland einig Vaterland,openlibrary,0.98
d4903d81-a2a3-44ea-bbea-128d45622dee,9782841873869,0060087110,The Family,openlibrary,0.755
e31da33f-91ce-4ca4-a643-f0615f4bcc73,9783453089716,3453089715,Cadfael. Zuflucht im Kloster / Des Teufels Novize. Zwei mittelalterliche Kriminalromane,openlibrary,0.26
b7a4d3dc-cc61-43f7-9b72-23a1535acaf0,9783462051629,3462048872,Lost in Fuseta,openlibrary,1.0
78767263-b60b-489a-9674-a618054f4a73,9780718193645,0718193644,Nineteen Eighty-Four,openlibrary,1.0
188ad1d8-f990-4bbc-9783-b508181b97dc,9783401053868,3401053868,Lab 47. Gefahr aus dem Labor.,openlibrary,1.0
768338ff-9bc3-49fa-afd0-a238a313b0b4,,,Wandern--bergab,openlibrary,0.689
1045ed92-d68e-4edc-9954-2dde4e2458a6,9783426004760,0491017146,"Dicke Lilli, gutes Kind",openlibrary,0.496
8b6af5bd-2325-4abf-81df-5d0428c5b717,9783492054201,349205420X,Schossgebete,openlibrary,1.0
97a0b274-ec48-42e3-b72c-3202f2073143,9781556610400,1556610408,Anybody can be cool-- but awesome takes practice,openlibrary,1.0
d4b0fac6-bc0e-4900-834a-4f9432160e86,9783442745067,3442745063,So schön wie hier kanns im Himmel gar nicht sein!,openlibrary,0.383
297c44af-b396-4943-9499-1fa5625b8703,9783426616741,3426616742,"Stadt, Land, Fluß",openlibrary,0.608
273aeb27-fdcf-4c83-af4d-f6be0801534b,9783518039755,351803975X,Der schönste Tango der Welt.,openlibrary,1.0
df3f6a02-71ba-4b37-9f0d-619d0a691e37,9780312852948,0312852940,The predators,openlibrary,1.0
3261016d-f0de-4015-8423-c377b3c43891,9783426617878,3502610207,Wie in einem Traum,openlibrary,1.0
17ae511e-2dba-4d80-80f6-677168838b72,9783548252834,3548255825,Der Tempel,openlibrary,1.0
96b09246-b526-40a6-9e38-7d78fbfe42c8,9783426500484,3426500485,Der Krater,openlibrary,1.0
226188d8-eb6a-4dc4-b79a-ac4011dfa3ed,9783426633755,3426633752,Der Canyon,openlibrary,1.0
0f9cfbdd-5306-4af1-bbdd-6ae5caf0c146,9783453053113,3453053117,Pilger des Hasses. Ein mittelalterlicher Kriminalroman,openlibrary,0.32
0b10d1a3-5d3f-4385-a7a4-a810503336c7,9783430180528,343018052X,Die Chinesen,openlibrary,1.0
e6d354c7-921c-42ed-ba1f-b2ee3cc60c58,9783499615399,3499615398,Lauter starke Jungen. Ein Buch für Eltern.,openlibrary,1.0
5948cccc-42cc-4e11-bcfd-ecca23f91f9b,9783453867925,3453867920,Der Goldene Kompass / Das magische Messer / Das Bernstein- Teleskop.,openlibrary,0.435
a3ac321a-faac-46fa-9d97-57c67005311b,9783426266045,3426266040,Nieten in Nadelstreifen,openlibrary,1.0
bdbd49df-b073-49bf-97db-36575c25695f,9783453867925,3453867920,Der Goldene Kompass / Das magische Messer / Das Bernstein- Teleskop.,openlibrary,1.0
5f4dff89-605b-4bbb-b143-5aa2c75466d7,9783442464364,3442464366,Der Wunschzettel,openlibrary,1.0
4d78a79c-59ce-4f17-bbd1-4db6fba27e68,9783442163434,3442163439,"Der perfekte Liebhaber. Sextechniken, die sie verrückt machen",openlibrary,0.458
9a8b4d1a-25f0-4a31-bb6b-ee401aeb60d9,9783423115445,3462019953,Die Nacht der Amazonen,openlibrary,0.974
f84d88ff-8f9e-4eae-afc8-c01f2da66c49,9783426627778,3426196077,Formula.,openlibrary,0.968
d28ce5ed-445f-4002-a845-eec3333326f2,9781569479674,1569479666,Sand queen,openlibrary,1.0
7fec9d09-eeef-4a38-85ef-2451461b70b7,9783442151479,3442151473,Bildung,openlibrary,1.0
7343b732-3c2d-47dc-a30d-3c81f3d6975a,9783442468164,3442468167,Der Stern der Theophanu,openlibrary,1.0
2364b71b-1f1e-4f89-bada-3f834ae1be49,9783453018945,345301894X,Das Genessee-Komplott,openlibrary,0.548
599afe22-c250-4481-81f4-cb2dbb89ae8f,9783832147808,3832147802,Zentrale Randlage,openlibrary,1.0
f1b61b34-b1d7-4740-a30b-a76e69479346,,,Jewels,openlibrary,1.0
69597f4a-8fec-41c2-8da1-927d75cc4d61,9783426635742,3426635747,Schicksalstage,openlibrary,1.0
ffd9cccb-45a6-4699-b133-622bf20ec7fa,9783453165151,3453165152,Eine gute Partie.,openlibrary,0.66
eb230e03-d5e2-4e92-9c56-6a5fd2540181,9783379030014,3379030015,Schlafes Bruder. Sonderausgabe.,openlibrary,1.0
d0d05ce8-cfb2-452c-aff2-c1a28e343895,9780316073622,0575401400,Naked,openlibrary,0.985
dbfe99a3-d1f4-41c4-922f-088a78748556,9783473582136,3473582131,Asphalt Tribe (German Edition),openlibrary,0.866
558c0769-e906-4518-a0b1-09506c0cd6fe,9783596152377,3596152372,Der große Unterschied. Gegen die Spaltung von Menschen in Männer und Frauen,openlibrary,0.458
b8803749-dffb-46b5-a487-88bb5d2e5f37,9783828997059,3426196832,Die Mission des Wanderchirurgen,openlibrary,1.0
ca944b9f-6b9a-4bce-bd9e-4a0c18e1fffb,9783426500217,3426500213,Die Medica von Bologna,openlibrary,1.0
de5d9b20-fe30-4618-baaf-8fd26760dc35,9783777001593,3777001597,Rom zu meinen Füssen,openlibrary,1.0
37b3073b-e6e8-4921-baef-dc665975cd36,9783405140083,3405140080,Der unersetzbare Dschungel,openlibrary,1.0
5faa86e5-3b01-45aa-8254-52264245183a,9783426520239,3426520230,Die Frauenburg,openlibrary,1.0
9b2bc973-977b-4581-a05c-d2abbb04ff6d,9783832198244,3832198245,Diese gottverdammten Träume,openlibrary,1.0
652f1672-e1a7-43fa-9ff1-748f213a92a0,9783406700699,3406700691,1517,openlibrary,1.0
3d25b6bc-37e1-4118-a7dd-6a267ab0ac64,9783498061234,3498061232,Die hilflosen Helfer,openlibrary,1.0
1e9aa69f-9f5a-41a6-924d-adbdb61e2c8f,9783426628676,3426195445,Der Wanderchirurg,openlibrary,0.981
9d9c78ba-136a-4cd0-8663-e80a62a7f15b,9785699676675,8497593863,The ranch,openlibrary,0.987
90439a8f-5b89-4d04-ac92-884b2ddcedcd,9783442355907,3442355907,Lasst Knochen sprechen,openlibrary,1.0
571f1431-ad3f-4cf0-9be4-a2b6d0f6cca0,9783426777541,3426777541,Sterben sollst du für dein Glück.,openlibrary,1.0
587020ea-8533-466f-8443-f831428abb6f,9783894256081,3894256087,Der Geschmack der Tollkirsche,openlibrary,1.0
0ed7c1d5-33f0-499c-8d12-0ac955c754e5,9783426639221,342663922X,Die Mission des Wanderchirurgen,openlibrary,1.0
93c28385-dbca-49cf-b8a7-314ebc4a6456,9788371324970,9639025550,Die Erscheinung,openlibrary,0.983
a204d9e0-5e3f-474e-9102-5c839b72ba47,9783442067541,3442067545,Ewig fliessen die wasser des nil,openlibrary,1.0
1fcd6e46-eeea-47ab-a8b5-ad329e44ee8f,9783442005000,3860704583,Die schönsten Sagen des klassischen Altertums,openlibrary,0.984
0907f825-feb7-4f04-a60f-0cfb0016c8d5,9783763213795,3763213791,Es muss nicht immer Kaviar sein,openlibrary,1.0
a5d88d4a-9377-49ad-9bcd-efc480922990,9783570121474,357012147X,Im Fadenkreuz der Mächte: Gespenster am Balkan,openlibrary,1.0
e14b023a-b392-4c3a-825e-1513950f8bf2,9783596506279,3596506271,Wer Dornen sät.,openlibrary,1.0
dea2b7e6-651b-4e5f-9aef-520f8926116a,9783442351121,344235112X,Jenseits des Horizonts / Der Preis des Glücks. Zwei Romane in einem Band,openlibrary,1.0
fb225c40-b0cc-4610-b746-5e65a5653580,9783796201523,3796201997,Franz Josef Strauss,openlibrary,1.0
5ce2a248-a0a3-4c31-8f22-c2da2de73a06,9783442553495,3442553490,Kalte Glut,openlibrary,1.0
6a34f37f-43d4-4085-aa8c-a67aa63ec3c0,9783462037487,346203748X,Fremde Wasser,openlibrary,1.0
b41617d5-18c2-4f95-8610-2dfcb8cfe654,9783453165151,3453165152,Eine gute Partie.,openlibrary,0.66
76e9c754-9337-4670-b828-3526e57b543a,9783421062802,3421062803,Das Wunschkind,openlibrary,0.99
b7e9f2c2-2d9e-4e3d-a888-92306bd21157,9783442359349,344235496X,Das dritte Gesicht,openlibrary,1.0
8db3796b-53c1-41f8-9289-d745ee97dc0b,9783903005259,3903005258,Die Stille der Gletscher,openlibrary,1.0
7de8ee6d-ae2a-4690-870a-010f2a261587,9783453083028,3453083024,Hinter dem Schleier,openlibrary,0.87
a2b536b2-0eaa-4fb4-81f4-4f9b1559474b,9783596135752,3596301246,"Magd, Metz' oder Mörderin",openlibrary,0.472
6f087c4b-aab2-46e2-bbeb-27b4a8091704,9783777002569,3777002569,Adolf-Hitler-Strasse 14,openlibrary,0.532
c28302aa-e158-4ee8-b392-cfd3e8d26645,9783596109746,3596109744,Haus der Erinnerungen. Roman,openlibrary,0.72
b91d0669-0c25-491c-8803-8db2f21465ca,9783442133277,3442133270,Unter dem Regenbogen / Sternenfeuer,openlibrary,1.0
473a3594-d4d2-4df1-acdf-83034080cfe6,9783538053946,3538053944,Die Schatzinsel / Die Entführung,openlibrary,1.0
d0944579-72aa-461c-bf37-9432fb8823f7,9780898794823,089879482X,The fiction writer's silent partner,openlibrary,0.918
6025bd02-5a02-45b8-a651-1ddc4836365f,9783426500217,3426500213,Die Medica von Bologna,openlibrary,1.0
f7f5177e-64ee-4620-a6b2-ee4e3500f730,9783548373034,3548373038,Kasino-Kapitalismus,openlibrary,0.597
7c47f879-f521-414d-90bd-14ef945d3164,9783876891385,3876891388,Nutze die Heilkräfte der Natur,openlibrary,0.496
1de8136a-fb71-4413-a4c6-d7865f27c5c1,9783453503823,3453503821,Das Leuchten der Stille,openlibrary,1.0
88e673ad-3a74-44be-9796-42fff72268b6,9783486795523,348679552X,Lexikon Informatik Und Datenverarbeitung,openlibrary,1.0
28905734-11d8-4c37-af40-19db0f572650,9783421063076,3421063079,Mord am grossen Fluss: ein Vierteljahrhundert afrikanische Unabhängigkeit,openlibrary,0.357
ea87b0c4-36cd-4560-ae00-ed1e3379cc9b,9783453620209,3453620208,Der Deutschland-Clan,openlibrary,0.795
f4f40ecf-c061-4eff-b416-8ff88ee7a55e,9783426500231,342650023X,Das Lied der Klagefrau,openlibrary,1.0
2ff50986-9f3a-4857-93c1-0a49acd8f187,9783442367290,3442367298,Die pforten der templer,openlibrary,1.0
71e42931-2a21-46ae-b0a6-f697536d9486,9783328104025,332810402X,Das Erbe,openlibrary,1.0
c69b8916-8ffe-4553-b0ab-6315ba021be4,9780140186390,0141185074,East of Eden,openlibrary,0.985
6e4451cb-46e5-4fd9-b524-f1f5534cd0db,9783764511197,3764511192,Das Lächeln des Cicero,openlibrary,1.0
545c0fac-24e4-4f73-8323-780dd736bb4b,9783442430741,3442430747,Der Weisse Schamane,openlibrary,1.0
c8204106-ecb6-452d-89cd-a47f08037469,9783453185401,3453020669,Die Pharaonin,openlibrary,1.0
57bae949-d3dd-4f8f-8414-36b5206727f0,9783439910379,3439910377,In achtzig Tagen um die Erde / Der Kurier des Zaren,openlibrary,0.997
f7cb6d59-dff0-4a93-b762-a78951e4a072,9783442158591,3442158591,Der große Trip - WILD,openlibrary,1.0
c3c72ca0-a172-4828-89f8-8c94afe34939,9783800132232,3800132230,Schlangen im Terrarium 1. Ungiftige Schlangen Teil 1/2.,openlibrary,1.0
d64cab56-709e-4cb6-b26a-26709ea7e876,9783596118496,3596118492,Zwei Jahre Ferien. Roman,openlibrary,0.57
76c4ea42-de9c-4551-807e-007fd5920897,9783492231060,3492231063,Briefe aus dem Regierungslager,openlibrary,1.0
c61a53b0-3499-4c36-a781-71f2f5acb4ff,9783442133185,3442133181,Tuareg / Bocanegra. Zwei Romane in einem Band,openlibrary,0.976
ecf84c7f-ac6e-47b3-ab50-39801e46dfb7,9783596900701,3596900700,20000 Meilen unter den Meeren,openlibrary,1.0
5fb223c1-3ac2-4794-b963-c16411ff4d90,9783746613970,3351024592,"Ich, die Alte--ich, die Junge",openlibrary,0.472
c42adc29-f58c-4161-9574-cf40c198e0b3,9783442542871,3442542871,Die Rache trägt Prada. Der Teufel kehrt zurück,openlibrary,1.0
1447eaa6-0783-4670-b6cc-a5c14fdb2337,9783430200974,3430200970,Ich arbeite in einem Irrenhaus,openlibrary,1.0
43dfafc8-ba01-4b8e-909e-3900d626326d,9783103974805,3103974809,Szenen aus dem Herzen,openlibrary,1.0
b3af67e5-6c23-46fb-add1-aa5ec2d984c0,9783426010648,070898004X,Shibumi,openlibrary,1.0
5f79ffba-c474-436b-a912-b0e5e7e1326b,9783453266100,3453266102,Der Tourist,openlibrary,1.0
bf87efdd-9b5b-48bb-ad40-f02fc5d50745,9783770138173,3770138171,Die GroBen Kathedralen (German),openlibrary,1.0
db033b0e-b4c4-47c2-a2a6-f8c5586c131c,9783957524508,3957524504,Das Daimonicon,openlibrary,0.978
627f002a-ecda-4e91-92c9-27b2cd4d9e0d,9783453051089,3453051084,Frankreich. Die wunderbare Illusion,openlibrary,0.6
3f8cd563-ad94-4498-8b35-520fcab3a205,,,Die Gestrandeten,openlibrary,1.0
b3110e5b-2c36-4432-802a-e0940d1466ff,9783898972703,3898972704,Unter dem Teebaum,openlibrary,1.0
5c60d285-47e6-4256-8e0c-d02a63afe7e4,9783442158591,3442158591,Der große Trip - WILD,openlibrary,1.0
19d26a12-7f81-4b1c-aa5e-7b976a67c48a,9783426782613,3426782618,Drachenwind,openlibrary,1.0
25023331-4f05-4e17-9ff6-8273d34edb85,9780553258462,3453008715,Trinity,openlibrary,0.978
6f76aed1-7960-445e-a337-acb5d97c8272,9783596157136,3596157137,Reise Zum Mittelpunkt Der Erde,openlibrary,1.0
9cd8b084-bb9f-4aa4-a467-a92ffb53af6a,9783548364865,3548364861,"Maria, Ihm Schmeckt's Nicht",openlibrary,0.502
540bb815-335c-4bb5-9b4d-14146887326c,9783442133185,3442133181,Tuareg / Bocanegra. Zwei Romane in einem Band,openlibrary,0.976
3316732c-295d-4216-9471-28aebd56caea,9782253041405,3462019244,Ganz unten,openlibrary,0.985
1ce8a501-4a17-453b-ade8-488e8e392d6d,9782266046503,0788789546,The Two Towers,openlibrary,0.976
4459b03e-5263-43fe-bbb0-d67e703b94be,9783426015155,3426015153,Haddsch,openlibrary,1.0
971cfc30-7fa8-4ad1-b5c3-9d2970b1ad5d,9780749317737,0671819054,Summer of the Red Wolf,openlibrary,0.983
bedc1248-2613-496f-8eae-4a439e360b03,9783894874933,3894874937,Das grosse James Bond Lexikon,openlibrary,1.0
e27fd410-d47a-4159-8dfd-2ea02368ea59,9783351004408,3351004400,Die Geschwister von Neapel,openlibrary,1.0
5aa3c84b-b90a-47fb-a692-bad3c9552196,9783442306947,3442306949,Die hundert verborgenen Sinne,openlibrary,1.0
85ccdfc0-4954-4283-9285-8f015eba0423,9783462016765,3462016768,Das BILD-Handbuch bis zum Bildausfall,openlibrary,0.412
f20c9f59-d286-495d-9f7b-0e5eae353781,9783770159437,3770159438,"DuMont Reise-Taschenbücher, Venedig",openlibrary,1.0
1b3c1663-18dd-46d3-b0e9-a73c31b797b1,9783570070451,357007045X,Das Tal,openlibrary,1.0
139fcbe5-8502-4a19-81dd-ee7604b24e72,9783548374093,3548374093,Zwei Esel auf Sardinien,openlibrary,1.0
939ab606-c1f9-4689-aa98-55aa3e99a4f0,9783894872908,389487290X,James Bond,openlibrary,1.0
1ec8cbe1-c7e2-4753-9188-33fad8155e33,9783492071598,3492071597,"101 Essays, die dein Leben verändern werden",openlibrary,1.0
422970a1-55ca-4046-8207-04fdaad3049c,9783478087896,3478087899,Krise als Chance. Wie man Krisen löst und zukünftig vermeidet,openlibrary,1.0
2cee36b9-5eae-416a-8a21-cbd31076ca48,9783453016354,3453016351,Der Gladiator,openlibrary,1.0
0939f987-afb3-4f7a-85e0-8e23cf11aa69,9783548282510,3548282512,Rattentanz,openlibrary,1.0
2e2614f2-1534-478c-b2ae-0586e57fde8c,9783442363025,3442363020,Die Drachenkrone,openlibrary,1.0
647d763c-95a8-409d-8024-4c266e1f32e5,9783453081468,3453081463,Und gott schuf Paris,openlibrary,1.0
58e24954-de1d-4899-bc89-83f83f3b2040,9783499226953,3499226952,Die Opiumfamilie.,openlibrary,0.885
859065eb-39e7-4ac0-b0bd-f4bad838b504,9783453185401,3453020669,Die Pharaonin,openlibrary,1.0
e263589b-aa03-41c2-996c-f3863ff966a7,9783596900701,3596900700,20000 Meilen unter den Meeren,openlibrary,1.0
daecce1b-1c58-4e65-a0f7-ac5e51e1e307,9783811844049,3811844040,Christine von Schweden,openlibrary,0.944
b07e3044-4bde-4f3a-ac6a-6bc8cec6e84b,9783770159437,3770159438,"DuMont Reise-Taschenbücher, Venedig",openlibrary,1.0
3cf7b841-846e-42d8-b094-a975fe1a9313,9783770159437,3770159438,"DuMont Reise-Taschenbücher, Venedig",openlibrary,1.0
e68502fb-639e-4ef5-a95c-856c3a255b3f,9783492310314,3492310311,Die Grenzen der Toleranz: Warum wir die offene Gesellschaft verteidigen müssen,openlibrary,0.924
931959c2-f0f6-4259-8f52-ae123a09e647,9783862652198,386265219X,"Schantall, tu ma die Omma winken!",openlibrary,0.585
cb61fb8e-e939-4d13-bd31-9f092394a780,9783815011829,3815011825,Jesus Von Nazareth,openlibrary,1.0
79f987fe-dd9b-4e62-a8de-50d762d3db54,9783442306947,3442306949,Die hundert verborgenen Sinne,openlibrary,1.0
a9c92df8-0c21-4d8a-863f-249cf103ae32,9783864703881,3864703883,Die Blockchain-Revolution,openlibrary,0.698
d7b890e8-d067-4aba-b0a7-ef5aac2a0fd9,9783596510368,3596192897,Himmelsfeuer,openlibrary,1.0
9ceb1746-9476-416e-afd0-c36cecff3390,9783426521311,3426516624,Stiefkind,openlibrary,1.0
024c04e9-45ae-4c1b-88b2-f31c525a0424,9788401321184,3764523123,Maradentro,openlibrary,0.976
54c287ec-037c-4207-8de6-fd40941966bb,9783426190616,3426190613,Die Monteverdi Mission,openlibrary,1.0
1bc5474d-a6bd-4a86-8a27-0f75c497cb20,9783734103599,3734103592,Die Gerechte,openlibrary,1.0
b858c681-5daa-45fd-8104-7f01b0c80706,,,So wahr mir Geld helfe,openlibrary,1.0
d0093ca1-cf56-4374-adab-b636a8a97749,9783596157136,3596157137,Reise Zum Mittelpunkt Der Erde,openlibrary,1.0
ea18c670-f941-4a7c-978c-21edbd16858c,9781641296823,1400105013,Glennkill,openlibrary,1.0
ea0a5747-d262-47dd-bf42-67431f21987b,9783426304297,3426304295,Das Kartell,openlibrary,1.0
debfbf87-34ec-46ee-897c-2893f5051551,9783426521311,3426516624,Stiefkind,openlibrary,1.0
c3d4b371-5425-4e9c-9e44-c8c27a8f6f99,9783426635209,3828991769,Die Feuerbraut,openlibrary,1.0
75ad3c32-1e0d-43c1-90f7-65f24bb88036,9783596150311,3596150310,Der Fluch der Schriftrollen. Roman,openlibrary,1.0
7d702ffd-a716-40f4-9a34-819cded15394,9783548373218,3548373216,Komma lecker bei mich bei,openlibrary,1.0
01fb19ba-abf7-48e0-b781-59e61840fc66,9783455013573,345308215X,Jacobs Frauen,openlibrary,1.0
1d1d7599-ed44-4ba6-a742-3591ec96365f,9783776618457,3776618450,Das Ende unserer Zeit. Aufbruch in das Wassermann- Zeitalter,openlibrary,1.0
0687e179-4e84-4c46-a888-bd96c080a6d4,9783648037874,3648037870,Neuroleadership,openlibrary,0.985
1ce371ec-1127-4d07-97bc-b68e5906c77f,9783426504055,3426504057,Dezembersturm,openlibrary,1.0
e7a29439-4a2e-4341-988c-39166d1fea83,9783453471139,345347113X,Die Friesenhexe,openlibrary,1.0
3b23d719-460c-4fcb-b746-e6a8deab2990,9783596121472,3596121477,Die sieben Dämonen,openlibrary,1.0
aae444a8-99d8-43a6-9f81-fedf627d1741,9781455502394,1455502391,Start-up Nation: The Story of Israel's Economic Miracle,openlibrary,1.0
2abcd773-91c3-461d-bb05-a2923b7fe25b,9783596509690,359619282X,Traumzeit,openlibrary,1.0
d7ac08f2-2b74-4706-b24c-dcf60fa2cf8c,9783442350162,3442350166,Prinzessin des Lichts.,openlibrary,0.547
7aa6f1d4-d2e8-4b13-b3f3-2fe5e3a8ca3a,9783813506471,3813506479,Altes Land,openlibrary,1.0
d2027b01-d694-484a-9cf8-69cc17884b56,9783463008561,3463008564,Keine Angst vor der Angst,openlibrary,1.0
309bfdf4-a82c-487f-adf0-b164b5331412,9780297854296,0563552832,Pole to pole with Michael Palin,openlibrary,0.978
6e7f5d8b-4a68-40a5-b91b-1e1154738078,9783806848113,3806842981,Trennkost,openlibrary,1.0
fe611b2f-a2d6-40c6-8acf-aca54a064779,9781609614416,1605293083,Bring It!,openlibrary,0.987
0111bc73-4488-479e-b29b-780855c7db62,9783426010686,3426010682,Rote Erde,openlibrary,1.0
1be859d1-d821-494a-b71c-1b0af465c8da,9783446120822,3446120823,"Der Streit um die Intelligenz: IQ, ererbt oder erworben?",openlibrary,1.0
8c7210e0-b979-401b-ad9b-41521aea54bb,9783810523587,3810523585,Das Paradies,openlibrary,1.0
85387c70-334d-49d8-9cd7-52cef15f5238,9783596170791,3596170796,Steve Jobs,openlibrary,0.858
aeffbf7d-e0ab-4f7e-8143-26fd83b20673,9783608944365,3608944362,Unternehmen Babylon,openlibrary,1.0
44db0e0a-ecbe-4f28-a80c-39af3237b241,9783831715510,3831715513,Cuba,openlibrary,0.985
57b2feb4-2876-437e-ad88-236eb43b0256,9783826609268,3826609263,Die Hacker-Bibel,openlibrary,0.675
dc885239-aab4-4b17-b79e-4835cc748ff3,9783596172481,3596172489,Wandelgermanen,openlibrary,1.0
8811119a-bbe9-4131-95aa-fd19892e45d5,,,"Rote Sonne, Schwarzes Land",openlibrary,1.0
e3c43f21-150f-46e2-b0bb-b1dda6500b92,9783596120321,3596120322,Spiel des Schicksals. Roman,openlibrary,0.675
c9b28aab-6f1c-483c-86d2-f134107506f3,9783770903344,377090334X,Candida,openlibrary,1.0
2d1d760f-8b1a-433c-8ab6-2a46f8dfd4e7,9783442445851,344244585X,Himmel über Afrika,openlibrary,1.0
c3837404-0cc2-4f3e-9b1c-104ca50dc0ec,9783548366791,3549071620,Kampf dem Terror - Kampf dem Islam?,openlibrary,1.0
4d315249-09df-494b-8d8e-d02c68724090,9783492270359,3492270352,Bittere Mandelblüten. Roman,openlibrary,1.0
048ccff2-210a-4519-8fc6-b8946f76704b,9780743575324,2226195963,Just After Sunset,openlibrary,0.97
8c4d7e5e-1cc1-4b2f-b62b-ae5ba84e6413,9783596510368,3596192897,Himmelsfeuer,openlibrary,1.0
b8c4262c-aabc-4da5-87fa-182fdca90306,9783453152625,345315262X,Die Profanen Stunden Des Glucks,openlibrary,1.0
4338f3ad-4a33-4b57-8e2f-82f0b59ee027,9783453304024,3453304020,Die Menschenja ger von Antares,openlibrary,1.0
54dc0772-e88a-4905-b8e6-067a0dfa108d,9783423245579,3423245573,Kurze Geschichte des Traktors auf Ukrainisch,openlibrary,1.0
9951e332-6ce2-46f3-9426-0ab7ed119015,9783424012132,3424012130,Die Schule des I-ging,openlibrary,1.0
453606a7-ef48-471e-af5a-8afc8d19b457,9783426631614,342663161X,Das Verlorene Labyrinth,openlibrary,1.0
2a0f5d49-2925-41a0-af4b-a3f0604a9620,9783552027350,3552027351,Das Bermuda Dreieck - Fenster zum Kosmos?,openlibrary,1.0
c36e9cb6-7a98-43f4-8702-b8f726a5f161,9783886180387,3886180387,Kanarische Inseln,openlibrary,1.0
89cbfc2b-bf95-46da-99bf-35848ae121c3,9783810523556,3810523550,Gesang der Erde,openlibrary,1.0
53e5efb3-0418-4021-8217-84a65312fa4a,9783442434831,3442434831,Wu Jao Die Kaiserin,openlibrary,1.0
232d9917-4e50-4e09-b82c-b540eec72b38,9783423781701,342378170X,Fragt mal Alice,openlibrary,0.98
b652e00d-3c6f-4d23-b0c9-04d91c045b1f,9783596159543,3596159547,Kristall der Tra ume,openlibrary,1.0
200a0bc5-7f25-4463-8dc1-9e7f076188a9,9783770128839,3770128834,Santorin,openlibrary,1.0
1d106b5e-0fae-4264-991e-3272b9ff9248,9783596181278,3596181275,Im Auge der Sonne,openlibrary,1.0
8bb03f9a-e345-42ce-bc69-125f5616c7fb,9783548363776,3548363776,Wo das Herz wohnt. Meine verlorene Heimat am Hindukusch,openlibrary,1.0
f0a0bca2-a037-4659-ad2f-9fa8272a1440,9783924592653,3924592659,Tango-Dimensionen,openlibrary,0.608
1770679b-b0ec-4b27-a8fa-e21a90553a66,9783492276115,3492276113,Gebrauchsanweisung für die USA,openlibrary,1.0
5bda71dc-86e0-4111-b0cf-448b861639f1,9780743552073,0743437128,Wild orchids: A Novel,openlibrary,1.0
3808c1e9-b75e-4aaf-b153-ab2bfa1c11e1,9783442054909,3442306965,Das Echo,openlibrary,1.0
f7793849-9ab9-4070-8ef3-92aa33af535c,9780340936153,0340936150,My Booky Wook,openlibrary,1.0
baf0e1d8-ea1c-4c97-b424-e4032549a896,9783570270325,3570270327,"Abenteuer aus dem alten Rom. Caius ist ein Dummkopf / Lukios, Neffe des Kaisers",openlibrary,1.0
765d697a-4af1-4d46-b91c-4f1fbef5eae7,9798799086978,1906772258,The spy who loved me,openlibrary,0.976
3202a5d6-58a1-4d7a-899e-20a5bde5cbb1,9783548286426,3548286429,Into the Deep - Herzgeflüster,openlibrary,1.0
27187443-e1f5-4db0-90b2-f8c707e97470,9783596159543,3596159547,Kristall der Tra ume,openlibrary,1.0
81aad66b-c7a2-4763-a66d-3ae0ef6c6b4b,9783442742820,344274282X,Treffen sich zwei,openlibrary,1.0
8165eb8d-51de-4f21-aa8d-4eb54a9878ab,9783800022465,380002246X,Elfentanz,openlibrary,1.0
f7a81b15-7483-41a5-a6a1-987074533866,9783596181261,3596181267,Die Schicksalsgabe,openlibrary,1.0
ecc59cb9-7af1-4627-baeb-62adb90a7619,9783596139453,3596139457,Die Phantasie ist eine Frau. Sechsundzwanzig Originalerzählungen,openlibrary,1.0
5ce6803d-2751-4dc0-9af0-eeb0024432e0,9783442425280,344242528X,Philadelphia,openlibrary,1.0
896f8e4f-416b-4464-b294-c7b04feb9c3b,9783724516897,3724516894,Bad banker,openlibrary,1.0
fa299c7b-374a-480b-aefb-e45b4c9a0b4c,9783475524301,3475524309,Die Alpen im Luftbild,openlibrary,1.0
3215dd8c-9e6a-4fd0-a38c-04a47340a38d,9789061822974,9061822971,Das Kaktusland,openlibrary,0.992
0944cc9f-20e0-46f2-834a-a050632775ac,9783746629834,3746629837,Fuck the Möhrchen,openlibrary,0.995
346b5489-7ae7-4934-ab14-68d5eaccfef1,9781846552373,1448162319,Parade,openlibrary,1.0
528e4b8e-122b-40dd-b52c-8c19e1bbbbb9,9780593047149,0593047141,Second chance,openlibrary,1.0
cd0d7e13-ccae-409e-bf5f-d4e09f2c4a4e,9780709029038,0709036930,Living in Spain,openlibrary,1.0
470c9a2e-91c2-4678-b2aa-e334f24899df,9780312275341,031227534X,The blessing stone,openlibrary,1.0
e8cc427f-219c-4f2d-9722-b34eec3a7b79,9783442472444,344247244X,Alle sieben Wellen,openlibrary,0.976
bb62af81-8c31-4512-b60e-c7c569cbb096,9783596109746,3596109744,Haus der Erinnerungen. Roman,openlibrary,0.72
bcdcbd9a-79b5-40f5-b567-5c0c24c84647,9783981346909,3981346904,Arm aber Bio!,openlibrary,1.0
5c3b6a0a-149f-4eab-b74a-5eb8b9296ab1,9781476767338,1405918063,The Rosie effect,openlibrary,0.983
2a117cea-6408-4f9d-b77d-c05286082cf7,9783426629383,3426629380,Das Patent,openlibrary,1.0
62d1c888-15d3-4432-8692-b5846c4413b3,9783596305506,3596305500,Liebe im Schatten der Krone,openlibrary,1.0
c4aaac1e-fee3-4a98-9ab2-18471cf2bec5,9783596034895,3596034892,Die Wiedergeburten des Tao,openlibrary,1.0
9ec91880-1058-4306-9550-2a3cac360cbb,9783453212220,3453212223,Azrael / Azrael - Die Wiederkehr: Zwei Romane in einem Band,openlibrary,1.0
eb568ec0-aed4-4c02-94db-0153f14e5a77,9783548259697,3548259693,Gnade,openlibrary,1.0
aa3ed931-c13a-4312-9721-1b3edb901a05,9783810523549,3810523542,Spur der Flammen,openlibrary,1.0
16374bf7-4189-46d0-a640-722b9c9abf73,9783596109746,3596109744,Haus der Erinnerungen. Roman,openlibrary,0.72
7a7c7f5a-2c22-4ffb-9575-f36b0a0db468,9783596120321,3596120322,Spiel des Schicksals. Roman,openlibrary,0.675
5141eb89-a946-4ad8-b343-e9ce9e65449e,9783404131037,3785710844,Das Licht Von Atlantis,openlibrary,0.872
9ad18e74-38b6-4cfb-9327-51458e8c00a2,9780340657218,0340657227,Panama,openlibrary,1.0
0bcc79b0-d246-4ad0-932f-d9ecb1ca1e43,9783406734496,3406734499,Der Sommer meiner Mutter,openlibrary,1.0
e8faf16f-72d2-4cd3-ad2e-fded7e8df75b,9783453188839,8882749258,Sushi für Anfänger,openlibrary,0.98
abc2c93c-a026-4986-8a8a-1f20080808e5,9783831710751,3831710759,Kulturschock China.,openlibrary,1.0
4b5d735b-11af-4875-b986-ce2283fdb86e,9783442246083,3442246083,Die Fernen Königreiche.,openlibrary,0.872
19d017d8-ad75-430d-b8ce-4502fd54295c,9783800025398,3800025396,Drachenfeuer: eine fantastische Geschichte,openlibrary,0.562
01848e2d-b16e-4290-95b9-5eff10f75631,9783453177468,3453177460,Hinter Kairo wird es besser. Die Reise einer Frau auf der Suche nach sich selbst,openlibrary,1.0
3a4503b9-040b-4ffe-b565-1679b8d9121f,9783596234059,3596234050,In der Mitte des Lebens,openlibrary,1.0
81052b7f-7fff-4c35-8392-f17b748aafcb,9783896601049,3896601040,Die Erde von oben - Tag fur Tag,openlibrary,1.0
7eb221b8-082d-40c6-a78d-947721c0dca0,9781741041729,1741041724,Stockholm,openlibrary,1.0
d5eabb6f-e3b6-4540-90e1-07e28bef2a7a,9780864423641,0864423640,Turkey,openlibrary,1.0
f62a6326-bcf9-4165-b0cf-d1b214e2b69b,9783596159543,3596159547,Kristall der Tra ume,openlibrary,1.0
b9130930-28a3-4306-a554-372c1fda9774,,,Nofretete,openlibrary,1.0
b3109994-76c0-429d-b518-f03f2cadad24,9783442155118,3442155118,"Was in zwei Koffer passt, Klosterjahre",openlibrary,1.0
a1dcffe4-ede5-4a19-9245-acdcb8b2e394,9783593368191,3593368196,Change Management. Den Unternehmenswandel gestalten.,openlibrary,1.0
1cf3e4a6-e630-4520-9222-59987ff81a06,9783596510566,3596510562,Liebediener,openlibrary,0.97
31118abe-4bfa-4f16-aa24-797d1ba185d6,9783770119622,3770119622,Mexiko,openlibrary,1.0
d58d262b-976a-4137-97b1-9c11bb7a5284,9780062469670,3898799069,"Elon Musk: Tesla, SpaceX, and the Quest for a Fantastic Future",openlibrary,0.32
c8090637-fc51-45a7-9b25-d8017a587b41,9783776608724,3776608722,"Rettet die Vögel, wir brauchen sie",openlibrary,1.0
268e7631-4d8a-4f98-83d3-e02b6a8538a2,,,Sagenhafte Bergwelt,openlibrary,0.844
2dfe3f91-cdda-4f6b-999b-37b650c4d68b,9783530120509,3530120502,Spanien,openlibrary,1.0
31d5a5ef-53d9-4fd4-a8d1-7ad2bd00d4a7,9780330439138,0330439138,The Key to Rebecca / The Hammer of Eden,openlibrary,1.0
94a59eaf-3bb0-4370-82cd-ecf4b2816935,9780809424849,0809424835,"China - Burma - India (Time-Life's World War II, Vol. 9)",openlibrary,0.992
145ddc9c-8d05-433f-81b3-669f2e58b385,9783462036275,3462036270,Achter Achter,openlibrary,1.0
20efbbc1-9180-4ae1-a108-627e3ecaf46a,9788497931755,4594013554,Heartbeat,openlibrary,0.97
39fe7ba5-606f-40fa-8bc3-1c1a1a0acef1,9783879754441,3879752265,Griechenland,openlibrary,0.995
a74dbc3b-7526-4bc2-a90d-aadaec46f6da,9783453003682,3453003683,Roter Lampion,openlibrary,0.941
0a0d2cfe-c280-481b-bade-4058a39c6e94,9781594634956,1784161764,The Girl on the Train,openlibrary,0.986
9b45c8b8-f0df-4de0-a6b1-7a7a8d785a55,9783800020232,3800020238,Die Schweizer Familie Robinson,openlibrary,1.0
7201d693-a739-4f6b-8fbe-ecdf934ee58e,9783492049498,3492049494,Anders ist besser,openlibrary,1.0
2ca950bc-d100-4a36-b5d3-42fb17f670be,9783800410859,3800410850,Ins rote Reich des gelben Drachen,openlibrary,1.0
1f7801dc-7353-4560-b593-3219f8c37273,9789992746165,346203202X,El general en su laberinto,openlibrary,0.915
02e7bba9-07d9-498f-8d68-09ebf63346f7,9781456123369,0062021214,Ten thousand saints,openlibrary,0.986
8f9ee0b0-0b50-4a4d-b9b7-c2b5088c3324,9783864890840,3864890845,"Der Kick des Geldes, oder, Wie unser Fußball verkauft wird",openlibrary,0.896
4bb70ee2-b26a-4678-850c-e8e5e4dcd513,9783423714631,3423714638,Oskar und das Geheimnis des Klosters,openlibrary,1.0
250ae9e6-df6c-472c-9b32-8e73006a53a3,9782266258487,0316590940,Central Park,openlibrary,0.974
36a7d0f5-089b-4324-b7f4-c00cb0877799,9780060779023,0061144789,El Zorro: Comienza la leyenda,openlibrary,0.454
56d6ab90-8002-4f52-a476-63e5a74edf6c,9780001050877,2265068012,Star Wars - Corellian Trilogy - Ambush at Corellia,openlibrary,0.985
f0f47658-24ee-4f07-b532-cd8e9a57c1d1,9783328105428,3328105425,Der Verrat,openlibrary,1.0
33c79cdf-70f6-4e89-944e-272264cf7d2f,9781561000784,225305819X,Masterclass,openlibrary,0.981
a79ea799-543f-4afb-b6ed-6b3853794940,9783423508223,3423508221,So rechnen Banken. Entscheidungshilfen für Geldanlage und Kreditaufnahme,openlibrary,0.997
cf31be0e-6b99-44ac-a349-76416abe2c31,9783426305669,3426305666,Sungs Laden,openlibrary,1.0
8c98d659-0a41-4b41-890e-6ca575ab514a,9783442435425,0679751319,Dead man walking,openlibrary,1.0
996341b7-7dbb-4aa2-b05e-f99ebc3449a4,9783453032941,3453032942,Die geheimnisvollen Frauen. Roman.,openlibrary,1.0
ec90f5de-2f01-46af-92ed-d4535bbd01e2,,,9 Monate voller Sicherheit und Genuss,openlibrary,0.992
1abf3a4f-a82d-44ea-b295-331669b867ac,,,Nanga Parbat,openlibrary,0.958
10a1f4ed-3c28-43ac-9dad-354ebc296814,9783430110686,3430110866,Eigenlob stimmt. Erfolg durch Selbst-PR,openlibrary,1.0
9dbca5b8-e61f-48cc-9c01-0740079df9a1,,,Die besten elf reiter,openlibrary,0.91
57c1aa02-fa1f-4efe-83da-d9925a4fe82d,9783426515693,3426515695,Games of Love 1 - Bittersüße Sehnsucht,openlibrary,0.958
8f2ee9c0-03fa-4fb5-8b65-dc92adc44717,9783805250122,3805250126,Was will man mehr,openlibrary,0.983
56e985cd-4390-4f0f-9e6c-4f2b1521d12a,9781568366487,1538589877,Musashi,openlibrary,1.0
8deb3e8d-34a5-4a72-b3fc-8de897014600,9783453022508,3453022505,Feuerwind,openlibrary,1.0
bc150fb4-e3dc-448a-92a9-953ccad3997d,9783795117337,3828970710,Flut,openlibrary,0.978
d3e8b07d-f839-4494-9f9d-16f2dceff95a,9783596169115,3596169119,Mitten ins Gesicht,openlibrary,1.0
4e2e059e-a82f-4d0c-b9cb-b4ecdcf5381f,9783453267541,3453267540,Der Anschlag,openlibrary,1.0
908687a0-7724-4282-955d-7752c067f45f,9783764501488,3764501480,"Vergiss nie, daß ich Dich liebe",openlibrary,1.0
4170e2f7-62b7-47a6-8aaf-f4f8e81c7c20,9780857058645,3518469207,Die Hauptstadt,openlibrary,0.983
60d8872e-4945-47a8-ba46-50fc6a30bbfa,9783785525135,3785525133,Imandra,openlibrary,1.0
a382da5b-d268-4281-bfd7-9a4eba490988,9789400504967,750864624X,Lean In,openlibrary,0.98
662549ba-931a-47bb-bf16-9da44ec2a73b,9783453196988,3453196988,Mehr Kraft zum Loslassen. Neue Meditationen zur inneren Heilung.,openlibrary,1.0
f35f73cd-2219-46a7-8d3d-686515e56b3b,9783453085213,3453085213,Scientology,openlibrary,1.0
b152130e-dea9-477a-b132-127927e33acc,9783453138582,3453138589,Die Vision von Celestine. Geheimnis und Hintergrund der Prophezeiungen,openlibrary,1.0
a90e6ab5-af3c-4c1e-acda-82255733e98c,9783596512881,3596512883,Ich. Darf. Nicht. Schlafen,openlibrary,0.465
0722e9b6-54d2-4e20-a14f-096dc39604d0,9783570553381,3570553388,Kokainmeere,openlibrary,0.9
b305b0bd-9a8f-4590-ae57-286ccdd21f91,9783426515693,3426515695,Games of Love 1 - Bittersüße Sehnsucht,openlibrary,0.958
1ff441a1-7736-426a-9aee-4030ea41ace3,9783423253635,3423253630,Léon und Louise,openlibrary,0.585
7fd04ed9-f4f0-4245-bf03-ec4f8c25c46c,9783426779569,3426779560,Noch eine Runde auf dem Karussell,openlibrary,1.0
d85f1885-2f80-43a1-a8a0-c7537744f482,9780394506685,0394506685,The fatal shore: a history of the transportation of convicts to Australia 1787-1868,openlibrary,0.976
e0f15a81-c9fd-43d3-b508-eb04d589dc58,9783833302695,3833302690,Mann und Frau.;,openlibrary,1.0
0462237e-f3a3-4094-961c-56abf13ae259,9780385533409,0099545780,Ford County,openlibrary,1.0
847fcd8d-ebaa-469a-b725-35f48364243d,9783426519707,3426519704,Zerbrochen,openlibrary,1.0
2180d217-ebb5-4694-a587-8a72507affff,9783442439423,3442439426,Der letzte Traum des Pharao,openlibrary,1.0
7fecfae8-ee42-464a-ab57-f9f759d77ccd,9783785517390,3785517394,Der grosse Augenblick in der Zeitgeschichte,openlibrary,1.0
9da3dfc9-f407-4c18-8507-9f6213a02c2c,9783401053684,340105368X,Lakota Moon,openlibrary,1.0
4b185115-3ec8-41df-839b-e5f99038c778,9780571248094,0571248098,MINI,openlibrary,1.0
0c6ccbf8-8e59-4df4-a802-3c23b9c1feb9,9783462043020,3462043021,Tod im Schärengarten,openlibrary,1.0
d5130ae3-042f-4382-8f96-b2bedf72f253,9783492263764,3492263763,Das Herz ihrer Tochter,openlibrary,1.0
7796d794-6e97-4b0d-afb6-3c54fa94ad5a,9780753559697,3453606612,Fake History,openlibrary,1.0
85daf0f8-30cb-4b4e-81a0-27640f47f502,9783424010350,3424010359,Bin halt ein zähes Luder,openlibrary,1.0
3eea5146-1f65-4849-b07b-f2ebe0bf9e8c,9783596159543,3596159547,Kristall der Tra ume,openlibrary,1.0
c1b26d97-1cf8-4016-b5a6-b198d7d850e4,9783453018426,3570061620,Brandspuren,openlibrary,0.98
a14b3da0-24da-4db7-841b-beda08f5f2a7,9783596194179,3596512913,Wachstumsschmerz,openlibrary,1.0
b52862ad-ad4d-4d6f-9115-2e02c967e4d9,9781523084692,1523084693,Eat That Frog! Cards,openlibrary,1.0
da42e151-9695-4cc5-aac2-99e557205d6d,9783426637760,3426637766,Sieben Tage für die Ewigkeit,openlibrary,0.988
13bf5795-5c57-4b71-a446-96462be98ac5,,,Le Sahara,openlibrary,1.0
3dfc336e-ac85-4f77-9842-0d84fe4c0527,9783771803643,3771803640,Rundwanderungen Oberbayern,openlibrary,1.0
94b2373e-46da-4532-bb2e-1445cb902db6,9789995691882,0812416406,The Outsiders,openlibrary,0.792
6a530066-5a14-4dde-984c-f7bb1ff5dacf,9783492033541,3492033547,"Die Freiheit, aufzubrechen, wohin ich will",openlibrary,0.51
ee3e6897-0634-4480-b8c2-7e3c42ebb3f3,9783426613054,3426613050,Das Leben - Live,openlibrary,1.0
74e3e355-ace0-4f2f-8f9f-e44151104146,9783548250687,3548250688,"Ally McBeal. Alle Folgen, alle Facts und die besten Sprüche",openlibrary,1.0
e62eb70a-fadc-4b0c-87f9-24ee9a0db1c6,9782226216212,3453435834,Misery,openlibrary,0.98
9eaf01ad-ce4c-45fc-92b9-ec1ffa9e6a4b,9783720523066,3720523063,Die Macht Ihres Unterbewußtseins 2003. Abreiß- Kalender,openlibrary,1.0
8a4b9a53-e2fc-4cc0-8fcc-8d37c37786cd,9780755361809,0755361806,Demand,openlibrary,1.0
4ad10802-29c0-4ba2-b98d-b37aa8ed0c85,9783570585122,3570585123,"Die Analphabetin, die rechnen konnte",openlibrary,0.635
6caa0d8e-660d-4132-86fa-06a85256bed3,9783827319296,3827319293,Assembler,openlibrary,1.0
16db590b-44c0-4048-991f-f2982e7b5f5f,9783426040089,0880641274,Von Bismarck zu Hitler: Germany from Bismarck to Hitler,openlibrary,0.984
eadc98e3-2acb-40dc-9487-9c96ef2692bd,9781617938825,0755346289,House of the Wind,openlibrary,0.977
ecf2e0dc-1ff1-40b3-bc9d-ed9fe62b4572,9783492258951,3492258956,Tausend Tage in Sizilien,openlibrary,0.948
d9795959-892c-43bb-bde2-b700d54680a9,9783442165155,3442165156,Magie des Tantra,openlibrary,1.0
1fda63fd-3f97-4d94-b445-231cb6201c6a,9783426515532,3426515539,Saucool,openlibrary,0.97
b5e4509e-6987-4f53-aeb0-204ff96543e4,9783442720132,3442720133,Lempriere's Wörterbuch,openlibrary,0.981
ec618cee-0ee9-4598-abd2-735bce6f4cf4,9782840705826,2840705826,New York /Le Meilleur Guide Sur New York [Broché],openlibrary,1.0
f1156a0d-a616-4aa4-a1a0-ae161914dd12,9781409007227,0375728082,Omerta,openlibrary,0.992
7760418c-7bf6-44d1-b385-fd87f9b0cea3,9780007442447,0007442440,Scotland the best,openlibrary,1.0
56ee7995-91d0-402f-a81e-c84541cd1a41,9783473580163,3473580163,Dich krieg' ich auch noch rum,openlibrary,0.487
66ef11d7-6741-4da2-90e3-0a60f0820c1b,9783570053669,3570053660,Heilmethoden de Aussenseiter,openlibrary,0.924
dbee31c7-0567-473e-a9da-67ae9a46f6c8,9783453000674,3453000676,Das herz der 6.Armee,openlibrary,0.987
67d200ef-6c98-4e22-bc2f-7d2a93f57c79,9783453645264,345364526X,Eisenvogel,openlibrary,1.0
db6a624f-bf8e-4449-8515-281a378e7d1b,9783426011775,3426011778,Verheißene Erde. Roman,openlibrary,0.675
613be7f0-b37b-41fd-9472-9e9708ffff3c,9783548609027,8416087210,Tiefe Wunden,openlibrary,0.984
8782389f-47cf-41e6-b560-fcaec8680fe0,9783518391969,3458342176,Ein Haus in Italien,openlibrary,0.974
01688871-946d-4a60-a932-7717b3cbdd54,9783442742035,344274203X,Mit Blick aufs Meer: Roman,openlibrary,1.0
9d2a3861-716e-441e-973d-6cc0030e6788,9783426784990,3426784998,Von Kamen nach Corleone,openlibrary,1.0
67d8da3d-8e65-4e75-96fe-88cbe6728576,9783453058170,3453058178,Angst vor Deutschland,openlibrary,1.0
44109893-2f20-4531-be77-596aa4caeb6c,9783453863989,3453863984,Liebesmenüs. Raffinierte Köstlichkeiten für sinnliche Stunden,openlibrary,0.495
687cbdc0-2526-4c7f-ba76-ade374388bec,9781869341091,1869341090,New Zealand,openlibrary,0.946
57fa5151-6b14-4f57-b191-6c56b3162a7c,9783453873629,3453873629,Wolf und Adler (German Edition),openlibrary,1.0
4a3763ce-b616-4825-a1a6-5e66b349f0c7,,,Die ewigen Mayas; Zivilisation und Geschichte,openlibrary,1.0
ae67ab7f-13a0-4c14-8583-9fb498e1f10a,9783442737574,3442737575,Patriarchen,openlibrary,1.0
15cc2f16-eecb-46c2-8bed-f38c378fea63,9783453020788,3453020782,Frauenbataillon,openlibrary,1.0
250a63df-d25a-40bf-b392-b9d4cdd0ec3b,9783442083862,3442083869,Wer sich nicht wehrt..,openlibrary,1.0
08e3c34e-a80d-49e2-8a14-b9940b358ed7,,,Fatu Hiva,openlibrary,1.0
5981393b-6b31-4121-8c16-6a650ee6d109,9783552061163,3552061169,Der verirrte Messias,openlibrary,1.0
e54200d3-209d-43d8-81c3-de13cc36af47,9783426196625,342619662X,Blutiges Eis,openlibrary,1.0
9d9c5483-540f-491e-8acd-a543e7adbc3d,9783406480928,3406480926,China,openlibrary,1.0
261d0d52-4635-4b8a-9733-c1a4f6bfdd7a,9783548367484,3548367488,Meines Vaters Land (German Edition),openlibrary,1.0
3db60530-cc41-4675-b80e-f5b7424421e9,9783453187153,3453187156,Reisen ans Ende der Welt 1325 - 1353. Das größte Abenteuer des Mittelalters,openlibrary,0.978
337b683a-5906-48cc-9da2-bca2e02b3107,9783426520161,3426654121,Schwert und Krone - Meister der Täuschung,openlibrary,1.0
748b004c-390f-4a69-935e-76fe10a803d4,9783406556142,3406556140,Der Gott der Alpträume,openlibrary,1.0
b917710d-87a3-46e4-959e-81f95600bc8c,9780071641593,3492047610,Weltkrieg um Wohlstand,openlibrary,1.0
3ff368b4-80c6-4a28-b70a-56fb8e90056a,9783216304773,3216304779,Soledad oder Im Süden unten,openlibrary,1.0
7f38341d-dd90-458d-8473-11799b9a6acf,9783492274425,3492274420,Im Land des Silberfarns,openlibrary,1.0
d57d41c2-d96f-4844-98df-33aa86be2f26,9783453181243,3453181247,Die Scream-Trilogie ... und die Geschichte des Teen-Horrorfilms,openlibrary,0.405
8f630151-9db7-4525-9bcf-79b5710fee5f,9780320066436,0525480404,Bonjour tristesse,openlibrary,0.983
8aa10fbb-537a-47a8-a33f-bb61541baa7b,9783423078054,3423078057,Behalt Das Leben Lieb,openlibrary,0.922
905940ee-f38b-49eb-a69f-c129b1a82117,9783423782630,3423782633,Zu cool für dich,openlibrary,1.0
a778fc25-e8d1-47a7-a0f2-bede24869b1a,9783630875729,3442718961,Neujahr,openlibrary,1.0
63980313-7133-4305-807f-ff49e932e30d,9783570029886,3570029883,Im tal der bittersüssen Träume,openlibrary,1.0
5a33fabb-da3b-4b73-ac42-abd22e44cb01,,3452004833,Strasse in die Hölle,openlibrary,1.0
44a46d42-6dac-43b6-8e77-bcc4c7828301,9783453001541,3453001540,Der Letzte Karpatenwolf,openlibrary,1.0
67ae1062-2935-4078-aff8-420e36bb1150,9783453006249,3453006240,Der Patron,openlibrary,1.0
613bd8b7-d042-4645-bf5d-dd3351ee6917,9783596235070,3596235073,Indien im Monsun,openlibrary,0.968
3d442c81-52ef-4d1d-bccb-25b289030c13,9783800022809,3764191724,Das Siegel,openlibrary,0.983
e1587768-d105-4802-bbde-a4c33555f094,9783453866638,3453866630,Alexander ; Alexander in Asien: zwei Romane,openlibrary,1.0
87d39938-4ca3-4526-b967-32265d139da1,9780552554091,055255409X,Goal! 3,openlibrary,0.714
2bbffe7d-bf04-4c74-9b59-eeb6497ff9b1,9783518379929,3458145079,Der Wanderer,openlibrary,1.0
32a37bf1-1419-4163-82b1-ed4f07bc06c7,9783453021211,3777002364,Heimaturlaub,openlibrary,1.0
290ba447-fb52-4804-89db-0f0af15b16c1,9783549072844,3549072848,Lebensformen im Mittelalter,openlibrary,1.0
d992fb1b-1cce-499a-812f-09974794d87d,9783492235068,3492235069,"Die 85 Methoden, eine Krawatte zu binden.",openlibrary,1.0
2db1af28-aa5e-4e5d-a707-7974617d75d4,9783778771808,3778771809,Tao Yoga des Heilens,openlibrary,1.0
51779dc7-0b67-435e-960e-98b2d448c2db,9783426520161,3426654121,Schwert und Krone - Meister der Täuschung,openlibrary,1.0
13ec3416-e662-44ae-b9b0-f4a8e51836a7,9783492237789,3492237789,Die Portugiesin,openlibrary,1.0
0b7412cb-5354-4f9e-ad74-38cee00d2a8c,9780377660885,3776611162,Der grosse Kulturfahrplan,openlibrary,1.0
2c50aa09-abbe-4cf5-897c-06e26e8dc27f,9783764505257,3764505257,Der Eismann,openlibrary,1.0
c17e5b14-cba9-446f-b30f-b09b9b7923fd,9783442433933,3442552796,Schatten über Babylon,openlibrary,1.0
3c838d19-f855-4c76-a66d-d45c96db1879,9783426195505,342619550X,Die vierte Schwester,openlibrary,1.0
28a6dd5f-28b8-4ded-ad18-df2abcf70149,9783426770702,3426770709,Die Frauen von Deh Koh,openlibrary,1.0
6a09ebff-3b27-4490-a20a-fd0ebc930d7e,9783458175209,3458175202,Liebe,openlibrary,1.0
6510a27d-0252-4d85-b1f2-d4b114911f25,9783746654218,3746654211,Der Laden 1,openlibrary,1.0
254ada91-ff82-40e7-a189-6f35f0bef713,9788197022272,7115564671,"How to Take Smart Notes: One Simple Technique to Boost Writing, Learning and Thinking – for Students, Academics and Nonfiction Book Writers",openlibrary,0.98
32d62cea-d220-4410-ae71-e7dfaac18973,9780862250881,0862250889,Nicholas Nickleby [2/2],openlibrary,1.0
54e1fb1b-64ce-49c5-8489-3f26c735187d,9783875010428,3875010426,Geschichte des Mittelalters,openlibrary,1.0
ca919670-f85d-4753-9e9a-51dd4a333972,,,The African Queen by C. S. Forester (2008-07-10),openlibrary,0.542
1b7f305e-c502-43f3-a491-b93d92abfac5,9783551312914,3551312915,Der Schrei des Löwen,openlibrary,1.0
503b0a92-c404-4ddf-b3aa-6a83d0086d5e,9780340406755,0340406755,All This for Love,openlibrary,0.461
824f5091-0310-4925-b12e-929fbcb581ae,9783442424665,3938398108,Abschied am hohen Ufer,openlibrary,1.0
3705b1f7-748f-4a01-9be4-0fe282b170c5,9798582820673,0794549012,Treasure Island,openlibrary,1.0
f6de28fd-612f-45f6-b0dc-6e3199b78d06,9781855975750,1855975750,Romeo and Juliet,openlibrary,1.0
897d7586-0d8f-41c1-bb59-18339027a5af,9783442005000,3860704583,Die schönsten Sagen des klassischen Altertums,openlibrary,0.974
efcdfb56-d5fe-4a57-9068-a52dd8c5c771,9781985285866,1727894731,Adventures of Huckleberry Finn,openlibrary,0.975
3f574cae-0956-4ff7-9238-34781e925ce1,9780434009053,0434005789,The Hannibal Lecter Omnibus (Hannibal / Red Dragon / Silence of the Lambs),openlibrary,1.0
2421950d-d0f4-4ab2-820c-517ad38ad253,9781580609975,158060997X,Test Advantage title,openlibrary,1.0
04be8f34-8d4c-4cca-86ed-f05fe1c5c6f1,9781580609975,158060997X,Test Advantage title,openlibrary,1.0
ce255def-b539-4158-8b7c-b994d420b7c6,9783442064779,3442064775,Der Feuergott,openlibrary,0.974
da3b8000-9acf-44b3-9e68-e36ac203abe1,9783453013544,3453013549,Alternatives Leben,openlibrary,0.936
04a061e3-27cb-4356-aeb1-2da0b109aeb7,9783522502535,3522502531,Charlottes Traumpferd 01,openlibrary,1.0
f51a2d01-e77c-4ac8-bcd0-595414de1740,9782330034979,144477963X,The Blazing World,openlibrary,0.978
2261380e-0021-4b99-8548-8cb5c8b6bee5,9783453471368,3453471369,Erbe und Schicksal,openlibrary,1.0
bef844f1-e2fa-46a9-9a99-2174e27b9bc8,9780140244427,8401461081,Eva Luna,openlibrary,0.985
37828adb-440b-4dfb-b98b-9151f6c0564f,9783442435081,3442429552,Die Puppenspieler,openlibrary,1.0
d6ff2abe-1a3b-48c3-a217-dabd59df49ac,9783475522789,3475522780,Die Lena,openlibrary,1.0
fe353bda-b6a0-4b51-a2a5-92514ad03004,9783404243488,3401503715,Die seltene Gabe,openlibrary,1.0
67388539-8c30-45f7-9f72-96ec9f929eb4,9783499169908,3462023764,"Ihr da oben, wir da unten",openlibrary,0.29
0a9f1b51-296f-45f8-9a13-545493289d1a,9783760904962,3760904963,Der Kandidat F. J. Strauss,openlibrary,1.0
a840674e-d912-4e50-bd6f-6976fff7e67e,9783471786529,347178652X,Und keiner weint mir nach,openlibrary,0.981
9d0e48db-84bf-48fc-b7ef-6a646cb180c1,9781476767338,1405918063,The Rosie effect,openlibrary,0.983
2455e626-d064-48fc-9930-0e4d87c043bd,9783426046272,342604627X,Amerika auf eigene Faust,openlibrary,1.0
1a545c85-d033-4755-9662-a8e461c2fa71,9783442221769,3442221765,Club der roten Bänder,openlibrary,1.0
3438c3e9-9a54-47a1-b392-481329eebce3,9783596101962,3596101964,Lockruf der Vergangenheit. Roman,openlibrary,1.0
dfdbd453-2a0c-435b-b43d-5fb519eca6d9,9783453018891,3453018893,China von innen gesehen.,openlibrary,1.0
238091fb-1df1-4603-b7a6-fe4ad15e5587,9783426277843,3426277840,Zukunft ist ein guter Ort,openlibrary,1.0
c7596109-2028-433f-8b91-f5aca902af06,9783462031744,3462031740,13 unerwünschte Reportagen,openlibrary,1.0
4f4722a9-d3b2-42a0-90e4-14fd2416a738,9783442443499,3442443490,Die Putzteufelin,openlibrary,1.0
68012668-1773-4cb7-b430-de4b3c4e92f8,9783550090592,3550090595,Shanghai Baby. 4 CDs.,openlibrary,0.51
6a584faa-432a-4814-a396-c08cb7389f47,9783596152261,3596152267,Unsere Hochzeiten,openlibrary,1.0
2badb8c2-a310-48a1-9c0a-0faaabc0ddd8,9783426007938,3426007932,Ein Hauch von Seligkeit,openlibrary,0.922
943d1dad-fbf4-47e3-b844-697d7c730a86,9783596176298,3596176298,Abgespeist,openlibrary,1.0
b6736070-259d-42cc-a5bb-3ec0784ba849,9783257213836,3257213832,Tod im Roten Pavillon,openlibrary,0.958
371a6641-08e1-488d-99a7-fd7fd1114dae,9783473580361,3473580368,Das Tor zum Garten der Zambranos.,openlibrary,0.585
7272c6d3-cd72-4987-be9e-a319e38cc496,9783426031766,3426031760,Ein Mensch Namens Jesus,openlibrary,1.0
5c62a2f4-7c3b-4fd2-9971-4c213f9e1c36,9783426260296,3426620332,Endlich über vierzig,openlibrary,0.998
2490fec5-2293-4a74-87bd-aba254d96899,9783492270571,3492270573,Das letzte Mahl. Roman.,openlibrary,1.0
35b034b0-b733-4fe9-b24c-8ce6b6915876,,,Das Reich der braunen Jakobiner,openlibrary,1.0
0354bcfd-6f06-414b-8d71-db5ee2ef3e96,9783492239424,3492239420,Dann fahr doch gleich nach Haus!,openlibrary,1.0
f12c1312-1360-40e6-b984-ceabafda9c8b,9783570004906,3570004902,Ein Kreuz in Sibirien,openlibrary,1.0
01525515-68fc-4bf8-be0a-b33fbc5f3fd0,9783442150267,3442150264,Die Kirschen in Nachbars Garten,openlibrary,1.0
7d29df29-dc62-4d1b-af5b-ce1ac5c0df03,9783518221082,3518373692,Der Kuß der Spinnenfrau. Roman,openlibrary,0.42
a2b38eb3-82a4-48a4-bfd3-60298393636a,9783596283699,3596283698,Sturmjahre. Roman,openlibrary,0.825
3a15b472-add4-4775-9ebb-bf121350aa4a,9783442441921,3442441927,Der Campus,openlibrary,1.0
743c3c4d-d763-481c-abc4-dc8c9b183921,9783805250122,3805250126,Was will man mehr,openlibrary,0.983
6ecc88e2-c5b8-4bfa-bec5-2c484f83c943,9783104002408,3104002401,Nachtzug,openlibrary,1.0
3d6bca9d-adb8-42cd-97c8-5a48baf3f5e8,9783896029911,3896029916,Schauen Sie sich mal diese Sauerei an: 20 Wahre Geschichten vom Lebenretten,openlibrary,0.926
5e4c60af-b846-4490-b585-d93680ec724a,9783442726257,3442736463,Die Schamanin,openlibrary,0.988
d24505d7-23ec-40ce-ae0a-3a1985e48c9b,9783103974829,3103974825,Permanent Record,openlibrary,0.985
4ce38220-32cd-4d5f-bbd8-51a86ae88b6c,9783548364445,3548364446,"Tippi aus Afrika. Das Mädchen, das mit den Tieren spricht",openlibrary,1.0
8794fbef-145d-44fd-94ac-25f328a47bdb,9783426639221,342663922X,Die Mission des Wanderchirurgen,openlibrary,1.0
aab082c6-a262-4f33-b011-4740cf223a96,9783662083710,3662083728,Lexikon der Wirtschaftsinformatik,openlibrary,1.0
c0d3ab4a-3364-4fbf-9da0-649442a97bb6,9783770104420,3770104420,Mexiko,openlibrary,1.0
7fcbd107-54fe-457a-9932-da34367d5991,,,New Yorker Legende,openlibrary,1.0
36ae28ed-dad2-4eac-b5f8-82d481e46587,9783807510538,3807510532,Elfenbein,openlibrary,0.898
d5e4e42c-81d0-4cd1-b301-78ae92ef0401,9783762804352,3762804354,Als China erwachte,openlibrary,1.0
469cf9bd-cfcc-4154-838a-fa51796ee2b8,9783770104420,3770104420,Mexiko,openlibrary,1.0
76802f87-3a49-4f8e-83be-8581683e0861,9780140272659,0140283587,Are you experienced?,openlibrary,0.795
76e92cfb-c47c-43ee-828b-5e2ffb18940a,9780951941379,0951941372,White Water South Alps,openlibrary,1.0
fc110761-eea2-44bf-8517-614aa17b7c27,9783711000453,3711000452,Wirklich wichtig sind die Schuhe,openlibrary,0.94
2183d6cf-229d-4849-b52d-46dacfd0ad81,9783770166084,3770166086,Heiliges Land,openlibrary,0.795
f9c8bf68-8375-4f12-b155-d1963df599cf,9783570585245,3570585247,80 Days - Die Farbe der Begierde,openlibrary,1.0
04af8184-28bb-4575-a7f4-dcddf0fc1b9a,9783897057203,3897057204,Sturmtief,openlibrary,1.0
9b030f48-0080-4fb1-8ca3-6e9672724c15,9783570009604,3570009602,Die Abgestellten,openlibrary,1.0
a614e5c5-ddb5-4530-a364-38cf02113301,9783870247515,3502110298,Vollidiot,openlibrary,0.978
0d2854bb-7eaa-4852-899a-49684b8f5f6d,9780060563462,0060563443,Skeleton Man CD,openlibrary,1.0
1efc7612-173c-4d76-b64b-7510b1b4c374,9781610660242,130675710X,Delivering happiness,openlibrary,0.985
15d5d6b0-20dd-437c-96d6-e38510392d71,9783442484454,3442484456,Coole Eltern leben länger,openlibrary,1.0
04addfda-56e8-4f49-b2e9-1904438a1635,9783596237876,3596237874,Beim Naechsten Mann Wird Alles (Frau in Der Gesellschaft),openlibrary,1.0
29facd5d-fb75-4143-8547-80197af51ab8,9783548207643,3548207642,Die acht Gesichter am Biwasee,openlibrary,0.98
444cec56-6022-40f8-90f1-f2a5435a7a1b,9783492276351,3492276350,Gebrauchsanweisung für Brasilien,openlibrary,1.0
e35fc312-f178-498a-8bb8-a188b52cada2,9783764500573,3764500573,Ein Hauch von Schnee und Asch,openlibrary,1.0
49888154-1fa5-41d9-835c-9c08168df011,9783492224611,349222461X,"Die Kunst, den Mann fürs Leben zu finden",openlibrary,0.395
b96ee686-43d2-4cdd-aea2-781ddf52fbbd,9783549072523,3548368905,Koloss auf tönernen Füssen: Amerikas Spagat zwischen Nordkorea und Irak,openlibrary,0.987
75cdaa5a-6f29-4c32-822e-d0b9ed91accc,9783442553495,3442553490,Kalte Glut,openlibrary,1.0
1e7174b0-62a3-4e00-aeea-d1b01ac622d1,9783453407152,3453407156,Stadt der Diebe,openlibrary,0.985
2d6e4daf-73f0-40bd-b895-2ec4f8768ff7,9783453070196,3453070194,Ulrich Wickert,openlibrary,1.0
7c62a6c3-6fb3-478c-a70e-0ea16f6d2741,9783430129428,3430129427,"Manns genug, Frau zu sein",openlibrary,1.0
2882d36a-379c-4a6f-a14e-27d81ae47c1e,9783453408012,3453408012,Die Einsamkeit der Primzahlen,openlibrary,1.0
fabaf187-a5be-4cdb-8a09-97fa529f34b7,9783426504147,3426504146,Aprilgewitter,openlibrary,1.0
36ff2766-4d59-478b-a159-bf9ce93a011d,9783596178605,3596178606,Der Sinn des Gebens,openlibrary,1.0
b9fae317-b92c-4de8-9896-430864142caf,9783492037372,3492037372,Die verbogene Raum-Zeit,openlibrary,1.0
7c713ebe-9793-4b29-9b00-5703d9bf1feb,9783502518693,3426711036,Im Bann des Pharaos. Roman,openlibrary,1.0
0002f973-eac0-41b5-9a4c-51b76763ed3e,9783421055866,3421055866,Tellergericht,openlibrary,1.0
29c9ae2b-df84-4805-8ab9-df03b45b1fdb,9783462033809,3462033808,Avenue Montaigne,openlibrary,1.0
8e995407-39a6-42f5-8feb-dbbe2d38ff4d,9781907263620,191108223X,South American handbook,openlibrary,1.0
541c3621-96a5-41ca-ab14-18ba40461234,9783453471344,3453471342,Spiel der Zeit,openlibrary,1.0
11e5bbbb-f4f7-4395-b28e-120a32bdc5b7,9783453470316,3453470311,Die Kammerzofe,openlibrary,1.0
d85f69af-586c-4037-9a2e-1c332c8bdafe,9783453015234,3453015231,Morgen soll es Wahrheit werden,openlibrary,0.996
ee1d317a-da05-4e1c-9d01-fd73676091fc,9780755346172,075531946X,Cityboy,openlibrary,1.0
e9a282ef-8480-4729-8050-7854dbc17cff,9783462047479,3462047477,"Vom Inder, der mit dem Fahrrad bis nach Schweden fuhr um dort seine große Liebe wiederzufinden",openlibrary,0.345
9e98d992-6c4e-4108-92c5-1acb7fc9e072,9783451708107,3451708108,Neue Abenteuer auf Island mit Nonni und Manni,openlibrary,1.0
07f8e324-36e9-4b59-9a48-de026e3a8196,9780756625016,0756625017,Istanbul,openlibrary,1.0
e82a8d87-2c96-4295-aa0f-526831054239,9780596150747,1565924347,MySQL and mSQL,openlibrary,0.99
8a72a49e-568a-4244-b45d-b4e4a2f4bebf,9780061868061,006186806X,Thanks for the Memories,openlibrary,1.0
143554e4-1413-46e1-8ede-e45db0a6a6fc,9783596138470,3596138477,Das Testament des Herrn Napumoceno,openlibrary,1.0
4f81b04a-bbe0-4119-b0f8-8145bf7878e6,9783518020272,3518020277,Es ist ein leichtes beim Gehen den Boden zu berühren,openlibrary,1.0
27f0e559-ee0f-4973-9cbe-2875615be0ed,9783596511099,3596511097,Die Eismalerin,openlibrary,0.94
dc14ea0a-9afa-46a5-bc84-2b72661122b3,9781538761557,1538749300,Long road to mercy,openlibrary,1.0
434c870a-f9a2-474c-be86-fe61a5a1a6af,9782744192067,8467219149,Digital Fortress,openlibrary,0.994
fd2b5b25-c4c5-42a7-b163-3cc686db0a7d,9782749904306,0743529731,The Rule of Four,openlibrary,0.977
2c4c340f-c243-4fab-a140-08392fc4ddcc,9783453053199,3453053192,Jenseits Von Afrika,openlibrary,1.0
cb46eca9-b960-4eec-8a43-9aed83a6212e,9783807510538,3807510532,Elfenbein,openlibrary,0.898
bcdcc9fe-c112-49cd-ab20-31f8234ac327,,,Treffpunkt Casablanca,openlibrary,0.954
652d430e-5a45-412f-94c0-3057f0bf5e3c,9783426620199,3426620197,Die Intrige. Großdruck.,openlibrary,0.615
5ecbd0ea-5bfb-455b-8394-e4c8ef6551fd,,,Der Erste Amerikaner,openlibrary,1.0
abd41493-0729-4a27-bcc8-09e8bb5e1ca2,,,Die bayerischen Seen,openlibrary,1.0
2bc344cc-9538-44e5-b929-cf9a1f6bc5d7,9783499631931,3499631938,Der neue Minuten Manager,openlibrary,1.0
87faf4cd-c0b1-47e8-8b84-0ed784609a51,9783596214570,3596214572,Die Lehren des Don Juan,openlibrary,1.0
6c765d09-c20b-4c58-b9cc-6e80c29710ca,9783430118576,3430118573,Mein Leben,openlibrary,1.0
d77e8bb0-1f10-4a8c-8932-6c3328f20e7e,9783257061642,3257061641,Fuenfte Berg,openlibrary,1.0
a21f7e1d-933c-43fb-af3d-8da550b90de8,9783442425280,344242528X,Philadelphia,openlibrary,1.0
3f703357-128a-47b1-ae52-849671dffd68,9783453048522,3471780823,Das Rußland- Haus. Roman,openlibrary,0.423
cee61d34-0470-47ef-83f8-380f78a9567f,9780062513984,0062513990,Am Ufer des Rio Piedra saß ich und weinte,openlibrary,0.989
885d6e88-80f3-4b0a-a114-92b52a5d44fd,9783442362066,3442362067,Der Insektensammler,openlibrary,1.0
05a8789f-6450-49c4-ba1e-d9e51561c69e,9783799694490,3799694498,"Wo die Bergfeuer leuchten. Dort, wo der Föhnwind weht. Das Mädchen vom Tannenwald. 3 Romane in einem Set",openlibrary,1.0
32b0556e-5d69-424d-a97f-e1492abb5f90,9780385421201,3442447119,Vendetta,openlibrary,0.993
6bfc2a0a-5ad5-4263-98f9-79a5739de7cc,9783453008106,3453008103,Saigon. (7234 791). Roman.,openlibrary,0.547
33275134-7575-4c2b-9853-0ad696237d8d,9783442372676,3442372674,Die weiße Rose von York,openlibrary,1.0
ea3f2393-c002-4f86-bbe0-01fd8cf9f49b,9783426636954,3426636956,Die Spur der Hebamme,openlibrary,1.0
a2e135bc-1508-467e-aa79-3f5af923e355,9783764504458,3764504455,BLACKOUT - Morgen ist es zu spät,openlibrary,1.0
4d0b7a32-d219-43f4-bc68-744c77e7acea,9783426502792,3426502798,Die Kaffeeprinzessin,openlibrary,1.0
08bce526-9232-46b2-a78b-67ab394bdbe0,9783430120340,3430120349,Kairo,openlibrary,0.998
7f52a39e-7b4e-4667-bcf7-441db8645b3a,9781860496066,1860496067,DESERT FLOWER,openlibrary,1.0
f920203e-7af8-4536-b224-fd817843b460,9783453152779,3453152778,"Diana-Taschenbücher, Nr.57, Eine Liebe in Indien",openlibrary,0.92
de30d3f5-3932-4be4-8da5-8d9c586dbad3,9788497592345,1402531990,Baudolino,openlibrary,0.985
4434af41-cd34-4f6d-879e-d66afcd2ebc3,9781804542361,0857893718,Der Augensammler,openlibrary,1.0
28dd5532-09e5-4176-8bb5-c61ff0acd37c,9783552060418,3442465869,Gut gegen Nordwind,openlibrary,1.0
7e02e028-9471-4cea-89a8-5044bd75d022,9783596140459,3596140455,Marcus und Eneides.,openlibrary,0.667
97b6fea6-b60b-49f4-a1da-7e82958bd09b,9783442034741,3442034744,Randi und das halbe Dutzend,openlibrary,1.0
6423449d-1d30-470f-940d-9bb7e50de4eb,9783426783887,3426783886,Lockruf Saudia,openlibrary,1.0
9671291d-4207-4f3c-bad3-e45344de448f,9782266052887,8321557686,Hornblower in the West Indies,openlibrary,0.984
68d6deb1-837d-450f-953d-f1a0742c4f7c,9783453874824,345387482X,Taco und Kaninchen.,openlibrary,1.0
bfe06a51-8f50-4c17-a4c8-1c29306845ac,9783453022508,3453022505,Feuerwind,openlibrary,1.0
5d955384-8903-4a8f-b1d8-8c58173b0f7b,9783426601136,3426601133,Der Rabbi / Die Klinik,openlibrary,1.0
fc38201f-b116-4b57-aca0-4451cdfa77ae,9781472235411,147223541X,American Gods,openlibrary,1.0
7426d95e-6acd-4e7d-9cb6-0684935fdb29,9781797143897,6555646616,Building a Second Brain,openlibrary,1.0
1343d0de-f58e-46d2-bcf3-1c05e4d6a111,9783453430761,345343076X,Dies ist nicht mein Land,openlibrary,1.0
4049768f-7b5d-4f2b-9be4-523f8ac5a5e1,9783453123380,3453123387,Die Aztekin,openlibrary,1.0
eea70825-1c96-4bc0-8b90-c83034e9f5c0,9783453177383,8427028121,Die Templerin,openlibrary,1.0
2377cae2-3e85-417c-acfa-9667f570387f,9783596282982,3596282985,Die Feuer von Glenlochy,openlibrary,1.0
5f9de59a-6f3a-42f7-a3cd-4a66d0b704d6,,,Die Wirtschaftsunternehmen der Gewerkschaften,openlibrary,0.977
c2f22ff0-7398-4fcd-90ae-35850c4bdf50,9783548253787,3802527712,Der Todesstoß: Die Chronik der Unsterblichen 3,openlibrary,0.484
2fc914e9-6112-4de4-8c6c-0a87594dcaf5,9783492229333,3492260594,Die Meute der Erben,openlibrary,1.0
bbed16fc-f90c-4ea1-8502-c3599db1eb6a,9788870683561,3442249473,Der wandernde Wald,openlibrary,0.988
857afa30-c7a6-4659-a0af-89065b94ecc2,9781877809439,1877809438,California healthy,openlibrary,1.0
ea4a788d-22fc-4023-b9fb-26e9a31f57cd,9783802583957,3802583957,Die Chronik der Unsterblichen 12. Der schwarze Tod,openlibrary,1.0
0fcea65f-f1b7-4ee1-9ca4-762b61d5f071,9783607000086,3607000085,"Das Leben der Wikinger. Krieger, Händler und Entdecker",openlibrary,0.43
42c0ef8b-4cc9-4c95-8032-5110523bca29,9783478356602,3478356601,Beziehungsintelligenz. Talent und Brillanz im Umgang mit Menschen,openlibrary,0.63
3bd7eeb2-b29a-44d1-91a1-3c39a4475073,9783960532002,3960532008,Saint Nick,openlibrary,0.97
07c8647d-3978-4ebc-bb4e-fe84987edcd5,9783453130906,3453130901,Im Netz der Spinnen,openlibrary,1.0
be943f33-6496-4deb-b950-75e82867bc5b,9788760810619,8760810610,Josephine,openlibrary,1.0
6ef57859-c391-42c8-aaae-9e06393f049f,9783426030950,3426030950,"Die Dinge, wie sie sind. Roman",openlibrary,0.48
d58d423b-2b27-4e2b-abe4-057a000d62e0,9788760810619,8760810610,Josephine,openlibrary,1.0
4856c15d-2be4-4cc5-90e3-a6d6a2a9f362,9783492047937,3492047939,Ich klage an,openlibrary,1.0
576ef8af-82e1-4989-9975-595da5db77b6,9780747208013,0747208018,Ill wind,openlibrary,1.0
992bc0c2-2bd2-4d8c-8ccf-c3e25e3f8092,9783426650752,3426650754,Der Mann Der's Wert Ist,openlibrary,1.0
4e7b029b-8ff5-43de-9146-c22b5e684b9e,,,Marco Polo,openlibrary,1.0
9c293132-9715-476b-a796-e5756991b699,9788773366073,8773366072,Dianetik,openlibrary,1.0
06ccf40b-ce95-4e9a-b12d-d5f7fb0a4e76,9783777003207,3777003204,Sibirisches Roulette,openlibrary,1.0
8a8e9555-2303-43e0-825b-33b9f103b009,9783570065945,3570065944,Hinter den Bergen das Meer,openlibrary,1.0
83804247-14f5-41f7-9f08-eeea796b54d8,9783499123955,3499123959,Konrad Adenauer,openlibrary,1.0
824f030b-d588-41cb-83d3-f355bc0b3a7f,9783596282029,3596282020,Marco Polo der Besessene II: Im Lande des Kubilai Khan,openlibrary,1.0
1bfc00e5-bbdb-4b92-9999-3ceea26ab182,9783596282029,3596282020,Marco Polo der Besessene II: Im Lande des Kubilai Khan,openlibrary,1.0
bd2864f5-b746-4245-80bf-b83f688fdaa3,,,Die Strasse ohne Ende - Roman,openlibrary,1.0
9bdb7536-803e-4e71-946b-ffd6bddf574f,9783442039258,3442039258,Verliebte Abenteur,openlibrary,1.0
10a84229-a900-429f-9672-2bf04f21c2ff,9783777003207,3777003204,Sibirisches Roulette,openlibrary,1.0
a4ba5105-acef-4521-9d69-0c8b6e88c4ff,9785170912360,9877251868,Mr. Mercedes,openlibrary,0.97
3a7f9ba1-f957-46bd-8b85-37d9a3bab0e9,,,Liebe ist stärker als der Tod,openlibrary,1.0
ff83dee1-aecf-427a-a519-22168a05abb0,9780450423055,0450423050,It Ltd Special Edition Npb,openlibrary,1.0
975580d6-3e82-45ce-a269-078050dc6f6c,9783548263298,3548263291,Der Gesang der Toten. Unheimliche Geschichten,openlibrary,1.0
adb13f47-05ae-4f00-abcc-6a467523d5e2,9780342834235,1554816378,The Alhambra,openlibrary,0.983
281e8f9a-6150-4404-bd93-4102f4104bc3,9783548610221,3548610226,Die Schuld des Tages an die Nacht,openlibrary,1.0
32117527-cc7b-4b7c-bdcd-cb879e1607d2,9783492275002,3492275001,Gebrauchsanweisung für Bayern,openlibrary,1.0
4a1f0a3c-dbca-431b-bcf8-f61640d17cb7,9783442457694,3442457696,Der fremde Gast,openlibrary,1.0
4a3885f7-a339-47bc-94fc-35abce320aef,9783442446711,3764525592,Unter dem Zwillingsstern,openlibrary,1.0
85a5cc79-4f00-462f-af93-c8c03e51e94f,9783455040043,3426031949,Fallschirmseide,openlibrary,0.978
f33ec400-8abe-41bd-b49f-95da2e039c54,9783426273838,3426273837,Nichts ausgelassen,openlibrary,1.0
60540cdd-a00e-4613-bf34-a1cf6e7292c5,9783442457694,3442457696,Der fremde Gast,openlibrary,1.0
36130a33-7eac-479e-9a9b-ffda9d5a2806,9780739384190,1906694176,The Girl Who Kicked the Hornet's Nest,openlibrary,1.0
8eb63e92-0bd0-4e8a-b13b-247fc6c3a2dd,9783442429790,344242979X,Dunkles Leuchten,openlibrary,1.0
ed276e20-5b77-49e2-ad48-5334022d4605,9783430155212,3430155215,Unsere Besten: die 100 grössten Deutschen,openlibrary,0.458
ea1d8124-ebe2-4942-a8c6-11b161a766b0,9783734111174,373411117X,AM ENDE DES SCHWEIGENS,openlibrary,1.0
674f3a32-a92b-4db8-a7ff-ad57aaee2446,9780368266966,0062860941,The Tattooist of Auschwitz: the heart-breaking and unforgettable international bestseller,openlibrary,0.979
6def42db-9cdb-4e0f-8569-8c759640fe5e,9783426788646,3426214016,Denken wie ein Shaolin,openlibrary,1.0
0cb47068-c4dd-4270-91f7-23ff89bc42ed,9783570010419,3570010414,Nach dem Sturm erhebt sich der gebeugte Bambus,openlibrary,1.0
df4bd195-fa28-48a9-afea-dd3349a8c6d9,9780857058645,3518469207,Die Hauptstadt,openlibrary,0.983
7dd3f932-d1fc-4ad8-b30d-6a9a2334d541,9781856190121,1856190129,A woman to be loved,openlibrary,0.915
9a14bfb2-4486-4655-bf93-1588edc71422,9780720608595,3492039324,Die stumme Herzogin. Roman,openlibrary,0.98
53e12528-301d-4d45-8cc7-f1b5ddd07b88,9783550080555,3550080557,Im Wald,openlibrary,1.0
41fc3c53-4e3f-4f3e-9a3d-667ce3437908,9783807500041,3807500049,Die Nackten und die Toten,openlibrary,0.996
5fbfdaef-ae46-4e1b-bd89-f735fb478b66,9783550083112,3550083114,Sulha,openlibrary,1.0
80dccc49-5b8c-4a30-89e6-f2990790480a,9783596144167,3100492102,"Eureka Street, Belfast. (übs. von Christa Schuenke)",openlibrary,1.0
1abcc4aa-cb7c-4db4-86ad-c49c03834d90,9783596299065,3596512573,Simpel,openlibrary,1.0
7fe9eb91-a006-4c84-9fc5-1e9185908c4e,9783871640476,3871640476,Die eisernen riegel zerbrechen,openlibrary,1.0
b7ed8f96-e0da-49f3-9a6f-1375cfcbec2b,9783550050169,355005016X,Monica Lewinsky,openlibrary,1.0
56ab5ef1-74fb-4554-8111-6b3e74b84c9f,9783492264181,3492264182,Nett ist die kleine Schwester von Scheiße,openlibrary,0.51
8d5f7401-2945-49e2-a341-5b37d6915b3b,9783426702390,3426701308,Die Farben des Stahls 1. Stadt der Schwerter,openlibrary,1.0
8220ddef-9ddd-48c1-b0de-e27acbe8df8e,9780613174794,3426194422,Riptide,openlibrary,0.977
64a65d06-5fd5-405a-89e5-307f3446c57c,9783426633755,3426633752,Der Canyon,openlibrary,1.0
fabdad42-3d5c-4297-b28f-fb71c20b3259,9783453186750,3453186753,Bruder Cadfael und das fremde Mädchen / Bruder Cadfael und der Ketzerlehrling. Zwei mittelalterliche Kriminalromane,openlibrary,0.92
0ee7abae-c357-4b00-9b3e-697ebbc7649e,9783764508517,3764508515,Tara Calese,openlibrary,1.0
f12d87d3-c248-4971-835b-ec35460c73ad,9783436010904,3596211166,Daniela,openlibrary,1.0
842dd18b-8e15-4866-898d-1349c14e89f4,9780002326520,3257229305,Die Apothekerin,openlibrary,1.0
1fdac0ad-2279-4f7d-b46f-8b64273ff16a,9783426197233,3426197235,Maniac,openlibrary,1.0
b3cc9d5f-8127-40f0-ae37-8ac66c2d2e02,9780786544400,1101146524,Chesapeake Blue,openlibrary,0.976
e16b345f-c691-44fa-b0d9-da30ff34f308,9783430118620,343011862X,Gelebte Geschichte,openlibrary,1.0
a961b888-44a1-43a5-a6df-ad4b39405d62,9783426871072,3426871076,Feng Shui,openlibrary,0.93
b524ad80-3480-4d1e-8f7d-fc8d9a031acd,9783453432017,3453432010,Angstspiel,openlibrary,1.0
54077a93-d5f2-476f-80cf-1e575b69a6a7,9783473581474,347358147X,Freak. Verfilmt als 'The Mighty',openlibrary,0.472
0ac4dd4f-01e8-4a28-bef1-791d94afcbd4,9783257018691,325722575X,Der Hahn ist tot,openlibrary,0.979
7463b681-b410-4765-9e99-8ce4bd8a098f,9783442151714,3442151716,Mond über den Reisfeldern. Auf den Spuren meiner Familie durch Vietnam.,openlibrary,0.48
a9673849-dda7-40de-9537-480313d0e73b,9781681378534,3518429256,Stern 111,openlibrary,0.705
71026e80-91fd-4b78-b8b9-787eb788d80c,9783570005446,3442152194,Afrikanische Totenklage: Der Ausverkauf des Schwarzen Kontinents,openlibrary,0.472
ef03460a-43e8-44ee-a16e-bdaddd354981,9783518377710,351837771X,Die Federn des weissen Adlers,openlibrary,1.0
c7cdcb24-9c17-4cc8-abe1-935012071cce,9783426524053,3426524058,Sonnenfeuer,openlibrary,1.0
751afe76-ea4a-405f-a41c-73a79d8934c3,9783426195574,3426195577,Der Chirurg von Campodios,openlibrary,1.0
7346ae9e-18b9-44ee-b68a-93bedad9cb22,9783426506509,3426506505,Oktoberfest,openlibrary,1.0
9956a114-852e-4eb5-92ca-6e34bb2d9d2d,9783888512278,3888512271,Die Wandalen,openlibrary,0.946
7aa1d7a2-4a64-4441-a471-857f202edc82,9783707602265,3499143240,Wie kommt das Salz ins Meer,openlibrary,1.0
fdce7c3f-5463-469e-862f-0ded21e16ba1,9783442357925,3442357926,Schiff über dunklem Grund / Herzschlag für Herzschlag. Zwei Romane in einem Band,openlibrary,1.0
8401c3d5-31eb-40c8-ba3e-14a07d5d9dce,9783442416172,3442355273,Verlorene Spuren / Nie mehr allein. Zwei Romane in einem Band,openlibrary,1.0
801cef13-479a-4c80-bf8a-79409e865bc8,9783257062311,3257062311,Die Dunkle Seite des Mondes,openlibrary,1.0
fa1c331d-9a50-40e9-8c47-0c70f76f5320,9781416959427,1847380891,Boot Camp,openlibrary,0.829
d4f54bd6-7bee-4a99-9269-d566e93dd889,9783453197503,345319750X,Ja,openlibrary,1.0
485c8816-4682-45d7-bf9c-dbf18fc0a60b,9783570004265,3570004260,Den Gottlosen die Hölle. Der Islam im zerfallenden Sowjetreich,openlibrary,0.996
046a0a79-286e-4622-b26c-a914795fca99,9783475532153,3475532158,Berge erleben,openlibrary,1.0
75dcd0d7-3ea7-40c1-9ac8-41a67a9970de,9783426635742,3426635747,Schicksalstage,openlibrary,1.0
92910215-646a-4896-af9b-747a91959bd6,9780739384190,1906694176,The Girl Who Kicked the Hornet's Nest,openlibrary,1.0
e9c23aed-a623-4923-8fce-3fdc3ba1b82e,9788770702065,3746624819,Die Offenbarung,openlibrary,0.983
f94a4919-a90b-4989-9502-85120d059f67,9783442414055,3442414059,Diamanten-Dynastie,openlibrary,0.765
4f976e7f-915a-400c-8461-f0189dccb31b,9780140173819,3442761441,Lenins Hirn,openlibrary,1.0
535d18a9-1bad-4e96-a4ee-329305cc8fce,9783895331862,3895331864,--und auch nicht anderswo!,openlibrary,0.623
6c6c5fa3-5667-4ca2-86cb-4d1c023bc2d6,9783492006705,3492006701,Das Karl-Valentin-Buch,openlibrary,0.667
abdb80d7-ffea-48a4-bbf7-28bd9c43a633,9783426273104,3426273101,Der SS-Mann: Josef Bl osche - Leben und Sterben eines M orders,openlibrary,0.42
bfd60ab3-f71b-4321-a1e3-8c26cae986fb,9783407800640,3407800649,"Sombo, Das Madchen Vom Fluss : Erzahlung",openlibrary,0.435
3a21932e-ac44-479d-8b77-b66d19767376,9783492274944,3492274943,Keine Macht den Doofen,openlibrary,0.924
0179517a-552c-4dbc-9923-2d10224b81b7,9783879594399,3879594392,Die japanisch-amerikanische Herausforderung,openlibrary,1.0
396fd544-4d53-4d0c-806e-f68e7aae7618,9783471772508,3471772502,Das Mädchen mit dem Perlenohrring,openlibrary,1.0
8c588d2e-bd7b-452f-b0d1-2986d6b33c30,9783442357499,3442357497,Glück kennt keine Jahreszeit. Roman,openlibrary,0.6
44ed0e3a-0495-4080-9f37-d4a8cee91f15,9783550085260,354907638X,Friedrich der Grosse: ein Königtum der Widersprüche,openlibrary,0.942
ef2054cb-54b9-4a1e-8e34-74594cdf5ecf,9783426632307,3426632306,Medusa - Roman,openlibrary,1.0
11f1d209-7922-4edb-ba70-56893f5ea638,9783862652198,386265219X,"Schantall, tu ma die Omma winken!",openlibrary,0.585
3039b28f-8d43-4165-971c-4b4a19fab5d6,9781322197319,1322318174,Mathematik Fur Wirtschaftswissenschaftler Epdf,openlibrary,1.0
af4edbc0-c1e0-4c5e-bf5f-328f048d6fb4,9783518397718,3518463187,Verschwende Deine Jugend: Ein Doku-Roman über den deutschen Punk und New Wave,openlibrary,1.0
da1b1652-9271-414c-a9af-021a93804b7d,9783103972733,3103972733,Der Ursprung der Welt,openlibrary,1.0
fdc0c25d-bd13-4fe2-b84a-ca223048ce51,9783880227729,3596123585,Die kalte Haut der Stadt,openlibrary,1.0
09d4ff0d-e028-4718-a966-94fcd81263ba,9783596158515,3596158516,German Amok,openlibrary,1.0
7d523971-0a95-46d9-9880-16dff0a70039,9783570031193,3570031195,Der vergessene Pharao,openlibrary,1.0
58d5b9da-8dce-4725-ac74-8de096a5674c,9783436014926,3436014923,Sport in der Klassengesellschaft,openlibrary,0.992
ef3df970-562e-4777-9017-b6cd39035137,9783446246409,3446246401,Wie ein flammender Schrei,openlibrary,1.0
4b4e8010-bc45-4e93-b049-8362835c005a,9783777002170,3777002178,So wird's nie wieder sein--,openlibrary,1.0
1236b995-bccb-4f5c-84ba-331c0ab4b1b4,9783423340045,3423340045,"Forever young, Das Erfolgsprogramm",openlibrary,0.407
4a96a4ec-396e-4247-8bfd-5d4c7ec3d575,9783406563348,3406563341,Die Natur des Menschen,openlibrary,1.0
4ebf4039-d0ce-48b7-a581-ab50c34be1d4,9783475534409,3475534401,Der Brandner- Kaspar. Roman,openlibrary,0.608
d4166495-27ba-411e-b33d-4b8a2aaae7a0,9783453471139,345347113X,Die Friesenhexe,openlibrary,1.0
51eb507d-3558-4841-a42e-231e84b1d31e,9783417121964,3417121965,Mission und Menschenrechte,openlibrary,1.0
4329e5bb-efcc-4d0a-80c2-4f0299dd7efc,9783770108992,3770107314,Tangram,openlibrary,0.978
8c3d3a10-0a04-4926-b086-a49d18b7f5fe,9783550080456,355008045X,Was müsste Luther heute sagen?,openlibrary,0.928
8ecb5b34-4e80-4583-bb34-69dcc1fd4416,9780809420209,0809420201,Borneo (World's Wild Places Series),openlibrary,1.0
15c3abb6-ecc1-44c8-9c2b-3e148fa70f36,9783596137510,3596137519,Prophetin,openlibrary,1.0
8819df2d-513d-4b93-8294-c98e4f794798,9783426638040,3426638045,Das Leben ist nichts für Feiglinge,openlibrary,1.0
d75e9f0d-bbbd-457b-9fd5-04c429e3a2e6,9780857653208,1849531471,Into the Amazon,openlibrary,0.964
e0797c36-caa3-4de4-8a7d-7bdf4bddb25c,9783836215077,3836215071,Java 7 - mehr als eine Insel,openlibrary,1.0
2301e32f-f9ad-49f1-b693-4056d420c79d,9780451474018,1611762855,Edge of Eternity,openlibrary,0.983
1a6530ba-c89b-46c2-9e6f-b284df211f08,9783424012132,3424012130,Die Schule des I-ging,openlibrary,1.0
b5d6cb7f-30f6-49e0-b216-74eec925af3c,9783462028812,3462024612,Die Entdeckung der Currywurst. Jubiläumsausgabe,openlibrary,0.485
48ed5082-624c-4a59-8031-a1ba852c42cd,9783502110668,3502110662,Der Regler,openlibrary,1.0
1f853b14-01dc-4480-b178-0767764b5b3b,9783492270571,3492270573,Das letzte Mahl. Roman.,openlibrary,1.0
9b241ffc-685f-4abb-aa51-50cb426d77d6,9783453866638,3453866630,Alexander ; Alexander in Asien: zwei Romane,openlibrary,1.0
b8c07a0d-fc2c-45e9-b944-39d4ca781bdb,9783442068630,3442068630,Ein Kreuz in Sibirien,openlibrary,1.0
cca12ffc-bf16-4144-860a-8de5e9373a4d,9783596143252,359614325X,Im Schatten des Pferdemondes,openlibrary,1.0
d62d12eb-26b9-4528-918d-aae03039a3f7,9783426273609,3426273608,Himmelsbegraebnis Ein Buch fuer Shu Wen,openlibrary,1.0
a94a655b-ff5c-4a25-bc9e-39403a253546,9783775813273,3775813276,Amerika in uns,openlibrary,1.0
f7d0ff21-34a5-4901-8d5e-6b0cafb9d5f2,9783453440524,3453440528,Afrika und Ozeanien,openlibrary,1.0
b9c9d3ff-4370-4a5b-a5a8-841c10cbc560,9783453811805,3896673319,Nie wieder achtzig!,openlibrary,0.667
99794621-a8eb-41ad-8556-d912f77e9b3a,9783893931941,3893931945,Geschichte der Raumfahrt,openlibrary,1.0
60f0c130-adcf-49a3-994b-ef238264636f,9783596150311,3596150310,Der Fluch der Schriftrollen. Roman,openlibrary,0.72
29627d68-c9e7-4038-a857-85316a9b7466,9783406542169,3406542166,Die Autobiographie des Fidel Castro,openlibrary,1.0
55a62b82-fd69-4fa5-b4ac-22aea0e605ae,9783733500917,3794101227,Die rote Zora und ihre Bande,openlibrary,1.0
44056dcb-4a26-44f1-8d45-f3afa991f307,9783548031941,3548031943,Verbrannte Erde. Die Schlacht zwichen Wolga und Weichsel,openlibrary,1.0
39c3ef70-592e-463a-8465-5408f3fd7dda,,,Der Stille Don,openlibrary,1.0
1bee8cfa-7964-45fa-b1e4-586ef3e3b9c4,9783442161379,3442161371,Partnerschaft und Körpersprache,openlibrary,1.0
22f87229-b0f9-47a4-8c15-cb62303a33fe,9783800021543,3800021544,Marco Polo,openlibrary,1.0
8b2cf05a-2f5c-4810-b8ea-936c3cce8701,9783426779729,3426779722,Ruf des Dschungels,openlibrary,0.978
01124b0a-b0ff-4f0d-9dba-6a5363d1fcf4,9783925761300,3925761306,Im Banne Buddhas,openlibrary,0.977
1f9f3da9-1a75-4f46-9086-fcaae8deb907,9783462041811,3462041819,Ohne Geld bis ans Ende der Welt,openlibrary,1.0
5f237ff8-ae6c-4cae-915b-a5006c2a17a2,9783550100093,3453178734,Der Sturm / The Perfect Storm,openlibrary,0.983
74cccc9f-eea1-426c-b2fa-b217cc623214,9783426616499,3426616491,Auf dem Goldenen Berg. Die Geschichte einer chinesischen Familie,openlibrary,1.0
51c0e61a-c34f-4bf6-8515-c3fb3326c8a3,9783936740745,3936740747,Allein unter Russen,openlibrary,1.0
406a6740-532e-4eb9-9078-dc6a691fe5ea,9783980674638,3980674630,Gesund länger leben durch OPC,openlibrary,1.0
a2982716-722f-450f-a07e-42bf57174d8b,9783426516850,3426516853,Die Wundärztin / Bernsteinerbe,openlibrary,1.0
75c1fc0f-3536-4b34-b3eb-fdd709279422,9780330439299,0330439294,"Shall We Tell the President?; Not a Penny More, Not a Penny Less",openlibrary,1.0
96ec24c1-73b9-4f9b-a02a-11c1433b6f02,9783492301800,3492301800,Elisabeth,openlibrary,1.0
9b1624b2-9bf9-4556-b432-92a6f1e5b336,9783893971848,389397184X,Questions I have Always Wanted to ask,openlibrary,1.0
c6dd3baa-9bd4-43db-89e2-c9001bda9d16,,,Die Verdammten der Taiga,openlibrary,1.0
0d96e262-47e1-4b08-8637-143f73744904,9783453434714,3453434714,Der Gegenschlag,openlibrary,1.0
cae83979-0efe-4086-8b25-d29a2fad23cf,9783806828467,3806828466,Assessment Center. Erfolgstipps und Übungen für Bewerber.,openlibrary,1.0
f473c9be-8c02-4504-9a21-550560582e32,9783641027797,3641027799,Der verborgene Garten,openlibrary,0.97
0b9dc91b-4e9c-40eb-a83a-ed30a2cdc042,9780743575324,2226195963,Just After Sunset,openlibrary,0.97
7d9ab3eb-5d2d-4a9f-9720-f3667df0411e,9783702301354,3702301356,Namasteh,openlibrary,1.0
9967db32-dcb3-4559-8fcf-35b9d5280c3e,9781399751902,1399751905,The Racketeer,openlibrary,1.0
d19fe994-a755-4862-b179-3ffa8cfb2cfd,9783426782613,3426782618,Drachenwind,openlibrary,1.0
4048b58d-ad45-4f83-b83b-9ff360837c5c,9780909188894,0909188890,The murderous revolution,openlibrary,0.983
6345ce08-8915-4924-b2d5-5a9a152e3034,9783453701694,3453701690,Willst du normal sein oder glücklich?,openlibrary,1.0
92ba9e78-6505-4bbb-9882-f6d99bdba2d4,9783800025121,3800025124,Katzenwinter: Eine fantastische Geschichte,openlibrary,0.6
beff2447-97b4-4b07-871a-f43001e56e05,9788363960841,3442715342,Unorthodox,openlibrary,1.0
09365f64-a92a-40ad-b2b5-03e0cfef9695,9783548283517,3548283519,Wer Wind sät,openlibrary,1.0
08df3b11-57bd-48bf-8afe-f6db1741c4a8,9781407058849,1407058843,Appeal,openlibrary,1.0
6f487cc1-9e6d-44af-addb-62e097c18988,9783596125661,3596125669,Amazone,openlibrary,1.0
c6395b31-3fec-4f2f-bb0d-acf75012433d,9783453018891,3453018893,China von innen gesehen.,openlibrary,1.0
7c4156f4-7789-468b-9682-3325d29719c9,9783596224166,3596224160,Erotische Geschichten aus China,openlibrary,0.991
160a3052-00a4-4fa8-888e-6c433e3a89dd,,,Orpheus und Sibirien,openlibrary,1.0
03dc0fcd-32ba-4753-a35f-5f68023c86d7,9783629008312,3629008313,Die verborgene Welt der Geheimbünde,openlibrary,1.0
20e25e0a-17a8-484c-bbef-13a2a7155208,9780006161264,0316955167,The Winds of War,openlibrary,0.98
d7aa7ba4-72ce-451c-a8d0-fc3155ef637a,9788439704577,9685959579,The Eleventh Commandment,openlibrary,0.975
a156b1e3-e7f0-4bc9-ac31-ac0c52aec8c0,9783426778937,3426778939,Wiedersehen In Barsaloi,openlibrary,0.97
6effc240-fd34-4dd9-b9cd-8be4bac1899a,,,Das Haus Der Verlorenen Herzen,openlibrary,1.0
6d0194de-2940-4450-8e12-2586e46b39d0,9788478889013,054579143X,Harry Potter and the Order of the Phoenix,openlibrary,0.98
56dd2241-578a-4c7d-9e94-bb1998f90a19,9798671119602,1981779612,Heidi,openlibrary,0.884
fe9f1fbf-894b-4614-ab0e-b45635cc5e4a,9780440339526,1409092852,Big Girl: a novel,openlibrary,0.975
00157548-9bd9-4699-8d6c-d06f072c2565,9783880347922,3880347921,Der Weg des Kriegers,openlibrary,1.0
e2e3b42c-dbbe-4f13-aeb3-fe0abe363cbe,,,Rom,openlibrary,1.0
98834bef-18a8-4622-b7b3-b38ed28bf1ce,,,Labrador,openlibrary,1.0
61ec7848-e02f-467e-96ed-f18b946f65c8,9783858860873,3404122356,Das Echo Deiner Stimme,openlibrary,0.978
e06f5e22-1a94-4445-b842-49bf2f9af759,9781489099235,1781800561,The Dalai Lama's cat,openlibrary,1.0
260dda8b-6d71-466b-9a7a-2868656e204f,9780720608595,3492039324,Die stumme Herzogin. Roman,openlibrary,0.98
a7b3c5b7-c52c-40df-a4aa-e5d03f0fc67f,,,Library test for junior high schools - Form A-[B and Manual of directions] ...,openlibrary,1.0
3d354ef7-a063-4c5c-b89f-e38e07eabe18,9783257063738,3257063733,Elf Minuten,openlibrary,1.0
29ef5b52-46ed-42ab-9e0f-1320c29db8df,,,The Last Juror / The Broker by John Grisham (2007-08-01),openlibrary,1.0
ab1ecab4-5505-403a-b20a-462caec930ea,9783426630389,3426630389,Der Prinz der Finsternis. Historischer Roman,openlibrary,1.0
6aba7db7-fa35-48b8-913c-286f08e447be,9783800037773,3453211723,Die Frauen der Nazis 2,openlibrary,1.0
e8691737-9370-4794-841b-c71de299b72a,9783596152872,3596152879,Der weite Weg der Hoffnung,openlibrary,1.0
c56f7efb-508b-4c70-a396-f07bf16de131,9783453215320,345321532X,Der Splitter im Auge Gottes,openlibrary,0.458
ee859dad-312f-4b0c-9e1f-fb75a4201d8f,9783518020319,3518020315,Versuch einer Vermeidung,openlibrary,1.0
d2784741-f8f1-49fc-b2b0-4e43a2a024a2,9783548332413,3548332412,"Helmut Kohl: ""Ich wollte Deutschlands Einheit""",openlibrary,1.0
62dbc375-1295-40e4-969b-3cffa28aded9,9783936994995,3936994994,Ich: Erfolg kommt von innen,openlibrary,0.42
f3bb0004-1f7e-4866-b3c5-42918abef40a,9783492018722,3492018726,Achtmal Portugal,openlibrary,1.0
64ed0c5e-a050-4da6-a9b7-9263580e5b36,9783426272039,3426272032,Futter fürs Volk. Was die Lebensmittelindustrie uns auftischt.,openlibrary,1.0
f17bac8c-6cc1-4b89-a39d-075860e04dd3,9783453177604,3453177606,Tom Clancys Special Net Force 1. Todesspiel.,openlibrary,1.0
343544a2-2ee4-406f-9859-53423a751e13,,,Mein Indien,openlibrary,0.982
804db88a-47db-4f9f-8897-6c42b4d5805e,9783442364176,3442364175,Das Vermächtnis der Keltin,openlibrary,1.0
eba036bf-39e3-4a14-8e87-83bb4421e20b,9783570035795,3570035794,Krankheit Als Weg,openlibrary,1.0
30d4ab0b-9ada-4cef-872f-f8cbfc029213,9783406472152,340647215X,"Im Dschungel. Afrika, Affen und andere Leidenschaften",openlibrary,0.47
a6893e06-0338-47db-bc05-2b93c4caeb35,9783596173037,3596173035,Zusammen ist man weniger allein,openlibrary,1.0
929b7f31-37d8-4569-a93a-7b1010e9d0e1,9781407059457,0345531949,The Runaway Jury,openlibrary,0.97
4f3f87a3-a7cb-40d7-bf78-3df1f0b43ea0,9783552060418,3442465869,Gut gegen Nordwind,openlibrary,1.0
96a12ab7-c983-4bde-97b3-cae7c80988da,9781408815106,8573028920,"Eat, Pray, Love: One Woman's Search for Everything Across Italy, India and Indonesia",openlibrary,0.278
cf2cbb0c-331b-42b6-89a4-232fd7e6cc4e,9783453530249,3453530241,Denktraining,openlibrary,1.0
aaf996bf-476c-4ba9-8488-7d23e075456d,9783499626203,3499626209,"Wohin Geht Die Liebe, Wenn Sie Durch Den Magen Durch Ist?",openlibrary,0.98
1ed90ad6-e2e5-44b2-b233-011ad1ba78e5,9783426502211,3426502216,Robert Zimmermann wundert sich ï¿½ber die Liebe,openlibrary,1.0
a73eebe9-9439-47bf-9cc5-5598201a1928,9783451302046,3451302047,Das Ende der Geduld: Konsequent gegen jugendliche Gewalttäter,openlibrary,1.0
7f770bde-b09a-4d6d-814a-6f82d888a3ee,9783492118941,3492118941,Balkankrieg,openlibrary,1.0
20c3b95f-8c82-414a-8918-1b49b1f9c49c,9783462049626,3462049623,Hin und weg,openlibrary,1.0
bc3fc469-38f9-4de1-a204-e58a066b192c,9783251000203,3251000209,Dolce Madonna Bionda,openlibrary,1.0
a179d12f-431f-4f45-9123-d5a88b6fec10,9783453866638,3453866630,Alexander ; Alexander in Asien: zwei Romane,openlibrary,1.0
a80e65c5-3652-4bed-8528-3646d19ea548,9783442058877,3442058872,Denn am Sabbat sollst du ruhen,openlibrary,1.0
32860a9f-b32a-4357-bef4-b1acd015f0d1,9783453003125,3453003128,Der Fornit. Unheimliche Geschichten,openlibrary,0.487
fa3eaa75-4bdb-4f9c-b7e6-7cb491d2f68b,,,Verdammt in alle ewigkeit,openlibrary,1.0
20543ec5-8c3c-4af8-9222-f482228bd01d,9783203780016,3442755069,Kampf der Kulturen: Die Neugestaltung der Weltpolitik im 21. Jahrhundert,openlibrary,1.0
67f598b0-f633-4cf5-8d1e-41b258131bdd,9783596156962,3870245441,Anleitung zum Unschuldigsein: Das Übungsbuch für ein schlechtes Gewissen,openlibrary,0.51
f9dfb7fe-fd69-4818-b777-3d89406240a5,9783570004906,3570004902,Ein Kreuz in Sibirien,openlibrary,1.0
c57d3446-6894-4330-b752-2b86efe2e69b,9780342834235,1554816378,The Alhambra,openlibrary,0.983
936effde-e5c7-431f-a038-02dec34daef3,9783800024636,3800024632,Flucht durch die Wildnis,openlibrary,1.0
ee0e5a5f-7fea-4194-a7b0-59096e39f039,9783492051170,3492051170,Die Königin der Seidenstraße,openlibrary,0.667
59d314e2-a095-47e1-8d97-129be41dd0a7,9783453206977,3453206975,Ein Mann wie ein Erdbeben,openlibrary,1.0
436357dd-d721-4bbb-b0ec-cd9237b24c03,9783442088232,3442088232,Der Gefangene der Wüste. Roman,openlibrary,1.0
ceb5a6f8-fdcc-4a94-a844-a84324c11267,9783550090592,3550090595,Shanghai Baby. 4 CDs.,openlibrary,1.0
3b4f8310-7931-4322-811a-2d4d9d32e8c1,9783442068470,3442068479,Schwarzer Nerz auf zarter Haut. Roman,openlibrary,1.0
a7602f5c-97e7-440c-9801-10d615842cc2,9783453000841,3453000846,Natascha,openlibrary,1.0
cd02b9cb-dfea-4262-aef0-1ebd61426793,9783570021064,3442039355,Eine glückliche Ehe,openlibrary,0.989
9c7d0caf-56c5-460f-8ee9-d9f18ebddf37,9783442412181,3442412188,Die Straße ohne Ende. Roman,openlibrary,0.487
14eb7ba0-7fa5-4a1f-a4e5-72359773f4e7,9783777004112,3777004111,Das Regenwald-Komplott,openlibrary,0.705
15d2745e-4e7d-49c3-808b-c5a4492bdff4,9783881563215,3881563210,Genossenschaftspolitik in den Philippinen,openlibrary,1.0
94bb624e-f1cf-40e6-b090-b8b399c87b69,9781446457795,1446457796,Drawing Conclusions : (Brunetti 20),openlibrary,1.0
46b5864c-859d-4eb5-b796-4c2744c34cca,9783462015645,3462015648,Bittere Pillen,openlibrary,1.0
44f31464-559b-4dc9-bf04-a8650378d0ba,9783257063134,325706313X,Das Gesetz der Lagune. Commissario Brunettis zehnter Fall,openlibrary,0.412
9da62ce1-fc70-4d36-94a7-91c9e0153a53,9783426511701,3426511703,Der weiße Stern,openlibrary,1.0
65627dd3-72dc-4c20-a413-aa8e4f8cec97,9783257243888,325724388X,Endlich mein,openlibrary,1.0
eb213cbd-4c6d-41f2-a4fe-829e20c302cc,9783492300421,3492300421,Das große Heft,openlibrary,0.49
b4b3ec0a-3b21-423d-a802-91fbefc1d568,,,Richard Strauss,openlibrary,1.0
76aac514-1b8a-495c-b45b-47ba37131327,9783492300421,3492300421,Das große Heft,openlibrary,0.49
5fdeac79-15f3-4ad7-9383-2985213222ad,9783453013605,3453013603,Verdammnis,openlibrary,1.0
7848a1a1-5965-458f-b68a-21fbba70f68e,9783453013605,3453013603,Verdammnis,openlibrary,1.0
7e0e2078-0c47-4627-8b82-ad39be7f2f8d,9780552987332,0552987336,Iberia,openlibrary,1.0
96ad3dc8-7310-4024-a2ac-f7897e91f764,9780316034111,1600242707,The Host,openlibrary,1.0
6b47ca1e-b50c-497f-b862-280ee3ca287a,,,Der Sowjetmensch,openlibrary,1.0
968ac0fe-70be-4760-a88a-31c04c0e6e90,9783827011305,3827011302,Rechnung offen,openlibrary,1.0
5d0f0bd7-459c-423e-8cde-00a06327f858,9783426017302,342601730X,Verdammt im Paradies,openlibrary,1.0
34004d64-da9a-44a9-ac65-b6d84eaeaba2,9783442422470,0701135387,The Mummy,openlibrary,0.979
bc7569ea-cc46-49b3-b36f-e1f60671a8ce,9783453867925,3453867920,Der Goldene Kompass / Das magische Messer / Das Bernstein- Teleskop.,openlibrary,1.0
32f22b04-fac3-4b8c-9562-82debe8592ee,9780759513211,0316026786,Honeymoon,openlibrary,0.984
e834bc97-9ea4-4348-83d3-66a3d7cb3742,,,Das Leben Andreas Hofers und der Tiroler Freiheitskanpf 1809,openlibrary,1.0
b8e92f93-ca3f-4e76-8bda-927072576007,9783552036062,3552047034,Turlupin,openlibrary,0.977
de297035-0dd0-4011-bc8e-2896855681b8,9783453867925,3453867920,Der Goldene Kompass / Das magische Messer / Das Bernstein- Teleskop.,openlibrary,1.0
0c288735-6b95-4824-bee7-d99cdd202e58,9783453109865,3453109864,Das Celestine Meditations- Handbuch. Eine Einführung in das Vergnügen der Meditation.,openlibrary,1.0
7c71de1f-5887-43ea-9061-2a1719af69c4,9783426633755,3426633752,Der Canyon,openlibrary,1.0
561869f4-1f1f-45ef-b49c-635523f74c42,9783426631546,3426196484,Ritual,openlibrary,1.0
6cd96c09-5e3a-4343-bcec-52f9c6515832,9783453867925,3453867920,Der Goldene Kompass / Das magische Messer / Das Bernstein- Teleskop.,openlibrary,1.0
fab5bf1f-b3ad-4f2c-bb27-2db27ab3a644,9783442309412,3442309417,Der Sushimeister,openlibrary,1.0
87cd7b7c-c839-418f-94ea-f795fd27b929,9783426023884,3426023881,Doran und seine Schwester,openlibrary,1.0
e275f290-1012-4ab7-9ba8-988b32145839,,,Djin ping meh =,openlibrary,1.0
ffcb7d87-bd1f-449e-b80e-71e4932efefe,9783426625330,3426625334,Tod im Apothekenhaus,openlibrary,1.0
42cc0085-e332-4019-a446-875cfb6ebcd0,9783549072523,3548368905,Koloss auf tönernen Füssen: Amerikas Spagat zwischen Nordkorea und Irak,openlibrary,0.987
2a7c6e2b-959a-4fe2-afdc-ce36ae955413,9783552033382,3552033386,Entscheidung Delta,openlibrary,1.0
121e227e-9e15-4770-ac68-23f723a85a69,9783548374093,3548374093,Zwei Esel auf Sardinien,openlibrary,1.0
ef3e9f32-14c0-4bea-9517-9f4212e6ac7e,9783442414055,3442414059,Diamanten-Dynastie,openlibrary,0.765
c1c6f5e9-fa89-4b74-8259-46f6bc90138c,9788074322778,8874524196,Der Hals der Giraffe,openlibrary,0.97
18cc0f16-4ff5-450f-9061-3753ae8513c2,9783596512850,3462040448,Tiere Essen,openlibrary,0.993
ed1079f3-2566-4889-ab2a-05a6b4b31489,9783548202020,3548202020,Puppenmord oder bis dass ihr Tod ihn scheidet,openlibrary,1.0
d653444f-18dc-45b3-9ae3-ad9d59bd1d7b,9783462016765,3462016768,Das BILD-Handbuch bis zum Bildausfall,openlibrary,0.412
ab3cca4d-96e5-433b-9a72-0b3cc4430300,9788401321184,3764523123,Maradentro,openlibrary,0.976
7e963213-effb-441d-8501-14fa9adb7e39,9783442541454,3442463416,Der Teufel trägt Prada,openlibrary,1.0
983a48da-2153-44a2-9c20-aec1d3666f40,9788420631806,3548260683,Rumor,openlibrary,0.99
25483308-aee3-478d-afbe-00c136e1b9b6,9783426622544,3426622548,Die Hexe und die Heilige,openlibrary,1.0
923cfcf8-3731-4aed-b316-025498437133,9783596118496,3596118492,Zwei Jahre Ferien. Roman,openlibrary,0.57
f4413758-c507-499b-90cc-b5c4986ac55c,9783934872370,3934872379,Shaft und das Mordkomplott,openlibrary,1.0
74c7a182-b87f-40c9-9802-aa116ceda115,9780007719624,0002254867,The Bonesetter's Daughter,openlibrary,0.992
0f5ab5a9-9496-4e15-a3ee-5e7068c9dc48,9783426511916,3426511916,Kommissar Pascha,openlibrary,1.0
31ea8b3e-d6d7-4f1b-badc-73338718dad3,9783439910379,3439910377,In achtzig Tagen um die Erde / Der Kurier des Zaren,openlibrary,0.997
0711544b-9570-4ece-9c4c-3bdcf067ab3a,9783426660638,3426660636,Die Tochter des Salzsieders,openlibrary,1.0
f25ddd91-db70-45b7-ba88-802280ab2824,9783596133727,3596133726,Reise um den Mond,openlibrary,1.0
af8311ce-b132-4d19-8483-18fb9de462f2,9783596283675,3596283671,Seelenfeuer,openlibrary,1.0
2c1e651e-2b23-4dd5-bb4b-34367cafc630,9783257216271,3257216270,Der schwarze Pfad. Roman,openlibrary,0.48
e78012e2-d780-4776-9dd2-c2f7cfece21c,9783596509690,359619282X,Traumzeit,openlibrary,1.0
09bd7e07-26d8-4542-86c9-e85b7778c225,9783596283682,359628368X,Herzflimmern,openlibrary,1.0
421737d2-6c0a-44dc-b838-4ecd899e279c,9780920620588,0920620582,The forests of British Columbia,openlibrary,1.0
37bfba1b-484a-4668-b476-ec868e81ee4d,9783104002408,3104002401,Nachtzug,openlibrary,1.0
02e417d4-6160-44f6-94d9-41807fae51c4,9783453182097,345318209X,"Heyne Großdruck, Nr.52, Irgendwo in Deutschland, Großdruck",openlibrary,1.0
07d62a47-ab96-4db0-9248-1bf40d7154b2,9780430000771,0430000774,Adventures of Tom Sawyer (Classics),openlibrary,1.0
f28ac1b0-4997-4676-a8af-6dc91bda0d1b,9780593057414,0739313118,The Da Vinci Code,openlibrary,0.582
e4c2460f-3fa6-42da-859a-4d55c4f1bf8c,9780430000641,0430000642,Robinson Crusoe (Classics),openlibrary,1.0
c6410768-640a-46a9-afa0-ee4726a4e7a0,9783596213351,3596213355,Junge Frau Von 1914,openlibrary,1.0
b71d8703-fadb-4fc7-ba6b-fdad94514510,9783426622544,3426622548,Die Hexe und die Heilige,openlibrary,1.0
addb0a08-080e-4852-9132-d86676f1c499,9783475525988,3475525984,Tagebuch einer Landhebamme 1943-1980,openlibrary,1.0
d4108d47-fdfd-491a-a148-49d002abcc62,9783462047745,3462047744,Der goldene Sohn,openlibrary,1.0
048635a8-2445-4f37-be15-540d34080761,9783430167024,3430167027,Klondike,openlibrary,1.0
e60dafcb-ec26-435a-af99-53bc8dee6b58,9783548288543,3548288545,Die Salzpiratin,openlibrary,1.0
fd6cb6e0-28de-4dfe-9566-f3feabcdd71d,9783803137111,380313711X,Krypto-Kunst,openlibrary,0.765
9543e72b-8cf0-4d36-94bc-1dd1550863ac,9783453001688,3453001680,Die Tochter des Teufels,openlibrary,0.995
a86d4857-d9e1-4e24-a409-30dd83e3cdfa,9783453871298,3453871294,Verborgene Laster. Und andere Geständnisse,openlibrary,1.0
a36520f0-7e63-4f14-bde3-449cbe6ffa28,9783442484416,3442484413,Wer die Wahrheit sucht,openlibrary,1.0
cb3ff28a-3b26-4133-af26-4a4195402b23,9783453869882,3453207041,Der Ring des Sarazenen,openlibrary,1.0
f509acd2-3ed9-4cfe-b560-f6efb82d1077,9783442151479,3442151473,Bildung,openlibrary,1.0
dfd2d324-62b2-4148-87ea-aa5db162eddf,9783442368778,3442368774,Die Herrin der Päpste. Sonderausgabe,openlibrary,1.0
45e33afe-24cd-421c-ba99-693181358aad,9783442369126,3442369126,Aus Versehen verliebt,openlibrary,1.0
28edff10-e486-479f-968b-36d15a8fcdae,9783764501785,3764501782,Am Ende des Schweigens. Roman,openlibrary,1.0
e04bec50-1ad7-4103-991c-d0e87427253d,9783453041899,3453041895,Airport - Klinik. Roman,openlibrary,0.999
dbab8026-28cd-4a9d-8776-b262e66b2f1d,9783442163830,3442163838,Der reichste Mann von Babylon,openlibrary,1.0
ec721d37-c4db-4afe-8324-27a94aeee4b4,9783453421820,3453421825,Der Gerechte,openlibrary,1.0
73333082-f774-4b61-8129-bc32557bd72f,9783442479474,3442479479,Das Salz Der Erde,openlibrary,1.0
ddd83768-eae5-49e9-ba94-c2aac66c052e,9783442479474,3442479479,Das Salz Der Erde,openlibrary,1.0
b6e3ed2f-0fd2-4b06-a602-02cf206fbd0c,9783734161650,3734161657,Das Labyrinth von London,openlibrary,1.0
0f4b4a78-e4b2-4eae-8f38-918b77ed97f4,9783837128611,3734102235,Der Seidenspinner,openlibrary,0.856
eb626ed7-4afc-4303-87bc-fa296c912b33,9783570004166,3596253314,Ahasver,openlibrary,0.983
ae47346a-aaf9-4363-a24f-473ab2f7893d,9783570102619,3570102610,Fliegen kann jeder,openlibrary,1.0
406a89b9-e384-4d17-b3e5-afd369ccd235,9780099474197,3453438663,Dictator,openlibrary,0.903
a4875a8a-cade-4591-b41d-a96424895b9a,9783442456581,3442054974,Wellenbrecher,openlibrary,1.0
735ded1d-4daf-432d-8832-3e5713554ffb,,,Florida,openlibrary,1.0
bedfa73e-06e0-470e-94eb-db6ba3f43b8f,9783462031430,3462031430,Alice im Männerland. Eine Zwischenbilanz,openlibrary,1.0
